[0.000000] (-) TimerEvent: {}
[0.000462] (Ros2_esp32) JobQueued: {'identifier': 'Ros2_esp32', 'dependencies': OrderedDict()}
[0.000497] (Ros2_esp32) JobStarted: {'identifier': 'Ros2_esp32'}
[0.006367] (Ros2_esp32) JobProgress: {'identifier': 'Ros2_esp32', 'progress': 'cmake'}
[0.006835] (Ros2_esp32) Command: {'cmd': ['/usr/bin/cmake', '/home/diego/Ros2_esp32', '-DCMAKE_INSTALL_PREFIX=/home/diego/Ros2_esp32/install/Ros2_esp32'], 'cwd': '/home/diego/Ros2_esp32/build/Ros2_esp32', 'env': OrderedDict([('LINOROBOT2_BASE', '2wd'), ('LESSOPEN', '| /usr/bin/lesspipe %s'), ('USER', 'diego'), ('XDG_SESSION_TYPE', 'wayland'), ('IDF_TOOLS_INSTALL_CMD', '/home/diego/.espressif/v5.5/esp-idf/install.sh'), ('SHLVL', '1'), ('HOME', '/home/diego'), ('IDF_PY_COMP_WORDBREAKS', ' \t\n"\'><=;|&(:'), ('OLDPWD', '/home/diego'), ('DESKTOP_SESSION', 'ubuntu'), ('GNOME_SHELL_SESSION_MODE', 'ubuntu'), ('GTK_MODULES', 'gail:atk-bridge'), ('SYSTEMD_EXEC_PID', '6885'), ('DBUS_SESSION_BUS_ADDRESS', 'unix:path=/run/user/1000/bus'), ('COLORTERM', 'truecolor'), ('OPENOCD_SCRIPTS', '/home/diego/.espressif/tools/openocd-esp32/v0.12.0-esp32-20260424/openocd-esp32/share/openocd/scripts'), ('IM_CONFIG_PHASE', '1'), ('WAYLAND_DISPLAY', 'wayland-0'), ('LOGNAME', 'diego'), ('_', '/home/diego/.espressif/python_env/idf5.5_py3.10_env/bin/colcon'), ('XDG_SESSION_CLASS', 'user'), ('USERNAME', 'diego'), ('TERM', 'xterm-256color'), ('GNOME_DESKTOP_SESSION_ID', 'this-is-deprecated'), ('IDF_DEACTIVATE_FILE_PATH', '/tmp/tmpjlrq2srmidf_20502'), ('IDF_PATH', '/home/diego/.espressif/v5.5/esp-idf'), ('PATH', '/home/diego/.espressif/v5.5/esp-idf/components/espcoredump:/home/diego/.espressif/v5.5/esp-idf/components/partition_table:/home/diego/.espressif/v5.5/esp-idf/components/app_update:/home/diego/.espressif/tools/xtensa-esp-elf-gdb/17.1_20260402/xtensa-esp-elf-gdb/bin:/home/diego/.espressif/tools/xtensa-esp-elf/esp-14.2.0_20260121/xtensa-esp-elf/bin:/home/diego/.espressif/tools/riscv32-esp-elf/esp-14.2.0_20260121/riscv32-esp-elf/bin:/home/diego/.espressif/tools/esp32ulp-elf/2.38_20240113/esp32ulp-elf/bin:/home/diego/.espressif/tools/openocd-esp32/v0.12.0-esp32-20260424/openocd-esp32/bin:/home/diego/.espressif/tools/ninja/1.12.1/:/home/diego/.espressif/python_env/idf5.5_py3.10_env/bin:/home/diego/.espressif/v5.5/esp-idf/tools:/home/diego/.espressif/eim_gui:/home/diego/.local/bin:/usr/local/sbin:/usr/local/bin:/usr/sbin:/usr/bin:/sbin:/bin:/usr/games:/usr/local/games:/snap/bin:/snap/bin'), ('SESSION_MANAGER', 'local/diego-desktop:@/tmp/.ICE-unix/1858,unix/diego-desktop:/tmp/.ICE-unix/1858'), ('XDG_MENU_PREFIX', 'gnome-'), ('GNOME_TERMINAL_SCREEN', '/org/gnome/Terminal/screen/91377f96_c3a1_46cb_8c1b_214af858cdb9'), ('GNOME_SETUP_DISPLAY', ':1'), ('XDG_RUNTIME_DIR', '/run/user/1000'), ('DISPLAY', ':0'), ('LANG', 'en_US.UTF-8'), ('XDG_CURRENT_DESKTOP', 'ubuntu:GNOME'), ('XMODIFIERS', '@im=ibus'), ('XDG_SESSION_DESKTOP', 'ubuntu'), ('XAUTHORITY', '/run/user/1000/.mutter-Xwaylandauth.8DRMT3'), ('ESP_IDF_VERSION', '5.5'), ('LS_COLORS', 'rs=0:di=01;34:ln=01;36:mh=00:pi=40;33:so=01;35:do=01;35:bd=40;33;01:cd=40;33;01:or=40;31;01:mi=00:su=37;41:sg=30;43:ca=30;41:tw=30;42:ow=34;42:st=37;44:ex=01;32:*.tar=01;31:*.tgz=01;31:*.arc=01;31:*.arj=01;31:*.taz=01;31:*.lha=01;31:*.lz4=01;31:*.lzh=01;31:*.lzma=01;31:*.tlz=01;31:*.txz=01;31:*.tzo=01;31:*.t7z=01;31:*.zip=01;31:*.z=01;31:*.dz=01;31:*.gz=01;31:*.lrz=01;31:*.lz=01;31:*.lzo=01;31:*.xz=01;31:*.zst=01;31:*.tzst=01;31:*.bz2=01;31:*.bz=01;31:*.tbz=01;31:*.tbz2=01;31:*.tz=01;31:*.deb=01;31:*.rpm=01;31:*.jar=01;31:*.war=01;31:*.ear=01;31:*.sar=01;31:*.rar=01;31:*.alz=01;31:*.ace=01;31:*.zoo=01;31:*.cpio=01;31:*.7z=01;31:*.rz=01;31:*.cab=01;31:*.wim=01;31:*.swm=01;31:*.dwm=01;31:*.esd=01;31:*.jpg=01;35:*.jpeg=01;35:*.mjpg=01;35:*.mjpeg=01;35:*.gif=01;35:*.bmp=01;35:*.pbm=01;35:*.pgm=01;35:*.ppm=01;35:*.tga=01;35:*.xbm=01;35:*.xpm=01;35:*.tif=01;35:*.tiff=01;35:*.png=01;35:*.svg=01;35:*.svgz=01;35:*.mng=01;35:*.pcx=01;35:*.mov=01;35:*.mpg=01;35:*.mpeg=01;35:*.m2v=01;35:*.mkv=01;35:*.webm=01;35:*.webp=01;35:*.ogm=01;35:*.mp4=01;35:*.m4v=01;35:*.mp4v=01;35:*.vob=01;35:*.qt=01;35:*.nuv=01;35:*.wmv=01;35:*.asf=01;35:*.rm=01;35:*.rmvb=01;35:*.flc=01;35:*.avi=01;35:*.fli=01;35:*.flv=01;35:*.gl=01;35:*.dl=01;35:*.xcf=01;35:*.xwd=01;35:*.yuv=01;35:*.cgm=01;35:*.emf=01;35:*.ogv=01;35:*.ogx=01;35:*.aac=00;36:*.au=00;36:*.flac=00;36:*.m4a=00;36:*.mid=00;36:*.midi=00;36:*.mka=00;36:*.mp3=00;36:*.mpc=00;36:*.ogg=00;36:*.ra=00;36:*.wav=00;36:*.oga=00;36:*.opus=00;36:*.spx=00;36:*.xspf=00;36:'), ('GNOME_TERMINAL_SERVICE', ':1.159'), ('SSH_AGENT_LAUNCHER', 'gnome-keyring'), ('SSH_AUTH_SOCK', '/run/user/1000/keyring/ssh'), ('SHELL', '/bin/bash'), ('QT_ACCESSIBILITY', '1'), ('IDF_PYTHON_ENV_PATH', '/home/diego/.espressif/python_env/idf5.5_py3.10_env'), ('GDMSESSION', 'ubuntu'), ('LESSCLOSE', '/usr/bin/lesspipe %s %s'), ('IDF_TOOLS_EXPORT_CMD', '/home/diego/.espressif/v5.5/esp-idf/export.sh'), ('QT_IM_MODULE', 'ibus'), ('PWD', '/home/diego/Ros2_esp32/build/Ros2_esp32'), ('LC_ALL', 'en_US.UTF-8'), ('XDG_CONFIG_DIRS', '/etc/xdg/xdg-ubuntu:/etc/xdg'), ('XDG_DATA_DIRS', '/usr/share/ubuntu:/home/diego/.local/share/flatpak/exports/share:/var/lib/flatpak/exports/share:/usr/local/share/:/usr/share/:/var/lib/snapd/desktop'), ('ESP_ROM_ELF_DIR', '/home/diego/.espressif/tools/esp-rom-elfs/20241011/'), ('COLCON', '1'), ('VTE_VERSION', '6800')]), 'shell': False}
[0.021690] (Ros2_esp32) StdoutLine: {'line': b"-- IDF_TARGET is not set, guessed 'esp32s3' from sdkconfig '/home/diego/Ros2_esp32/sdkconfig'\n"}
[0.031459] (Ros2_esp32) StdoutLine: {'line': b'-- Found Git: /usr/bin/git (found version "2.34.1") \n'}
[0.050518] (Ros2_esp32) StdoutLine: {'line': b'-- Component directory /home/diego/.espressif/v5.5/esp-idf/components/esp_blockdev does not contain a CMakeLists.txt file. No component will be added\n'}
[0.099837] (-) TimerEvent: {}
[0.200129] (-) TimerEvent: {}
[0.300400] (-) TimerEvent: {}
[0.400683] (-) TimerEvent: {}
[0.500986] (-) TimerEvent: {}
[0.601305] (-) TimerEvent: {}
[0.701586] (-) TimerEvent: {}
[0.784033] (Ros2_esp32) StdoutLine: {'line': b'-- Minimal build - OFF\n'}
[0.801683] (-) TimerEvent: {}
[0.901964] (-) TimerEvent: {}
[0.967016] (Ros2_esp32) StdoutLine: {'line': b'-- The C compiler identification is GNU 14.2.0\n'}
[1.002091] (-) TimerEvent: {}
[1.102352] (-) TimerEvent: {}
[1.125808] (Ros2_esp32) StdoutLine: {'line': b'-- The CXX compiler identification is GNU 14.2.0\n'}
[1.141040] (Ros2_esp32) StdoutLine: {'line': b'-- The ASM compiler identification is GNU\n'}
[1.142816] (Ros2_esp32) StdoutLine: {'line': b'-- Found assembler: /home/diego/.espressif/tools/xtensa-esp-elf/esp-14.2.0_20260121/xtensa-esp-elf/bin/xtensa-esp32s3-elf-gcc\n'}
[1.146377] (Ros2_esp32) StdoutLine: {'line': b'-- Detecting C compiler ABI info\n'}
[1.202463] (-) TimerEvent: {}
[1.205972] (Ros2_esp32) StdoutLine: {'line': b'-- Detecting C compiler ABI info - done\n'}
[1.213131] (Ros2_esp32) StdoutLine: {'line': b'-- Check for working C compiler: /home/diego/.espressif/tools/xtensa-esp-elf/esp-14.2.0_20260121/xtensa-esp-elf/bin/xtensa-esp32s3-elf-gcc - skipped\n'}
[1.213360] (Ros2_esp32) StdoutLine: {'line': b'-- Detecting C compile features\n'}
[1.213709] (Ros2_esp32) StdoutLine: {'line': b'-- Detecting C compile features - done\n'}
[1.216724] (Ros2_esp32) StdoutLine: {'line': b'-- Detecting CXX compiler ABI info\n'}
[1.279169] (Ros2_esp32) StdoutLine: {'line': b'-- Detecting CXX compiler ABI info - done\n'}
[1.286554] (Ros2_esp32) StdoutLine: {'line': b'-- Check for working CXX compiler: /home/diego/.espressif/tools/xtensa-esp-elf/esp-14.2.0_20260121/xtensa-esp-elf/bin/xtensa-esp32s3-elf-g++ - skipped\n'}
[1.286816] (Ros2_esp32) StdoutLine: {'line': b'-- Detecting CXX compile features\n'}
[1.287253] (Ros2_esp32) StdoutLine: {'line': b'-- Detecting CXX compile features - done\n'}
[1.291791] (Ros2_esp32) StdoutLine: {'line': b"-- git rev-parse returned 'fatal: not a git repository (or any of the parent directories): .git'\n"}
[1.291947] (Ros2_esp32) StdoutLine: {'line': b"-- Could not use 'git describe' to determine PROJECT_VER.\n"}
[1.292006] (Ros2_esp32) StdoutLine: {'line': b'-- Building ESP-IDF components for target esp32s3\n'}
[1.293041] (Ros2_esp32) StdoutLine: {'line': b'-- Checking Python dependencies...\n'}
[1.302562] (-) TimerEvent: {}
[1.402869] (-) TimerEvent: {}
[1.503156] (-) TimerEvent: {}
[1.538149] (Ros2_esp32) StdoutLine: {'line': b'Python requirements are satisfied.\n'}
[1.551585] (Ros2_esp32) StdoutLine: {'line': b'Constraint file: /home/diego/.espressif/espidf.constraints.v5.5.txt\n'}
[1.551798] (Ros2_esp32) StdoutLine: {'line': b'Requirement files:\n'}
[1.551862] (Ros2_esp32) StdoutLine: {'line': b' - /home/diego/.espressif/v5.5/esp-idf/tools/requirements/requirements.core.txt\n'}
[1.551921] (Ros2_esp32) StdoutLine: {'line': b'Python being checked: /home/diego/.espressif/python_env/idf5.5_py3.10_env/bin/python\n'}
[1.603246] (-) TimerEvent: {}
[1.703496] (-) TimerEvent: {}
[1.803768] (-) TimerEvent: {}
[1.904023] (-) TimerEvent: {}
[1.939414] (Ros2_esp32) StdoutLine: {'line': b'NOTICE: Skipping optional dependency: espressif/esp_wifi_remote\n'}
[1.939814] (Ros2_esp32) StdoutLine: {'line': b'NOTICE: Skipping optional dependency: espressif/esp_hosted\n'}
[1.973810] (Ros2_esp32) StdoutLine: {'line': b'NOTICE: Processing 1 dependencies:\n'}
[1.973964] (Ros2_esp32) StdoutLine: {'line': b'NOTICE: [1/1] idf (5.5.4)\n'}
[2.004138] (-) TimerEvent: {}
[2.104419] (-) TimerEvent: {}
[2.115623] (Ros2_esp32) StdoutLine: {'line': b'-- ESP-TEE is currently supported only on the esp32c6;esp32h2;esp32c5 SoCs\n'}
[2.204532] (-) TimerEvent: {}
[2.304775] (-) TimerEvent: {}
[2.405078] (-) TimerEvent: {}
[2.477190] (Ros2_esp32) StdoutLine: {'line': b'NOTICE: Skipping optional dependency: espressif/esp_wifi_remote\n'}
[2.477584] (Ros2_esp32) StdoutLine: {'line': b'NOTICE: Skipping optional dependency: espressif/esp_hosted\n'}
[2.505156] (-) TimerEvent: {}
[2.605460] (-) TimerEvent: {}
[2.705775] (-) TimerEvent: {}
[2.806155] (-) TimerEvent: {}
[2.906425] (-) TimerEvent: {}
[3.006727] (-) TimerEvent: {}
[3.045749] (Ros2_esp32) StdoutLine: {'line': b'-- Project sdkconfig file /home/diego/Ros2_esp32/sdkconfig\n'}
[3.106811] (-) TimerEvent: {}
[3.207101] (-) TimerEvent: {}
[3.307393] (-) TimerEvent: {}
[3.380637] (Ros2_esp32) StdoutLine: {'line': b'-- Compiler supported targets: xtensa-esp-elf\n'}
[3.407494] (-) TimerEvent: {}
[3.489378] (Ros2_esp32) StdoutLine: {'line': b'-- Detecting C compiler ABI info\n'}
[3.507616] (-) TimerEvent: {}
[3.550981] (Ros2_esp32) StdoutLine: {'line': b'-- Detecting C compiler ABI info - done\n'}
[3.557530] (Ros2_esp32) StdoutLine: {'line': b'-- Detecting CXX compiler ABI info\n'}
[3.607749] (-) TimerEvent: {}
[3.618426] (Ros2_esp32) StdoutLine: {'line': b'-- Detecting CXX compiler ABI info - done\n'}
[3.632650] (Ros2_esp32) StdoutLine: {'line': b'-- Detecting C compiler ABI info\n'}
[3.692355] (Ros2_esp32) StdoutLine: {'line': b'-- Detecting C compiler ABI info - done\n'}
[3.700580] (Ros2_esp32) StdoutLine: {'line': b'-- Detecting CXX compiler ABI info\n'}
[3.707868] (-) TimerEvent: {}
[3.764036] (Ros2_esp32) StdoutLine: {'line': b'-- Detecting CXX compiler ABI info - done\n'}
[3.807974] (-) TimerEvent: {}
[3.908280] (-) TimerEvent: {}
[3.996541] (Ros2_esp32) StdoutLine: {'line': b'-- Found Python3: /home/diego/.espressif/python_env/idf5.5_py3.10_env/bin/python3.10 (found version "3.10.12") found components: Interpreter \n'}
[4.008385] (-) TimerEvent: {}
[4.040723] (Ros2_esp32) StdoutLine: {'line': b'-- Looking for pthread.h\n'}
[4.106642] (Ros2_esp32) StdoutLine: {'line': b'-- Looking for pthread.h - found\n'}
[4.106888] (Ros2_esp32) StdoutLine: {'line': b'-- Performing Test CMAKE_HAVE_LIBC_PTHREAD\n'}
[4.108477] (-) TimerEvent: {}
[4.175464] (Ros2_esp32) StdoutLine: {'line': b'-- Performing Test CMAKE_HAVE_LIBC_PTHREAD - Success\n'}
[4.176575] (Ros2_esp32) StdoutLine: {'line': b'-- Found Threads: TRUE  \n'}
[4.181655] (Ros2_esp32) StdoutLine: {'line': b'-- Performing Test C_COMPILER_SUPPORTS_WFORMAT_SIGNEDNESS\n'}
[4.208598] (-) TimerEvent: {}
[4.239550] (Ros2_esp32) StdoutLine: {'line': b'-- Performing Test C_COMPILER_SUPPORTS_WFORMAT_SIGNEDNESS - Success\n'}
[4.239802] (Ros2_esp32) StdoutLine: {'line': b'-- USING O3\n'}
[4.308716] (-) TimerEvent: {}
[4.373876] (Ros2_esp32) StdoutLine: {'line': b'-- App "Ros2_esp32" version: 1\n'}
[4.408811] (-) TimerEvent: {}
[4.473403] (Ros2_esp32) StdoutLine: {'line': b'-- Adding linker script /home/diego/Ros2_esp32/build/Ros2_esp32/esp-idf/esp_system/ld/memory.ld\n'}
[4.473599] (Ros2_esp32) StdoutLine: {'line': b'-- Adding linker script /home/diego/Ros2_esp32/build/Ros2_esp32/esp-idf/esp_system/ld/sections.ld.in\n'}
[4.482191] (Ros2_esp32) StdoutLine: {'line': b'-- Adding linker script /home/diego/.espressif/v5.5/esp-idf/components/esp_rom/esp32s3/ld/esp32s3.rom.ld\n'}
[4.482290] (Ros2_esp32) StdoutLine: {'line': b'-- Adding linker script /home/diego/.espressif/v5.5/esp-idf/components/esp_rom/esp32s3/ld/esp32s3.rom.api.ld\n'}
[4.482368] (Ros2_esp32) StdoutLine: {'line': b'-- Adding linker script /home/diego/.espressif/v5.5/esp-idf/components/esp_rom/esp32s3/ld/esp32s3.rom.bt_funcs.ld\n'}
[4.482457] (Ros2_esp32) StdoutLine: {'line': b'-- Adding linker script /home/diego/.espressif/v5.5/esp-idf/components/esp_rom/esp32s3/ld/esp32s3.rom.libgcc.ld\n'}
[4.482541] (Ros2_esp32) StdoutLine: {'line': b'-- Adding linker script /home/diego/.espressif/v5.5/esp-idf/components/esp_rom/esp32s3/ld/esp32s3.rom.wdt.ld\n'}
[4.482625] (Ros2_esp32) StdoutLine: {'line': b'-- Adding linker script /home/diego/.espressif/v5.5/esp-idf/components/esp_rom/esp32s3/ld/esp32s3.rom.version.ld\n'}
[4.482781] (Ros2_esp32) StdoutLine: {'line': b'-- Adding linker script /home/diego/.espressif/v5.5/esp-idf/components/esp_rom/esp32s3/ld/esp32s3.rom.ble_master.ld\n'}
[4.482865] (Ros2_esp32) StdoutLine: {'line': b'-- Adding linker script /home/diego/.espressif/v5.5/esp-idf/components/esp_rom/esp32s3/ld/esp32s3.rom.ble_50.ld\n'}
[4.482957] (Ros2_esp32) StdoutLine: {'line': b'-- Adding linker script /home/diego/.espressif/v5.5/esp-idf/components/esp_rom/esp32s3/ld/esp32s3.rom.ble_smp.ld\n'}
[4.483053] (Ros2_esp32) StdoutLine: {'line': b'-- Adding linker script /home/diego/.espressif/v5.5/esp-idf/components/esp_rom/esp32s3/ld/esp32s3.rom.ble_dtm.ld\n'}
[4.483145] (Ros2_esp32) StdoutLine: {'line': b'-- Adding linker script /home/diego/.espressif/v5.5/esp-idf/components/esp_rom/esp32s3/ld/esp32s3.rom.ble_test.ld\n'}
[4.483225] (Ros2_esp32) StdoutLine: {'line': b'-- Adding linker script /home/diego/.espressif/v5.5/esp-idf/components/esp_rom/esp32s3/ld/esp32s3.rom.ble_scan.ld\n'}
[4.483316] (Ros2_esp32) StdoutLine: {'line': b'-- Adding linker script /home/diego/.espressif/v5.5/esp-idf/components/esp_rom/esp32s3/ld/esp32s3.rom.libc.ld\n'}
[4.483404] (Ros2_esp32) StdoutLine: {'line': b'-- Adding linker script /home/diego/.espressif/v5.5/esp-idf/components/esp_rom/esp32s3/ld/esp32s3.rom.newlib.ld\n'}
[4.495917] (Ros2_esp32) StdoutLine: {'line': b'-- Adding linker script /home/diego/.espressif/v5.5/esp-idf/components/soc/esp32s3/ld/esp32s3.peripherals.ld\n'}
[4.508924] (-) TimerEvent: {}
[4.609198] (-) TimerEvent: {}
[4.709463] (-) TimerEvent: {}
[4.753280] (Ros2_esp32) StdoutLine: {'line': b'-- Using Micro XRCE-DDS middleware\n'}
[4.795534] (Ros2_esp32) StdoutLine: {'line': b"make: Nothing to be done for 'all'.\n"}
[4.809572] (-) TimerEvent: {}
[4.909866] (-) TimerEvent: {}
[5.010150] (-) TimerEvent: {}
[5.016132] (Ros2_esp32) StdoutLine: {'line': b'-- Components: app_trace app_update bootloader bootloader_support bt cmock console cxx driver efuse esp-tls esp_adc esp_app_format esp_bootloader_format esp_coex esp_common esp_driver_ana_cmpr esp_driver_bitscrambler esp_driver_cam esp_driver_dac esp_driver_gpio esp_driver_gptimer esp_driver_i2c esp_driver_i2s esp_driver_isp esp_driver_jpeg esp_driver_ledc esp_driver_mcpwm esp_driver_parlio esp_driver_pcnt esp_driver_ppa esp_driver_rmt esp_driver_sdio esp_driver_sdm esp_driver_sdmmc esp_driver_sdspi esp_driver_spi esp_driver_touch_sens esp_driver_tsens esp_driver_twai esp_driver_uart esp_driver_usb_serial_jtag esp_eth esp_event esp_gdbstub esp_hal_ieee802154 esp_hid esp_http_client esp_http_server esp_https_ota esp_https_server esp_hw_support esp_lcd esp_local_ctrl esp_mm esp_netif esp_netif_stack esp_partition esp_phy esp_pm esp_psram esp_ringbuf esp_rom esp_security esp_system esp_timer esp_vfs_console esp_wifi espcoredump esptool_py fatfs freertos hal heap http_parser idf_test ieee802154 json log lwip main mbedtls micro_ros_espidf_component mqtt newlib nvs_flash nvs_sec_provider openthread partition_table perfmon protobuf-c protocomm pthread rt sdmmc soc spi_flash spiffs tcp_transport touch_element ulp unity usb vfs wear_levelling wifi_provisioning wpa_supplicant xtensa\n'}
[5.016344] (Ros2_esp32) StdoutLine: {'line': b'-- Component paths: /home/diego/.espressif/v5.5/esp-idf/components/app_trace /home/diego/.espressif/v5.5/esp-idf/components/app_update /home/diego/.espressif/v5.5/esp-idf/components/bootloader /home/diego/.espressif/v5.5/esp-idf/components/bootloader_support /home/diego/.espressif/v5.5/esp-idf/components/bt /home/diego/.espressif/v5.5/esp-idf/components/cmock /home/diego/.espressif/v5.5/esp-idf/components/console /home/diego/.espressif/v5.5/esp-idf/components/cxx /home/diego/.espressif/v5.5/esp-idf/components/driver /home/diego/.espressif/v5.5/esp-idf/components/efuse /home/diego/.espressif/v5.5/esp-idf/components/esp-tls /home/diego/.espressif/v5.5/esp-idf/components/esp_adc /home/diego/.espressif/v5.5/esp-idf/components/esp_app_format /home/diego/.espressif/v5.5/esp-idf/components/esp_bootloader_format /home/diego/.espressif/v5.5/esp-idf/components/esp_coex /home/diego/.espressif/v5.5/esp-idf/components/esp_common /home/diego/.espressif/v5.5/esp-idf/components/esp_driver_ana_cmpr /home/diego/.espressif/v5.5/esp-idf/components/esp_driver_bitscrambler /home/diego/.espressif/v5.5/esp-idf/components/esp_driver_cam /home/diego/.espressif/v5.5/esp-idf/components/esp_driver_dac /home/diego/.espressif/v5.5/esp-idf/components/esp_driver_gpio /home/diego/.espressif/v5.5/esp-idf/components/esp_driver_gptimer /home/diego/.espressif/v5.5/esp-idf/components/esp_driver_i2c /home/diego/.espressif/v5.5/esp-idf/components/esp_driver_i2s /home/diego/.espressif/v5.5/esp-idf/components/esp_driver_isp /home/diego/.espressif/v5.5/esp-idf/components/esp_driver_jpeg /home/diego/.espressif/v5.5/esp-idf/components/esp_driver_ledc /home/diego/.espressif/v5.5/esp-idf/components/esp_driver_mcpwm /home/diego/.espressif/v5.5/esp-idf/components/esp_driver_parlio /home/diego/.espressif/v5.5/esp-idf/components/esp_driver_pcnt /home/diego/.espressif/v5.5/esp-idf/components/esp_driver_ppa /home/diego/.espressif/v5.5/esp-idf/components/esp_driver_rmt /home/diego/.espressif/v5.5/esp-idf/components/esp_driver_sdio /home/diego/.espressif/v5.5/esp-idf/components/esp_driver_sdm /home/diego/.espressif/v5.5/esp-idf/components/esp_driver_sdmmc /home/diego/.espressif/v5.5/esp-idf/components/esp_driver_sdspi /home/diego/.espressif/v5.5/esp-idf/components/esp_driver_spi /home/diego/.espressif/v5.5/esp-idf/components/esp_driver_touch_sens /home/diego/.espressif/v5.5/esp-idf/components/esp_driver_tsens /home/diego/.espressif/v5.5/esp-idf/components/esp_driver_twai /home/diego/.espressif/v5.5/esp-idf/components/esp_driver_uart /home/diego/.espressif/v5.5/esp-idf/components/esp_driver_usb_serial_jtag /home/diego/.espressif/v5.5/esp-idf/components/esp_eth /home/diego/.espressif/v5.5/esp-idf/components/esp_event /home/diego/.espressif/v5.5/esp-idf/components/esp_gdbstub /home/diego/.espressif/v5.5/esp-idf/components/esp_hal_ieee802154 /home/diego/.espressif/v5.5/esp-idf/components/esp_hid /home/diego/.espressif/v5.5/esp-idf/components/esp_http_client /home/diego/.espressif/v5.5/esp-idf/components/esp_http_server /home/diego/.espressif/v5.5/esp-idf/components/esp_https_ota /home/diego/.espressif/v5.5/esp-idf/components/esp_https_server /home/diego/.espressif/v5.5/esp-idf/components/esp_hw_support /home/diego/.espressif/v5.5/esp-idf/components/esp_lcd /home/diego/.espressif/v5.5/esp-idf/components/esp_local_ctrl /home/diego/.espressif/v5.5/esp-idf/components/esp_mm /home/diego/.espressif/v5.5/esp-idf/components/esp_netif /home/diego/.espressif/v5.5/esp-idf/components/esp_netif_stack /home/diego/.espressif/v5.5/esp-idf/components/esp_partition /home/diego/.espressif/v5.5/esp-idf/components/esp_phy /home/diego/.espressif/v5.5/esp-idf/components/esp_pm /home/diego/.espressif/v5.5/esp-idf/components/esp_psram /home/diego/.espressif/v5.5/esp-idf/components/esp_ringbuf /home/diego/.espressif/v5.5/esp-idf/components/esp_rom /home/diego/.espressif/v5.5/esp-idf/components/esp_security /home/diego/.espressif/v5.5/esp-idf/components/esp_system /home/diego/.espressif/v5.5/esp-idf/components/esp_timer /home/diego/.espressif/v5.5/esp-idf/components/esp_vfs_console /home/diego/.espressif/v5.5/esp-idf/components/esp_wifi /home/diego/.espressif/v5.5/esp-idf/components/espcoredump /home/diego/.espressif/v5.5/esp-idf/components/esptool_py /home/diego/.espressif/v5.5/esp-idf/components/fatfs /home/diego/.espressif/v5.5/esp-idf/components/freertos /home/diego/.espressif/v5.5/esp-idf/components/hal /home/diego/.espressif/v5.5/esp-idf/components/heap /home/diego/.espressif/v5.5/esp-idf/components/http_parser /home/diego/.espressif/v5.5/esp-idf/components/idf_test /home/diego/.espressif/v5.5/esp-idf/components/ieee802154 /home/diego/.espressif/v5.5/esp-idf/components/json /home/diego/.espressif/v5.5/esp-idf/components/log /home/diego/.espressif/v5.5/esp-idf/components/lwip /home/diego/Ros2_esp32/main /home/diego/.espressif/v5.5/esp-idf/components/mbedtls /home/diego/Ros2_esp32/components/micro_ros_espidf_component /home/diego/.espressif/v5.5/esp-idf/components/mqtt /home/diego/.espressif/v5.5/esp-idf/components/newlib /home/diego/.espressif/v5.5/esp-idf/components/nvs_flash /home/diego/.espressif/v5.5/esp-idf/components/nvs_sec_provider /home/diego/.espressif/v5.5/esp-idf/components/openthread /home/diego/.espressif/v5.5/esp-idf/components/partition_table /home/diego/.espressif/v5.5/esp-idf/components/perfmon /home/diego/.espressif/v5.5/esp-idf/components/protobuf-c /home/diego/.espressif/v5.5/esp-idf/components/protocomm /home/diego/.espressif/v5.5/esp-idf/components/pthread /home/diego/.espressif/v5.5/esp-idf/components/rt /home/diego/.espressif/v5.5/esp-idf/components/sdmmc /home/diego/.espressif/v5.5/esp-idf/components/soc /home/diego/.espressif/v5.5/esp-idf/components/spi_flash /home/diego/.espressif/v5.5/esp-idf/components/spiffs /home/diego/.espressif/v5.5/esp-idf/components/tcp_transport /home/diego/.espressif/v5.5/esp-idf/components/touch_element /home/diego/.espressif/v5.5/esp-idf/components/ulp /home/diego/.espressif/v5.5/esp-idf/components/unity /home/diego/.espressif/v5.5/esp-idf/components/usb /home/diego/.espressif/v5.5/esp-idf/components/vfs /home/diego/.espressif/v5.5/esp-idf/components/wear_levelling /home/diego/.espressif/v5.5/esp-idf/components/wifi_provisioning /home/diego/.espressif/v5.5/esp-idf/components/wpa_supplicant /home/diego/.espressif/v5.5/esp-idf/components/xtensa\n'}
[5.021403] (Ros2_esp32) StdoutLine: {'line': b'-- Configuring done\n'}
[5.110280] (-) TimerEvent: {}
[5.210568] (-) TimerEvent: {}
[5.310860] (-) TimerEvent: {}
[5.411150] (-) TimerEvent: {}
[5.511447] (-) TimerEvent: {}
[5.611768] (-) TimerEvent: {}
[5.712796] (-) TimerEvent: {}
[5.813150] (-) TimerEvent: {}
[5.832519] (Ros2_esp32) StdoutLine: {'line': b'-- Generating done\n'}
[5.913257] (-) TimerEvent: {}
[5.995516] (Ros2_esp32) StdoutLine: {'line': b'-- Build files have been written to: /home/diego/Ros2_esp32/build/Ros2_esp32\n'}
[6.013378] (-) TimerEvent: {}
[6.054898] (Ros2_esp32) CommandEnded: {'returncode': 0}
[6.056012] (Ros2_esp32) JobProgress: {'identifier': 'Ros2_esp32', 'progress': 'build'}
[6.056454] (Ros2_esp32) Command: {'cmd': ['/usr/bin/cmake', '--build', '/home/diego/Ros2_esp32/build/Ros2_esp32', '--', '-j12', '-l12'], 'cwd': '/home/diego/Ros2_esp32/build/Ros2_esp32', 'env': OrderedDict([('LINOROBOT2_BASE', '2wd'), ('LESSOPEN', '| /usr/bin/lesspipe %s'), ('USER', 'diego'), ('XDG_SESSION_TYPE', 'wayland'), ('IDF_TOOLS_INSTALL_CMD', '/home/diego/.espressif/v5.5/esp-idf/install.sh'), ('SHLVL', '1'), ('HOME', '/home/diego'), ('IDF_PY_COMP_WORDBREAKS', ' \t\n"\'><=;|&(:'), ('OLDPWD', '/home/diego'), ('DESKTOP_SESSION', 'ubuntu'), ('GNOME_SHELL_SESSION_MODE', 'ubuntu'), ('GTK_MODULES', 'gail:atk-bridge'), ('SYSTEMD_EXEC_PID', '6885'), ('DBUS_SESSION_BUS_ADDRESS', 'unix:path=/run/user/1000/bus'), ('COLORTERM', 'truecolor'), ('OPENOCD_SCRIPTS', '/home/diego/.espressif/tools/openocd-esp32/v0.12.0-esp32-20260424/openocd-esp32/share/openocd/scripts'), ('IM_CONFIG_PHASE', '1'), ('WAYLAND_DISPLAY', 'wayland-0'), ('LOGNAME', 'diego'), ('_', '/home/diego/.espressif/python_env/idf5.5_py3.10_env/bin/colcon'), ('XDG_SESSION_CLASS', 'user'), ('USERNAME', 'diego'), ('TERM', 'xterm-256color'), ('GNOME_DESKTOP_SESSION_ID', 'this-is-deprecated'), ('IDF_DEACTIVATE_FILE_PATH', '/tmp/tmpjlrq2srmidf_20502'), ('IDF_PATH', '/home/diego/.espressif/v5.5/esp-idf'), ('PATH', '/home/diego/.espressif/v5.5/esp-idf/components/espcoredump:/home/diego/.espressif/v5.5/esp-idf/components/partition_table:/home/diego/.espressif/v5.5/esp-idf/components/app_update:/home/diego/.espressif/tools/xtensa-esp-elf-gdb/17.1_20260402/xtensa-esp-elf-gdb/bin:/home/diego/.espressif/tools/xtensa-esp-elf/esp-14.2.0_20260121/xtensa-esp-elf/bin:/home/diego/.espressif/tools/riscv32-esp-elf/esp-14.2.0_20260121/riscv32-esp-elf/bin:/home/diego/.espressif/tools/esp32ulp-elf/2.38_20240113/esp32ulp-elf/bin:/home/diego/.espressif/tools/openocd-esp32/v0.12.0-esp32-20260424/openocd-esp32/bin:/home/diego/.espressif/tools/ninja/1.12.1/:/home/diego/.espressif/python_env/idf5.5_py3.10_env/bin:/home/diego/.espressif/v5.5/esp-idf/tools:/home/diego/.espressif/eim_gui:/home/diego/.local/bin:/usr/local/sbin:/usr/local/bin:/usr/sbin:/usr/bin:/sbin:/bin:/usr/games:/usr/local/games:/snap/bin:/snap/bin'), ('SESSION_MANAGER', 'local/diego-desktop:@/tmp/.ICE-unix/1858,unix/diego-desktop:/tmp/.ICE-unix/1858'), ('XDG_MENU_PREFIX', 'gnome-'), ('GNOME_TERMINAL_SCREEN', '/org/gnome/Terminal/screen/91377f96_c3a1_46cb_8c1b_214af858cdb9'), ('GNOME_SETUP_DISPLAY', ':1'), ('XDG_RUNTIME_DIR', '/run/user/1000'), ('DISPLAY', ':0'), ('LANG', 'en_US.UTF-8'), ('XDG_CURRENT_DESKTOP', 'ubuntu:GNOME'), ('XMODIFIERS', '@im=ibus'), ('XDG_SESSION_DESKTOP', 'ubuntu'), ('XAUTHORITY', '/run/user/1000/.mutter-Xwaylandauth.8DRMT3'), ('ESP_IDF_VERSION', '5.5'), ('LS_COLORS', 'rs=0:di=01;34:ln=01;36:mh=00:pi=40;33:so=01;35:do=01;35:bd=40;33;01:cd=40;33;01:or=40;31;01:mi=00:su=37;41:sg=30;43:ca=30;41:tw=30;42:ow=34;42:st=37;44:ex=01;32:*.tar=01;31:*.tgz=01;31:*.arc=01;31:*.arj=01;31:*.taz=01;31:*.lha=01;31:*.lz4=01;31:*.lzh=01;31:*.lzma=01;31:*.tlz=01;31:*.txz=01;31:*.tzo=01;31:*.t7z=01;31:*.zip=01;31:*.z=01;31:*.dz=01;31:*.gz=01;31:*.lrz=01;31:*.lz=01;31:*.lzo=01;31:*.xz=01;31:*.zst=01;31:*.tzst=01;31:*.bz2=01;31:*.bz=01;31:*.tbz=01;31:*.tbz2=01;31:*.tz=01;31:*.deb=01;31:*.rpm=01;31:*.jar=01;31:*.war=01;31:*.ear=01;31:*.sar=01;31:*.rar=01;31:*.alz=01;31:*.ace=01;31:*.zoo=01;31:*.cpio=01;31:*.7z=01;31:*.rz=01;31:*.cab=01;31:*.wim=01;31:*.swm=01;31:*.dwm=01;31:*.esd=01;31:*.jpg=01;35:*.jpeg=01;35:*.mjpg=01;35:*.mjpeg=01;35:*.gif=01;35:*.bmp=01;35:*.pbm=01;35:*.pgm=01;35:*.ppm=01;35:*.tga=01;35:*.xbm=01;35:*.xpm=01;35:*.tif=01;35:*.tiff=01;35:*.png=01;35:*.svg=01;35:*.svgz=01;35:*.mng=01;35:*.pcx=01;35:*.mov=01;35:*.mpg=01;35:*.mpeg=01;35:*.m2v=01;35:*.mkv=01;35:*.webm=01;35:*.webp=01;35:*.ogm=01;35:*.mp4=01;35:*.m4v=01;35:*.mp4v=01;35:*.vob=01;35:*.qt=01;35:*.nuv=01;35:*.wmv=01;35:*.asf=01;35:*.rm=01;35:*.rmvb=01;35:*.flc=01;35:*.avi=01;35:*.fli=01;35:*.flv=01;35:*.gl=01;35:*.dl=01;35:*.xcf=01;35:*.xwd=01;35:*.yuv=01;35:*.cgm=01;35:*.emf=01;35:*.ogv=01;35:*.ogx=01;35:*.aac=00;36:*.au=00;36:*.flac=00;36:*.m4a=00;36:*.mid=00;36:*.midi=00;36:*.mka=00;36:*.mp3=00;36:*.mpc=00;36:*.ogg=00;36:*.ra=00;36:*.wav=00;36:*.oga=00;36:*.opus=00;36:*.spx=00;36:*.xspf=00;36:'), ('GNOME_TERMINAL_SERVICE', ':1.159'), ('SSH_AGENT_LAUNCHER', 'gnome-keyring'), ('SSH_AUTH_SOCK', '/run/user/1000/keyring/ssh'), ('SHELL', '/bin/bash'), ('QT_ACCESSIBILITY', '1'), ('IDF_PYTHON_ENV_PATH', '/home/diego/.espressif/python_env/idf5.5_py3.10_env'), ('GDMSESSION', 'ubuntu'), ('LESSCLOSE', '/usr/bin/lesspipe %s %s'), ('IDF_TOOLS_EXPORT_CMD', '/home/diego/.espressif/v5.5/esp-idf/export.sh'), ('QT_IM_MODULE', 'ibus'), ('PWD', '/home/diego/Ros2_esp32/build/Ros2_esp32'), ('LC_ALL', 'en_US.UTF-8'), ('XDG_CONFIG_DIRS', '/etc/xdg/xdg-ubuntu:/etc/xdg'), ('XDG_DATA_DIRS', '/usr/share/ubuntu:/home/diego/.local/share/flatpak/exports/share:/var/lib/flatpak/exports/share:/usr/local/share/:/usr/share/:/var/lib/snapd/desktop'), ('ESP_ROM_ELF_DIR', '/home/diego/.espressif/tools/esp-rom-elfs/20241011/'), ('COLCON', '1'), ('VTE_VERSION', '6800')]), 'shell': False}
[6.113523] (-) TimerEvent: {}
[6.120147] (Ros2_esp32) StdoutLine: {'line': b'[  0%] \x1b[34m\x1b[1mGenerating /home/diego/Ros2_esp32/build/Ros2_esp32/esp-idf/esp_system/ld/memory.ld linker script...\x1b[0m\n'}
[6.120397] (Ros2_esp32) StdoutLine: {'line': b'[  0%] \x1b[34m\x1b[1mGenerating ../../partition_table/partition-table.bin\x1b[0m\n'}
[6.120477] (Ros2_esp32) StdoutLine: {'line': b'[  0%] \x1b[34m\x1b[1mGenerating /home/diego/Ros2_esp32/build/Ros2_esp32/esp-idf/esp_system/ld/sections.ld.in linker script...\x1b[0m\n'}
[6.120549] (Ros2_esp32) StdoutLine: {'line': b'[  0%] \x1b[34m\x1b[1mGenerating project_elf_src_esp32s3.c\x1b[0m\n'}
[6.120619] (Ros2_esp32) StdoutLine: {'line': b'[  0%] Built target custom_bundle\n'}
[6.138618] (Ros2_esp32) StdoutLine: {'line': b'[  0%] Built target _project_elf_src\n'}
[6.151400] (Ros2_esp32) StdoutLine: {'line': b'[  0%] Built target memory.ld\n'}
[6.151955] (Ros2_esp32) StdoutLine: {'line': b'[  0%] Built target sections.ld.in\n'}
[6.165310] (Ros2_esp32) StdoutLine: {'line': b'Partition table binary generated. Contents:\n'}
[6.172696] (Ros2_esp32) StdoutLine: {'line': b'[  1%] \x1b[32mBuilding C object esp-idf/esp_https_ota/CMakeFiles/__idf_esp_https_ota.dir/src/esp_https_ota.c.obj\x1b[0m\n'}
[6.173965] (Ros2_esp32) StdoutLine: {'line': b'*******************************************************************************\n'}
[6.202200] (Ros2_esp32) StdoutLine: {'line': b'# ESP-IDF Partition Table\n'}
[6.202374] (Ros2_esp32) StdoutLine: {'line': b'# Name, Type, SubType, Offset, Size, Flags\n'}
[6.202436] (Ros2_esp32) StdoutLine: {'line': b'nvs,data,nvs,0x9000,24K,\n'}
[6.202496] (Ros2_esp32) StdoutLine: {'line': b'phy_init,data,phy,0xf000,4K,\n'}
[6.202561] (Ros2_esp32) StdoutLine: {'line': b'factory,app,factory,0x10000,4M,\n'}
[6.202632] (Ros2_esp32) StdoutLine: {'line': b'storage,data,spiffs,0x410000,10M,\n'}
[6.213609] (Ros2_esp32) StdoutLine: {'line': b'*******************************************************************************\n'}
[6.213815] (-) TimerEvent: {}
[6.222498] (Ros2_esp32) StdoutLine: {'line': b'[  1%] Built target partition_table_bin\n'}
[6.242997] (Ros2_esp32) StdoutLine: {'line': b"[  1%] \x1b[34m\x1b[1mCreating directories for 'bootloader'\x1b[0m\n"}
[6.313943] (-) TimerEvent: {}
[6.314195] (Ros2_esp32) StdoutLine: {'line': b"[  1%] \x1b[34m\x1b[1mNo download step for 'bootloader'\x1b[0m\n"}
[6.338123] (Ros2_esp32) StdoutLine: {'line': b"[  1%] \x1b[34m\x1b[1mNo update step for 'bootloader'\x1b[0m\n"}
[6.363754] (Ros2_esp32) StdoutLine: {'line': b"[  1%] \x1b[34m\x1b[1mNo patch step for 'bootloader'\x1b[0m\n"}
[6.387942] (Ros2_esp32) StdoutLine: {'line': b"[  1%] \x1b[34m\x1b[1mPerforming configure step for 'bootloader'\x1b[0m\n"}
[6.388643] (Ros2_esp32) StdoutLine: {'line': b'[  1%] \x1b[32m\x1b[1mLinking C static library libesp_https_ota.a\x1b[0m\n'}
[6.407743] (Ros2_esp32) StdoutLine: {'line': b'-- Found Git: /usr/bin/git (found version "2.34.1") \n'}
[6.414067] (-) TimerEvent: {}
[6.424569] (Ros2_esp32) StdoutLine: {'line': b'[  1%] Built target __idf_esp_https_ota\n'}
[6.426613] (Ros2_esp32) StdoutLine: {'line': b'-- Component directory /home/diego/.espressif/v5.5/esp-idf/components/esp_blockdev does not contain a CMakeLists.txt file. No component will be added\n'}
[6.446132] (Ros2_esp32) StdoutLine: {'line': b'[  1%] \x1b[32mBuilding C object esp-idf/esp_http_server/CMakeFiles/__idf_esp_http_server.dir/src/httpd_txrx.c.obj\x1b[0m\n'}
[6.446404] (Ros2_esp32) StdoutLine: {'line': b'[  1%] \x1b[32mBuilding C object esp-idf/esp_http_server/CMakeFiles/__idf_esp_http_server.dir/src/httpd_parse.c.obj\x1b[0m\n'}
[6.446481] (Ros2_esp32) StdoutLine: {'line': b'[  1%] \x1b[32mBuilding C object esp-idf/esp_http_server/CMakeFiles/__idf_esp_http_server.dir/src/httpd_sess.c.obj\x1b[0m\n'}
[6.446568] (Ros2_esp32) StdoutLine: {'line': b'[  1%] \x1b[32mBuilding C object esp-idf/esp_http_server/CMakeFiles/__idf_esp_http_server.dir/src/httpd_main.c.obj\x1b[0m\n'}
[6.448086] (Ros2_esp32) StdoutLine: {'line': b'[  1%] \x1b[32mBuilding C object esp-idf/esp_http_server/CMakeFiles/__idf_esp_http_server.dir/src/httpd_uri.c.obj\x1b[0m\n'}
[6.449207] (Ros2_esp32) StdoutLine: {'line': b'[  1%] \x1b[32mBuilding C object esp-idf/esp_http_server/CMakeFiles/__idf_esp_http_server.dir/src/httpd_ws.c.obj\x1b[0m\n'}
[6.449565] (Ros2_esp32) StdoutLine: {'line': b'[  1%] \x1b[32mBuilding C object esp-idf/esp_http_server/CMakeFiles/__idf_esp_http_server.dir/src/util/ctrl_sock.c.obj\x1b[0m\n'}
[6.514202] (-) TimerEvent: {}
[6.614586] (-) TimerEvent: {}
[6.698236] (Ros2_esp32) StdoutLine: {'line': b'[  1%] \x1b[32m\x1b[1mLinking C static library libesp_http_server.a\x1b[0m\n'}
[6.714731] (-) TimerEvent: {}
[6.749766] (Ros2_esp32) StdoutLine: {'line': b'[  1%] Built target __idf_esp_http_server\n'}
[6.773791] (Ros2_esp32) StdoutLine: {'line': b'[  1%] \x1b[32mBuilding C object esp-idf/esp_http_client/CMakeFiles/__idf_esp_http_client.dir/lib/http_auth.c.obj\x1b[0m\n'}
[6.774057] (Ros2_esp32) StdoutLine: {'line': b'[  1%] \x1b[32mBuilding C object esp-idf/esp_http_client/CMakeFiles/__idf_esp_http_client.dir/esp_http_client.c.obj\x1b[0m\n'}
[6.774273] (Ros2_esp32) StdoutLine: {'line': b'[  2%] \x1b[32mBuilding C object esp-idf/esp_http_client/CMakeFiles/__idf_esp_http_client.dir/lib/http_header.c.obj\x1b[0m\n'}
[6.775815] (Ros2_esp32) StdoutLine: {'line': b'[  2%] \x1b[32mBuilding C object esp-idf/esp_http_client/CMakeFiles/__idf_esp_http_client.dir/lib/http_utils.c.obj\x1b[0m\n'}
[6.814818] (-) TimerEvent: {}
[6.915196] (-) TimerEvent: {}
[7.015586] (-) TimerEvent: {}
[7.115923] (-) TimerEvent: {}
[7.216281] (-) TimerEvent: {}
[7.235401] (Ros2_esp32) StdoutLine: {'line': b'[  2%] \x1b[32m\x1b[1mLinking C static library libesp_http_client.a\x1b[0m\n'}
[7.288874] (Ros2_esp32) StdoutLine: {'line': b'[  2%] Built target __idf_esp_http_client\n'}
[7.312055] (Ros2_esp32) StdoutLine: {'line': b'-- Minimal build - OFF\n'}
[7.312509] (Ros2_esp32) StdoutLine: {'line': b'[  2%] \x1b[32mBuilding C object esp-idf/tcp_transport/CMakeFiles/__idf_tcp_transport.dir/transport_ssl.c.obj\x1b[0m\n'}
[7.312610] (Ros2_esp32) StdoutLine: {'line': b'[  2%] \x1b[32mBuilding C object esp-idf/tcp_transport/CMakeFiles/__idf_tcp_transport.dir/transport.c.obj\x1b[0m\n'}
[7.313834] (Ros2_esp32) StdoutLine: {'line': b'[  2%] \x1b[32mBuilding C object esp-idf/tcp_transport/CMakeFiles/__idf_tcp_transport.dir/transport_ws.c.obj\x1b[0m\n'}
[7.315578] (Ros2_esp32) StdoutLine: {'line': b'[  2%] \x1b[32mBuilding C object esp-idf/tcp_transport/CMakeFiles/__idf_tcp_transport.dir/transport_internal.c.obj\x1b[0m\n'}
[7.316006] (Ros2_esp32) StdoutLine: {'line': b'[  2%] \x1b[32mBuilding C object esp-idf/tcp_transport/CMakeFiles/__idf_tcp_transport.dir/transport_socks_proxy.c.obj\x1b[0m\n'}
[7.316424] (-) TimerEvent: {}
[7.416780] (-) TimerEvent: {}
[7.517171] (-) TimerEvent: {}
[7.572530] (Ros2_esp32) StdoutLine: {'line': b'-- The C compiler identification is GNU 14.2.0\n'}
[7.617292] (-) TimerEvent: {}
[7.680676] (Ros2_esp32) StdoutLine: {'line': b'[  3%] \x1b[32m\x1b[1mLinking C static library libtcp_transport.a\x1b[0m\n'}
[7.717417] (-) TimerEvent: {}
[7.724242] (Ros2_esp32) StdoutLine: {'line': b'[  3%] Built target __idf_tcp_transport\n'}
[7.754817] (Ros2_esp32) StdoutLine: {'line': b'[  4%] \x1b[32mBuilding C object esp-idf/esp_adc/CMakeFiles/__idf_esp_adc.dir/adc_oneshot.c.obj\x1b[0m\n'}
[7.755503] (Ros2_esp32) StdoutLine: {'line': b'[  4%] \x1b[32mBuilding C object esp-idf/esp_adc/CMakeFiles/__idf_esp_adc.dir/adc_common.c.obj\x1b[0m\n'}
[7.755631] (Ros2_esp32) StdoutLine: {'line': b'[  4%] \x1b[32mBuilding C object esp-idf/esp_adc/CMakeFiles/__idf_esp_adc.dir/gdma/adc_dma.c.obj\x1b[0m\n'}
[7.756985] (Ros2_esp32) StdoutLine: {'line': b'[  4%] \x1b[32mBuilding C object esp-idf/esp_adc/CMakeFiles/__idf_esp_adc.dir/adc_monitor.c.obj\x1b[0m\n'}
[7.757776] (Ros2_esp32) StdoutLine: {'line': b'[  4%] \x1b[32mBuilding C object esp-idf/esp_adc/CMakeFiles/__idf_esp_adc.dir/deprecated/esp_adc_cal_common_legacy.c.obj\x1b[0m\n'}
[7.758317] (Ros2_esp32) StdoutLine: {'line': b'[  4%] \x1b[32mBuilding C object esp-idf/esp_adc/CMakeFiles/__idf_esp_adc.dir/adc_cali.c.obj\x1b[0m\n'}
[7.758658] (Ros2_esp32) StdoutLine: {'line': b'[  4%] \x1b[32mBuilding C object esp-idf/esp_adc/CMakeFiles/__idf_esp_adc.dir/adc_cali_curve_fitting.c.obj\x1b[0m\n'}
[7.759620] (Ros2_esp32) StdoutLine: {'line': b'[  4%] \x1b[32mBuilding C object esp-idf/esp_adc/CMakeFiles/__idf_esp_adc.dir/adc_continuous.c.obj\x1b[0m\n'}
[7.763154] (Ros2_esp32) StdoutLine: {'line': b'[  4%] \x1b[32mBuilding C object esp-idf/esp_adc/CMakeFiles/__idf_esp_adc.dir/adc_filter.c.obj\x1b[0m\n'}
[7.763314] (Ros2_esp32) StdoutLine: {'line': b'[  4%] \x1b[32mBuilding C object esp-idf/esp_adc/CMakeFiles/__idf_esp_adc.dir/deprecated/esp32s3/esp_adc_cal_legacy.c.obj\x1b[0m\n'}
[7.771426] (Ros2_esp32) StdoutLine: {'line': b'[  4%] \x1b[32mBuilding C object esp-idf/esp_adc/CMakeFiles/__idf_esp_adc.dir/esp32s3/curve_fitting_coefficients.c.obj\x1b[0m\n'}
[7.777540] (Ros2_esp32) StdoutLine: {'line': b'-- The CXX compiler identification is GNU 14.2.0\n'}
[7.801841] (Ros2_esp32) StdoutLine: {'line': b'-- The ASM compiler identification is GNU\n'}
[7.804966] (Ros2_esp32) StdoutLine: {'line': b'-- Found assembler: /home/diego/.espressif/tools/xtensa-esp-elf/esp-14.2.0_20260121/xtensa-esp-elf/bin/xtensa-esp32s3-elf-gcc\n'}
[7.810086] (Ros2_esp32) StdoutLine: {'line': b'-- Detecting C compiler ABI info\n'}
[7.817554] (-) TimerEvent: {}
[7.918495] (-) TimerEvent: {}
[7.925426] (Ros2_esp32) StdoutLine: {'line': b'-- Detecting C compiler ABI info - done\n'}
[7.941156] (Ros2_esp32) StdoutLine: {'line': b'-- Check for working C compiler: /home/diego/.espressif/tools/xtensa-esp-elf/esp-14.2.0_20260121/xtensa-esp-elf/bin/xtensa-esp32s3-elf-gcc - skipped\n'}
[7.941980] (Ros2_esp32) StdoutLine: {'line': b'-- Detecting C compile features\n'}
[7.942354] (Ros2_esp32) StdoutLine: {'line': b'-- Detecting C compile features - done\n'}
[7.949626] (Ros2_esp32) StdoutLine: {'line': b'-- Detecting CXX compiler ABI info\n'}
[8.018632] (-) TimerEvent: {}
[8.027402] (Ros2_esp32) StdoutLine: {'line': b'-- Detecting CXX compiler ABI info - done\n'}
[8.036832] (Ros2_esp32) StdoutLine: {'line': b'-- Check for working CXX compiler: /home/diego/.espressif/tools/xtensa-esp-elf/esp-14.2.0_20260121/xtensa-esp-elf/bin/xtensa-esp32s3-elf-g++ - skipped\n'}
[8.037103] (Ros2_esp32) StdoutLine: {'line': b'-- Detecting CXX compile features\n'}
[8.037295] (Ros2_esp32) StdoutLine: {'line': b'-- Detecting CXX compile features - done\n'}
[8.040463] (Ros2_esp32) StdoutLine: {'line': b'[  5%] \x1b[32m\x1b[1mLinking C static library libesp_adc.a\x1b[0m\n'}
[8.092657] (Ros2_esp32) StdoutLine: {'line': b'[  5%] Built target __idf_esp_adc\n'}
[8.117414] (Ros2_esp32) StdoutLine: {'line': b'[  5%] \x1b[32mBuilding C object esp-idf/esp-tls/CMakeFiles/__idf_esp-tls.dir/esp-tls-crypto/esp_tls_crypto.c.obj\x1b[0m\n'}
[8.117741] (Ros2_esp32) StdoutLine: {'line': b'[  5%] \x1b[32mBuilding C object esp-idf/esp-tls/CMakeFiles/__idf_esp-tls.dir/esp_tls_error_capture.c.obj\x1b[0m\n'}
[8.117815] (Ros2_esp32) StdoutLine: {'line': b'[  5%] \x1b[32mBuilding C object esp-idf/esp-tls/CMakeFiles/__idf_esp-tls.dir/esp_tls_mbedtls.c.obj\x1b[0m\n'}
[8.117873] (Ros2_esp32) StdoutLine: {'line': b'[  5%] \x1b[32mBuilding C object esp-idf/esp-tls/CMakeFiles/__idf_esp-tls.dir/esp_tls_platform_port.c.obj\x1b[0m\n'}
[8.117930] (Ros2_esp32) StdoutLine: {'line': b'[  5%] \x1b[32mBuilding C object esp-idf/esp-tls/CMakeFiles/__idf_esp-tls.dir/esp_tls.c.obj\x1b[0m\n'}
[8.118777] (-) TimerEvent: {}
[8.219106] (-) TimerEvent: {}
[8.319461] (-) TimerEvent: {}
[8.356033] (Ros2_esp32) StdoutLine: {'line': b'-- Building ESP-IDF components for target esp32s3\n'}
[8.399201] (Ros2_esp32) StdoutLine: {'line': b'[  5%] \x1b[32m\x1b[1mLinking C static library libesp-tls.a\x1b[0m\n'}
[8.419583] (-) TimerEvent: {}
[8.441676] (Ros2_esp32) StdoutLine: {'line': b'[  5%] Built target __idf_esp-tls\n'}
[8.464493] (Ros2_esp32) StdoutLine: {'line': b'[  5%] \x1b[32mBuilding C object esp-idf/http_parser/CMakeFiles/__idf_http_parser.dir/http_parser.c.obj\x1b[0m\n'}
[8.519718] (-) TimerEvent: {}
[8.620056] (-) TimerEvent: {}
[8.720386] (-) TimerEvent: {}
[8.820696] (-) TimerEvent: {}
[8.887474] (Ros2_esp32) StdoutLine: {'line': b'[  6%] \x1b[32m\x1b[1mLinking C static library libhttp_parser.a\x1b[0m\n'}
[8.910944] (Ros2_esp32) StdoutLine: {'line': b'-- ESP-TEE is currently supported only on the esp32c6;esp32h2;esp32c5 SoCs\n'}
[8.920801] (-) TimerEvent: {}
[8.924375] (Ros2_esp32) StdoutLine: {'line': b'[  6%] Built target __idf_http_parser\n'}
[8.949682] (Ros2_esp32) StdoutLine: {'line': b'[  6%] \x1b[32mBuilding C object esp-idf/driver/CMakeFiles/__idf_driver.dir/deprecated/timer_legacy.c.obj\x1b[0m\n'}
[8.950020] (Ros2_esp32) StdoutLine: {'line': b'[  6%] \x1b[32mBuilding C object esp-idf/driver/CMakeFiles/__idf_driver.dir/i2c/i2c.c.obj\x1b[0m\n'}
[8.950102] (Ros2_esp32) StdoutLine: {'line': b'[  6%] \x1b[32mBuilding C object esp-idf/driver/CMakeFiles/__idf_driver.dir/deprecated/adc_legacy.c.obj\x1b[0m\n'}
[8.950177] (Ros2_esp32) StdoutLine: {'line': b'[  6%] \x1b[32mBuilding C object esp-idf/driver/CMakeFiles/__idf_driver.dir/deprecated/adc_dma_legacy.c.obj\x1b[0m\n'}
[8.950253] (Ros2_esp32) StdoutLine: {'line': b'[  6%] \x1b[32mBuilding C object esp-idf/driver/CMakeFiles/__idf_driver.dir/deprecated/mcpwm_legacy.c.obj\x1b[0m\n'}
[8.950326] (Ros2_esp32) StdoutLine: {'line': b'[  6%] \x1b[32mBuilding C object esp-idf/driver/CMakeFiles/__idf_driver.dir/deprecated/i2s_legacy.c.obj\x1b[0m\n'}
[8.950739] (Ros2_esp32) StdoutLine: {'line': b'[  6%] \x1b[32mBuilding C object esp-idf/driver/CMakeFiles/__idf_driver.dir/deprecated/rmt_legacy.c.obj\x1b[0m\n'}
[8.951874] (Ros2_esp32) StdoutLine: {'line': b'[  6%] \x1b[32mBuilding C object esp-idf/driver/CMakeFiles/__idf_driver.dir/deprecated/rtc_temperature_legacy.c.obj\x1b[0m\n'}
[8.952566] (Ros2_esp32) StdoutLine: {'line': b'[  6%] \x1b[32mBuilding C object esp-idf/driver/CMakeFiles/__idf_driver.dir/touch_sensor/touch_sensor_common.c.obj\x1b[0m\n'}
[8.953332] (Ros2_esp32) StdoutLine: {'line': b'[  6%] \x1b[32mBuilding C object esp-idf/driver/CMakeFiles/__idf_driver.dir/deprecated/pcnt_legacy.c.obj\x1b[0m\n'}
[8.955641] (Ros2_esp32) StdoutLine: {'line': b'[  7%] \x1b[32mBuilding C object esp-idf/driver/CMakeFiles/__idf_driver.dir/deprecated/sigma_delta_legacy.c.obj\x1b[0m\n'}
[9.020943] (-) TimerEvent: {}
[9.124283] (-) TimerEvent: {}
[9.142883] (Ros2_esp32) StdoutLine: {'line': b'[  7%] \x1b[32mBuilding C object esp-idf/driver/CMakeFiles/__idf_driver.dir/touch_sensor/esp32s3/touch_sensor.c.obj\x1b[0m\n'}
[9.204653] (Ros2_esp32) StdoutLine: {'line': b'[  7%] \x1b[32mBuilding C object esp-idf/driver/CMakeFiles/__idf_driver.dir/twai/twai.c.obj\x1b[0m\n'}
[9.224422] (-) TimerEvent: {}
[9.325032] (-) TimerEvent: {}
[9.426182] (-) TimerEvent: {}
[9.526526] (-) TimerEvent: {}
[9.626889] (-) TimerEvent: {}
[9.666590] (Ros2_esp32) StdoutLine: {'line': b'[  7%] \x1b[32m\x1b[1mLinking C static library libdriver.a\x1b[0m\n'}
[9.726176] (Ros2_esp32) StdoutLine: {'line': b'-- Project sdkconfig file /home/diego/Ros2_esp32/sdkconfig\n'}
[9.726734] (Ros2_esp32) StdoutLine: {'line': b'[  7%] Built target __idf_driver\n'}
[9.726947] (-) TimerEvent: {}
[9.746523] (Ros2_esp32) StdoutLine: {'line': b'[  7%] \x1b[32mBuilding C object esp-idf/esp_driver_twai/CMakeFiles/__idf_esp_driver_twai.dir/esp_twai.c.obj\x1b[0m\n'}
[9.746818] (Ros2_esp32) StdoutLine: {'line': b'[  8%] \x1b[32mBuilding C object esp-idf/esp_driver_twai/CMakeFiles/__idf_esp_driver_twai.dir/esp_twai_onchip.c.obj\x1b[0m\n'}
[9.827081] (-) TimerEvent: {}
[9.886661] (Ros2_esp32) StdoutLine: {'line': b'-- Compiler supported targets: xtensa-esp-elf\n'}
[9.888801] (Ros2_esp32) StdoutLine: {'line': b'-- Detecting C compiler ABI info\n'}
[9.927199] (-) TimerEvent: {}
[9.949400] (Ros2_esp32) StdoutLine: {'line': b'-- Detecting C compiler ABI info - done\n'}
[9.956586] (Ros2_esp32) StdoutLine: {'line': b'-- Detecting CXX compiler ABI info\n'}
[9.976388] (Ros2_esp32) StdoutLine: {'line': b'[  8%] \x1b[32m\x1b[1mLinking C static library libesp_driver_twai.a\x1b[0m\n'}
[10.014535] (Ros2_esp32) StdoutLine: {'line': b'[  8%] Built target __idf_esp_driver_twai\n'}
[10.021336] (Ros2_esp32) StdoutLine: {'line': b'-- Detecting CXX compiler ABI info - done\n'}
[10.027308] (-) TimerEvent: {}
[10.035742] (Ros2_esp32) StdoutLine: {'line': b'[  8%] \x1b[32mBuilding C object esp-idf/esp_driver_ledc/CMakeFiles/__idf_esp_driver_ledc.dir/src/ledc.c.obj\x1b[0m\n'}
[10.127422] (-) TimerEvent: {}
[10.130743] (Ros2_esp32) StdoutLine: {'line': b'-- Detecting C compiler ABI info\n'}
[10.195868] (Ros2_esp32) StdoutLine: {'line': b'-- Detecting C compiler ABI info - done\n'}
[10.203455] (Ros2_esp32) StdoutLine: {'line': b'-- Detecting CXX compiler ABI info\n'}
[10.227540] (-) TimerEvent: {}
[10.269774] (Ros2_esp32) StdoutLine: {'line': b'-- Detecting CXX compiler ABI info - done\n'}
[10.287494] (Ros2_esp32) StdoutLine: {'line': b'-- Adding linker script /home/diego/.espressif/v5.5/esp-idf/components/soc/esp32s3/ld/esp32s3.peripherals.ld\n'}
[10.298255] (Ros2_esp32) StdoutLine: {'line': b'-- Bootloader project name: "bootloader" version: 1\n'}
[10.322715] (Ros2_esp32) StdoutLine: {'line': b'-- Adding linker script /home/diego/.espressif/v5.5/esp-idf/components/esp_rom/esp32s3/ld/esp32s3.rom.ld\n'}
[10.322912] (Ros2_esp32) StdoutLine: {'line': b'-- Adding linker script /home/diego/.espressif/v5.5/esp-idf/components/esp_rom/esp32s3/ld/esp32s3.rom.api.ld\n'}
[10.323040] (Ros2_esp32) StdoutLine: {'line': b'-- Adding linker script /home/diego/.espressif/v5.5/esp-idf/components/esp_rom/esp32s3/ld/esp32s3.rom.bt_funcs.ld\n'}
[10.323101] (Ros2_esp32) StdoutLine: {'line': b'-- Adding linker script /home/diego/.espressif/v5.5/esp-idf/components/esp_rom/esp32s3/ld/esp32s3.rom.libgcc.ld\n'}
[10.323171] (Ros2_esp32) StdoutLine: {'line': b'-- Adding linker script /home/diego/.espressif/v5.5/esp-idf/components/esp_rom/esp32s3/ld/esp32s3.rom.wdt.ld\n'}
[10.323292] (Ros2_esp32) StdoutLine: {'line': b'-- Adding linker script /home/diego/.espressif/v5.5/esp-idf/components/esp_rom/esp32s3/ld/esp32s3.rom.version.ld\n'}
[10.323351] (Ros2_esp32) StdoutLine: {'line': b'-- Adding linker script /home/diego/.espressif/v5.5/esp-idf/components/esp_rom/esp32s3/ld/esp32s3.rom.libc.ld\n'}
[10.323448] (Ros2_esp32) StdoutLine: {'line': b'-- Adding linker script /home/diego/.espressif/v5.5/esp-idf/components/esp_rom/esp32s3/ld/esp32s3.rom.newlib.ld\n'}
[10.327635] (-) TimerEvent: {}
[10.337337] (Ros2_esp32) StdoutLine: {'line': b'-- Adding linker script /home/diego/.espressif/v5.5/esp-idf/components/bootloader/subproject/main/ld/esp32s3/bootloader.rom.ld\n'}
[10.404151] (Ros2_esp32) StdoutLine: {'line': b'-- Components: bootloader bootloader_support efuse esp_app_format esp_bootloader_format esp_common esp_hw_support esp_rom esp_security esp_system esptool_py freertos hal log main micro-ecc newlib partition_table soc spi_flash xtensa\n'}
[10.404456] (Ros2_esp32) StdoutLine: {'line': b'-- Component paths: /home/diego/.espressif/v5.5/esp-idf/components/bootloader /home/diego/.espressif/v5.5/esp-idf/components/bootloader_support /home/diego/.espressif/v5.5/esp-idf/components/efuse /home/diego/.espressif/v5.5/esp-idf/components/esp_app_format /home/diego/.espressif/v5.5/esp-idf/components/esp_bootloader_format /home/diego/.espressif/v5.5/esp-idf/components/esp_common /home/diego/.espressif/v5.5/esp-idf/components/esp_hw_support /home/diego/.espressif/v5.5/esp-idf/components/esp_rom /home/diego/.espressif/v5.5/esp-idf/components/esp_security /home/diego/.espressif/v5.5/esp-idf/components/esp_system /home/diego/.espressif/v5.5/esp-idf/components/esptool_py /home/diego/.espressif/v5.5/esp-idf/components/freertos /home/diego/.espressif/v5.5/esp-idf/components/hal /home/diego/.espressif/v5.5/esp-idf/components/log /home/diego/.espressif/v5.5/esp-idf/components/bootloader/subproject/main /home/diego/.espressif/v5.5/esp-idf/components/bootloader/subproject/components/micro-ecc /home/diego/.espressif/v5.5/esp-idf/components/newlib /home/diego/.espressif/v5.5/esp-idf/components/partition_table /home/diego/.espressif/v5.5/esp-idf/components/soc /home/diego/.espressif/v5.5/esp-idf/components/spi_flash /home/diego/.espressif/v5.5/esp-idf/components/xtensa\n'}
[10.404568] (Ros2_esp32) StdoutLine: {'line': b'-- Adding linker script /home/diego/.espressif/v5.5/esp-idf/components/bootloader/subproject/main/ld/esp32s3/bootloader.ld\n'}
[10.405566] (Ros2_esp32) StdoutLine: {'line': b'-- Configuring done\n'}
[10.427798] (-) TimerEvent: {}
[10.466055] (Ros2_esp32) StdoutLine: {'line': b'[  8%] \x1b[32m\x1b[1mLinking C static library libesp_driver_ledc.a\x1b[0m\n'}
[10.483735] (Ros2_esp32) StdoutLine: {'line': b'-- Generating done\n'}
[10.489998] (Ros2_esp32) StdoutLine: {'line': b'-- Build files have been written to: /home/diego/Ros2_esp32/build/Ros2_esp32/bootloader\n'}
[10.512182] (Ros2_esp32) StdoutLine: {'line': b'[  8%] Built target __idf_esp_driver_ledc\n'}
[10.528000] (-) TimerEvent: {}
[10.532631] (Ros2_esp32) StdoutLine: {'line': b"[  8%] \x1b[34m\x1b[1mPerforming build step for 'bootloader'\x1b[0m\n"}
[10.534004] (Ros2_esp32) StdoutLine: {'line': b'[  8%] \x1b[32mBuilding C object esp-idf/esp_driver_i2c/CMakeFiles/__idf_esp_driver_i2c.dir/i2c_common.c.obj\x1b[0m\n'}
[10.534203] (Ros2_esp32) StdoutLine: {'line': b'[  8%] \x1b[32mBuilding C object esp-idf/esp_driver_i2c/CMakeFiles/__idf_esp_driver_i2c.dir/i2c_master.c.obj\x1b[0m\n'}
[10.534455] (Ros2_esp32) StdoutLine: {'line': b'[  8%] \x1b[32mBuilding C object esp-idf/esp_driver_i2c/CMakeFiles/__idf_esp_driver_i2c.dir/i2c_slave.c.obj\x1b[0m\n'}
[10.590828] (Ros2_esp32) StdoutLine: {'line': b'[  1%] \x1b[32mBuilding C object esp-idf/log/CMakeFiles/__idf_log.dir/src/noos/log_lock.c.obj\x1b[0m\n'}
[10.591177] (Ros2_esp32) StdoutLine: {'line': b'[  1%] \x1b[32mBuilding C object esp-idf/log/CMakeFiles/__idf_log.dir/src/noos/log_timestamp.c.obj\x1b[0m\n'}
[10.591287] (Ros2_esp32) StdoutLine: {'line': b'[  3%] \x1b[32mBuilding C object esp-idf/log/CMakeFiles/__idf_log.dir/src/log_timestamp_common.c.obj\x1b[0m\n'}
[10.591384] (Ros2_esp32) StdoutLine: {'line': b'[  3%] \x1b[32mBuilding C object esp-idf/log/CMakeFiles/__idf_log.dir/src/noos/util.c.obj\x1b[0m\n'}
[10.591469] (Ros2_esp32) StdoutLine: {'line': b'[  4%] \x1b[34m\x1b[1mGenerating project_elf_src_esp32s3.c\x1b[0m\n'}
[10.596149] (Ros2_esp32) StdoutLine: {'line': b'[  5%] \x1b[32mBuilding C object esp-idf/log/CMakeFiles/__idf_log.dir/src/util.c.obj\x1b[0m\n'}
[10.596490] (Ros2_esp32) StdoutLine: {'line': b'[  6%] \x1b[32mBuilding C object esp-idf/log/CMakeFiles/__idf_log.dir/src/buffer/log_buffers.c.obj\x1b[0m\n'}
[10.596800] (Ros2_esp32) StdoutLine: {'line': b'[  7%] \x1b[32mBuilding C object esp-idf/log/CMakeFiles/__idf_log.dir/src/log_format_text.c.obj\x1b[0m\n'}
[10.598715] (Ros2_esp32) StdoutLine: {'line': b'[  7%] \x1b[32mBuilding C object esp-idf/log/CMakeFiles/__idf_log.dir/src/log_print.c.obj\x1b[0m\n'}
[10.628265] (-) TimerEvent: {}
[10.635368] (Ros2_esp32) StdoutLine: {'line': b'[  7%] Built target _project_elf_src\n'}
[10.649376] (Ros2_esp32) StdoutLine: {'line': b'[  8%] \x1b[32mBuilding C object esp-idf/log/CMakeFiles/__idf_log.dir/src/log.c.obj\x1b[0m\n'}
[10.718667] (Ros2_esp32) StdoutLine: {'line': b'[  9%] \x1b[32m\x1b[1mLinking C static library liblog.a\x1b[0m\n'}
[10.728385] (-) TimerEvent: {}
[10.763294] (Ros2_esp32) StdoutLine: {'line': b'[  9%] Built target __idf_log\n'}
[10.774921] (Ros2_esp32) StdoutLine: {'line': b'\x1b[35m\x1b[1mScanning dependencies of target __idf_esp_rom\x1b[0m\n'}
[10.791919] (Ros2_esp32) StdoutLine: {'line': b'[ 11%] \x1b[32mBuilding C object esp-idf/esp_rom/CMakeFiles/__idf_esp_rom.dir/patches/esp_rom_print.c.obj\x1b[0m\n'}
[10.792225] (Ros2_esp32) StdoutLine: {'line': b'[ 13%] \x1b[32mBuilding C object esp-idf/esp_rom/CMakeFiles/__idf_esp_rom.dir/patches/esp_rom_crc.c.obj\x1b[0m\n'}
[10.793196] (Ros2_esp32) StdoutLine: {'line': b'[ 13%] \x1b[32mBuilding C object esp-idf/esp_rom/CMakeFiles/__idf_esp_rom.dir/patches/esp_rom_gpio.c.obj\x1b[0m\n'}
[10.794052] (Ros2_esp32) StdoutLine: {'line': b'[ 14%] \x1b[32mBuilding C object esp-idf/esp_rom/CMakeFiles/__idf_esp_rom.dir/patches/esp_rom_spiflash.c.obj\x1b[0m\n'}
[10.794215] (Ros2_esp32) StdoutLine: {'line': b'[ 14%] \x1b[32mBuilding C object esp-idf/esp_rom/CMakeFiles/__idf_esp_rom.dir/patches/esp_rom_efuse.c.obj\x1b[0m\n'}
[10.794293] (Ros2_esp32) StdoutLine: {'line': b'[ 11%] \x1b[32mBuilding C object esp-idf/esp_rom/CMakeFiles/__idf_esp_rom.dir/patches/esp_rom_uart.c.obj\x1b[0m\n'}
[10.795548] (Ros2_esp32) StdoutLine: {'line': b'[ 14%] \x1b[32mBuilding C object esp-idf/esp_rom/CMakeFiles/__idf_esp_rom.dir/patches/esp_rom_sys.c.obj\x1b[0m\n'}
[10.796836] (Ros2_esp32) StdoutLine: {'line': b'[ 15%] \x1b[32mBuilding ASM object esp-idf/esp_rom/CMakeFiles/__idf_esp_rom.dir/patches/esp_rom_longjmp.S.obj\x1b[0m\n'}
[10.805771] (Ros2_esp32) StdoutLine: {'line': b'[ 16%] \x1b[32mBuilding C object esp-idf/esp_rom/CMakeFiles/__idf_esp_rom.dir/patches/esp_rom_systimer.c.obj\x1b[0m\n'}
[10.806072] (Ros2_esp32) StdoutLine: {'line': b'[ 16%] \x1b[32mBuilding C object esp-idf/esp_rom/CMakeFiles/__idf_esp_rom.dir/patches/esp_rom_cache_esp32s2_esp32s3.c.obj\x1b[0m\n'}
[10.806244] (Ros2_esp32) StdoutLine: {'line': b'[ 17%] \x1b[32mBuilding C object esp-idf/esp_rom/CMakeFiles/__idf_esp_rom.dir/patches/esp_rom_wdt.c.obj\x1b[0m\n'}
[10.828918] (-) TimerEvent: {}
[10.842604] (Ros2_esp32) StdoutLine: {'line': b'[ 18%] \x1b[32mBuilding ASM object esp-idf/esp_rom/CMakeFiles/__idf_esp_rom.dir/patches/esp_rom_cache_writeback_esp32s3.S.obj\x1b[0m\n'}
[10.929049] (-) TimerEvent: {}
[10.965752] (Ros2_esp32) StdoutLine: {'line': b'[ 19%] \x1b[32m\x1b[1mLinking C static library libesp_rom.a\x1b[0m\n'}
[11.013186] (Ros2_esp32) StdoutLine: {'line': b'[ 19%] Built target __idf_esp_rom\n'}
[11.026010] (Ros2_esp32) StdoutLine: {'line': b'[  8%] \x1b[32m\x1b[1mLinking C static library libesp_driver_i2c.a\x1b[0m\n'}
[11.029167] (-) TimerEvent: {}
[11.037863] (Ros2_esp32) StdoutLine: {'line': b'[ 20%] \x1b[32mBuilding C object esp-idf/esp_common/CMakeFiles/__idf_esp_common.dir/src/esp_err_to_name.c.obj\x1b[0m\n'}
[11.070795] (Ros2_esp32) StdoutLine: {'line': b'[  8%] Built target __idf_esp_driver_i2c\n'}
[11.092262] (Ros2_esp32) StdoutLine: {'line': b'[  8%] \x1b[32mBuilding C object esp-idf/esp_driver_sdm/CMakeFiles/__idf_esp_driver_sdm.dir/src/sdm.c.obj\x1b[0m\n'}
[11.103477] (Ros2_esp32) StdoutLine: {'line': b'[ 21%] \x1b[32m\x1b[1mLinking C static library libesp_common.a\x1b[0m\n'}
[11.129306] (-) TimerEvent: {}
[11.142279] (Ros2_esp32) StdoutLine: {'line': b'[ 21%] Built target __idf_esp_common\n'}
[11.167675] (Ros2_esp32) StdoutLine: {'line': b'[ 22%] \x1b[32mBuilding C object esp-idf/esp_hw_support/CMakeFiles/__idf_esp_hw_support.dir/port/esp32s3/cpu_region_protect.c.obj\x1b[0m\n'}
[11.170241] (Ros2_esp32) StdoutLine: {'line': b'[ 22%] \x1b[32mBuilding C object esp-idf/esp_hw_support/CMakeFiles/__idf_esp_hw_support.dir/port/esp32s3/esp_cpu_intr.c.obj\x1b[0m\n'}
[11.170834] (Ros2_esp32) StdoutLine: {'line': b'[ 23%] \x1b[32mBuilding C object esp-idf/esp_hw_support/CMakeFiles/__idf_esp_hw_support.dir/esp_memory_utils.c.obj\x1b[0m\n'}
[11.171144] (Ros2_esp32) StdoutLine: {'line': b'[ 24%] \x1b[32mBuilding C object esp-idf/esp_hw_support/CMakeFiles/__idf_esp_hw_support.dir/port/esp32s3/rtc_clk.c.obj\x1b[0m\n'}
[11.173639] (Ros2_esp32) StdoutLine: {'line': b'[ 25%] \x1b[32mBuilding C object esp-idf/esp_hw_support/CMakeFiles/__idf_esp_hw_support.dir/port/esp32s3/rtc_clk_init.c.obj\x1b[0m\n'}
[11.176954] (Ros2_esp32) StdoutLine: {'line': b'[ 27%] \x1b[32mBuilding C object esp-idf/esp_hw_support/CMakeFiles/__idf_esp_hw_support.dir/port/esp32s3/rtc_time.c.obj\x1b[0m\n'}
[11.177111] (Ros2_esp32) StdoutLine: {'line': b'[ 27%] \x1b[32mBuilding C object esp-idf/esp_hw_support/CMakeFiles/__idf_esp_hw_support.dir/port/esp32s3/rtc_sleep.c.obj\x1b[0m\n'}
[11.177190] (Ros2_esp32) StdoutLine: {'line': b'[ 27%] \x1b[32mBuilding C object esp-idf/esp_hw_support/CMakeFiles/__idf_esp_hw_support.dir/port/esp32s3/rtc_init.c.obj\x1b[0m\n'}
[11.179040] (Ros2_esp32) StdoutLine: {'line': b'[ 28%] \x1b[32mBuilding C object esp-idf/esp_hw_support/CMakeFiles/__idf_esp_hw_support.dir/cpu.c.obj\x1b[0m\n'}
[11.181038] (Ros2_esp32) StdoutLine: {'line': b'[ 29%] \x1b[32mBuilding C object esp-idf/esp_hw_support/CMakeFiles/__idf_esp_hw_support.dir/port/esp32s3/chip_info.c.obj\x1b[0m\n'}
[11.229585] (-) TimerEvent: {}
[11.317846] (Ros2_esp32) StdoutLine: {'line': b'[  8%] \x1b[32m\x1b[1mLinking C static library libesp_driver_sdm.a\x1b[0m\n'}
[11.329735] (-) TimerEvent: {}
[11.372023] (Ros2_esp32) StdoutLine: {'line': b'[  8%] Built target __idf_esp_driver_sdm\n'}
[11.393527] (Ros2_esp32) StdoutLine: {'line': b'[  8%] \x1b[32mBuilding C object esp-idf/esp_driver_tsens/CMakeFiles/__idf_esp_driver_tsens.dir/src/temperature_sensor.c.obj\x1b[0m\n'}
[11.429831] (-) TimerEvent: {}
[11.513465] (Ros2_esp32) StdoutLine: {'line': b'[ 30%] \x1b[32m\x1b[1mLinking C static library libesp_hw_support.a\x1b[0m\n'}
[11.529980] (-) TimerEvent: {}
[11.569235] (Ros2_esp32) StdoutLine: {'line': b'[  8%] \x1b[32m\x1b[1mLinking C static library libesp_driver_tsens.a\x1b[0m\n'}
[11.590037] (Ros2_esp32) StdoutLine: {'line': b'[ 30%] Built target __idf_esp_hw_support\n'}
[11.619075] (Ros2_esp32) StdoutLine: {'line': b'[ 31%] \x1b[32mBuilding C object esp-idf/esp_system/CMakeFiles/__idf_esp_system.dir/esp_err.c.obj\x1b[0m\n'}
[11.620778] (Ros2_esp32) StdoutLine: {'line': b'[  8%] Built target __idf_esp_driver_tsens\n'}
[11.630138] (-) TimerEvent: {}
[11.653178] (Ros2_esp32) StdoutLine: {'line': b'[  8%] \x1b[32mBuilding C object esp-idf/esp_driver_rmt/CMakeFiles/__idf_esp_driver_rmt.dir/src/rmt_encoder.c.obj\x1b[0m\n'}
[11.654600] (Ros2_esp32) StdoutLine: {'line': b'[  8%] \x1b[32mBuilding C object esp-idf/esp_driver_rmt/CMakeFiles/__idf_esp_driver_rmt.dir/src/rmt_common.c.obj\x1b[0m\n'}
[11.655045] (Ros2_esp32) StdoutLine: {'line': b'[  8%] \x1b[32mBuilding C object esp-idf/esp_driver_rmt/CMakeFiles/__idf_esp_driver_rmt.dir/src/rmt_encoder_copy.c.obj\x1b[0m\n'}
[11.656314] (Ros2_esp32) StdoutLine: {'line': b'[  8%] \x1b[32mBuilding C object esp-idf/esp_driver_rmt/CMakeFiles/__idf_esp_driver_rmt.dir/src/rmt_encoder_simple.c.obj\x1b[0m\n'}
[11.656685] (Ros2_esp32) StdoutLine: {'line': b'[  8%] \x1b[32mBuilding C object esp-idf/esp_driver_rmt/CMakeFiles/__idf_esp_driver_rmt.dir/src/rmt_rx.c.obj\x1b[0m\n'}
[11.656793] (Ros2_esp32) StdoutLine: {'line': b'[  8%] \x1b[32mBuilding C object esp-idf/esp_driver_rmt/CMakeFiles/__idf_esp_driver_rmt.dir/src/rmt_encoder_bytes.c.obj\x1b[0m\n'}
[11.657197] (Ros2_esp32) StdoutLine: {'line': b'[  9%] \x1b[32mBuilding C object esp-idf/esp_driver_rmt/CMakeFiles/__idf_esp_driver_rmt.dir/src/rmt_tx.c.obj\x1b[0m\n'}
[11.701841] (Ros2_esp32) StdoutLine: {'line': b'[ 32%] \x1b[32m\x1b[1mLinking C static library libesp_system.a\x1b[0m\n'}
[11.731595] (-) TimerEvent: {}
[11.768264] (Ros2_esp32) StdoutLine: {'line': b'[ 32%] Built target __idf_esp_system\n'}
[11.801918] (Ros2_esp32) StdoutLine: {'line': b'[ 32%] \x1b[32mBuilding C object esp-idf/efuse/CMakeFiles/__idf_efuse.dir/esp32s3/esp_efuse_table.c.obj\x1b[0m\n'}
[11.803168] (Ros2_esp32) StdoutLine: {'line': b'[ 35%] \x1b[32mBuilding C object esp-idf/efuse/CMakeFiles/__idf_efuse.dir/esp32s3/esp_efuse_rtc_calib.c.obj\x1b[0m\n'}
[11.805801] (Ros2_esp32) StdoutLine: {'line': b'[ 35%] \x1b[32mBuilding C object esp-idf/efuse/CMakeFiles/__idf_efuse.dir/src/esp_efuse_api.c.obj\x1b[0m\n'}
[11.806576] (Ros2_esp32) StdoutLine: {'line': b'[ 36%] \x1b[32mBuilding C object esp-idf/efuse/CMakeFiles/__idf_efuse.dir/esp32s3/esp_efuse_fields.c.obj\x1b[0m\n'}
[11.806741] (Ros2_esp32) StdoutLine: {'line': b'[ 37%] \x1b[32mBuilding C object esp-idf/efuse/CMakeFiles/__idf_efuse.dir/esp32s3/esp_efuse_utility.c.obj\x1b[0m\n'}
[11.808998] (Ros2_esp32) StdoutLine: {'line': b'[ 37%] \x1b[32mBuilding C object esp-idf/efuse/CMakeFiles/__idf_efuse.dir/src/esp_efuse_fields.c.obj\x1b[0m\n'}
[11.822433] (Ros2_esp32) StdoutLine: {'line': b'[ 38%] \x1b[32mBuilding C object esp-idf/efuse/CMakeFiles/__idf_efuse.dir/src/esp_efuse_utility.c.obj\x1b[0m\n'}
[11.832019] (-) TimerEvent: {}
[11.845885] (Ros2_esp32) StdoutLine: {'line': b'[ 39%] \x1b[32mBuilding C object esp-idf/efuse/CMakeFiles/__idf_efuse.dir/src/efuse_controller/keys/with_key_purposes/esp_efuse_api_key.c.obj\x1b[0m\n'}
[11.932158] (-) TimerEvent: {}
[12.032725] (-) TimerEvent: {}
[12.062467] (Ros2_esp32) StdoutLine: {'line': b'[ 40%] \x1b[32m\x1b[1mLinking C static library libefuse.a\x1b[0m\n'}
[12.102410] (Ros2_esp32) StdoutLine: {'line': b'[  9%] \x1b[32m\x1b[1mLinking C static library libesp_driver_rmt.a\x1b[0m\n'}
[12.109062] (Ros2_esp32) StdoutLine: {'line': b'[ 40%] Built target __idf_efuse\n'}
[12.135802] (Ros2_esp32) StdoutLine: {'line': b'[ 41%] \x1b[32mBuilding C object esp-idf/bootloader_support/CMakeFiles/__idf_bootloader_support.dir/src/bootloader_common.c.obj\x1b[0m\n'}
[12.136129] (-) TimerEvent: {}
[12.136291] (Ros2_esp32) StdoutLine: {'line': b'[ 41%] \x1b[32mBuilding C object esp-idf/bootloader_support/CMakeFiles/__idf_bootloader_support.dir/src/bootloader_common_loader.c.obj\x1b[0m\n'}
[12.136413] (Ros2_esp32) StdoutLine: {'line': b'[ 42%] \x1b[32mBuilding C object esp-idf/bootloader_support/CMakeFiles/__idf_bootloader_support.dir/src/bootloader_clock_init.c.obj\x1b[0m\n'}
[12.136579] (Ros2_esp32) StdoutLine: {'line': b'[ 43%] \x1b[32mBuilding C object esp-idf/bootloader_support/CMakeFiles/__idf_bootloader_support.dir/src/bootloader_mem.c.obj\x1b[0m\n'}
[12.136667] (Ros2_esp32) StdoutLine: {'line': b'[ 45%] \x1b[32mBuilding C object esp-idf/bootloader_support/CMakeFiles/__idf_bootloader_support.dir/src/bootloader_efuse.c.obj\x1b[0m\n'}
[12.138266] (Ros2_esp32) StdoutLine: {'line': b'[ 44%] \x1b[32mBuilding C object esp-idf/bootloader_support/CMakeFiles/__idf_bootloader_support.dir/src/bootloader_random_esp32s3.c.obj\x1b[0m\n'}
[12.140164] (Ros2_esp32) StdoutLine: {'line': b'[ 46%] \x1b[32mBuilding C object esp-idf/bootloader_support/CMakeFiles/__idf_bootloader_support.dir/src/secure_boot.c.obj\x1b[0m\n'}
[12.144237] (Ros2_esp32) StdoutLine: {'line': b'[ 47%] \x1b[32mBuilding C object esp-idf/bootloader_support/CMakeFiles/__idf_bootloader_support.dir/src/flash_encrypt.c.obj\x1b[0m\n'}
[12.144527] (Ros2_esp32) StdoutLine: {'line': b'[ 47%] \x1b[32mBuilding C object esp-idf/bootloader_support/CMakeFiles/__idf_bootloader_support.dir/bootloader_flash/src/bootloader_flash.c.obj\x1b[0m\n'}
[12.149647] (Ros2_esp32) StdoutLine: {'line': b'[ 47%] \x1b[32mBuilding C object esp-idf/bootloader_support/CMakeFiles/__idf_bootloader_support.dir/src/bootloader_random.c.obj\x1b[0m\n'}
[12.150882] (Ros2_esp32) StdoutLine: {'line': b'[ 48%] \x1b[32mBuilding C object esp-idf/bootloader_support/CMakeFiles/__idf_bootloader_support.dir/bootloader_flash/src/flash_qio_mode.c.obj\x1b[0m\n'}
[12.165757] (Ros2_esp32) StdoutLine: {'line': b'[  9%] Built target __idf_esp_driver_rmt\n'}
[12.208265] (Ros2_esp32) StdoutLine: {'line': b'[  9%] \x1b[32mBuilding C object esp-idf/esp_driver_sdspi/CMakeFiles/__idf_esp_driver_sdspi.dir/src/sdspi_crc.c.obj\x1b[0m\n'}
[12.213604] (Ros2_esp32) StdoutLine: {'line': b'[ 49%] \x1b[32mBuilding C object esp-idf/bootloader_support/CMakeFiles/__idf_bootloader_support.dir/bootloader_flash/src/bootloader_flash_config_esp32s3.c.obj\x1b[0m\n'}
[12.236297] (-) TimerEvent: {}
[12.246983] (Ros2_esp32) StdoutLine: {'line': b'[  9%] \x1b[32mBuilding C object esp-idf/esp_driver_sdspi/CMakeFiles/__idf_esp_driver_sdspi.dir/src/sdspi_host.c.obj\x1b[0m\n'}
[12.266483] (Ros2_esp32) StdoutLine: {'line': b'[ 50%] \x1b[32mBuilding C object esp-idf/bootloader_support/CMakeFiles/__idf_bootloader_support.dir/src/flash_partitions.c.obj\x1b[0m\n'}
[12.276977] (Ros2_esp32) StdoutLine: {'line': b'[ 51%] \x1b[32mBuilding C object esp-idf/bootloader_support/CMakeFiles/__idf_bootloader_support.dir/src/bootloader_utility.c.obj\x1b[0m\n'}
[12.290821] (Ros2_esp32) StdoutLine: {'line': b'[ 51%] \x1b[32mBuilding C object esp-idf/bootloader_support/CMakeFiles/__idf_bootloader_support.dir/src/esp_image_format.c.obj\x1b[0m\n'}
[12.293285] (Ros2_esp32) StdoutLine: {'line': b'[  9%] \x1b[32mBuilding C object esp-idf/esp_driver_sdspi/CMakeFiles/__idf_esp_driver_sdspi.dir/src/sdspi_transaction.c.obj\x1b[0m\n'}
[12.317043] (Ros2_esp32) StdoutLine: {'line': b'[ 52%] \x1b[32mBuilding C object esp-idf/bootloader_support/CMakeFiles/__idf_bootloader_support.dir/src/bootloader_sha.c.obj\x1b[0m\n'}
[12.336429] (-) TimerEvent: {}
[12.340996] (Ros2_esp32) StdoutLine: {'line': b'[ 53%] \x1b[32mBuilding C object esp-idf/bootloader_support/CMakeFiles/__idf_bootloader_support.dir/src/bootloader_init.c.obj\x1b[0m\n'}
[12.356354] (Ros2_esp32) StdoutLine: {'line': b'[ 54%] \x1b[32mBuilding C object esp-idf/bootloader_support/CMakeFiles/__idf_bootloader_support.dir/src/bootloader_clock_loader.c.obj\x1b[0m\n'}
[12.382650] (Ros2_esp32) StdoutLine: {'line': b'[ 55%] \x1b[32mBuilding C object esp-idf/bootloader_support/CMakeFiles/__idf_bootloader_support.dir/src/bootloader_console.c.obj\x1b[0m\n'}
[12.385540] (Ros2_esp32) StdoutLine: {'line': b'[ 55%] \x1b[32mBuilding C object esp-idf/bootloader_support/CMakeFiles/__idf_bootloader_support.dir/src/bootloader_console_loader.c.obj\x1b[0m\n'}
[12.436646] (-) TimerEvent: {}
[12.455658] (Ros2_esp32) StdoutLine: {'line': b'[ 56%] \x1b[32mBuilding C object esp-idf/bootloader_support/CMakeFiles/__idf_bootloader_support.dir/src/esp32s3/bootloader_soc.c.obj\x1b[0m\n'}
[12.457175] (Ros2_esp32) StdoutLine: {'line': b'[ 57%] \x1b[32mBuilding C object esp-idf/bootloader_support/CMakeFiles/__idf_bootloader_support.dir/src/esp32s3/bootloader_esp32s3.c.obj\x1b[0m\n'}
[12.474801] (Ros2_esp32) StdoutLine: {'line': b'[ 58%] \x1b[32mBuilding C object esp-idf/bootloader_support/CMakeFiles/__idf_bootloader_support.dir/src/bootloader_panic.c.obj\x1b[0m\n'}
[12.536976] (-) TimerEvent: {}
[12.607944] (Ros2_esp32) StdoutLine: {'line': b'[  9%] \x1b[32m\x1b[1mLinking C static library libesp_driver_sdspi.a\x1b[0m\n'}
[12.637090] (-) TimerEvent: {}
[12.649251] (Ros2_esp32) StdoutLine: {'line': b'[  9%] Built target __idf_esp_driver_sdspi\n'}
[12.671239] (Ros2_esp32) StdoutLine: {'line': b'[  9%] \x1b[32mBuilding C object esp-idf/esp_driver_sdmmc/CMakeFiles/__idf_esp_driver_sdmmc.dir/src/sdmmc_host.c.obj\x1b[0m\n'}
[12.671517] (Ros2_esp32) StdoutLine: {'line': b'[  9%] \x1b[32mBuilding C object esp-idf/esp_driver_sdmmc/CMakeFiles/__idf_esp_driver_sdmmc.dir/src/sdmmc_transaction.c.obj\x1b[0m\n'}
[12.683587] (Ros2_esp32) StdoutLine: {'line': b'[ 59%] \x1b[32m\x1b[1mLinking C static library libbootloader_support.a\x1b[0m\n'}
[12.737208] (-) TimerEvent: {}
[12.744084] (Ros2_esp32) StdoutLine: {'line': b'[ 59%] Built target __idf_bootloader_support\n'}
[12.768170] (Ros2_esp32) StdoutLine: {'line': b'[ 59%] \x1b[32mBuilding C object esp-idf/esp_bootloader_format/CMakeFiles/__idf_esp_bootloader_format.dir/esp_bootloader_desc.c.obj\x1b[0m\n'}
[12.815215] (Ros2_esp32) StdoutLine: {'line': b'[ 60%] \x1b[32m\x1b[1mLinking C static library libesp_bootloader_format.a\x1b[0m\n'}
[12.837337] (-) TimerEvent: {}
[12.854820] (Ros2_esp32) StdoutLine: {'line': b'[ 60%] Built target __idf_esp_bootloader_format\n'}
[12.877250] (Ros2_esp32) StdoutLine: {'line': b'[ 61%] \x1b[32mBuilding C object esp-idf/spi_flash/CMakeFiles/__idf_spi_flash.dir/spi_flash_wrap.c.obj\x1b[0m\n'}
[12.937457] (-) TimerEvent: {}
[12.960514] (Ros2_esp32) StdoutLine: {'line': b'[ 62%] \x1b[32m\x1b[1mLinking C static library libspi_flash.a\x1b[0m\n'}
[12.995601] (Ros2_esp32) StdoutLine: {'line': b'[ 62%] Built target __idf_spi_flash\n'}
[13.009838] (Ros2_esp32) StdoutLine: {'line': b'[  9%] \x1b[32m\x1b[1mLinking C static library libesp_driver_sdmmc.a\x1b[0m\n'}
[13.017142] (Ros2_esp32) StdoutLine: {'line': b'[ 64%] \x1b[32mBuilding C object esp-idf/hal/CMakeFiles/__idf_hal.dir/hal_utils.c.obj\x1b[0m\n'}
[13.017431] (Ros2_esp32) StdoutLine: {'line': b'[ 64%] \x1b[32mBuilding C object esp-idf/hal/CMakeFiles/__idf_hal.dir/efuse_hal.c.obj\x1b[0m\n'}
[13.017512] (Ros2_esp32) StdoutLine: {'line': b'[ 64%] \x1b[32mBuilding C object esp-idf/hal/CMakeFiles/__idf_hal.dir/mpu_hal.c.obj\x1b[0m\n'}
[13.020018] (Ros2_esp32) StdoutLine: {'line': b'[ 65%] \x1b[32mBuilding C object esp-idf/hal/CMakeFiles/__idf_hal.dir/mmu_hal.c.obj\x1b[0m\n'}
[13.020299] (Ros2_esp32) StdoutLine: {'line': b'[ 65%] \x1b[32mBuilding C object esp-idf/hal/CMakeFiles/__idf_hal.dir/esp32s3/efuse_hal.c.obj\x1b[0m\n'}
[13.020380] (Ros2_esp32) StdoutLine: {'line': b'[ 67%] \x1b[32mBuilding C object esp-idf/hal/CMakeFiles/__idf_hal.dir/cache_hal.c.obj\x1b[0m\n'}
[13.038810] (-) TimerEvent: {}
[13.066847] (Ros2_esp32) StdoutLine: {'line': b'[  9%] Built target __idf_esp_driver_sdmmc\n'}
[13.095224] (Ros2_esp32) StdoutLine: {'line': b'[  9%] \x1b[32mBuilding C object esp-idf/sdmmc/CMakeFiles/__idf_sdmmc.dir/sdmmc_cmd.c.obj\x1b[0m\n'}
[13.095594] (Ros2_esp32) StdoutLine: {'line': b'[  9%] \x1b[32mBuilding C object esp-idf/sdmmc/CMakeFiles/__idf_sdmmc.dir/sdmmc_common.c.obj\x1b[0m\n'}
[13.095697] (Ros2_esp32) StdoutLine: {'line': b'[  9%] \x1b[32mBuilding C object esp-idf/sdmmc/CMakeFiles/__idf_sdmmc.dir/sdmmc_io.c.obj\x1b[0m\n'}
[13.095840] (Ros2_esp32) StdoutLine: {'line': b'[  9%] \x1b[32mBuilding C object esp-idf/sdmmc/CMakeFiles/__idf_sdmmc.dir/sdmmc_init.c.obj\x1b[0m\n'}
[13.099158] (Ros2_esp32) StdoutLine: {'line': b'[  9%] \x1b[32mBuilding C object esp-idf/sdmmc/CMakeFiles/__idf_sdmmc.dir/sdmmc_mmc.c.obj\x1b[0m\n'}
[13.103801] (Ros2_esp32) StdoutLine: {'line': b'[  9%] \x1b[32mBuilding C object esp-idf/sdmmc/CMakeFiles/__idf_sdmmc.dir/sdmmc_sd.c.obj\x1b[0m\n'}
[13.114910] (Ros2_esp32) StdoutLine: {'line': b'[  9%] \x1b[32mBuilding C object esp-idf/sdmmc/CMakeFiles/__idf_sdmmc.dir/sd_pwr_ctrl/sd_pwr_ctrl.c.obj\x1b[0m\n'}
[13.138970] (-) TimerEvent: {}
[13.162329] (Ros2_esp32) StdoutLine: {'line': b'[ 68%] \x1b[32m\x1b[1mLinking C static library libhal.a\x1b[0m\n'}
[13.217359] (Ros2_esp32) StdoutLine: {'line': b'[ 68%] Built target __idf_hal\n'}
[13.239096] (-) TimerEvent: {}
[13.244152] (Ros2_esp32) StdoutLine: {'line': b'[ 68%] \x1b[32mBuilding C object esp-idf/micro-ecc/CMakeFiles/__idf_micro-ecc.dir/uECC_verify_antifault.c.obj\x1b[0m\n'}
[13.339230] (-) TimerEvent: {}
[13.371116] (Ros2_esp32) StdoutLine: {'line': b'[ 10%] \x1b[32m\x1b[1mLinking C static library libsdmmc.a\x1b[0m\n'}
[13.413863] (Ros2_esp32) StdoutLine: {'line': b'[ 10%] Built target __idf_sdmmc\n'}
[13.436174] (Ros2_esp32) StdoutLine: {'line': b'[ 11%] \x1b[32mBuilding C object esp-idf/esp_driver_i2s/CMakeFiles/__idf_esp_driver_i2s.dir/i2s_std.c.obj\x1b[0m\n'}
[13.436463] (Ros2_esp32) StdoutLine: {'line': b'[ 11%] \x1b[32mBuilding C object esp-idf/esp_driver_i2s/CMakeFiles/__idf_esp_driver_i2s.dir/i2s_common.c.obj\x1b[0m\n'}
[13.436546] (Ros2_esp32) StdoutLine: {'line': b'[ 11%] \x1b[32mBuilding C object esp-idf/esp_driver_i2s/CMakeFiles/__idf_esp_driver_i2s.dir/i2s_tdm.c.obj\x1b[0m\n'}
[13.438338] (Ros2_esp32) StdoutLine: {'line': b'[ 11%] \x1b[32mBuilding C object esp-idf/esp_driver_i2s/CMakeFiles/__idf_esp_driver_i2s.dir/i2s_pdm.c.obj\x1b[0m\n'}
[13.438762] (Ros2_esp32) StdoutLine: {'line': b'[ 11%] \x1b[32mBuilding C object esp-idf/esp_driver_i2s/CMakeFiles/__idf_esp_driver_i2s.dir/i2s_platform.c.obj\x1b[0m\n'}
[13.439332] (-) TimerEvent: {}
[13.540060] (-) TimerEvent: {}
[13.640520] (-) TimerEvent: {}
[13.740877] (-) TimerEvent: {}
[13.773268] (Ros2_esp32) StdoutLine: {'line': b'[ 11%] \x1b[32m\x1b[1mLinking C static library libesp_driver_i2s.a\x1b[0m\n'}
[13.820836] (Ros2_esp32) StdoutLine: {'line': b'[ 11%] Built target __idf_esp_driver_i2s\n'}
[13.841035] (-) TimerEvent: {}
[13.845120] (Ros2_esp32) StdoutLine: {'line': b'[ 11%] \x1b[32mBuilding C object esp-idf/esp_driver_mcpwm/CMakeFiles/__idf_esp_driver_mcpwm.dir/src/mcpwm_cmpr.c.obj\x1b[0m\n'}
[13.845490] (Ros2_esp32) StdoutLine: {'line': b'[ 11%] \x1b[32mBuilding C object esp-idf/esp_driver_mcpwm/CMakeFiles/__idf_esp_driver_mcpwm.dir/src/mcpwm_fault.c.obj\x1b[0m\n'}
[13.847637] (Ros2_esp32) StdoutLine: {'line': b'[ 11%] \x1b[32mBuilding C object esp-idf/esp_driver_mcpwm/CMakeFiles/__idf_esp_driver_mcpwm.dir/src/mcpwm_cap.c.obj\x1b[0m\n'}
[13.847939] (Ros2_esp32) StdoutLine: {'line': b'[ 11%] \x1b[32mBuilding C object esp-idf/esp_driver_mcpwm/CMakeFiles/__idf_esp_driver_mcpwm.dir/src/mcpwm_gen.c.obj\x1b[0m\n'}
[13.848199] (Ros2_esp32) StdoutLine: {'line': b'[ 11%] \x1b[32mBuilding C object esp-idf/esp_driver_mcpwm/CMakeFiles/__idf_esp_driver_mcpwm.dir/src/mcpwm_com.c.obj\x1b[0m\n'}
[13.848283] (Ros2_esp32) StdoutLine: {'line': b'[ 12%] \x1b[32mBuilding C object esp-idf/esp_driver_mcpwm/CMakeFiles/__idf_esp_driver_mcpwm.dir/src/mcpwm_oper.c.obj\x1b[0m\n'}
[13.848355] (Ros2_esp32) StdoutLine: {'line': b'[ 12%] \x1b[32mBuilding C object esp-idf/esp_driver_mcpwm/CMakeFiles/__idf_esp_driver_mcpwm.dir/src/mcpwm_timer.c.obj\x1b[0m\n'}
[13.848427] (Ros2_esp32) StdoutLine: {'line': b'[ 12%] \x1b[32mBuilding C object esp-idf/esp_driver_mcpwm/CMakeFiles/__idf_esp_driver_mcpwm.dir/src/mcpwm_sync.c.obj\x1b[0m\n'}
[13.901771] (Ros2_esp32) StdoutLine: {'line': b'[ 69%] \x1b[32m\x1b[1mLinking C static library libmicro-ecc.a\x1b[0m\n'}
[13.941278] (-) TimerEvent: {}
[13.978857] (Ros2_esp32) StdoutLine: {'line': b'[ 69%] Built target __idf_micro-ecc\n'}
[14.019064] (Ros2_esp32) StdoutLine: {'line': b'[ 69%] \x1b[32mBuilding C object esp-idf/soc/CMakeFiles/__idf_soc.dir/esp32s3/gpio_periph.c.obj\x1b[0m\n'}
[14.021908] (Ros2_esp32) StdoutLine: {'line': b'[ 70%] \x1b[32mBuilding C object esp-idf/soc/CMakeFiles/__idf_soc.dir/lldesc.c.obj\x1b[0m\n'}
[14.023260] (Ros2_esp32) StdoutLine: {'line': b'[ 71%] \x1b[32mBuilding C object esp-idf/soc/CMakeFiles/__idf_soc.dir/dport_access_common.c.obj\x1b[0m\n'}
[14.033622] (Ros2_esp32) StdoutLine: {'line': b'[ 72%] \x1b[32mBuilding C object esp-idf/soc/CMakeFiles/__idf_soc.dir/esp32s3/interrupts.c.obj\x1b[0m\n'}
[14.036025] (Ros2_esp32) StdoutLine: {'line': b'[ 73%] \x1b[32mBuilding C object esp-idf/soc/CMakeFiles/__idf_soc.dir/esp32s3/uart_periph.c.obj\x1b[0m\n'}
[14.041457] (-) TimerEvent: {}
[14.065163] (Ros2_esp32) StdoutLine: {'line': b'[ 74%] \x1b[32mBuilding C object esp-idf/soc/CMakeFiles/__idf_soc.dir/esp32s3/dedic_gpio_periph.c.obj\x1b[0m\n'}
[14.069737] (Ros2_esp32) StdoutLine: {'line': b'[ 75%] \x1b[32mBuilding C object esp-idf/soc/CMakeFiles/__idf_soc.dir/esp32s3/adc_periph.c.obj\x1b[0m\n'}
[14.088818] (Ros2_esp32) StdoutLine: {'line': b'[ 76%] \x1b[32mBuilding C object esp-idf/soc/CMakeFiles/__idf_soc.dir/esp32s3/gdma_periph.c.obj\x1b[0m\n'}
[14.095448] (Ros2_esp32) StdoutLine: {'line': b'[ 76%] \x1b[32mBuilding C object esp-idf/soc/CMakeFiles/__idf_soc.dir/esp32s3/spi_periph.c.obj\x1b[0m\n'}
[14.104950] (Ros2_esp32) StdoutLine: {'line': b'[ 77%] \x1b[32mBuilding C object esp-idf/soc/CMakeFiles/__idf_soc.dir/esp32s3/ledc_periph.c.obj\x1b[0m\n'}
[14.105281] (Ros2_esp32) StdoutLine: {'line': b'[ 78%] \x1b[32mBuilding C object esp-idf/soc/CMakeFiles/__idf_soc.dir/esp32s3/pcnt_periph.c.obj\x1b[0m\n'}
[14.107974] (Ros2_esp32) StdoutLine: {'line': b'[ 78%] \x1b[32mBuilding C object esp-idf/soc/CMakeFiles/__idf_soc.dir/esp32s3/sdm_periph.c.obj\x1b[0m\n'}
[14.109172] (Ros2_esp32) StdoutLine: {'line': b'[ 79%] \x1b[32mBuilding C object esp-idf/soc/CMakeFiles/__idf_soc.dir/esp32s3/rmt_periph.c.obj\x1b[0m\n'}
[14.124238] (Ros2_esp32) StdoutLine: {'line': b'[ 80%] \x1b[32mBuilding C object esp-idf/soc/CMakeFiles/__idf_soc.dir/esp32s3/i2s_periph.c.obj\x1b[0m\n'}
[14.133518] (Ros2_esp32) StdoutLine: {'line': b'[ 81%] \x1b[32mBuilding C object esp-idf/soc/CMakeFiles/__idf_soc.dir/esp32s3/i2c_periph.c.obj\x1b[0m\n'}
[14.141823] (-) TimerEvent: {}
[14.143135] (Ros2_esp32) StdoutLine: {'line': b'[ 82%] \x1b[32mBuilding C object esp-idf/soc/CMakeFiles/__idf_soc.dir/esp32s3/timer_periph.c.obj\x1b[0m\n'}
[14.144923] (Ros2_esp32) StdoutLine: {'line': b'[ 83%] \x1b[32mBuilding C object esp-idf/soc/CMakeFiles/__idf_soc.dir/esp32s3/temperature_sensor_periph.c.obj\x1b[0m\n'}
[14.160900] (Ros2_esp32) StdoutLine: {'line': b'[ 83%] \x1b[32mBuilding C object esp-idf/soc/CMakeFiles/__idf_soc.dir/esp32s3/lcd_periph.c.obj\x1b[0m\n'}
[14.174810] (Ros2_esp32) StdoutLine: {'line': b'[ 84%] \x1b[32mBuilding C object esp-idf/soc/CMakeFiles/__idf_soc.dir/esp32s3/touch_sensor_periph.c.obj\x1b[0m\n'}
[14.175900] (Ros2_esp32) StdoutLine: {'line': b'[ 85%] \x1b[32mBuilding C object esp-idf/soc/CMakeFiles/__idf_soc.dir/esp32s3/mcpwm_periph.c.obj\x1b[0m\n'}
[14.178175] (Ros2_esp32) StdoutLine: {'line': b'[ 86%] \x1b[32mBuilding C object esp-idf/soc/CMakeFiles/__idf_soc.dir/esp32s3/mpi_periph.c.obj\x1b[0m\n'}
[14.181004] (Ros2_esp32) StdoutLine: {'line': b'[ 87%] \x1b[32mBuilding C object esp-idf/soc/CMakeFiles/__idf_soc.dir/esp32s3/sdmmc_periph.c.obj\x1b[0m\n'}
[14.197052] (Ros2_esp32) StdoutLine: {'line': b'[ 87%] \x1b[32mBuilding C object esp-idf/soc/CMakeFiles/__idf_soc.dir/esp32s3/twai_periph.c.obj\x1b[0m\n'}
[14.198780] (Ros2_esp32) StdoutLine: {'line': b'[ 88%] \x1b[32mBuilding C object esp-idf/soc/CMakeFiles/__idf_soc.dir/esp32s3/wdt_periph.c.obj\x1b[0m\n'}
[14.210832] (Ros2_esp32) StdoutLine: {'line': b'[ 89%] \x1b[32mBuilding C object esp-idf/soc/CMakeFiles/__idf_soc.dir/esp32s3/usb_dwc_periph.c.obj\x1b[0m\n'}
[14.213134] (Ros2_esp32) StdoutLine: {'line': b'[ 89%] \x1b[32mBuilding C object esp-idf/soc/CMakeFiles/__idf_soc.dir/esp32s3/power_supply_periph.c.obj\x1b[0m\n'}
[14.213456] (Ros2_esp32) StdoutLine: {'line': b'[ 90%] \x1b[32mBuilding C object esp-idf/soc/CMakeFiles/__idf_soc.dir/esp32s3/rtc_io_periph.c.obj\x1b[0m\n'}
[14.217407] (Ros2_esp32) StdoutLine: {'line': b'[ 91%] \x1b[32mBuilding C object esp-idf/soc/CMakeFiles/__idf_soc.dir/esp32s3/cam_periph.c.obj\x1b[0m\n'}
[14.221963] (Ros2_esp32) StdoutLine: {'line': b'[ 12%] \x1b[32m\x1b[1mLinking C static library libesp_driver_mcpwm.a\x1b[0m\n'}
[14.241945] (-) TimerEvent: {}
[14.261174] (Ros2_esp32) StdoutLine: {'line': b'[ 92%] \x1b[32m\x1b[1mLinking C static library libsoc.a\x1b[0m\n'}
[14.274952] (Ros2_esp32) StdoutLine: {'line': b'[ 12%] Built target __idf_esp_driver_mcpwm\n'}
[14.295062] (Ros2_esp32) StdoutLine: {'line': b'[ 12%] \x1b[32mBuilding C object esp-idf/esp_driver_pcnt/CMakeFiles/__idf_esp_driver_pcnt.dir/src/pulse_cnt.c.obj\x1b[0m\n'}
[14.314160] (Ros2_esp32) StdoutLine: {'line': b'[ 92%] Built target __idf_soc\n'}
[14.334503] (Ros2_esp32) StdoutLine: {'line': b'[ 92%] \x1b[32mBuilding C object esp-idf/xtensa/CMakeFiles/__idf_xtensa.dir/xt_trax.c.obj\x1b[0m\n'}
[14.336178] (Ros2_esp32) StdoutLine: {'line': b'[ 93%] \x1b[32mBuilding C object esp-idf/xtensa/CMakeFiles/__idf_xtensa.dir/eri.c.obj\x1b[0m\n'}
[14.342064] (-) TimerEvent: {}
[14.376753] (Ros2_esp32) StdoutLine: {'line': b'[ 94%] \x1b[32m\x1b[1mLinking C static library libxtensa.a\x1b[0m\n'}
[14.411814] (Ros2_esp32) StdoutLine: {'line': b'[ 94%] Built target __idf_xtensa\n'}
[14.431834] (Ros2_esp32) StdoutLine: {'line': b'[ 95%] \x1b[32mBuilding C object esp-idf/main/CMakeFiles/__idf_main.dir/bootloader_start.c.obj\x1b[0m\n'}
[14.442169] (-) TimerEvent: {}
[14.480894] (Ros2_esp32) StdoutLine: {'line': b'[ 96%] \x1b[32m\x1b[1mLinking C static library libmain.a\x1b[0m\n'}
[14.516194] (Ros2_esp32) StdoutLine: {'line': b'[ 96%] Built target __idf_main\n'}
[14.536421] (Ros2_esp32) StdoutLine: {'line': b'[ 97%] \x1b[32mBuilding C object CMakeFiles/bootloader.elf.dir/project_elf_src_esp32s3.c.obj\x1b[0m\n'}
[14.542291] (-) TimerEvent: {}
[14.555634] (Ros2_esp32) StdoutLine: {'line': b'[ 12%] \x1b[32m\x1b[1mLinking C static library libesp_driver_pcnt.a\x1b[0m\n'}
[14.559230] (Ros2_esp32) StdoutLine: {'line': b'[ 97%] \x1b[32m\x1b[1mLinking C executable bootloader.elf\x1b[0m\n'}
[14.593118] (Ros2_esp32) StdoutLine: {'line': b'[ 12%] Built target __idf_esp_driver_pcnt\n'}
[14.603301] (Ros2_esp32) StdoutLine: {'line': b'\x1b[35m\x1b[1mScanning dependencies of target __idf_esp_gdbstub\x1b[0m\n'}
[14.619398] (Ros2_esp32) StdoutLine: {'line': b'[ 12%] \x1b[32mBuilding ASM object esp-idf/esp_gdbstub/CMakeFiles/__idf_esp_gdbstub.dir/src/port/xtensa/xt_debugexception.S.obj\x1b[0m\n'}
[14.619661] (Ros2_esp32) StdoutLine: {'line': b'[ 12%] \x1b[32mBuilding C object esp-idf/esp_gdbstub/CMakeFiles/__idf_esp_gdbstub.dir/src/gdbstub.c.obj\x1b[0m\n'}
[14.619763] (Ros2_esp32) StdoutLine: {'line': b'[ 12%] \x1b[32mBuilding ASM object esp-idf/esp_gdbstub/CMakeFiles/__idf_esp_gdbstub.dir/src/port/xtensa/gdbstub-entry.S.obj\x1b[0m\n'}
[14.619889] (Ros2_esp32) StdoutLine: {'line': b'[ 12%] \x1b[32mBuilding C object esp-idf/esp_gdbstub/CMakeFiles/__idf_esp_gdbstub.dir/src/port/xtensa/gdbstub_xtensa.c.obj\x1b[0m\n'}
[14.620126] (Ros2_esp32) StdoutLine: {'line': b'[ 13%] \x1b[32mBuilding C object esp-idf/esp_gdbstub/CMakeFiles/__idf_esp_gdbstub.dir/src/gdbstub_transport.c.obj\x1b[0m\n'}
[14.620269] (Ros2_esp32) StdoutLine: {'line': b'[ 13%] \x1b[32mBuilding C object esp-idf/esp_gdbstub/CMakeFiles/__idf_esp_gdbstub.dir/src/packet.c.obj\x1b[0m\n'}
[14.642413] (-) TimerEvent: {}
[14.646895] (Ros2_esp32) StdoutLine: {'line': b'[ 98%] Built target bootloader.elf\n'}
[14.668002] (Ros2_esp32) StdoutLine: {'line': b'[100%] \x1b[34m\x1b[1mGenerating binary image from built executable\x1b[0m\n'}
[14.742519] (-) TimerEvent: {}
[14.748589] (Ros2_esp32) StdoutLine: {'line': b'esptool.py v4.12.dev3\n'}
[14.748954] (Ros2_esp32) StdoutLine: {'line': b'Creating esp32s3 image...\n'}
[14.749090] (Ros2_esp32) StdoutLine: {'line': b'Merged 2 ELF sections\n'}
[14.750037] (Ros2_esp32) StdoutLine: {'line': b'Successfully created esp32s3 image.\n'}
[14.771353] (Ros2_esp32) StdoutLine: {'line': b'Generated /home/diego/Ros2_esp32/build/Ros2_esp32/bootloader/bootloader.bin\n'}
[14.784066] (Ros2_esp32) StdoutLine: {'line': b'[ 13%] \x1b[32m\x1b[1mLinking C static library libesp_gdbstub.a\x1b[0m\n'}
[14.789454] (Ros2_esp32) StdoutLine: {'line': b'[100%] Built target gen_project_binary\n'}
[14.823570] (Ros2_esp32) StdoutLine: {'line': b'[ 13%] Built target __idf_esp_gdbstub\n'}
[14.829265] (Ros2_esp32) StdoutLine: {'line': b'Bootloader binary size 0x5160 bytes. 0x2ea0 bytes (36%) free.\n'}
[14.842499] (Ros2_esp32) StdoutLine: {'line': b'[100%] Built target bootloader_check_size\n'}
[14.842766] (-) TimerEvent: {}
[14.846598] (Ros2_esp32) StdoutLine: {'line': b'[ 14%] \x1b[32mBuilding C object esp-idf/esp_driver_spi/CMakeFiles/__idf_esp_driver_spi.dir/src/gpspi/spi_master.c.obj\x1b[0m\n'}
[14.847058] (Ros2_esp32) StdoutLine: {'line': b'[ 14%] \x1b[32mBuilding C object esp-idf/esp_driver_spi/CMakeFiles/__idf_esp_driver_spi.dir/src/gpspi/spi_common.c.obj\x1b[0m\n'}
[14.847283] (Ros2_esp32) StdoutLine: {'line': b'[ 14%] \x1b[32mBuilding C object esp-idf/esp_driver_spi/CMakeFiles/__idf_esp_driver_spi.dir/src/gpspi/spi_slave.c.obj\x1b[0m\n'}
[14.847457] (Ros2_esp32) StdoutLine: {'line': b'[ 14%] \x1b[32mBuilding C object esp-idf/esp_driver_spi/CMakeFiles/__idf_esp_driver_spi.dir/src/gpspi/spi_slave_hd.c.obj\x1b[0m\n'}
[14.867610] (Ros2_esp32) StdoutLine: {'line': b'[100%] Built target app\n'}
[14.890100] (Ros2_esp32) StdoutLine: {'line': b"[ 14%] \x1b[34m\x1b[1mNo install step for 'bootloader'\x1b[0m\n"}
[14.918206] (Ros2_esp32) StdoutLine: {'line': b"[ 14%] \x1b[34m\x1b[1mCompleted 'bootloader'\x1b[0m\n"}
[14.942893] (-) TimerEvent: {}
[14.953273] (Ros2_esp32) StdoutLine: {'line': b'[ 14%] Built target bootloader\n'}
[15.043005] (-) TimerEvent: {}
[15.143349] (-) TimerEvent: {}
[15.242725] (Ros2_esp32) StdoutLine: {'line': b'[ 14%] \x1b[32m\x1b[1mLinking C static library libesp_driver_spi.a\x1b[0m\n'}
[15.243414] (-) TimerEvent: {}
[15.283578] (Ros2_esp32) StdoutLine: {'line': b'[ 14%] Built target __idf_esp_driver_spi\n'}
[15.306216] (Ros2_esp32) StdoutLine: {'line': b'[ 14%] \x1b[32mBuilding C object esp-idf/esp_wifi/CMakeFiles/__idf_esp_wifi.dir/src/lib_printf.c.obj\x1b[0m\n'}
[15.306559] (Ros2_esp32) StdoutLine: {'line': b'[ 14%] \x1b[32mBuilding C object esp-idf/esp_wifi/CMakeFiles/__idf_esp_wifi.dir/src/mesh_event.c.obj\x1b[0m\n'}
[15.307975] (Ros2_esp32) StdoutLine: {'line': b'[ 14%] \x1b[32mBuilding C object esp-idf/esp_wifi/CMakeFiles/__idf_esp_wifi.dir/src/wifi_init.c.obj\x1b[0m\n'}
[15.308972] (Ros2_esp32) StdoutLine: {'line': b'[ 14%] \x1b[32mBuilding C object esp-idf/esp_wifi/CMakeFiles/__idf_esp_wifi.dir/src/wifi_netif.c.obj\x1b[0m\n'}
[15.309101] (Ros2_esp32) StdoutLine: {'line': b'[ 14%] \x1b[32mBuilding C object esp-idf/esp_wifi/CMakeFiles/__idf_esp_wifi.dir/src/wifi_default.c.obj\x1b[0m\n'}
[15.309178] (Ros2_esp32) StdoutLine: {'line': b'[ 14%] \x1b[32mBuilding C object esp-idf/esp_wifi/CMakeFiles/__idf_esp_wifi.dir/src/smartconfig.c.obj\x1b[0m\n'}
[15.309272] (Ros2_esp32) StdoutLine: {'line': b'[ 14%] \x1b[32mBuilding C object esp-idf/esp_wifi/CMakeFiles/__idf_esp_wifi.dir/esp32s3/esp_adapter.c.obj\x1b[0m\n'}
[15.309344] (Ros2_esp32) StdoutLine: {'line': b'[ 15%] \x1b[32mBuilding C object esp-idf/esp_wifi/CMakeFiles/__idf_esp_wifi.dir/src/wifi_default_ap.c.obj\x1b[0m\n'}
[15.309957] (Ros2_esp32) StdoutLine: {'line': b'[ 15%] \x1b[32mBuilding C object esp-idf/esp_wifi/CMakeFiles/__idf_esp_wifi.dir/src/smartconfig_ack.c.obj\x1b[0m\n'}
[15.311840] (Ros2_esp32) StdoutLine: {'line': b'[ 15%] \x1b[32mBuilding C object esp-idf/esp_wifi/CMakeFiles/__idf_esp_wifi.dir/regulatory/esp_wifi_regulatory.c.obj\x1b[0m\n'}
[15.343609] (-) TimerEvent: {}
[15.444000] (-) TimerEvent: {}
[15.487525] (Ros2_esp32) StdoutLine: {'line': b'[ 15%] \x1b[32m\x1b[1mLinking C static library libesp_wifi.a\x1b[0m\n'}
[15.530231] (Ros2_esp32) StdoutLine: {'line': b'[ 15%] Built target __idf_esp_wifi\n'}
[15.544129] (-) TimerEvent: {}
[15.550555] (Ros2_esp32) StdoutLine: {'line': b'[ 15%] \x1b[32mBuilding C object esp-idf/esp_coex/CMakeFiles/__idf_esp_coex.dir/esp32s3/esp_coex_adapter.c.obj\x1b[0m\n'}
[15.550774] (Ros2_esp32) StdoutLine: {'line': b'[ 15%] \x1b[32mBuilding C object esp-idf/esp_coex/CMakeFiles/__idf_esp_coex.dir/src/coexist_debug.c.obj\x1b[0m\n'}
[15.551046] (Ros2_esp32) StdoutLine: {'line': b'[ 15%] \x1b[32mBuilding C object esp-idf/esp_coex/CMakeFiles/__idf_esp_coex.dir/src/coexist_debug_diagram.c.obj\x1b[0m\n'}
[15.644231] (-) TimerEvent: {}
[15.647928] (Ros2_esp32) StdoutLine: {'line': b'[ 15%] \x1b[32m\x1b[1mLinking C static library libesp_coex.a\x1b[0m\n'}
[15.683735] (Ros2_esp32) StdoutLine: {'line': b'[ 15%] Built target __idf_esp_coex\n'}
[15.713486] (Ros2_esp32) StdoutLine: {'line': b'[ 15%] \x1b[32mBuilding C object esp-idf/wpa_supplicant/CMakeFiles/__idf_wpa_supplicant.dir/src/ap/ap_config.c.obj\x1b[0m\n'}
[15.713802] (Ros2_esp32) StdoutLine: {'line': b'[ 15%] \x1b[32mBuilding C object esp-idf/wpa_supplicant/CMakeFiles/__idf_wpa_supplicant.dir/port/os_xtensa.c.obj\x1b[0m\n'}
[15.714020] (Ros2_esp32) StdoutLine: {'line': b'[ 15%] \x1b[32mBuilding C object esp-idf/wpa_supplicant/CMakeFiles/__idf_wpa_supplicant.dir/src/ap/wpa_auth.c.obj\x1b[0m\n'}
[15.714101] (Ros2_esp32) StdoutLine: {'line': b'[ 15%] \x1b[32mBuilding C object esp-idf/wpa_supplicant/CMakeFiles/__idf_wpa_supplicant.dir/port/eloop.c.obj\x1b[0m\n'}
[15.714176] (Ros2_esp32) StdoutLine: {'line': b'[ 16%] \x1b[32mBuilding C object esp-idf/wpa_supplicant/CMakeFiles/__idf_wpa_supplicant.dir/src/ap/wpa_auth_ie.c.obj\x1b[0m\n'}
[15.714249] (Ros2_esp32) StdoutLine: {'line': b'[ 16%] \x1b[32mBuilding C object esp-idf/wpa_supplicant/CMakeFiles/__idf_wpa_supplicant.dir/src/ap/sta_info.c.obj\x1b[0m\n'}
[15.714318] (Ros2_esp32) StdoutLine: {'line': b'[ 16%] \x1b[32mBuilding C object esp-idf/wpa_supplicant/CMakeFiles/__idf_wpa_supplicant.dir/src/ap/pmksa_cache_auth.c.obj\x1b[0m\n'}
[15.714394] (Ros2_esp32) StdoutLine: {'line': b'[ 16%] \x1b[32mBuilding C object esp-idf/wpa_supplicant/CMakeFiles/__idf_wpa_supplicant.dir/src/ap/ieee802_1x.c.obj\x1b[0m\n'}
[15.715834] (Ros2_esp32) StdoutLine: {'line': b'[ 16%] \x1b[32mBuilding C object esp-idf/wpa_supplicant/CMakeFiles/__idf_wpa_supplicant.dir/src/common/sae.c.obj\x1b[0m\n'}
[15.716121] (Ros2_esp32) StdoutLine: {'line': b'[ 16%] \x1b[32mBuilding C object esp-idf/wpa_supplicant/CMakeFiles/__idf_wpa_supplicant.dir/src/ap/ieee802_11.c.obj\x1b[0m\n'}
[15.717298] (Ros2_esp32) StdoutLine: {'line': b'[ 16%] \x1b[32mBuilding C object esp-idf/wpa_supplicant/CMakeFiles/__idf_wpa_supplicant.dir/src/ap/comeback_token.c.obj\x1b[0m\n'}
[15.723828] (Ros2_esp32) StdoutLine: {'line': b'[ 16%] \x1b[32mBuilding C object esp-idf/wpa_supplicant/CMakeFiles/__idf_wpa_supplicant.dir/src/common/dragonfly.c.obj\x1b[0m\n'}
[15.744361] (-) TimerEvent: {}
[15.846835] (-) TimerEvent: {}
[15.903920] (Ros2_esp32) StdoutLine: {'line': b'[ 16%] \x1b[32mBuilding C object esp-idf/wpa_supplicant/CMakeFiles/__idf_wpa_supplicant.dir/src/common/wpa_common.c.obj\x1b[0m\n'}
[15.905126] (Ros2_esp32) StdoutLine: {'line': b'[ 16%] \x1b[32mBuilding C object esp-idf/wpa_supplicant/CMakeFiles/__idf_wpa_supplicant.dir/src/utils/bitfield.c.obj\x1b[0m\n'}
[15.923024] (Ros2_esp32) StdoutLine: {'line': b'[ 17%] \x1b[32mBuilding C object esp-idf/wpa_supplicant/CMakeFiles/__idf_wpa_supplicant.dir/src/crypto/aes-siv.c.obj\x1b[0m\n'}
[15.923766] (Ros2_esp32) StdoutLine: {'line': b'[ 17%] \x1b[32mBuilding C object esp-idf/wpa_supplicant/CMakeFiles/__idf_wpa_supplicant.dir/src/crypto/sha256-kdf.c.obj\x1b[0m\n'}
[15.926378] (Ros2_esp32) StdoutLine: {'line': b'[ 17%] \x1b[32mBuilding C object esp-idf/wpa_supplicant/CMakeFiles/__idf_wpa_supplicant.dir/src/crypto/aes-gcm.c.obj\x1b[0m\n'}
[15.927167] (Ros2_esp32) StdoutLine: {'line': b'[ 17%] \x1b[32mBuilding C object esp-idf/wpa_supplicant/CMakeFiles/__idf_wpa_supplicant.dir/src/crypto/ccmp.c.obj\x1b[0m\n'}
[15.935894] (Ros2_esp32) StdoutLine: {'line': b'[ 17%] \x1b[32mBuilding C object esp-idf/wpa_supplicant/CMakeFiles/__idf_wpa_supplicant.dir/src/crypto/crypto_ops.c.obj\x1b[0m\n'}
[15.946959] (-) TimerEvent: {}
[15.986760] (Ros2_esp32) StdoutLine: {'line': b'[ 17%] \x1b[32mBuilding C object esp-idf/wpa_supplicant/CMakeFiles/__idf_wpa_supplicant.dir/src/crypto/dh_group5.c.obj\x1b[0m\n'}
[16.038835] (Ros2_esp32) StdoutLine: {'line': b'[ 17%] \x1b[32mBuilding C object esp-idf/wpa_supplicant/CMakeFiles/__idf_wpa_supplicant.dir/src/crypto/dh_groups.c.obj\x1b[0m\n'}
[16.043773] (Ros2_esp32) StdoutLine: {'line': b'[ 17%] \x1b[32mBuilding C object esp-idf/wpa_supplicant/CMakeFiles/__idf_wpa_supplicant.dir/src/crypto/ms_funcs.c.obj\x1b[0m\n'}
[16.047097] (-) TimerEvent: {}
[16.060214] (Ros2_esp32) StdoutLine: {'line': b'[ 17%] \x1b[32mBuilding C object esp-idf/wpa_supplicant/CMakeFiles/__idf_wpa_supplicant.dir/src/crypto/sha1-tlsprf.c.obj\x1b[0m\n'}
[16.082663] (Ros2_esp32) StdoutLine: {'line': b'[ 17%] \x1b[32mBuilding C object esp-idf/wpa_supplicant/CMakeFiles/__idf_wpa_supplicant.dir/src/crypto/sha256-tlsprf.c.obj\x1b[0m\n'}
[16.107579] (Ros2_esp32) StdoutLine: {'line': b'[ 17%] \x1b[32mBuilding C object esp-idf/wpa_supplicant/CMakeFiles/__idf_wpa_supplicant.dir/src/crypto/sha384-tlsprf.c.obj\x1b[0m\n'}
[16.114884] (Ros2_esp32) StdoutLine: {'line': b'[ 17%] \x1b[32mBuilding C object esp-idf/wpa_supplicant/CMakeFiles/__idf_wpa_supplicant.dir/src/crypto/sha256-prf.c.obj\x1b[0m\n'}
[16.126884] (Ros2_esp32) StdoutLine: {'line': b'[ 18%] \x1b[32mBuilding C object esp-idf/wpa_supplicant/CMakeFiles/__idf_wpa_supplicant.dir/src/crypto/sha1-prf.c.obj\x1b[0m\n'}
[16.127825] (Ros2_esp32) StdoutLine: {'line': b'[ 18%] \x1b[32mBuilding C object esp-idf/wpa_supplicant/CMakeFiles/__idf_wpa_supplicant.dir/src/crypto/sha384-prf.c.obj\x1b[0m\n'}
[16.153886] (-) TimerEvent: {}
[16.183686] (Ros2_esp32) StdoutLine: {'line': b'[ 18%] \x1b[32mBuilding C object esp-idf/wpa_supplicant/CMakeFiles/__idf_wpa_supplicant.dir/src/crypto/md4-internal.c.obj\x1b[0m\n'}
[16.212893] (Ros2_esp32) StdoutLine: {'line': b'[ 18%] \x1b[32mBuilding C object esp-idf/wpa_supplicant/CMakeFiles/__idf_wpa_supplicant.dir/src/crypto/sha1-tprf.c.obj\x1b[0m\n'}
[16.230370] (Ros2_esp32) StdoutLine: {'line': b'[ 18%] \x1b[32mBuilding C object esp-idf/wpa_supplicant/CMakeFiles/__idf_wpa_supplicant.dir/src/eap_common/eap_wsc_common.c.obj\x1b[0m\n'}
[16.253384] (Ros2_esp32) StdoutLine: {'line': b'[ 18%] \x1b[32mBuilding C object esp-idf/wpa_supplicant/CMakeFiles/__idf_wpa_supplicant.dir/src/common/ieee802_11_common.c.obj\x1b[0m\n'}
[16.253982] (-) TimerEvent: {}
[16.256832] (Ros2_esp32) StdoutLine: {'line': b'[ 18%] \x1b[32mBuilding C object esp-idf/wpa_supplicant/CMakeFiles/__idf_wpa_supplicant.dir/src/eap_peer/chap.c.obj\x1b[0m\n'}
[16.258924] (Ros2_esp32) StdoutLine: {'line': b'[ 18%] \x1b[32mBuilding C object esp-idf/wpa_supplicant/CMakeFiles/__idf_wpa_supplicant.dir/src/eap_peer/eap.c.obj\x1b[0m\n'}
[16.271373] (Ros2_esp32) StdoutLine: {'line': b'[ 18%] \x1b[32mBuilding C object esp-idf/wpa_supplicant/CMakeFiles/__idf_wpa_supplicant.dir/src/eap_peer/eap_common.c.obj\x1b[0m\n'}
[16.277183] (Ros2_esp32) StdoutLine: {'line': b'[ 18%] \x1b[32mBuilding C object esp-idf/wpa_supplicant/CMakeFiles/__idf_wpa_supplicant.dir/src/eap_peer/eap_mschapv2.c.obj\x1b[0m\n'}
[16.303875] (Ros2_esp32) StdoutLine: {'line': b'[ 18%] \x1b[32mBuilding C object esp-idf/wpa_supplicant/CMakeFiles/__idf_wpa_supplicant.dir/src/eap_peer/eap_peap.c.obj\x1b[0m\n'}
[16.315495] (Ros2_esp32) StdoutLine: {'line': b'[ 19%] \x1b[32mBuilding C object esp-idf/wpa_supplicant/CMakeFiles/__idf_wpa_supplicant.dir/src/eap_peer/eap_peap_common.c.obj\x1b[0m\n'}
[16.338317] (Ros2_esp32) StdoutLine: {'line': b'[ 19%] \x1b[32mBuilding C object esp-idf/wpa_supplicant/CMakeFiles/__idf_wpa_supplicant.dir/src/eap_peer/eap_tls.c.obj\x1b[0m\n'}
[16.356146] (-) TimerEvent: {}
[16.370792] (Ros2_esp32) StdoutLine: {'line': b'[ 19%] \x1b[32mBuilding C object esp-idf/wpa_supplicant/CMakeFiles/__idf_wpa_supplicant.dir/src/eap_peer/eap_tls_common.c.obj\x1b[0m\n'}
[16.383907] (Ros2_esp32) StdoutLine: {'line': b'[ 19%] \x1b[32mBuilding C object esp-idf/wpa_supplicant/CMakeFiles/__idf_wpa_supplicant.dir/src/eap_peer/eap_ttls.c.obj\x1b[0m\n'}
[16.397084] (Ros2_esp32) StdoutLine: {'line': b'[ 19%] \x1b[32mBuilding C object esp-idf/wpa_supplicant/CMakeFiles/__idf_wpa_supplicant.dir/src/eap_peer/mschapv2.c.obj\x1b[0m\n'}
[16.415414] (Ros2_esp32) StdoutLine: {'line': b'[ 19%] \x1b[32mBuilding C object esp-idf/wpa_supplicant/CMakeFiles/__idf_wpa_supplicant.dir/src/eap_peer/eap_fast.c.obj\x1b[0m\n'}
[16.447331] (Ros2_esp32) StdoutLine: {'line': b'[ 19%] \x1b[32mBuilding C object esp-idf/wpa_supplicant/CMakeFiles/__idf_wpa_supplicant.dir/src/eap_peer/eap_fast_common.c.obj\x1b[0m\n'}
[16.456300] (-) TimerEvent: {}
[16.465751] (Ros2_esp32) StdoutLine: {'line': b'[ 19%] \x1b[32mBuilding C object esp-idf/wpa_supplicant/CMakeFiles/__idf_wpa_supplicant.dir/src/eap_peer/eap_fast_pac.c.obj\x1b[0m\n'}
[16.470690] (Ros2_esp32) StdoutLine: {'line': b'[ 19%] \x1b[32mBuilding C object esp-idf/wpa_supplicant/CMakeFiles/__idf_wpa_supplicant.dir/src/rsn_supp/pmksa_cache.c.obj\x1b[0m\n'}
[16.473851] (Ros2_esp32) StdoutLine: {'line': b'[ 19%] \x1b[32mBuilding C object esp-idf/wpa_supplicant/CMakeFiles/__idf_wpa_supplicant.dir/src/rsn_supp/wpa.c.obj\x1b[0m\n'}
[16.552952] (Ros2_esp32) StdoutLine: {'line': b'[ 19%] \x1b[32mBuilding C object esp-idf/wpa_supplicant/CMakeFiles/__idf_wpa_supplicant.dir/src/rsn_supp/wpa_ie.c.obj\x1b[0m\n'}
[16.553285] (Ros2_esp32) StdoutLine: {'line': b'[ 20%] \x1b[32mBuilding C object esp-idf/wpa_supplicant/CMakeFiles/__idf_wpa_supplicant.dir/src/utils/base64.c.obj\x1b[0m\n'}
[16.559803] (Ros2_esp32) StdoutLine: {'line': b'[ 20%] \x1b[32mBuilding C object esp-idf/wpa_supplicant/CMakeFiles/__idf_wpa_supplicant.dir/src/utils/common.c.obj\x1b[0m\n'}
[16.560109] (-) TimerEvent: {}
[16.569895] (Ros2_esp32) StdoutLine: {'line': b'[ 20%] \x1b[32mBuilding C object esp-idf/wpa_supplicant/CMakeFiles/__idf_wpa_supplicant.dir/src/utils/ext_password.c.obj\x1b[0m\n'}
[16.656908] (Ros2_esp32) StdoutLine: {'line': b'[ 20%] \x1b[32mBuilding C object esp-idf/wpa_supplicant/CMakeFiles/__idf_wpa_supplicant.dir/src/utils/uuid.c.obj\x1b[0m\n'}
[16.660285] (-) TimerEvent: {}
[16.671768] (Ros2_esp32) StdoutLine: {'line': b'[ 20%] \x1b[32mBuilding C object esp-idf/wpa_supplicant/CMakeFiles/__idf_wpa_supplicant.dir/src/utils/wpabuf.c.obj\x1b[0m\n'}
[16.710966] (Ros2_esp32) StdoutLine: {'line': b'[ 20%] \x1b[32mBuilding C object esp-idf/wpa_supplicant/CMakeFiles/__idf_wpa_supplicant.dir/src/utils/wpa_debug.c.obj\x1b[0m\n'}
[16.712864] (Ros2_esp32) StdoutLine: {'line': b'[ 20%] \x1b[32mBuilding C object esp-idf/wpa_supplicant/CMakeFiles/__idf_wpa_supplicant.dir/src/utils/json.c.obj\x1b[0m\n'}
[16.734795] (Ros2_esp32) StdoutLine: {'line': b'[ 20%] \x1b[32mBuilding C object esp-idf/wpa_supplicant/CMakeFiles/__idf_wpa_supplicant.dir/src/wps/wps.c.obj\x1b[0m\n'}
[16.743178] (Ros2_esp32) StdoutLine: {'line': b'[ 20%] \x1b[32mBuilding C object esp-idf/wpa_supplicant/CMakeFiles/__idf_wpa_supplicant.dir/src/wps/wps_attr_build.c.obj\x1b[0m\n'}
[16.760438] (-) TimerEvent: {}
[16.805096] (Ros2_esp32) StdoutLine: {'line': b'[ 20%] \x1b[32mBuilding C object esp-idf/wpa_supplicant/CMakeFiles/__idf_wpa_supplicant.dir/src/wps/wps_attr_parse.c.obj\x1b[0m\n'}
[16.817585] (Ros2_esp32) StdoutLine: {'line': b'[ 20%] \x1b[32mBuilding C object esp-idf/wpa_supplicant/CMakeFiles/__idf_wpa_supplicant.dir/src/wps/wps_attr_process.c.obj\x1b[0m\n'}
[16.835765] (Ros2_esp32) StdoutLine: {'line': b'[ 21%] \x1b[32mBuilding C object esp-idf/wpa_supplicant/CMakeFiles/__idf_wpa_supplicant.dir/src/wps/wps_enrollee.c.obj\x1b[0m\n'}
[16.836156] (Ros2_esp32) StdoutLine: {'line': b'[ 21%] \x1b[32mBuilding C object esp-idf/wpa_supplicant/CMakeFiles/__idf_wpa_supplicant.dir/src/wps/wps_common.c.obj\x1b[0m\n'}
[16.836369] (Ros2_esp32) StdoutLine: {'line': b'[ 21%] \x1b[32mBuilding C object esp-idf/wpa_supplicant/CMakeFiles/__idf_wpa_supplicant.dir/src/wps/wps_dev_attr.c.obj\x1b[0m\n'}
[16.858788] (Ros2_esp32) StdoutLine: {'line': b'[ 21%] \x1b[32mBuilding C object esp-idf/wpa_supplicant/CMakeFiles/__idf_wpa_supplicant.dir/src/common/sae_pk.c.obj\x1b[0m\n'}
[16.860580] (-) TimerEvent: {}
[16.875637] (Ros2_esp32) StdoutLine: {'line': b'[ 21%] \x1b[32mBuilding C object esp-idf/wpa_supplicant/CMakeFiles/__idf_wpa_supplicant.dir/esp_supplicant/src/esp_eap_client.c.obj\x1b[0m\n'}
[16.960795] (-) TimerEvent: {}
[16.990972] (Ros2_esp32) StdoutLine: {'line': b'[ 21%] \x1b[32mBuilding C object esp-idf/wpa_supplicant/CMakeFiles/__idf_wpa_supplicant.dir/esp_supplicant/src/esp_wpa2_api_port.c.obj\x1b[0m\n'}
[17.001921] (Ros2_esp32) StdoutLine: {'line': b'[ 21%] \x1b[32mBuilding C object esp-idf/wpa_supplicant/CMakeFiles/__idf_wpa_supplicant.dir/esp_supplicant/src/esp_wpa_main.c.obj\x1b[0m\n'}
[17.033897] (Ros2_esp32) StdoutLine: {'line': b'[ 21%] \x1b[32mBuilding C object esp-idf/wpa_supplicant/CMakeFiles/__idf_wpa_supplicant.dir/esp_supplicant/src/esp_wpas_glue.c.obj\x1b[0m\n'}
[17.038454] (Ros2_esp32) StdoutLine: {'line': b'[ 21%] \x1b[32mBuilding C object esp-idf/wpa_supplicant/CMakeFiles/__idf_wpa_supplicant.dir/esp_supplicant/src/esp_common.c.obj\x1b[0m\n'}
[17.048811] (Ros2_esp32) StdoutLine: {'line': b'[ 21%] \x1b[32mBuilding C object esp-idf/wpa_supplicant/CMakeFiles/__idf_wpa_supplicant.dir/esp_supplicant/src/esp_wps.c.obj\x1b[0m\n'}
[17.063902] (-) TimerEvent: {}
[17.072060] (Ros2_esp32) StdoutLine: {'line': b'[ 21%] \x1b[32mBuilding C object esp-idf/wpa_supplicant/CMakeFiles/__idf_wpa_supplicant.dir/esp_supplicant/src/esp_wpa3.c.obj\x1b[0m\n'}
[17.090274] (Ros2_esp32) StdoutLine: {'line': b'[ 22%] \x1b[32mBuilding C object esp-idf/wpa_supplicant/CMakeFiles/__idf_wpa_supplicant.dir/esp_supplicant/src/esp_owe.c.obj\x1b[0m\n'}
[17.099878] (Ros2_esp32) StdoutLine: {'line': b'[ 22%] \x1b[32mBuilding C object esp-idf/wpa_supplicant/CMakeFiles/__idf_wpa_supplicant.dir/esp_supplicant/src/esp_hostap.c.obj\x1b[0m\n'}
[17.105889] (Ros2_esp32) StdoutLine: {'line': b'[ 22%] \x1b[32mBuilding C object esp-idf/wpa_supplicant/CMakeFiles/__idf_wpa_supplicant.dir/esp_supplicant/src/crypto/tls_mbedtls.c.obj\x1b[0m\n'}
[17.111905] (Ros2_esp32) StdoutLine: {'line': b'[ 22%] \x1b[32mBuilding C object esp-idf/wpa_supplicant/CMakeFiles/__idf_wpa_supplicant.dir/esp_supplicant/src/crypto/crypto_mbedtls.c.obj\x1b[0m\n'}
[17.164043] (-) TimerEvent: {}
[17.179630] (Ros2_esp32) StdoutLine: {'line': b'[ 22%] \x1b[32mBuilding C object esp-idf/wpa_supplicant/CMakeFiles/__idf_wpa_supplicant.dir/esp_supplicant/src/crypto/crypto_mbedtls-bignum.c.obj\x1b[0m\n'}
[17.234443] (Ros2_esp32) StdoutLine: {'line': b'[ 22%] \x1b[32mBuilding C object esp-idf/wpa_supplicant/CMakeFiles/__idf_wpa_supplicant.dir/esp_supplicant/src/crypto/crypto_mbedtls-rsa.c.obj\x1b[0m\n'}
[17.265004] (-) TimerEvent: {}
[17.277873] (Ros2_esp32) StdoutLine: {'line': b'[ 22%] \x1b[32mBuilding C object esp-idf/wpa_supplicant/CMakeFiles/__idf_wpa_supplicant.dir/esp_supplicant/src/crypto/crypto_mbedtls-ec.c.obj\x1b[0m\n'}
[17.294126] (Ros2_esp32) StdoutLine: {'line': b'[ 22%] \x1b[32mBuilding C object esp-idf/wpa_supplicant/CMakeFiles/__idf_wpa_supplicant.dir/esp_supplicant/src/crypto/fastpsk.c.obj\x1b[0m\n'}
[17.299270] (Ros2_esp32) StdoutLine: {'line': b'[ 22%] \x1b[32mBuilding C object esp-idf/wpa_supplicant/CMakeFiles/__idf_wpa_supplicant.dir/src/crypto/rc4.c.obj\x1b[0m\n'}
[17.320475] (Ros2_esp32) StdoutLine: {'line': b'[ 22%] \x1b[32mBuilding C object esp-idf/wpa_supplicant/CMakeFiles/__idf_wpa_supplicant.dir/src/crypto/des-internal.c.obj\x1b[0m\n'}
[17.365151] (-) TimerEvent: {}
[17.380872] (Ros2_esp32) StdoutLine: {'line': b'[ 23%] \x1b[32mBuilding C object esp-idf/wpa_supplicant/CMakeFiles/__idf_wpa_supplicant.dir/src/crypto/aes-wrap.c.obj\x1b[0m\n'}
[17.408849] (Ros2_esp32) StdoutLine: {'line': b'[ 23%] \x1b[32mBuilding C object esp-idf/wpa_supplicant/CMakeFiles/__idf_wpa_supplicant.dir/src/crypto/aes-unwrap.c.obj\x1b[0m\n'}
[17.416063] (Ros2_esp32) StdoutLine: {'line': b'[ 23%] \x1b[32mBuilding C object esp-idf/wpa_supplicant/CMakeFiles/__idf_wpa_supplicant.dir/src/crypto/aes-ccm.c.obj\x1b[0m\n'}
[17.465297] (-) TimerEvent: {}
[17.565979] (-) TimerEvent: {}
[17.666275] (-) TimerEvent: {}
[17.689153] (Ros2_esp32) StdoutLine: {'line': b'[ 23%] \x1b[32m\x1b[1mLinking C static library libwpa_supplicant.a\x1b[0m\n'}
[17.766385] (-) TimerEvent: {}
[17.812631] (Ros2_esp32) StdoutLine: {'line': b'[ 23%] Built target __idf_wpa_supplicant\n'}
[17.836531] (Ros2_esp32) StdoutLine: {'line': b'[ 23%] \x1b[32mBuilding C object esp-idf/esp_netif/CMakeFiles/__idf_esp_netif.dir/esp_netif_defaults.c.obj\x1b[0m\n'}
[17.836889] (Ros2_esp32) StdoutLine: {'line': b'[ 23%] \x1b[32mBuilding C object esp-idf/esp_netif/CMakeFiles/__idf_esp_netif.dir/lwip/esp_netif_lwip.c.obj\x1b[0m\n'}
[17.837035] (Ros2_esp32) StdoutLine: {'line': b'[ 23%] \x1b[32mBuilding C object esp-idf/esp_netif/CMakeFiles/__idf_esp_netif.dir/esp_netif_objects.c.obj\x1b[0m\n'}
[17.837113] (Ros2_esp32) StdoutLine: {'line': b'[ 23%] \x1b[32mBuilding C object esp-idf/esp_netif/CMakeFiles/__idf_esp_netif.dir/lwip/esp_netif_sntp.c.obj\x1b[0m\n'}
[17.837205] (Ros2_esp32) StdoutLine: {'line': b'[ 23%] \x1b[32mBuilding C object esp-idf/esp_netif/CMakeFiles/__idf_esp_netif.dir/esp_netif_handlers.c.obj\x1b[0m\n'}
[17.838736] (Ros2_esp32) StdoutLine: {'line': b'[ 23%] \x1b[32mBuilding C object esp-idf/esp_netif/CMakeFiles/__idf_esp_netif.dir/lwip/esp_netif_lwip_defaults.c.obj\x1b[0m\n'}
[17.839842] (Ros2_esp32) StdoutLine: {'line': b'[ 24%] \x1b[32mBuilding C object esp-idf/esp_netif/CMakeFiles/__idf_esp_netif.dir/lwip/netif/esp_pbuf_ref.c.obj\x1b[0m\n'}
[17.840142] (Ros2_esp32) StdoutLine: {'line': b'[ 24%] \x1b[32mBuilding C object esp-idf/esp_netif/CMakeFiles/__idf_esp_netif.dir/lwip/netif/wlanif.c.obj\x1b[0m\n'}
[17.840221] (Ros2_esp32) StdoutLine: {'line': b'[ 24%] \x1b[32mBuilding C object esp-idf/esp_netif/CMakeFiles/__idf_esp_netif.dir/lwip/netif/ethernetif.c.obj\x1b[0m\n'}
[17.867791] (-) TimerEvent: {}
[17.968280] (-) TimerEvent: {}
[18.068628] (-) TimerEvent: {}
[18.168947] (-) TimerEvent: {}
[18.269252] (-) TimerEvent: {}
[18.370940] (-) TimerEvent: {}
[18.375628] (Ros2_esp32) StdoutLine: {'line': b'[ 24%] \x1b[32m\x1b[1mLinking C static library libesp_netif.a\x1b[0m\n'}
[18.426687] (Ros2_esp32) StdoutLine: {'line': b'[ 24%] Built target __idf_esp_netif\n'}
[18.457361] (Ros2_esp32) StdoutLine: {'line': b'[ 24%] \x1b[32mBuilding C object esp-idf/lwip/CMakeFiles/__idf_lwip.dir/apps/sntp/sntp.c.obj\x1b[0m\n'}
[18.457640] (Ros2_esp32) StdoutLine: {'line': b'[ 24%] \x1b[32mBuilding C object esp-idf/lwip/CMakeFiles/__idf_lwip.dir/lwip/src/api/api_msg.c.obj\x1b[0m\n'}
[18.457755] (Ros2_esp32) StdoutLine: {'line': b'[ 24%] \x1b[32mBuilding C object esp-idf/lwip/CMakeFiles/__idf_lwip.dir/lwip/src/api/netbuf.c.obj\x1b[0m\n'}
[18.457843] (Ros2_esp32) StdoutLine: {'line': b'[ 24%] \x1b[32mBuilding C object esp-idf/lwip/CMakeFiles/__idf_lwip.dir/lwip/src/api/if_api.c.obj\x1b[0m\n'}
[18.457923] (Ros2_esp32) StdoutLine: {'line': b'[ 24%] \x1b[32mBuilding C object esp-idf/lwip/CMakeFiles/__idf_lwip.dir/lwip/src/api/netdb.c.obj\x1b[0m\n'}
[18.458000] (Ros2_esp32) StdoutLine: {'line': b'[ 24%] \x1b[32mBuilding C object esp-idf/lwip/CMakeFiles/__idf_lwip.dir/lwip/src/api/netifapi.c.obj\x1b[0m\n'}
[18.458428] (Ros2_esp32) StdoutLine: {'line': b'[ 24%] \x1b[32mBuilding C object esp-idf/lwip/CMakeFiles/__idf_lwip.dir/lwip/src/api/sockets.c.obj\x1b[0m\n'}
[18.459300] (Ros2_esp32) StdoutLine: {'line': b'[ 25%] \x1b[32mBuilding C object esp-idf/lwip/CMakeFiles/__idf_lwip.dir/lwip/src/api/err.c.obj\x1b[0m\n'}
[18.459619] (Ros2_esp32) StdoutLine: {'line': b'[ 25%] \x1b[32mBuilding C object esp-idf/lwip/CMakeFiles/__idf_lwip.dir/lwip/src/api/api_lib.c.obj\x1b[0m\n'}
[18.460209] (Ros2_esp32) StdoutLine: {'line': b'[ 25%] \x1b[32mBuilding C object esp-idf/lwip/CMakeFiles/__idf_lwip.dir/lwip/src/api/tcpip.c.obj\x1b[0m\n'}
[18.464152] (Ros2_esp32) StdoutLine: {'line': b'[ 25%] \x1b[32mBuilding C object esp-idf/lwip/CMakeFiles/__idf_lwip.dir/lwip/src/apps/sntp/sntp.c.obj\x1b[0m\n'}
[18.464501] (Ros2_esp32) StdoutLine: {'line': b'[ 25%] \x1b[32mBuilding C object esp-idf/lwip/CMakeFiles/__idf_lwip.dir/lwip/src/apps/netbiosns/netbiosns.c.obj\x1b[0m\n'}
[18.471883] (-) TimerEvent: {}
[18.574817] (-) TimerEvent: {}
[18.603991] (Ros2_esp32) StdoutLine: {'line': b'[ 25%] \x1b[32mBuilding C object esp-idf/lwip/CMakeFiles/__idf_lwip.dir/lwip/src/core/def.c.obj\x1b[0m\n'}
[18.611238] (Ros2_esp32) StdoutLine: {'line': b'[ 25%] \x1b[32mBuilding C object esp-idf/lwip/CMakeFiles/__idf_lwip.dir/lwip/src/core/inet_chksum.c.obj\x1b[0m\n'}
[18.613116] (Ros2_esp32) StdoutLine: {'line': b'[ 26%] \x1b[32mBuilding C object esp-idf/lwip/CMakeFiles/__idf_lwip.dir/lwip/src/core/dns.c.obj\x1b[0m\n'}
[18.624396] (Ros2_esp32) StdoutLine: {'line': b'[ 26%] \x1b[32mBuilding C object esp-idf/lwip/CMakeFiles/__idf_lwip.dir/lwip/src/core/init.c.obj\x1b[0m\n'}
[18.658979] (Ros2_esp32) StdoutLine: {'line': b'[ 26%] \x1b[32mBuilding C object esp-idf/lwip/CMakeFiles/__idf_lwip.dir/lwip/src/core/ip.c.obj\x1b[0m\n'}
[18.676810] (-) TimerEvent: {}
[18.679608] (Ros2_esp32) StdoutLine: {'line': b'[ 26%] \x1b[32mBuilding C object esp-idf/lwip/CMakeFiles/__idf_lwip.dir/lwip/src/core/mem.c.obj\x1b[0m\n'}
[18.685804] (Ros2_esp32) StdoutLine: {'line': b'[ 26%] \x1b[32mBuilding C object esp-idf/lwip/CMakeFiles/__idf_lwip.dir/lwip/src/core/memp.c.obj\x1b[0m\n'}
[18.694255] (Ros2_esp32) StdoutLine: {'line': b'[ 26%] \x1b[32mBuilding C object esp-idf/lwip/CMakeFiles/__idf_lwip.dir/lwip/src/core/netif.c.obj\x1b[0m\n'}
[18.743560] (Ros2_esp32) StdoutLine: {'line': b'[ 26%] \x1b[32mBuilding C object esp-idf/lwip/CMakeFiles/__idf_lwip.dir/lwip/src/core/pbuf.c.obj\x1b[0m\n'}
[18.776997] (-) TimerEvent: {}
[18.783938] (Ros2_esp32) StdoutLine: {'line': b'[ 26%] \x1b[32mBuilding C object esp-idf/lwip/CMakeFiles/__idf_lwip.dir/lwip/src/core/raw.c.obj\x1b[0m\n'}
[18.793823] (Ros2_esp32) StdoutLine: {'line': b'[ 26%] \x1b[32mBuilding C object esp-idf/lwip/CMakeFiles/__idf_lwip.dir/lwip/src/core/stats.c.obj\x1b[0m\n'}
[18.813769] (Ros2_esp32) StdoutLine: {'line': b'[ 26%] \x1b[32mBuilding C object esp-idf/lwip/CMakeFiles/__idf_lwip.dir/lwip/src/core/sys.c.obj\x1b[0m\n'}
[18.842097] (Ros2_esp32) StdoutLine: {'line': b'[ 27%] \x1b[32mBuilding C object esp-idf/lwip/CMakeFiles/__idf_lwip.dir/lwip/src/core/tcp.c.obj\x1b[0m\n'}
[18.869525] (Ros2_esp32) StdoutLine: {'line': b'[ 27%] \x1b[32mBuilding C object esp-idf/lwip/CMakeFiles/__idf_lwip.dir/lwip/src/core/tcp_in.c.obj\x1b[0m\n'}
[18.881901] (Ros2_esp32) StdoutLine: {'line': b'[ 27%] \x1b[32mBuilding C object esp-idf/lwip/CMakeFiles/__idf_lwip.dir/lwip/src/core/tcp_out.c.obj\x1b[0m\n'}
[18.882303] (-) TimerEvent: {}
[18.908902] (Ros2_esp32) StdoutLine: {'line': b'[ 27%] \x1b[32mBuilding C object esp-idf/lwip/CMakeFiles/__idf_lwip.dir/lwip/src/core/timeouts.c.obj\x1b[0m\n'}
[18.982480] (-) TimerEvent: {}
[19.001570] (Ros2_esp32) StdoutLine: {'line': b'[ 27%] \x1b[32mBuilding C object esp-idf/lwip/CMakeFiles/__idf_lwip.dir/lwip/src/core/udp.c.obj\x1b[0m\n'}
[19.008480] (Ros2_esp32) StdoutLine: {'line': b'[ 27%] \x1b[32mBuilding C object esp-idf/lwip/CMakeFiles/__idf_lwip.dir/lwip/src/core/ipv4/autoip.c.obj\x1b[0m\n'}
[19.037662] (Ros2_esp32) StdoutLine: {'line': b'[ 27%] \x1b[32mBuilding C object esp-idf/lwip/CMakeFiles/__idf_lwip.dir/lwip/src/core/ipv4/dhcp.c.obj\x1b[0m\n'}
[19.082618] (-) TimerEvent: {}
[19.098949] (Ros2_esp32) StdoutLine: {'line': b'[ 27%] \x1b[32mBuilding C object esp-idf/lwip/CMakeFiles/__idf_lwip.dir/lwip/src/core/ipv4/etharp.c.obj\x1b[0m\n'}
[19.108257] (Ros2_esp32) StdoutLine: {'line': b'[ 27%] \x1b[32mBuilding C object esp-idf/lwip/CMakeFiles/__idf_lwip.dir/lwip/src/core/ipv4/icmp.c.obj\x1b[0m\n'}
[19.139406] (Ros2_esp32) StdoutLine: {'line': b'[ 27%] \x1b[32mBuilding C object esp-idf/lwip/CMakeFiles/__idf_lwip.dir/lwip/src/core/ipv4/igmp.c.obj\x1b[0m\n'}
[19.146589] (Ros2_esp32) StdoutLine: {'line': b'[ 28%] \x1b[32mBuilding C object esp-idf/lwip/CMakeFiles/__idf_lwip.dir/lwip/src/core/ipv4/ip4_napt.c.obj\x1b[0m\n'}
[19.148361] (Ros2_esp32) StdoutLine: {'line': b'[ 28%] \x1b[32mBuilding C object esp-idf/lwip/CMakeFiles/__idf_lwip.dir/lwip/src/core/ipv4/ip4.c.obj\x1b[0m\n'}
[19.150915] (Ros2_esp32) StdoutLine: {'line': b'[ 28%] \x1b[32mBuilding C object esp-idf/lwip/CMakeFiles/__idf_lwip.dir/lwip/src/core/ipv4/ip4_addr.c.obj\x1b[0m\n'}
[19.182804] (-) TimerEvent: {}
[19.270880] (Ros2_esp32) StdoutLine: {'line': b'[ 28%] \x1b[32mBuilding C object esp-idf/lwip/CMakeFiles/__idf_lwip.dir/lwip/src/core/ipv4/ip4_frag.c.obj\x1b[0m\n'}
[19.282667] (Ros2_esp32) StdoutLine: {'line': b'[ 28%] \x1b[32mBuilding C object esp-idf/lwip/CMakeFiles/__idf_lwip.dir/lwip/src/core/ipv6/dhcp6.c.obj\x1b[0m\n'}
[19.285491] (-) TimerEvent: {}
[19.322296] (Ros2_esp32) StdoutLine: {'line': b'[ 28%] \x1b[32mBuilding C object esp-idf/lwip/CMakeFiles/__idf_lwip.dir/lwip/src/core/ipv6/ethip6.c.obj\x1b[0m\n'}
[19.354277] (Ros2_esp32) StdoutLine: {'line': b'[ 28%] \x1b[32mBuilding C object esp-idf/lwip/CMakeFiles/__idf_lwip.dir/lwip/src/core/ipv6/icmp6.c.obj\x1b[0m\n'}
[19.358208] (Ros2_esp32) StdoutLine: {'line': b'[ 28%] \x1b[32mBuilding C object esp-idf/lwip/CMakeFiles/__idf_lwip.dir/lwip/src/core/ipv6/inet6.c.obj\x1b[0m\n'}
[19.363671] (Ros2_esp32) StdoutLine: {'line': b'[ 28%] \x1b[32mBuilding C object esp-idf/lwip/CMakeFiles/__idf_lwip.dir/lwip/src/core/ipv6/ip6.c.obj\x1b[0m\n'}
[19.366368] (Ros2_esp32) StdoutLine: {'line': b'[ 28%] \x1b[32mBuilding C object esp-idf/lwip/CMakeFiles/__idf_lwip.dir/lwip/src/core/ipv6/ip6_addr.c.obj\x1b[0m\n'}
[19.369890] (Ros2_esp32) StdoutLine: {'line': b'[ 28%] \x1b[32mBuilding C object esp-idf/lwip/CMakeFiles/__idf_lwip.dir/lwip/src/core/ipv6/ip6_frag.c.obj\x1b[0m\n'}
[19.385605] (Ros2_esp32) StdoutLine: {'line': b'[ 28%] \x1b[32mBuilding C object esp-idf/lwip/CMakeFiles/__idf_lwip.dir/lwip/src/core/ipv6/mld6.c.obj\x1b[0m\n'}
[19.386934] (-) TimerEvent: {}
[19.392897] (Ros2_esp32) StdoutLine: {'line': b'[ 29%] \x1b[32mBuilding C object esp-idf/lwip/CMakeFiles/__idf_lwip.dir/lwip/src/core/ipv6/nd6.c.obj\x1b[0m\n'}
[19.412267] (Ros2_esp32) StdoutLine: {'line': b'[ 29%] \x1b[32mBuilding C object esp-idf/lwip/CMakeFiles/__idf_lwip.dir/lwip/src/netif/ethernet.c.obj\x1b[0m\n'}
[19.427672] (Ros2_esp32) StdoutLine: {'line': b'[ 29%] \x1b[32mBuilding C object esp-idf/lwip/CMakeFiles/__idf_lwip.dir/lwip/src/netif/bridgeif.c.obj\x1b[0m\n'}
[19.441889] (Ros2_esp32) StdoutLine: {'line': b'[ 29%] \x1b[32mBuilding C object esp-idf/lwip/CMakeFiles/__idf_lwip.dir/lwip/src/netif/bridgeif_fdb.c.obj\x1b[0m\n'}
[19.455150] (Ros2_esp32) StdoutLine: {'line': b'[ 29%] \x1b[32mBuilding C object esp-idf/lwip/CMakeFiles/__idf_lwip.dir/lwip/src/netif/slipif.c.obj\x1b[0m\n'}
[19.465550] (Ros2_esp32) StdoutLine: {'line': b'[ 29%] \x1b[32mBuilding C object esp-idf/lwip/CMakeFiles/__idf_lwip.dir/lwip/src/netif/ppp/auth.c.obj\x1b[0m\n'}
[19.488894] (-) TimerEvent: {}
[19.494664] (Ros2_esp32) StdoutLine: {'line': b'[ 29%] \x1b[32mBuilding C object esp-idf/lwip/CMakeFiles/__idf_lwip.dir/lwip/src/netif/ppp/ccp.c.obj\x1b[0m\n'}
[19.535895] (Ros2_esp32) StdoutLine: {'line': b'[ 29%] \x1b[32mBuilding C object esp-idf/lwip/CMakeFiles/__idf_lwip.dir/lwip/src/netif/ppp/chap-md5.c.obj\x1b[0m\n'}
[19.557918] (Ros2_esp32) StdoutLine: {'line': b'[ 29%] \x1b[32mBuilding C object esp-idf/lwip/CMakeFiles/__idf_lwip.dir/lwip/src/netif/ppp/chap-new.c.obj\x1b[0m\n'}
[19.561262] (Ros2_esp32) StdoutLine: {'line': b'[ 29%] \x1b[32mBuilding C object esp-idf/lwip/CMakeFiles/__idf_lwip.dir/lwip/src/netif/ppp/chap_ms.c.obj\x1b[0m\n'}
[19.590718] (-) TimerEvent: {}
[19.599616] (Ros2_esp32) StdoutLine: {'line': b'[ 29%] \x1b[32mBuilding C object esp-idf/lwip/CMakeFiles/__idf_lwip.dir/lwip/src/netif/ppp/demand.c.obj\x1b[0m\n'}
[19.609638] (Ros2_esp32) StdoutLine: {'line': b'[ 30%] \x1b[32mBuilding C object esp-idf/lwip/CMakeFiles/__idf_lwip.dir/lwip/src/netif/ppp/eap.c.obj\x1b[0m\n'}
[19.645773] (Ros2_esp32) StdoutLine: {'line': b'[ 30%] \x1b[32mBuilding C object esp-idf/lwip/CMakeFiles/__idf_lwip.dir/lwip/src/netif/ppp/ecp.c.obj\x1b[0m\n'}
[19.650211] (Ros2_esp32) StdoutLine: {'line': b'[ 30%] \x1b[32mBuilding C object esp-idf/lwip/CMakeFiles/__idf_lwip.dir/lwip/src/netif/ppp/eui64.c.obj\x1b[0m\n'}
[19.660048] (Ros2_esp32) StdoutLine: {'line': b'[ 30%] \x1b[32mBuilding C object esp-idf/lwip/CMakeFiles/__idf_lwip.dir/lwip/src/netif/ppp/ipcp.c.obj\x1b[0m\n'}
[19.660328] (Ros2_esp32) StdoutLine: {'line': b'[ 30%] \x1b[32mBuilding C object esp-idf/lwip/CMakeFiles/__idf_lwip.dir/lwip/src/netif/ppp/ipv6cp.c.obj\x1b[0m\n'}
[19.665339] (Ros2_esp32) StdoutLine: {'line': b'[ 30%] \x1b[32mBuilding C object esp-idf/lwip/CMakeFiles/__idf_lwip.dir/lwip/src/netif/ppp/fsm.c.obj\x1b[0m\n'}
[19.692565] (Ros2_esp32) StdoutLine: {'line': b'[ 30%] \x1b[32mBuilding C object esp-idf/lwip/CMakeFiles/__idf_lwip.dir/lwip/src/netif/ppp/lcp.c.obj\x1b[0m\n'}
[19.692901] (-) TimerEvent: {}
[19.717651] (Ros2_esp32) StdoutLine: {'line': b'[ 30%] \x1b[32mBuilding C object esp-idf/lwip/CMakeFiles/__idf_lwip.dir/lwip/src/netif/ppp/magic.c.obj\x1b[0m\n'}
[19.725793] (Ros2_esp32) StdoutLine: {'line': b'[ 30%] \x1b[32mBuilding C object esp-idf/lwip/CMakeFiles/__idf_lwip.dir/lwip/src/netif/ppp/mppe.c.obj\x1b[0m\n'}
[19.726531] (Ros2_esp32) StdoutLine: {'line': b'[ 30%] \x1b[32mBuilding C object esp-idf/lwip/CMakeFiles/__idf_lwip.dir/lwip/src/netif/ppp/multilink.c.obj\x1b[0m\n'}
[19.746761] (Ros2_esp32) StdoutLine: {'line': b'[ 30%] \x1b[32mBuilding C object esp-idf/lwip/CMakeFiles/__idf_lwip.dir/lwip/src/netif/ppp/ppp.c.obj\x1b[0m\n'}
[19.763923] (Ros2_esp32) StdoutLine: {'line': b'[ 31%] \x1b[32mBuilding C object esp-idf/lwip/CMakeFiles/__idf_lwip.dir/lwip/src/netif/ppp/pppapi.c.obj\x1b[0m\n'}
[19.783387] (Ros2_esp32) StdoutLine: {'line': b'[ 31%] \x1b[32mBuilding C object esp-idf/lwip/CMakeFiles/__idf_lwip.dir/lwip/src/netif/ppp/pppcrypt.c.obj\x1b[0m\n'}
[19.793099] (-) TimerEvent: {}
[19.795800] (Ros2_esp32) StdoutLine: {'line': b'[ 31%] \x1b[32mBuilding C object esp-idf/lwip/CMakeFiles/__idf_lwip.dir/lwip/src/netif/ppp/pppol2tp.c.obj\x1b[0m\n'}
[19.801075] (Ros2_esp32) StdoutLine: {'line': b'[ 31%] \x1b[32mBuilding C object esp-idf/lwip/CMakeFiles/__idf_lwip.dir/lwip/src/netif/ppp/pppoe.c.obj\x1b[0m\n'}
[19.814837] (Ros2_esp32) StdoutLine: {'line': b'[ 31%] \x1b[32mBuilding C object esp-idf/lwip/CMakeFiles/__idf_lwip.dir/lwip/src/netif/ppp/upap.c.obj\x1b[0m\n'}
[19.815748] (Ros2_esp32) StdoutLine: {'line': b'[ 31%] \x1b[32mBuilding C object esp-idf/lwip/CMakeFiles/__idf_lwip.dir/lwip/src/netif/ppp/pppos.c.obj\x1b[0m\n'}
[19.838720] (Ros2_esp32) StdoutLine: {'line': b'[ 31%] \x1b[32mBuilding C object esp-idf/lwip/CMakeFiles/__idf_lwip.dir/lwip/src/netif/ppp/utils.c.obj\x1b[0m\n'}
[19.850227] (Ros2_esp32) StdoutLine: {'line': b'[ 31%] \x1b[32mBuilding C object esp-idf/lwip/CMakeFiles/__idf_lwip.dir/lwip/src/netif/ppp/vj.c.obj\x1b[0m\n'}
[19.861906] (Ros2_esp32) StdoutLine: {'line': b'[ 31%] \x1b[32mBuilding C object esp-idf/lwip/CMakeFiles/__idf_lwip.dir/port/hooks/tcp_isn_default.c.obj\x1b[0m\n'}
[19.877629] (Ros2_esp32) StdoutLine: {'line': b'[ 31%] \x1b[32mBuilding C object esp-idf/lwip/CMakeFiles/__idf_lwip.dir/port/hooks/lwip_default_hooks.c.obj\x1b[0m\n'}
[19.889984] (Ros2_esp32) StdoutLine: {'line': b'[ 32%] \x1b[32mBuilding C object esp-idf/lwip/CMakeFiles/__idf_lwip.dir/port/debug/lwip_debug.c.obj\x1b[0m\n'}
[19.893120] (-) TimerEvent: {}
[19.893789] (Ros2_esp32) StdoutLine: {'line': b'[ 32%] \x1b[32mBuilding C object esp-idf/lwip/CMakeFiles/__idf_lwip.dir/port/sockets_ext.c.obj\x1b[0m\n'}
[19.943039] (Ros2_esp32) StdoutLine: {'line': b'[ 32%] \x1b[32mBuilding C object esp-idf/lwip/CMakeFiles/__idf_lwip.dir/port/freertos/sys_arch.c.obj\x1b[0m\n'}
[19.951195] (Ros2_esp32) StdoutLine: {'line': b'[ 32%] \x1b[32mBuilding C object esp-idf/lwip/CMakeFiles/__idf_lwip.dir/port/if_index.c.obj\x1b[0m\n'}
[19.955338] (Ros2_esp32) StdoutLine: {'line': b'[ 32%] \x1b[32mBuilding C object esp-idf/lwip/CMakeFiles/__idf_lwip.dir/port/acd_dhcp_check.c.obj\x1b[0m\n'}
[19.976457] (Ros2_esp32) StdoutLine: {'line': b'[ 32%] \x1b[32mBuilding C object esp-idf/lwip/CMakeFiles/__idf_lwip.dir/port/esp32xx/vfs_lwip.c.obj\x1b[0m\n'}
[19.984350] (Ros2_esp32) StdoutLine: {'line': b'[ 32%] \x1b[32mBuilding C object esp-idf/lwip/CMakeFiles/__idf_lwip.dir/apps/ping/esp_ping.c.obj\x1b[0m\n'}
[19.994196] (-) TimerEvent: {}
[20.001583] (Ros2_esp32) StdoutLine: {'line': b'[ 32%] \x1b[32mBuilding C object esp-idf/lwip/CMakeFiles/__idf_lwip.dir/apps/ping/ping.c.obj\x1b[0m\n'}
[20.035386] (Ros2_esp32) StdoutLine: {'line': b'[ 32%] \x1b[32mBuilding C object esp-idf/lwip/CMakeFiles/__idf_lwip.dir/apps/ping/ping_sock.c.obj\x1b[0m\n'}
[20.061935] (Ros2_esp32) StdoutLine: {'line': b'[ 32%] \x1b[32mBuilding C object esp-idf/lwip/CMakeFiles/__idf_lwip.dir/lwip/src/netif/ppp/polarssl/arc4.c.obj\x1b[0m\n'}
[20.062251] (Ros2_esp32) StdoutLine: {'line': b'[ 32%] \x1b[32mBuilding C object esp-idf/lwip/CMakeFiles/__idf_lwip.dir/lwip/src/netif/ppp/polarssl/des.c.obj\x1b[0m\n'}
[20.093520] (Ros2_esp32) StdoutLine: {'line': b'[ 33%] \x1b[32mBuilding C object esp-idf/lwip/CMakeFiles/__idf_lwip.dir/lwip/src/netif/ppp/polarssl/md4.c.obj\x1b[0m\n'}
[20.094377] (-) TimerEvent: {}
[20.094893] (Ros2_esp32) StdoutLine: {'line': b'[ 33%] \x1b[32mBuilding C object esp-idf/lwip/CMakeFiles/__idf_lwip.dir/lwip/src/netif/ppp/polarssl/md5.c.obj\x1b[0m\n'}
[20.131865] (Ros2_esp32) StdoutLine: {'line': b'[ 33%] \x1b[32mBuilding C object esp-idf/lwip/CMakeFiles/__idf_lwip.dir/apps/dhcpserver/dhcpserver.c.obj\x1b[0m\n'}
[20.141054] (Ros2_esp32) StdoutLine: {'line': b'[ 33%] \x1b[32mBuilding C object esp-idf/lwip/CMakeFiles/__idf_lwip.dir/lwip/src/netif/ppp/polarssl/sha1.c.obj\x1b[0m\n'}
[20.194515] (-) TimerEvent: {}
[20.294895] (-) TimerEvent: {}
[20.371489] (Ros2_esp32) StdoutLine: {'line': b'[ 33%] \x1b[32m\x1b[1mLinking C static library liblwip.a\x1b[0m\n'}
[20.395006] (-) TimerEvent: {}
[20.486398] (Ros2_esp32) StdoutLine: {'line': b'[ 33%] Built target __idf_lwip\n'}
[20.495121] (-) TimerEvent: {}
[20.508183] (Ros2_esp32) StdoutLine: {'line': b'[ 33%] \x1b[32mBuilding C object esp-idf/vfs/CMakeFiles/__idf_vfs.dir/vfs_eventfd.c.obj\x1b[0m\n'}
[20.508415] (Ros2_esp32) StdoutLine: {'line': b'[ 33%] \x1b[32mBuilding C object esp-idf/vfs/CMakeFiles/__idf_vfs.dir/vfs_semihost.c.obj\x1b[0m\n'}
[20.508498] (Ros2_esp32) StdoutLine: {'line': b'[ 33%] \x1b[32mBuilding C object esp-idf/vfs/CMakeFiles/__idf_vfs.dir/vfs.c.obj\x1b[0m\n'}
[20.509692] (Ros2_esp32) StdoutLine: {'line': b'[ 33%] \x1b[32mBuilding C object esp-idf/vfs/CMakeFiles/__idf_vfs.dir/nullfs.c.obj\x1b[0m\n'}
[20.595308] (-) TimerEvent: {}
[20.695778] (-) TimerEvent: {}
[20.796085] (-) TimerEvent: {}
[20.869114] (Ros2_esp32) StdoutLine: {'line': b'[ 33%] \x1b[32m\x1b[1mLinking C static library libvfs.a\x1b[0m\n'}
[20.896199] (-) TimerEvent: {}
[20.909660] (Ros2_esp32) StdoutLine: {'line': b'[ 33%] Built target __idf_vfs\n'}
[20.929510] (Ros2_esp32) StdoutLine: {'line': b'[ 34%] \x1b[32mBuilding C object esp-idf/esp_vfs_console/CMakeFiles/__idf_esp_vfs_console.dir/vfs_console.c.obj\x1b[0m\n'}
[20.996307] (-) TimerEvent: {}
[21.029240] (Ros2_esp32) StdoutLine: {'line': b'[ 34%] \x1b[32m\x1b[1mLinking C static library libesp_vfs_console.a\x1b[0m\n'}
[21.067414] (Ros2_esp32) StdoutLine: {'line': b'[ 34%] Built target __idf_esp_vfs_console\n'}
[21.089017] (Ros2_esp32) StdoutLine: {'line': b'[ 34%] \x1b[32mBuilding C object esp-idf/esp_driver_usb_serial_jtag/CMakeFiles/__idf_esp_driver_usb_serial_jtag.dir/src/usb_serial_jtag_connection_monitor.c.obj\x1b[0m\n'}
[21.089272] (Ros2_esp32) StdoutLine: {'line': b'[ 34%] \x1b[32mBuilding C object esp-idf/esp_driver_usb_serial_jtag/CMakeFiles/__idf_esp_driver_usb_serial_jtag.dir/src/usb_serial_jtag_vfs.c.obj\x1b[0m\n'}
[21.089379] (Ros2_esp32) StdoutLine: {'line': b'[ 34%] \x1b[32mBuilding C object esp-idf/esp_driver_usb_serial_jtag/CMakeFiles/__idf_esp_driver_usb_serial_jtag.dir/src/usb_serial_jtag.c.obj\x1b[0m\n'}
[21.096435] (-) TimerEvent: {}
[21.196796] (-) TimerEvent: {}
[21.259453] (Ros2_esp32) StdoutLine: {'line': b'[ 35%] \x1b[32m\x1b[1mLinking C static library libesp_driver_usb_serial_jtag.a\x1b[0m\n'}
[21.296899] (-) TimerEvent: {}
[21.299085] (Ros2_esp32) StdoutLine: {'line': b'[ 35%] Built target __idf_esp_driver_usb_serial_jtag\n'}
[21.320632] (Ros2_esp32) StdoutLine: {'line': b'[ 35%] \x1b[32mBuilding C object esp-idf/esp_phy/CMakeFiles/__idf_esp_phy.dir/src/phy_common.c.obj\x1b[0m\n'}
[21.320900] (Ros2_esp32) StdoutLine: {'line': b'[ 35%] \x1b[32mBuilding C object esp-idf/esp_phy/CMakeFiles/__idf_esp_phy.dir/src/phy_override.c.obj\x1b[0m\n'}
[21.320985] (Ros2_esp32) StdoutLine: {'line': b'[ 35%] \x1b[32mBuilding C object esp-idf/esp_phy/CMakeFiles/__idf_esp_phy.dir/src/btbb_init.c.obj\x1b[0m\n'}
[21.321059] (Ros2_esp32) StdoutLine: {'line': b'[ 35%] \x1b[32mBuilding C object esp-idf/esp_phy/CMakeFiles/__idf_esp_phy.dir/src/phy_init.c.obj\x1b[0m\n'}
[21.321132] (Ros2_esp32) StdoutLine: {'line': b'[ 35%] \x1b[32mBuilding C object esp-idf/esp_phy/CMakeFiles/__idf_esp_phy.dir/src/lib_printf.c.obj\x1b[0m\n'}
[21.321269] (Ros2_esp32) StdoutLine: {'line': b'[ 36%] \x1b[32mBuilding C object esp-idf/esp_phy/CMakeFiles/__idf_esp_phy.dir/esp32s3/phy_init_data.c.obj\x1b[0m\n'}
[21.397032] (-) TimerEvent: {}
[21.497416] (-) TimerEvent: {}
[21.512394] (Ros2_esp32) StdoutLine: {'line': b'[ 36%] \x1b[32m\x1b[1mLinking C static library libesp_phy.a\x1b[0m\n'}
[21.552944] (Ros2_esp32) StdoutLine: {'line': b'[ 36%] Built target __idf_esp_phy\n'}
[21.580881] (Ros2_esp32) StdoutLine: {'line': b'[ 36%] \x1b[32mBuilding CXX object esp-idf/nvs_flash/CMakeFiles/__idf_nvs_flash.dir/src/nvs_cxx_api.cpp.obj\x1b[0m\n'}
[21.582298] (Ros2_esp32) StdoutLine: {'line': b'[ 36%] \x1b[32mBuilding CXX object esp-idf/nvs_flash/CMakeFiles/__idf_nvs_flash.dir/src/nvs_api.cpp.obj\x1b[0m\n'}
[21.584273] (Ros2_esp32) StdoutLine: {'line': b'[ 36%] \x1b[32mBuilding CXX object esp-idf/nvs_flash/CMakeFiles/__idf_nvs_flash.dir/src/nvs_page.cpp.obj\x1b[0m\n'}
[21.585048] (Ros2_esp32) StdoutLine: {'line': b'[ 37%] \x1b[32mBuilding CXX object esp-idf/nvs_flash/CMakeFiles/__idf_nvs_flash.dir/src/nvs_item_hash_list.cpp.obj\x1b[0m\n'}
[21.586637] (Ros2_esp32) StdoutLine: {'line': b'[ 37%] \x1b[32mBuilding CXX object esp-idf/nvs_flash/CMakeFiles/__idf_nvs_flash.dir/src/nvs_pagemanager.cpp.obj\x1b[0m\n'}
[21.586825] (Ros2_esp32) StdoutLine: {'line': b'[ 37%] \x1b[32mBuilding CXX object esp-idf/nvs_flash/CMakeFiles/__idf_nvs_flash.dir/src/nvs_partition.cpp.obj\x1b[0m\n'}
[21.586901] (Ros2_esp32) StdoutLine: {'line': b'[ 37%] \x1b[32mBuilding CXX object esp-idf/nvs_flash/CMakeFiles/__idf_nvs_flash.dir/src/nvs_handle_locked.cpp.obj\x1b[0m\n'}
[21.586971] (Ros2_esp32) StdoutLine: {'line': b'[ 37%] \x1b[32mBuilding CXX object esp-idf/nvs_flash/CMakeFiles/__idf_nvs_flash.dir/src/nvs_partition_lookup.cpp.obj\x1b[0m\n'}
[21.587039] (Ros2_esp32) StdoutLine: {'line': b'[ 37%] \x1b[32mBuilding CXX object esp-idf/nvs_flash/CMakeFiles/__idf_nvs_flash.dir/src/nvs_partition_manager.cpp.obj\x1b[0m\n'}
[21.587121] (Ros2_esp32) StdoutLine: {'line': b'[ 37%] \x1b[32mBuilding CXX object esp-idf/nvs_flash/CMakeFiles/__idf_nvs_flash.dir/src/nvs_storage.cpp.obj\x1b[0m\n'}
[21.587190] (Ros2_esp32) StdoutLine: {'line': b'[ 37%] \x1b[32mBuilding CXX object esp-idf/nvs_flash/CMakeFiles/__idf_nvs_flash.dir/src/nvs_handle_simple.cpp.obj\x1b[0m\n'}
[21.590427] (Ros2_esp32) StdoutLine: {'line': b'[ 37%] \x1b[32mBuilding CXX object esp-idf/nvs_flash/CMakeFiles/__idf_nvs_flash.dir/src/nvs_types.cpp.obj\x1b[0m\n'}
[21.598461] (-) TimerEvent: {}
[21.699552] (-) TimerEvent: {}
[21.804117] (-) TimerEvent: {}
[21.904888] (-) TimerEvent: {}
[22.006195] (-) TimerEvent: {}
[22.107200] (-) TimerEvent: {}
[22.140300] (Ros2_esp32) StdoutLine: {'line': b'[ 38%] \x1b[32mBuilding CXX object esp-idf/nvs_flash/CMakeFiles/__idf_nvs_flash.dir/src/nvs_platform.cpp.obj\x1b[0m\n'}
[22.209649] (-) TimerEvent: {}
[22.298593] (Ros2_esp32) StdoutLine: {'line': b'[ 38%] \x1b[32mBuilding C object esp-idf/nvs_flash/CMakeFiles/__idf_nvs_flash.dir/src/nvs_bootloader.c.obj\x1b[0m\n'}
[22.309811] (-) TimerEvent: {}
[22.392809] (Ros2_esp32) StdoutLine: {'line': b'[ 38%] \x1b[32mBuilding CXX object esp-idf/nvs_flash/CMakeFiles/__idf_nvs_flash.dir/src/nvs_encrypted_partition.cpp.obj\x1b[0m\n'}
[22.409951] (-) TimerEvent: {}
[22.510802] (-) TimerEvent: {}
[22.613349] (-) TimerEvent: {}
[22.714235] (-) TimerEvent: {}
[22.757814] (Ros2_esp32) StdoutLine: {'line': b'[ 38%] \x1b[32mBuilding C object esp-idf/nvs_flash/CMakeFiles/__idf_nvs_flash.dir/src/nvs_bootloader_aes.c.obj\x1b[0m\n'}
[22.814381] (-) TimerEvent: {}
[22.907906] (Ros2_esp32) StdoutLine: {'line': b'[ 38%] \x1b[32mBuilding C object esp-idf/nvs_flash/CMakeFiles/__idf_nvs_flash.dir/src/nvs_bootloader_xts_aes.c.obj\x1b[0m\n'}
[22.916015] (-) TimerEvent: {}
[23.017210] (-) TimerEvent: {}
[23.118018] (-) TimerEvent: {}
[23.219271] (-) TimerEvent: {}
[23.319897] (-) TimerEvent: {}
[23.421258] (-) TimerEvent: {}
[23.521845] (-) TimerEvent: {}
[23.624140] (-) TimerEvent: {}
[23.724830] (-) TimerEvent: {}
[23.825507] (-) TimerEvent: {}
[23.927137] (-) TimerEvent: {}
[24.027591] (-) TimerEvent: {}
[24.129560] (-) TimerEvent: {}
[24.230402] (-) TimerEvent: {}
[24.334200] (-) TimerEvent: {}
[24.437810] (-) TimerEvent: {}
[24.538350] (-) TimerEvent: {}
[24.638742] (-) TimerEvent: {}
[24.739034] (-) TimerEvent: {}
[24.839320] (-) TimerEvent: {}
[24.895286] (Ros2_esp32) StdoutLine: {'line': b'[ 38%] \x1b[32m\x1b[1mLinking C static library libnvs_flash.a\x1b[0m\n'}
[24.939442] (-) TimerEvent: {}
[24.951935] (Ros2_esp32) StdoutLine: {'line': b'[ 38%] Built target __idf_nvs_flash\n'}
[24.971496] (Ros2_esp32) StdoutLine: {'line': b'[ 38%] \x1b[32mBuilding C object esp-idf/esp_event/CMakeFiles/__idf_esp_event.dir/esp_event_private.c.obj\x1b[0m\n'}
[24.971721] (Ros2_esp32) StdoutLine: {'line': b'[ 38%] \x1b[32mBuilding C object esp-idf/esp_event/CMakeFiles/__idf_esp_event.dir/esp_event.c.obj\x1b[0m\n'}
[24.971795] (Ros2_esp32) StdoutLine: {'line': b'[ 38%] \x1b[32mBuilding C object esp-idf/esp_event/CMakeFiles/__idf_esp_event.dir/default_event_loop.c.obj\x1b[0m\n'}
[25.039598] (-) TimerEvent: {}
[25.140005] (-) TimerEvent: {}
[25.173267] (Ros2_esp32) StdoutLine: {'line': b'[ 38%] \x1b[32m\x1b[1mLinking C static library libesp_event.a\x1b[0m\n'}
[25.212522] (Ros2_esp32) StdoutLine: {'line': b'[ 38%] Built target __idf_esp_event\n'}
[25.234769] (Ros2_esp32) StdoutLine: {'line': b'[ 38%] \x1b[32mBuilding C object esp-idf/esp_driver_uart/CMakeFiles/__idf_esp_driver_uart.dir/src/uart_wakeup.c.obj\x1b[0m\n'}
[25.235011] (Ros2_esp32) StdoutLine: {'line': b'[ 38%] \x1b[32mBuilding C object esp-idf/esp_driver_uart/CMakeFiles/__idf_esp_driver_uart.dir/src/uhci.c.obj\x1b[0m\n'}
[25.235091] (Ros2_esp32) StdoutLine: {'line': b'[ 38%] \x1b[32mBuilding C object esp-idf/esp_driver_uart/CMakeFiles/__idf_esp_driver_uart.dir/src/uart.c.obj\x1b[0m\n'}
[25.235164] (Ros2_esp32) StdoutLine: {'line': b'[ 38%] \x1b[32mBuilding C object esp-idf/esp_driver_uart/CMakeFiles/__idf_esp_driver_uart.dir/src/uart_vfs.c.obj\x1b[0m\n'}
[25.240140] (-) TimerEvent: {}
[25.340496] (-) TimerEvent: {}
[25.440893] (-) TimerEvent: {}
[25.541285] (-) TimerEvent: {}
[25.641619] (-) TimerEvent: {}
[25.741950] (-) TimerEvent: {}
[25.809935] (Ros2_esp32) StdoutLine: {'line': b'[ 38%] \x1b[32m\x1b[1mLinking C static library libesp_driver_uart.a\x1b[0m\n'}
[25.842107] (-) TimerEvent: {}
[25.862312] (Ros2_esp32) StdoutLine: {'line': b'[ 38%] Built target __idf_esp_driver_uart\n'}
[25.884871] (Ros2_esp32) StdoutLine: {'line': b'[ 38%] \x1b[32mBuilding C object esp-idf/esp_psram/CMakeFiles/__idf_esp_psram.dir/system_layer/esp_psram_mspi.c.obj\x1b[0m\n'}
[25.935534] (Ros2_esp32) StdoutLine: {'line': b'[ 38%] \x1b[32m\x1b[1mLinking C static library libesp_psram.a\x1b[0m\n'}
[25.942209] (-) TimerEvent: {}
[25.971113] (Ros2_esp32) StdoutLine: {'line': b'[ 38%] Built target __idf_esp_psram\n'}
[25.992950] (Ros2_esp32) StdoutLine: {'line': b'[ 38%] \x1b[32mBuilding C object esp-idf/esp_ringbuf/CMakeFiles/__idf_esp_ringbuf.dir/ringbuf.c.obj\x1b[0m\n'}
[26.042331] (-) TimerEvent: {}
[26.142621] (-) TimerEvent: {}
[26.242941] (-) TimerEvent: {}
[26.244635] (Ros2_esp32) StdoutLine: {'line': b'[ 38%] \x1b[32m\x1b[1mLinking C static library libesp_ringbuf.a\x1b[0m\n'}
[26.280810] (Ros2_esp32) StdoutLine: {'line': b'[ 38%] Built target __idf_esp_ringbuf\n'}
[26.302035] (Ros2_esp32) StdoutLine: {'line': b'[ 39%] \x1b[32mBuilding C object esp-idf/esp_driver_gptimer/CMakeFiles/__idf_esp_driver_gptimer.dir/src/gptimer_common.c.obj\x1b[0m\n'}
[26.302240] (Ros2_esp32) StdoutLine: {'line': b'[ 39%] \x1b[32mBuilding C object esp-idf/esp_driver_gptimer/CMakeFiles/__idf_esp_driver_gptimer.dir/src/gptimer.c.obj\x1b[0m\n'}
[26.343062] (-) TimerEvent: {}
[26.443357] (-) TimerEvent: {}
[26.476386] (Ros2_esp32) StdoutLine: {'line': b'[ 39%] \x1b[32m\x1b[1mLinking C static library libesp_driver_gptimer.a\x1b[0m\n'}
[26.512336] (Ros2_esp32) StdoutLine: {'line': b'[ 39%] Built target __idf_esp_driver_gptimer\n'}
[26.533446] (Ros2_esp32) StdoutLine: {'line': b'[ 39%] \x1b[32mBuilding C object esp-idf/esp_timer/CMakeFiles/__idf_esp_timer.dir/src/esp_timer_init.c.obj\x1b[0m\n'}
[26.533720] (Ros2_esp32) StdoutLine: {'line': b'[ 39%] \x1b[32mBuilding C object esp-idf/esp_timer/CMakeFiles/__idf_esp_timer.dir/src/ets_timer_legacy.c.obj\x1b[0m\n'}
[26.533830] (Ros2_esp32) StdoutLine: {'line': b'[ 39%] \x1b[32mBuilding C object esp-idf/esp_timer/CMakeFiles/__idf_esp_timer.dir/src/esp_timer.c.obj\x1b[0m\n'}
[26.533903] (Ros2_esp32) StdoutLine: {'line': b'[ 39%] \x1b[32mBuilding C object esp-idf/esp_timer/CMakeFiles/__idf_esp_timer.dir/src/esp_timer_impl_common.c.obj\x1b[0m\n'}
[26.533973] (Ros2_esp32) StdoutLine: {'line': b'[ 39%] \x1b[32mBuilding C object esp-idf/esp_timer/CMakeFiles/__idf_esp_timer.dir/src/system_time.c.obj\x1b[0m\n'}
[26.534518] (Ros2_esp32) StdoutLine: {'line': b'[ 39%] \x1b[32mBuilding C object esp-idf/esp_timer/CMakeFiles/__idf_esp_timer.dir/src/esp_timer_impl_systimer.c.obj\x1b[0m\n'}
[26.543503] (-) TimerEvent: {}
[26.643906] (-) TimerEvent: {}
[26.677603] (Ros2_esp32) StdoutLine: {'line': b'[ 39%] \x1b[32m\x1b[1mLinking C static library libesp_timer.a\x1b[0m\n'}
[26.717152] (Ros2_esp32) StdoutLine: {'line': b'[ 39%] Built target __idf_esp_timer\n'}
[26.736796] (Ros2_esp32) StdoutLine: {'line': b'[ 39%] \x1b[32mBuilding CXX object esp-idf/cxx/CMakeFiles/__idf_cxx.dir/cxx_exception_stubs.cpp.obj\x1b[0m\n'}
[26.737037] (Ros2_esp32) StdoutLine: {'line': b'[ 39%] \x1b[32mBuilding CXX object esp-idf/cxx/CMakeFiles/__idf_cxx.dir/cxx_guards.cpp.obj\x1b[0m\n'}
[26.737509] (Ros2_esp32) StdoutLine: {'line': b'[ 40%] \x1b[32mBuilding CXX object esp-idf/cxx/CMakeFiles/__idf_cxx.dir/cxx_init.cpp.obj\x1b[0m\n'}
[26.744032] (-) TimerEvent: {}
[26.844420] (-) TimerEvent: {}
[26.944743] (-) TimerEvent: {}
[27.045046] (-) TimerEvent: {}
[27.071619] (Ros2_esp32) StdoutLine: {'line': b'[ 40%] \x1b[32m\x1b[1mLinking C static library libcxx.a\x1b[0m\n'}
[27.108280] (Ros2_esp32) StdoutLine: {'line': b'[ 40%] Built target __idf_cxx\n'}
[27.128243] (Ros2_esp32) StdoutLine: {'line': b'[ 40%] \x1b[32mBuilding C object esp-idf/pthread/CMakeFiles/__idf_pthread.dir/pthread_semaphore.c.obj\x1b[0m\n'}
[27.128480] (Ros2_esp32) StdoutLine: {'line': b'[ 40%] \x1b[32mBuilding C object esp-idf/pthread/CMakeFiles/__idf_pthread.dir/pthread.c.obj\x1b[0m\n'}
[27.128562] (Ros2_esp32) StdoutLine: {'line': b'[ 40%] \x1b[32mBuilding C object esp-idf/pthread/CMakeFiles/__idf_pthread.dir/pthread_cond_var.c.obj\x1b[0m\n'}
[27.128635] (Ros2_esp32) StdoutLine: {'line': b'[ 40%] \x1b[32mBuilding C object esp-idf/pthread/CMakeFiles/__idf_pthread.dir/pthread_local_storage.c.obj\x1b[0m\n'}
[27.128725] (Ros2_esp32) StdoutLine: {'line': b'[ 40%] \x1b[32mBuilding C object esp-idf/pthread/CMakeFiles/__idf_pthread.dir/pthread_rwlock.c.obj\x1b[0m\n'}
[27.145173] (-) TimerEvent: {}
[27.245491] (-) TimerEvent: {}
[27.301860] (Ros2_esp32) StdoutLine: {'line': b'[ 41%] \x1b[32m\x1b[1mLinking C static library libpthread.a\x1b[0m\n'}
[27.338929] (Ros2_esp32) StdoutLine: {'line': b'[ 41%] Built target __idf_pthread\n'}
[27.345601] (-) TimerEvent: {}
[27.362973] (Ros2_esp32) StdoutLine: {'line': b'[ 42%] \x1b[32mBuilding C object esp-idf/newlib/CMakeFiles/__idf_newlib.dir/src/abort.c.obj\x1b[0m\n'}
[27.365575] (Ros2_esp32) StdoutLine: {'line': b'[ 42%] \x1b[32mBuilding C object esp-idf/newlib/CMakeFiles/__idf_newlib.dir/src/heap.c.obj\x1b[0m\n'}
[27.366165] (Ros2_esp32) StdoutLine: {'line': b'[ 42%] \x1b[32mBuilding C object esp-idf/newlib/CMakeFiles/__idf_newlib.dir/src/assert.c.obj\x1b[0m\n'}
[27.366679] (Ros2_esp32) StdoutLine: {'line': b'[ 42%] \x1b[32mBuilding C object esp-idf/newlib/CMakeFiles/__idf_newlib.dir/src/pthread.c.obj\x1b[0m\n'}
[27.367184] (Ros2_esp32) StdoutLine: {'line': b'[ 42%] \x1b[32mBuilding C object esp-idf/newlib/CMakeFiles/__idf_newlib.dir/src/getentropy.c.obj\x1b[0m\n'}
[27.367282] (Ros2_esp32) StdoutLine: {'line': b'[ 42%] \x1b[32mBuilding C object esp-idf/newlib/CMakeFiles/__idf_newlib.dir/src/init.c.obj\x1b[0m\n'}
[27.367379] (Ros2_esp32) StdoutLine: {'line': b'[ 42%] \x1b[32mBuilding C object esp-idf/newlib/CMakeFiles/__idf_newlib.dir/src/locks.c.obj\x1b[0m\n'}
[27.367453] (Ros2_esp32) StdoutLine: {'line': b'[ 42%] \x1b[32mBuilding C object esp-idf/newlib/CMakeFiles/__idf_newlib.dir/src/random.c.obj\x1b[0m\n'}
[27.367526] (Ros2_esp32) StdoutLine: {'line': b'[ 42%] \x1b[32mBuilding C object esp-idf/newlib/CMakeFiles/__idf_newlib.dir/src/poll.c.obj\x1b[0m\n'}
[27.367606] (Ros2_esp32) StdoutLine: {'line': b'[ 42%] \x1b[32mBuilding C object esp-idf/newlib/CMakeFiles/__idf_newlib.dir/src/stdatomic.c.obj\x1b[0m\n'}
[27.367687] (Ros2_esp32) StdoutLine: {'line': b'[ 42%] \x1b[32mBuilding C object esp-idf/newlib/CMakeFiles/__idf_newlib.dir/src/time.c.obj\x1b[0m\n'}
[27.367886] (Ros2_esp32) StdoutLine: {'line': b'[ 42%] \x1b[32mBuilding C object esp-idf/newlib/CMakeFiles/__idf_newlib.dir/src/termios.c.obj\x1b[0m\n'}
[27.433004] (Ros2_esp32) StdoutLine: {'line': b'[ 42%] \x1b[32mBuilding C object esp-idf/newlib/CMakeFiles/__idf_newlib.dir/src/sysconf.c.obj\x1b[0m\n'}
[27.436940] (Ros2_esp32) StdoutLine: {'line': b'[ 43%] \x1b[32mBuilding C object esp-idf/newlib/CMakeFiles/__idf_newlib.dir/src/realpath.c.obj\x1b[0m\n'}
[27.439848] (Ros2_esp32) StdoutLine: {'line': b'[ 43%] \x1b[32mBuilding C object esp-idf/newlib/CMakeFiles/__idf_newlib.dir/src/scandir.c.obj\x1b[0m\n'}
[27.440808] (Ros2_esp32) StdoutLine: {'line': b'[ 43%] \x1b[32mBuilding C object esp-idf/newlib/CMakeFiles/__idf_newlib.dir/src/syscalls.c.obj\x1b[0m\n'}
[27.442676] (Ros2_esp32) StdoutLine: {'line': b'[ 43%] \x1b[32mBuilding C object esp-idf/newlib/CMakeFiles/__idf_newlib.dir/src/reent_syscalls.c.obj\x1b[0m\n'}
[27.446082] (-) TimerEvent: {}
[27.448308] (Ros2_esp32) StdoutLine: {'line': b'[ 43%] \x1b[32mBuilding C object esp-idf/newlib/CMakeFiles/__idf_newlib.dir/src/port/esp_time_impl.c.obj\x1b[0m\n'}
[27.452841] (Ros2_esp32) StdoutLine: {'line': b'[ 43%] \x1b[32mBuilding C object esp-idf/newlib/CMakeFiles/__idf_newlib.dir/src/flockfile.c.obj\x1b[0m\n'}
[27.456876] (Ros2_esp32) StdoutLine: {'line': b'[ 43%] \x1b[32mBuilding C object esp-idf/newlib/CMakeFiles/__idf_newlib.dir/src/reent_init.c.obj\x1b[0m\n'}
[27.462462] (Ros2_esp32) StdoutLine: {'line': b'[ 43%] \x1b[32mBuilding C object esp-idf/newlib/CMakeFiles/__idf_newlib.dir/src/newlib_init.c.obj\x1b[0m\n'}
[27.546193] (-) TimerEvent: {}
[27.555018] (Ros2_esp32) StdoutLine: {'line': b'[ 43%] \x1b[32m\x1b[1mLinking C static library libnewlib.a\x1b[0m\n'}
[27.602625] (Ros2_esp32) StdoutLine: {'line': b'[ 43%] Built target __idf_newlib\n'}
[27.612724] (Ros2_esp32) StdoutLine: {'line': b'\x1b[35m\x1b[1mScanning dependencies of target __idf_freertos\x1b[0m\n'}
[27.633171] (Ros2_esp32) StdoutLine: {'line': b'[ 43%] \x1b[32mBuilding C object esp-idf/freertos/CMakeFiles/__idf_freertos.dir/port_common.c.obj\x1b[0m\n'}
[27.633448] (Ros2_esp32) StdoutLine: {'line': b'[ 43%] \x1b[32mBuilding C object esp-idf/freertos/CMakeFiles/__idf_freertos.dir/port_systick.c.obj\x1b[0m\n'}
[27.633525] (Ros2_esp32) StdoutLine: {'line': b'[ 43%] \x1b[32mBuilding C object esp-idf/freertos/CMakeFiles/__idf_freertos.dir/app_startup.c.obj\x1b[0m\n'}
[27.633596] (Ros2_esp32) StdoutLine: {'line': b'[ 43%] \x1b[32mBuilding C object esp-idf/freertos/CMakeFiles/__idf_freertos.dir/FreeRTOS-Kernel/list.c.obj\x1b[0m\n'}
[27.633689] (Ros2_esp32) StdoutLine: {'line': b'[ 43%] \x1b[32mBuilding C object esp-idf/freertos/CMakeFiles/__idf_freertos.dir/heap_idf.c.obj\x1b[0m\n'}
[27.635037] (Ros2_esp32) StdoutLine: {'line': b'[ 43%] \x1b[32mBuilding C object esp-idf/freertos/CMakeFiles/__idf_freertos.dir/FreeRTOS-Kernel/queue.c.obj\x1b[0m\n'}
[27.635123] (Ros2_esp32) StdoutLine: {'line': b'[ 43%] \x1b[32mBuilding C object esp-idf/freertos/CMakeFiles/__idf_freertos.dir/FreeRTOS-Kernel/portable/xtensa/port.c.obj\x1b[0m\n'}
[27.635197] (Ros2_esp32) StdoutLine: {'line': b'[ 43%] \x1b[32mBuilding C object esp-idf/freertos/CMakeFiles/__idf_freertos.dir/FreeRTOS-Kernel/timers.c.obj\x1b[0m\n'}
[27.635253] (Ros2_esp32) StdoutLine: {'line': b'[ 43%] \x1b[32mBuilding C object esp-idf/freertos/CMakeFiles/__idf_freertos.dir/FreeRTOS-Kernel/stream_buffer.c.obj\x1b[0m\n'}
[27.635378] (Ros2_esp32) StdoutLine: {'line': b'[ 44%] \x1b[32mBuilding C object esp-idf/freertos/CMakeFiles/__idf_freertos.dir/FreeRTOS-Kernel/event_groups.c.obj\x1b[0m\n'}
[27.636224] (Ros2_esp32) StdoutLine: {'line': b'[ 44%] \x1b[32mBuilding C object esp-idf/freertos/CMakeFiles/__idf_freertos.dir/FreeRTOS-Kernel/tasks.c.obj\x1b[0m\n'}
[27.637453] (Ros2_esp32) StdoutLine: {'line': b'[ 44%] \x1b[32mBuilding ASM object esp-idf/freertos/CMakeFiles/__idf_freertos.dir/FreeRTOS-Kernel/portable/xtensa/portasm.S.obj\x1b[0m\n'}
[27.648818] (-) TimerEvent: {}
[27.699896] (Ros2_esp32) StdoutLine: {'line': b'[ 44%] \x1b[32mBuilding C object esp-idf/freertos/CMakeFiles/__idf_freertos.dir/FreeRTOS-Kernel/portable/xtensa/xtensa_init.c.obj\x1b[0m\n'}
[27.737051] (Ros2_esp32) StdoutLine: {'line': b'[ 44%] \x1b[32mBuilding C object esp-idf/freertos/CMakeFiles/__idf_freertos.dir/FreeRTOS-Kernel/portable/xtensa/xtensa_overlay_os_hook.c.obj\x1b[0m\n'}
[27.744433] (Ros2_esp32) StdoutLine: {'line': b'[ 44%] \x1b[32mBuilding C object esp-idf/freertos/CMakeFiles/__idf_freertos.dir/esp_additions/freertos_compatibility.c.obj\x1b[0m\n'}
[27.748985] (-) TimerEvent: {}
[27.758109] (Ros2_esp32) StdoutLine: {'line': b'[ 44%] \x1b[32mBuilding C object esp-idf/freertos/CMakeFiles/__idf_freertos.dir/esp_additions/idf_additions_event_groups.c.obj\x1b[0m\n'}
[27.762922] (Ros2_esp32) StdoutLine: {'line': b'[ 44%] \x1b[32mBuilding C object esp-idf/freertos/CMakeFiles/__idf_freertos.dir/esp_additions/idf_additions.c.obj\x1b[0m\n'}
[27.849090] (-) TimerEvent: {}
[27.949417] (-) TimerEvent: {}
[28.049753] (-) TimerEvent: {}
[28.102644] (Ros2_esp32) StdoutLine: {'line': b'[ 44%] \x1b[32m\x1b[1mLinking C static library libfreertos.a\x1b[0m\n'}
[28.149859] (-) TimerEvent: {}
[28.154672] (Ros2_esp32) StdoutLine: {'line': b'[ 44%] Built target __idf_freertos\n'}
[28.179336] (Ros2_esp32) StdoutLine: {'line': b'[ 44%] \x1b[32mBuilding C object esp-idf/esp_hw_support/CMakeFiles/__idf_esp_hw_support.dir/esp_memory_utils.c.obj\x1b[0m\n'}
[28.179972] (Ros2_esp32) StdoutLine: {'line': b'[ 44%] \x1b[32mBuilding C object esp-idf/esp_hw_support/CMakeFiles/__idf_esp_hw_support.dir/port/esp32s3/esp_cpu_intr.c.obj\x1b[0m\n'}
[28.180072] (Ros2_esp32) StdoutLine: {'line': b'[ 44%] \x1b[32mBuilding C object esp-idf/esp_hw_support/CMakeFiles/__idf_esp_hw_support.dir/cpu.c.obj\x1b[0m\n'}
[28.180151] (Ros2_esp32) StdoutLine: {'line': b'[ 44%] \x1b[32mBuilding C object esp-idf/esp_hw_support/CMakeFiles/__idf_esp_hw_support.dir/clk_ctrl_os.c.obj\x1b[0m\n'}
[28.180229] (Ros2_esp32) StdoutLine: {'line': b'[ 44%] \x1b[32mBuilding C object esp-idf/esp_hw_support/CMakeFiles/__idf_esp_hw_support.dir/esp_clk.c.obj\x1b[0m\n'}
[28.180303] (Ros2_esp32) StdoutLine: {'line': b'[ 44%] \x1b[32mBuilding C object esp-idf/esp_hw_support/CMakeFiles/__idf_esp_hw_support.dir/port/esp32s3/cpu_region_protect.c.obj\x1b[0m\n'}
[28.181400] (Ros2_esp32) StdoutLine: {'line': b'[ 44%] \x1b[32mBuilding C object esp-idf/esp_hw_support/CMakeFiles/__idf_esp_hw_support.dir/periph_ctrl.c.obj\x1b[0m\n'}
[28.181645] (Ros2_esp32) StdoutLine: {'line': b'[ 44%] \x1b[32mBuilding C object esp-idf/esp_hw_support/CMakeFiles/__idf_esp_hw_support.dir/hw_random.c.obj\x1b[0m\n'}
[28.185949] (Ros2_esp32) StdoutLine: {'line': b'[ 44%] \x1b[32mBuilding C object esp-idf/esp_hw_support/CMakeFiles/__idf_esp_hw_support.dir/revision.c.obj\x1b[0m\n'}
[28.186205] (Ros2_esp32) StdoutLine: {'line': b'[ 44%] \x1b[32mBuilding C object esp-idf/esp_hw_support/CMakeFiles/__idf_esp_hw_support.dir/rtc_module.c.obj\x1b[0m\n'}
[28.186287] (Ros2_esp32) StdoutLine: {'line': b'[ 44%] \x1b[32mBuilding C object esp-idf/esp_hw_support/CMakeFiles/__idf_esp_hw_support.dir/mac_addr.c.obj\x1b[0m\n'}
[28.186358] (Ros2_esp32) StdoutLine: {'line': b'[ 45%] \x1b[32mBuilding C object esp-idf/esp_hw_support/CMakeFiles/__idf_esp_hw_support.dir/intr_alloc.c.obj\x1b[0m\n'}
[28.241574] (Ros2_esp32) StdoutLine: {'line': b'[ 45%] \x1b[32mBuilding C object esp-idf/esp_hw_support/CMakeFiles/__idf_esp_hw_support.dir/regi2c_ctrl.c.obj\x1b[0m\n'}
[28.241921] (Ros2_esp32) StdoutLine: {'line': b'[ 45%] \x1b[32mBuilding C object esp-idf/esp_hw_support/CMakeFiles/__idf_esp_hw_support.dir/esp_gpio_reserve.c.obj\x1b[0m\n'}
[28.245585] (Ros2_esp32) StdoutLine: {'line': b'[ 45%] \x1b[32mBuilding C object esp-idf/esp_hw_support/CMakeFiles/__idf_esp_hw_support.dir/sar_periph_ctrl_common.c.obj\x1b[0m\n'}
[28.250012] (-) TimerEvent: {}
[28.267150] (Ros2_esp32) StdoutLine: {'line': b'[ 45%] \x1b[32mBuilding C object esp-idf/esp_hw_support/CMakeFiles/__idf_esp_hw_support.dir/port/esp32s3/io_mux.c.obj\x1b[0m\n'}
[28.271848] (Ros2_esp32) StdoutLine: {'line': b'[ 45%] \x1b[32mBuilding C object esp-idf/esp_hw_support/CMakeFiles/__idf_esp_hw_support.dir/port/esp32s3/esp_clk_tree.c.obj\x1b[0m\n'}
[28.302839] (Ros2_esp32) StdoutLine: {'line': b'[ 45%] \x1b[32mBuilding C object esp-idf/esp_hw_support/CMakeFiles/__idf_esp_hw_support.dir/dma/esp_dma_utils.c.obj\x1b[0m\n'}
[28.325950] (Ros2_esp32) StdoutLine: {'line': b'[ 45%] \x1b[32mBuilding C object esp-idf/esp_hw_support/CMakeFiles/__idf_esp_hw_support.dir/spi_bus_lock.c.obj\x1b[0m\n'}
[28.326258] (Ros2_esp32) StdoutLine: {'line': b'[ 46%] \x1b[32mBuilding C object esp-idf/esp_hw_support/CMakeFiles/__idf_esp_hw_support.dir/dma/gdma_link.c.obj\x1b[0m\n'}
[28.333540] (Ros2_esp32) StdoutLine: {'line': b'[ 46%] \x1b[32mBuilding C object esp-idf/esp_hw_support/CMakeFiles/__idf_esp_hw_support.dir/clk_utils.c.obj\x1b[0m\n'}
[28.335436] (Ros2_esp32) StdoutLine: {'line': b'[ 46%] \x1b[32mBuilding C object esp-idf/esp_hw_support/CMakeFiles/__idf_esp_hw_support.dir/port/esp_clk_tree_common.c.obj\x1b[0m\n'}
[28.345012] (Ros2_esp32) StdoutLine: {'line': b'[ 46%] \x1b[32mBuilding C object esp-idf/esp_hw_support/CMakeFiles/__idf_esp_hw_support.dir/spi_share_hw_ctrl.c.obj\x1b[0m\n'}
[28.351824] (-) TimerEvent: {}
[28.400016] (Ros2_esp32) StdoutLine: {'line': b'[ 46%] \x1b[32mBuilding C object esp-idf/esp_hw_support/CMakeFiles/__idf_esp_hw_support.dir/adc_share_hw_ctrl.c.obj\x1b[0m\n'}
[28.408344] (Ros2_esp32) StdoutLine: {'line': b'[ 46%] \x1b[32mBuilding C object esp-idf/esp_hw_support/CMakeFiles/__idf_esp_hw_support.dir/sleep_modem.c.obj\x1b[0m\n'}
[28.416370] (Ros2_esp32) StdoutLine: {'line': b'[ 46%] \x1b[32mBuilding C object esp-idf/esp_hw_support/CMakeFiles/__idf_esp_hw_support.dir/sleep_modes.c.obj\x1b[0m\n'}
[28.418988] (Ros2_esp32) StdoutLine: {'line': b'[ 46%] \x1b[32mBuilding C object esp-idf/esp_hw_support/CMakeFiles/__idf_esp_hw_support.dir/sleep_console.c.obj\x1b[0m\n'}
[28.442196] (Ros2_esp32) StdoutLine: {'line': b'[ 46%] \x1b[32mBuilding C object esp-idf/esp_hw_support/CMakeFiles/__idf_esp_hw_support.dir/sleep_mspi.c.obj\x1b[0m\n'}
[28.452627] (-) TimerEvent: {}
[28.455381] (Ros2_esp32) StdoutLine: {'line': b'[ 47%] \x1b[32mBuilding C object esp-idf/esp_hw_support/CMakeFiles/__idf_esp_hw_support.dir/sleep_usb.c.obj\x1b[0m\n'}
[28.470568] (Ros2_esp32) StdoutLine: {'line': b'[ 47%] \x1b[32mBuilding C object esp-idf/esp_hw_support/CMakeFiles/__idf_esp_hw_support.dir/sleep_gpio.c.obj\x1b[0m\n'}
[28.490015] (Ros2_esp32) StdoutLine: {'line': b'[ 47%] \x1b[32mBuilding C object esp-idf/esp_hw_support/CMakeFiles/__idf_esp_hw_support.dir/sleep_event.c.obj\x1b[0m\n'}
[28.500435] (Ros2_esp32) StdoutLine: {'line': b'[ 47%] \x1b[32mBuilding C object esp-idf/esp_hw_support/CMakeFiles/__idf_esp_hw_support.dir/dma/gdma.c.obj\x1b[0m\n'}
[28.500785] (Ros2_esp32) StdoutLine: {'line': b'[ 47%] \x1b[32mBuilding C object esp-idf/esp_hw_support/CMakeFiles/__idf_esp_hw_support.dir/deprecated/gdma_legacy.c.obj\x1b[0m\n'}
[28.516811] (Ros2_esp32) StdoutLine: {'line': b'[ 47%] \x1b[32mBuilding C object esp-idf/esp_hw_support/CMakeFiles/__idf_esp_hw_support.dir/dma/esp_async_memcpy.c.obj\x1b[0m\n'}
[28.517219] (Ros2_esp32) StdoutLine: {'line': b'[ 47%] \x1b[32mBuilding C object esp-idf/esp_hw_support/CMakeFiles/__idf_esp_hw_support.dir/dma/async_memcpy_gdma.c.obj\x1b[0m\n'}
[28.536826] (Ros2_esp32) StdoutLine: {'line': b'[ 47%] \x1b[32mBuilding C object esp-idf/esp_hw_support/CMakeFiles/__idf_esp_hw_support.dir/mspi_timing_tuning/mspi_timing_tuning.c.obj\x1b[0m\n'}
[28.539985] (Ros2_esp32) StdoutLine: {'line': b'[ 47%] \x1b[32mBuilding C object esp-idf/esp_hw_support/CMakeFiles/__idf_esp_hw_support.dir/port/esp32s3/systimer.c.obj\x1b[0m\n'}
[28.541389] (Ros2_esp32) StdoutLine: {'line': b'[ 47%] \x1b[32mBuilding C object esp-idf/esp_hw_support/CMakeFiles/__idf_esp_hw_support.dir/sleep_wake_stub.c.obj\x1b[0m\n'}
[28.553831] (-) TimerEvent: {}
[28.595379] (Ros2_esp32) StdoutLine: {'line': b'[ 47%] \x1b[32mBuilding C object esp-idf/esp_hw_support/CMakeFiles/__idf_esp_hw_support.dir/esp_clock_output.c.obj\x1b[0m\n'}
[28.603855] (Ros2_esp32) StdoutLine: {'line': b'[ 48%] \x1b[32mBuilding C object esp-idf/esp_hw_support/CMakeFiles/__idf_esp_hw_support.dir/power_supply/brownout.c.obj\x1b[0m\n'}
[28.607489] (Ros2_esp32) StdoutLine: {'line': b'[ 48%] \x1b[32mBuilding C object esp-idf/esp_hw_support/CMakeFiles/__idf_esp_hw_support.dir/port/esp32s3/rtc_clk.c.obj\x1b[0m\n'}
[28.608150] (Ros2_esp32) StdoutLine: {'line': b'[ 48%] \x1b[32mBuilding C object esp-idf/esp_hw_support/CMakeFiles/__idf_esp_hw_support.dir/port/esp32s3/rtc_clk_init.c.obj\x1b[0m\n'}
[28.610891] (Ros2_esp32) StdoutLine: {'line': b'[ 48%] \x1b[32mBuilding C object esp-idf/esp_hw_support/CMakeFiles/__idf_esp_hw_support.dir/port/esp32s3/rtc_init.c.obj\x1b[0m\n'}
[28.654079] (-) TimerEvent: {}
[28.679965] (Ros2_esp32) StdoutLine: {'line': b'[ 48%] \x1b[32mBuilding C object esp-idf/esp_hw_support/CMakeFiles/__idf_esp_hw_support.dir/port/esp32s3/rtc_sleep.c.obj\x1b[0m\n'}
[28.686588] (Ros2_esp32) StdoutLine: {'line': b'[ 48%] \x1b[32mBuilding C object esp-idf/esp_hw_support/CMakeFiles/__idf_esp_hw_support.dir/port/esp32s3/rtc_time.c.obj\x1b[0m\n'}
[28.695950] (Ros2_esp32) StdoutLine: {'line': b'[ 48%] \x1b[32mBuilding C object esp-idf/esp_hw_support/CMakeFiles/__idf_esp_hw_support.dir/port/esp32s3/chip_info.c.obj\x1b[0m\n'}
[28.700902] (Ros2_esp32) StdoutLine: {'line': b'[ 48%] \x1b[32mBuilding C object esp-idf/esp_hw_support/CMakeFiles/__idf_esp_hw_support.dir/port/esp32s3/sar_periph_ctrl.c.obj\x1b[0m\n'}
[28.748877] (Ros2_esp32) StdoutLine: {'line': b'[ 48%] \x1b[32mBuilding C object esp-idf/esp_hw_support/CMakeFiles/__idf_esp_hw_support.dir/port/esp32s3/esp_memprot.c.obj\x1b[0m\n'}
[28.754228] (-) TimerEvent: {}
[28.782480] (Ros2_esp32) StdoutLine: {'line': b'[ 48%] \x1b[32mBuilding C object esp-idf/esp_hw_support/CMakeFiles/__idf_esp_hw_support.dir/port/esp_memprot_conv.c.obj\x1b[0m\n'}
[28.785801] (Ros2_esp32) StdoutLine: {'line': b'[ 48%] \x1b[32mBuilding C object esp-idf/esp_hw_support/CMakeFiles/__idf_esp_hw_support.dir/mspi_timing_tuning/port/esp32s3/mspi_timing_config.c.obj\x1b[0m\n'}
[28.787893] (Ros2_esp32) StdoutLine: {'line': b'[ 50%] \x1b[32mBuilding C object esp-idf/esp_hw_support/CMakeFiles/__idf_esp_hw_support.dir/mspi_timing_tuning/port/esp32s3/mspi_timing_by_mspi_delay.c.obj\x1b[0m\n'}
[28.788255] (Ros2_esp32) StdoutLine: {'line': b'[ 50%] \x1b[32mBuilding C object esp-idf/esp_hw_support/CMakeFiles/__idf_esp_hw_support.dir/lowpower/port/esp32s3/sleep_cpu.c.obj\x1b[0m\n'}
[28.854443] (-) TimerEvent: {}
[28.954864] (-) TimerEvent: {}
[29.055145] (-) TimerEvent: {}
[29.155474] (-) TimerEvent: {}
[29.183972] (Ros2_esp32) StdoutLine: {'line': b'[ 50%] \x1b[32m\x1b[1mLinking C static library libesp_hw_support.a\x1b[0m\n'}
[29.255605] (-) TimerEvent: {}
[29.272201] (Ros2_esp32) StdoutLine: {'line': b'[ 50%] Built target __idf_esp_hw_support\n'}
[29.295171] (Ros2_esp32) StdoutLine: {'line': b'[ 50%] \x1b[32mBuilding C object esp-idf/esp_security/CMakeFiles/__idf_esp_security.dir/src/esp_hmac.c.obj\x1b[0m\n'}
[29.295505] (Ros2_esp32) StdoutLine: {'line': b'[ 50%] \x1b[32mBuilding C object esp-idf/esp_security/CMakeFiles/__idf_esp_security.dir/src/esp_crypto_lock.c.obj\x1b[0m\n'}
[29.295691] (Ros2_esp32) StdoutLine: {'line': b'[ 50%] \x1b[32mBuilding C object esp-idf/esp_security/CMakeFiles/__idf_esp_security.dir/src/init.c.obj\x1b[0m\n'}
[29.295841] (Ros2_esp32) StdoutLine: {'line': b'[ 50%] \x1b[32mBuilding C object esp-idf/esp_security/CMakeFiles/__idf_esp_security.dir/src/esp_ds.c.obj\x1b[0m\n'}
[29.296524] (Ros2_esp32) StdoutLine: {'line': b'[ 50%] \x1b[32mBuilding C object esp-idf/esp_security/CMakeFiles/__idf_esp_security.dir/src/esp_crypto_periph_clk.c.obj\x1b[0m\n'}
[29.355753] (-) TimerEvent: {}
[29.426516] (Ros2_esp32) StdoutLine: {'line': b'[ 50%] \x1b[32m\x1b[1mLinking C static library libesp_security.a\x1b[0m\n'}
[29.455894] (-) TimerEvent: {}
[29.472817] (Ros2_esp32) StdoutLine: {'line': b'[ 50%] Built target __idf_esp_security\n'}
[29.501079] (Ros2_esp32) StdoutLine: {'line': b'[ 50%] \x1b[32mBuilding C object esp-idf/soc/CMakeFiles/__idf_soc.dir/dport_access_common.c.obj\x1b[0m\n'}
[29.501363] (Ros2_esp32) StdoutLine: {'line': b'[ 50%] \x1b[32mBuilding C object esp-idf/soc/CMakeFiles/__idf_soc.dir/esp32s3/interrupts.c.obj\x1b[0m\n'}
[29.501441] (Ros2_esp32) StdoutLine: {'line': b'[ 50%] \x1b[32mBuilding C object esp-idf/soc/CMakeFiles/__idf_soc.dir/esp32s3/gpio_periph.c.obj\x1b[0m\n'}
[29.502619] (Ros2_esp32) StdoutLine: {'line': b'[ 50%] \x1b[32mBuilding C object esp-idf/soc/CMakeFiles/__idf_soc.dir/esp32s3/dedic_gpio_periph.c.obj\x1b[0m\n'}
[29.503798] (Ros2_esp32) StdoutLine: {'line': b'[ 50%] \x1b[32mBuilding C object esp-idf/soc/CMakeFiles/__idf_soc.dir/lldesc.c.obj\x1b[0m\n'}
[29.504533] (Ros2_esp32) StdoutLine: {'line': b'[ 50%] \x1b[32mBuilding C object esp-idf/soc/CMakeFiles/__idf_soc.dir/esp32s3/uart_periph.c.obj\x1b[0m\n'}
[29.505144] (Ros2_esp32) StdoutLine: {'line': b'[ 50%] \x1b[32mBuilding C object esp-idf/soc/CMakeFiles/__idf_soc.dir/esp32s3/adc_periph.c.obj\x1b[0m\n'}
[29.505939] (Ros2_esp32) StdoutLine: {'line': b'[ 50%] \x1b[32mBuilding C object esp-idf/soc/CMakeFiles/__idf_soc.dir/esp32s3/spi_periph.c.obj\x1b[0m\n'}
[29.508800] (Ros2_esp32) StdoutLine: {'line': b'[ 50%] \x1b[32mBuilding C object esp-idf/soc/CMakeFiles/__idf_soc.dir/esp32s3/gdma_periph.c.obj\x1b[0m\n'}
[29.511556] (Ros2_esp32) StdoutLine: {'line': b'[ 51%] \x1b[32mBuilding C object esp-idf/soc/CMakeFiles/__idf_soc.dir/esp32s3/ledc_periph.c.obj\x1b[0m\n'}
[29.517908] (Ros2_esp32) StdoutLine: {'line': b'[ 51%] \x1b[32mBuilding C object esp-idf/soc/CMakeFiles/__idf_soc.dir/esp32s3/pcnt_periph.c.obj\x1b[0m\n'}
[29.518643] (Ros2_esp32) StdoutLine: {'line': b'[ 51%] \x1b[32mBuilding C object esp-idf/soc/CMakeFiles/__idf_soc.dir/esp32s3/rmt_periph.c.obj\x1b[0m\n'}
[29.556645] (-) TimerEvent: {}
[29.566600] (Ros2_esp32) StdoutLine: {'line': b'[ 51%] \x1b[32mBuilding C object esp-idf/soc/CMakeFiles/__idf_soc.dir/esp32s3/i2s_periph.c.obj\x1b[0m\n'}
[29.569586] (Ros2_esp32) StdoutLine: {'line': b'[ 51%] \x1b[32mBuilding C object esp-idf/soc/CMakeFiles/__idf_soc.dir/esp32s3/sdm_periph.c.obj\x1b[0m\n'}
[29.573680] (Ros2_esp32) StdoutLine: {'line': b'[ 51%] \x1b[32mBuilding C object esp-idf/soc/CMakeFiles/__idf_soc.dir/esp32s3/i2c_periph.c.obj\x1b[0m\n'}
[29.575061] (Ros2_esp32) StdoutLine: {'line': b'[ 51%] \x1b[32mBuilding C object esp-idf/soc/CMakeFiles/__idf_soc.dir/esp32s3/temperature_sensor_periph.c.obj\x1b[0m\n'}
[29.581447] (Ros2_esp32) StdoutLine: {'line': b'[ 51%] \x1b[32mBuilding C object esp-idf/soc/CMakeFiles/__idf_soc.dir/esp32s3/timer_periph.c.obj\x1b[0m\n'}
[29.588861] (Ros2_esp32) StdoutLine: {'line': b'[ 51%] \x1b[32mBuilding C object esp-idf/soc/CMakeFiles/__idf_soc.dir/esp32s3/lcd_periph.c.obj\x1b[0m\n'}
[29.590264] (Ros2_esp32) StdoutLine: {'line': b'[ 51%] \x1b[32mBuilding C object esp-idf/soc/CMakeFiles/__idf_soc.dir/esp32s3/mpi_periph.c.obj\x1b[0m\n'}
[29.598428] (Ros2_esp32) StdoutLine: {'line': b'[ 51%] \x1b[32mBuilding C object esp-idf/soc/CMakeFiles/__idf_soc.dir/esp32s3/mcpwm_periph.c.obj\x1b[0m\n'}
[29.601479] (Ros2_esp32) StdoutLine: {'line': b'[ 51%] \x1b[32mBuilding C object esp-idf/soc/CMakeFiles/__idf_soc.dir/esp32s3/touch_sensor_periph.c.obj\x1b[0m\n'}
[29.605331] (Ros2_esp32) StdoutLine: {'line': b'[ 52%] \x1b[32mBuilding C object esp-idf/soc/CMakeFiles/__idf_soc.dir/esp32s3/sdmmc_periph.c.obj\x1b[0m\n'}
[29.605649] (Ros2_esp32) StdoutLine: {'line': b'[ 52%] \x1b[32mBuilding C object esp-idf/soc/CMakeFiles/__idf_soc.dir/esp32s3/twai_periph.c.obj\x1b[0m\n'}
[29.617260] (Ros2_esp32) StdoutLine: {'line': b'[ 52%] \x1b[32mBuilding C object esp-idf/soc/CMakeFiles/__idf_soc.dir/esp32s3/wdt_periph.c.obj\x1b[0m\n'}
[29.629607] (Ros2_esp32) StdoutLine: {'line': b'[ 52%] \x1b[32mBuilding C object esp-idf/soc/CMakeFiles/__idf_soc.dir/esp32s3/usb_dwc_periph.c.obj\x1b[0m\n'}
[29.641193] (Ros2_esp32) StdoutLine: {'line': b'[ 52%] \x1b[32mBuilding C object esp-idf/soc/CMakeFiles/__idf_soc.dir/esp32s3/rtc_io_periph.c.obj\x1b[0m\n'}
[29.646384] (Ros2_esp32) StdoutLine: {'line': b'[ 52%] \x1b[32mBuilding C object esp-idf/soc/CMakeFiles/__idf_soc.dir/esp32s3/cam_periph.c.obj\x1b[0m\n'}
[29.650644] (Ros2_esp32) StdoutLine: {'line': b'[ 52%] \x1b[32mBuilding C object esp-idf/soc/CMakeFiles/__idf_soc.dir/esp32s3/power_supply_periph.c.obj\x1b[0m\n'}
[29.656873] (-) TimerEvent: {}
[29.695930] (Ros2_esp32) StdoutLine: {'line': b'[ 52%] \x1b[32m\x1b[1mLinking C static library libsoc.a\x1b[0m\n'}
[29.749387] (Ros2_esp32) StdoutLine: {'line': b'[ 52%] Built target __idf_soc\n'}
[29.757004] (-) TimerEvent: {}
[29.772513] (Ros2_esp32) StdoutLine: {'line': b'[ 52%] \x1b[32mBuilding C object esp-idf/heap/CMakeFiles/__idf_heap.dir/heap_caps_base.c.obj\x1b[0m\n'}
[29.772818] (Ros2_esp32) StdoutLine: {'line': b'[ 52%] \x1b[32mBuilding C object esp-idf/heap/CMakeFiles/__idf_heap.dir/heap_caps_init.c.obj\x1b[0m\n'}
[29.775004] (Ros2_esp32) StdoutLine: {'line': b'[ 52%] \x1b[32mBuilding C object esp-idf/heap/CMakeFiles/__idf_heap.dir/multi_heap.c.obj\x1b[0m\n'}
[29.775298] (Ros2_esp32) StdoutLine: {'line': b'[ 52%] \x1b[32mBuilding C object esp-idf/heap/CMakeFiles/__idf_heap.dir/heap_caps.c.obj\x1b[0m\n'}
[29.775401] (Ros2_esp32) StdoutLine: {'line': b'[ 52%] \x1b[32mBuilding C object esp-idf/heap/CMakeFiles/__idf_heap.dir/tlsf/tlsf.c.obj\x1b[0m\n'}
[29.775473] (Ros2_esp32) StdoutLine: {'line': b'[ 52%] \x1b[32mBuilding C object esp-idf/heap/CMakeFiles/__idf_heap.dir/port/memory_layout_utils.c.obj\x1b[0m\n'}
[29.779150] (Ros2_esp32) StdoutLine: {'line': b'[ 52%] \x1b[32mBuilding C object esp-idf/heap/CMakeFiles/__idf_heap.dir/port/esp32s3/memory_layout.c.obj\x1b[0m\n'}
[29.857152] (-) TimerEvent: {}
[29.957510] (-) TimerEvent: {}
[30.024975] (<colcon_parallel_executor.executor.parallel.ParallelExecutorExtension object at 0x790d1efdf8b0>) ParallelStatus: {'processing': ('Ros2_esp32',)}
[30.057619] (-) TimerEvent: {}
[30.129502] (Ros2_esp32) StdoutLine: {'line': b'[ 52%] \x1b[32m\x1b[1mLinking C static library libheap.a\x1b[0m\n'}
[30.157754] (-) TimerEvent: {}
[30.176288] (Ros2_esp32) StdoutLine: {'line': b'[ 52%] Built target __idf_heap\n'}
[30.200905] (Ros2_esp32) StdoutLine: {'line': b'[ 52%] \x1b[32mBuilding C object esp-idf/log/CMakeFiles/__idf_log.dir/src/os/log_timestamp.c.obj\x1b[0m\n'}
[30.201207] (Ros2_esp32) StdoutLine: {'line': b'[ 52%] \x1b[32mBuilding C object esp-idf/log/CMakeFiles/__idf_log.dir/src/buffer/log_buffers.c.obj\x1b[0m\n'}
[30.201349] (Ros2_esp32) StdoutLine: {'line': b'[ 52%] \x1b[32mBuilding C object esp-idf/log/CMakeFiles/__idf_log.dir/src/os/log_lock.c.obj\x1b[0m\n'}
[30.202332] (Ros2_esp32) StdoutLine: {'line': b'[ 52%] \x1b[32mBuilding C object esp-idf/log/CMakeFiles/__idf_log.dir/src/log_level/log_level.c.obj\x1b[0m\n'}
[30.203208] (Ros2_esp32) StdoutLine: {'line': b'[ 52%] \x1b[32mBuilding C object esp-idf/log/CMakeFiles/__idf_log.dir/src/os/util.c.obj\x1b[0m\n'}
[30.203489] (Ros2_esp32) StdoutLine: {'line': b'[ 52%] \x1b[32mBuilding C object esp-idf/log/CMakeFiles/__idf_log.dir/src/os/log_write.c.obj\x1b[0m\n'}
[30.203564] (Ros2_esp32) StdoutLine: {'line': b'[ 52%] \x1b[32mBuilding C object esp-idf/log/CMakeFiles/__idf_log.dir/src/log.c.obj\x1b[0m\n'}
[30.203632] (Ros2_esp32) StdoutLine: {'line': b'[ 52%] \x1b[32mBuilding C object esp-idf/log/CMakeFiles/__idf_log.dir/src/log_format_text.c.obj\x1b[0m\n'}
[30.203962] (Ros2_esp32) StdoutLine: {'line': b'[ 53%] \x1b[32mBuilding C object esp-idf/log/CMakeFiles/__idf_log.dir/src/log_print.c.obj\x1b[0m\n'}
[30.204048] (Ros2_esp32) StdoutLine: {'line': b'[ 53%] \x1b[32mBuilding C object esp-idf/log/CMakeFiles/__idf_log.dir/src/log_timestamp_common.c.obj\x1b[0m\n'}
[30.204104] (Ros2_esp32) StdoutLine: {'line': b'[ 53%] \x1b[32mBuilding C object esp-idf/log/CMakeFiles/__idf_log.dir/src/util.c.obj\x1b[0m\n'}
[30.204956] (Ros2_esp32) StdoutLine: {'line': b'[ 53%] \x1b[32mBuilding C object esp-idf/log/CMakeFiles/__idf_log.dir/src/log_level/tag_log_level/tag_log_level.c.obj\x1b[0m\n'}
[30.257918] (-) TimerEvent: {}
[30.259871] (Ros2_esp32) StdoutLine: {'line': b'[ 53%] \x1b[32mBuilding C object esp-idf/log/CMakeFiles/__idf_log.dir/src/log_level/tag_log_level/linked_list/log_linked_list.c.obj\x1b[0m\n'}
[30.263945] (Ros2_esp32) StdoutLine: {'line': b'[ 53%] \x1b[32mBuilding C object esp-idf/log/CMakeFiles/__idf_log.dir/src/log_level/tag_log_level/cache/log_binary_heap.c.obj\x1b[0m\n'}
[30.326321] (Ros2_esp32) StdoutLine: {'line': b'[ 53%] \x1b[32m\x1b[1mLinking C static library liblog.a\x1b[0m\n'}
[30.358015] (-) TimerEvent: {}
[30.369496] (Ros2_esp32) StdoutLine: {'line': b'[ 53%] Built target __idf_log\n'}
[30.394896] (Ros2_esp32) StdoutLine: {'line': b'[ 54%] \x1b[32mBuilding C object esp-idf/hal/CMakeFiles/__idf_hal.dir/mpu_hal.c.obj\x1b[0m\n'}
[30.395253] (Ros2_esp32) StdoutLine: {'line': b'[ 54%] \x1b[32mBuilding C object esp-idf/hal/CMakeFiles/__idf_hal.dir/esp32s3/efuse_hal.c.obj\x1b[0m\n'}
[30.397122] (Ros2_esp32) StdoutLine: {'line': b'[ 54%] \x1b[32mBuilding C object esp-idf/hal/CMakeFiles/__idf_hal.dir/hal_utils.c.obj\x1b[0m\n'}
[30.397427] (Ros2_esp32) StdoutLine: {'line': b'[ 54%] \x1b[32mBuilding C object esp-idf/hal/CMakeFiles/__idf_hal.dir/efuse_hal.c.obj\x1b[0m\n'}
[30.397506] (Ros2_esp32) StdoutLine: {'line': b'[ 54%] \x1b[32mBuilding C object esp-idf/hal/CMakeFiles/__idf_hal.dir/cache_hal.c.obj\x1b[0m\n'}
[30.397581] (Ros2_esp32) StdoutLine: {'line': b'[ 54%] \x1b[32mBuilding C object esp-idf/hal/CMakeFiles/__idf_hal.dir/mmu_hal.c.obj\x1b[0m\n'}
[30.397658] (Ros2_esp32) StdoutLine: {'line': b'[ 54%] \x1b[32mBuilding C object esp-idf/hal/CMakeFiles/__idf_hal.dir/esp32s3/clk_tree_hal.c.obj\x1b[0m\n'}
[30.398157] (Ros2_esp32) StdoutLine: {'line': b'[ 54%] \x1b[32mBuilding C object esp-idf/hal/CMakeFiles/__idf_hal.dir/spi_flash_hal.c.obj\x1b[0m\n'}
[30.399013] (Ros2_esp32) StdoutLine: {'line': b'[ 54%] \x1b[32mBuilding C object esp-idf/hal/CMakeFiles/__idf_hal.dir/color_hal.c.obj\x1b[0m\n'}
[30.399341] (Ros2_esp32) StdoutLine: {'line': b'[ 54%] \x1b[32mBuilding C object esp-idf/hal/CMakeFiles/__idf_hal.dir/systimer_hal.c.obj\x1b[0m\n'}
[30.399421] (Ros2_esp32) StdoutLine: {'line': b'[ 54%] \x1b[32mBuilding C object esp-idf/hal/CMakeFiles/__idf_hal.dir/spi_flash_encrypt_hal_iram.c.obj\x1b[0m\n'}
[30.400433] (Ros2_esp32) StdoutLine: {'line': b'[ 54%] \x1b[32mBuilding C object esp-idf/hal/CMakeFiles/__idf_hal.dir/spi_flash_hal_iram.c.obj\x1b[0m\n'}
[30.459845] (-) TimerEvent: {}
[30.475572] (Ros2_esp32) StdoutLine: {'line': b'[ 55%] \x1b[32mBuilding C object esp-idf/hal/CMakeFiles/__idf_hal.dir/uart_hal.c.obj\x1b[0m\n'}
[30.478252] (Ros2_esp32) StdoutLine: {'line': b'[ 55%] \x1b[32mBuilding C object esp-idf/hal/CMakeFiles/__idf_hal.dir/gpio_hal.c.obj\x1b[0m\n'}
[30.483661] (Ros2_esp32) StdoutLine: {'line': b'[ 55%] \x1b[32mBuilding C object esp-idf/hal/CMakeFiles/__idf_hal.dir/uart_hal_iram.c.obj\x1b[0m\n'}
[30.494215] (Ros2_esp32) StdoutLine: {'line': b'[ 55%] \x1b[32mBuilding C object esp-idf/hal/CMakeFiles/__idf_hal.dir/timer_hal.c.obj\x1b[0m\n'}
[30.494918] (Ros2_esp32) StdoutLine: {'line': b'[ 55%] \x1b[32mBuilding C object esp-idf/hal/CMakeFiles/__idf_hal.dir/rtc_io_hal.c.obj\x1b[0m\n'}
[30.527800] (Ros2_esp32) StdoutLine: {'line': b'[ 55%] \x1b[32mBuilding C object esp-idf/hal/CMakeFiles/__idf_hal.dir/ledc_hal.c.obj\x1b[0m\n'}
[30.528475] (Ros2_esp32) StdoutLine: {'line': b'[ 55%] \x1b[32mBuilding C object esp-idf/hal/CMakeFiles/__idf_hal.dir/ledc_hal_iram.c.obj\x1b[0m\n'}
[30.544771] (Ros2_esp32) StdoutLine: {'line': b'[ 55%] \x1b[32mBuilding C object esp-idf/hal/CMakeFiles/__idf_hal.dir/i2c_hal_iram.c.obj\x1b[0m\n'}
[30.545134] (Ros2_esp32) StdoutLine: {'line': b'[ 55%] \x1b[32mBuilding C object esp-idf/hal/CMakeFiles/__idf_hal.dir/i2c_hal.c.obj\x1b[0m\n'}
[30.561405] (-) TimerEvent: {}
[30.578466] (Ros2_esp32) StdoutLine: {'line': b'[ 55%] \x1b[32mBuilding C object esp-idf/hal/CMakeFiles/__idf_hal.dir/rmt_hal.c.obj\x1b[0m\n'}
[30.592560] (Ros2_esp32) StdoutLine: {'line': b'[ 55%] \x1b[32mBuilding C object esp-idf/hal/CMakeFiles/__idf_hal.dir/pcnt_hal.c.obj\x1b[0m\n'}
[30.608205] (Ros2_esp32) StdoutLine: {'line': b'[ 56%] \x1b[32mBuilding C object esp-idf/hal/CMakeFiles/__idf_hal.dir/mcpwm_hal.c.obj\x1b[0m\n'}
[30.608755] (Ros2_esp32) StdoutLine: {'line': b'[ 56%] \x1b[32mBuilding C object esp-idf/hal/CMakeFiles/__idf_hal.dir/uhci_hal.c.obj\x1b[0m\n'}
[30.612845] (Ros2_esp32) StdoutLine: {'line': b'[ 56%] \x1b[32mBuilding C object esp-idf/hal/CMakeFiles/__idf_hal.dir/twai_hal_v1.c.obj\x1b[0m\n'}
[30.626636] (Ros2_esp32) StdoutLine: {'line': b'[ 56%] \x1b[32mBuilding C object esp-idf/hal/CMakeFiles/__idf_hal.dir/gdma_hal_top.c.obj\x1b[0m\n'}
[30.639468] (Ros2_esp32) StdoutLine: {'line': b'[ 56%] \x1b[32mBuilding C object esp-idf/hal/CMakeFiles/__idf_hal.dir/gdma_hal_ahb_v1.c.obj\x1b[0m\n'}
[30.641347] (Ros2_esp32) StdoutLine: {'line': b'[ 56%] \x1b[32mBuilding C object esp-idf/hal/CMakeFiles/__idf_hal.dir/sdm_hal.c.obj\x1b[0m\n'}
[30.641810] (Ros2_esp32) StdoutLine: {'line': b'[ 56%] \x1b[32mBuilding C object esp-idf/hal/CMakeFiles/__idf_hal.dir/i2s_hal.c.obj\x1b[0m\n'}
[30.660741] (Ros2_esp32) StdoutLine: {'line': b'[ 56%] \x1b[32mBuilding C object esp-idf/hal/CMakeFiles/__idf_hal.dir/sdmmc_hal.c.obj\x1b[0m\n'}
[30.661890] (-) TimerEvent: {}
[30.667277] (Ros2_esp32) StdoutLine: {'line': b'[ 56%] \x1b[32mBuilding C object esp-idf/hal/CMakeFiles/__idf_hal.dir/adc_hal_common.c.obj\x1b[0m\n'}
[30.684850] (Ros2_esp32) StdoutLine: {'line': b'[ 56%] \x1b[32mBuilding C object esp-idf/hal/CMakeFiles/__idf_hal.dir/adc_oneshot_hal.c.obj\x1b[0m\n'}
[30.700813] (Ros2_esp32) StdoutLine: {'line': b'[ 56%] \x1b[32mBuilding C object esp-idf/hal/CMakeFiles/__idf_hal.dir/adc_hal.c.obj\x1b[0m\n'}
[30.710803] (Ros2_esp32) StdoutLine: {'line': b'[ 57%] \x1b[32mBuilding C object esp-idf/hal/CMakeFiles/__idf_hal.dir/lcd_hal.c.obj\x1b[0m\n'}
[30.717565] (Ros2_esp32) StdoutLine: {'line': b'[ 57%] \x1b[32mBuilding C object esp-idf/hal/CMakeFiles/__idf_hal.dir/mpi_hal.c.obj\x1b[0m\n'}
[30.730266] (Ros2_esp32) StdoutLine: {'line': b'[ 57%] \x1b[32mBuilding C object esp-idf/hal/CMakeFiles/__idf_hal.dir/sha_hal.c.obj\x1b[0m\n'}
[30.739001] (Ros2_esp32) StdoutLine: {'line': b'[ 57%] \x1b[32mBuilding C object esp-idf/hal/CMakeFiles/__idf_hal.dir/aes_hal.c.obj\x1b[0m\n'}
[30.757502] (Ros2_esp32) StdoutLine: {'line': b'[ 57%] \x1b[32mBuilding C object esp-idf/hal/CMakeFiles/__idf_hal.dir/spi_hal.c.obj\x1b[0m\n'}
[30.764823] (-) TimerEvent: {}
[30.769854] (Ros2_esp32) StdoutLine: {'line': b'[ 57%] \x1b[32mBuilding C object esp-idf/hal/CMakeFiles/__idf_hal.dir/brownout_hal.c.obj\x1b[0m\n'}
[30.821405] (Ros2_esp32) StdoutLine: {'line': b'[ 57%] \x1b[32mBuilding C object esp-idf/hal/CMakeFiles/__idf_hal.dir/spi_hal_iram.c.obj\x1b[0m\n'}
[30.853648] (Ros2_esp32) StdoutLine: {'line': b'[ 57%] \x1b[32mBuilding C object esp-idf/hal/CMakeFiles/__idf_hal.dir/spi_slave_hal.c.obj\x1b[0m\n'}
[30.859728] (Ros2_esp32) StdoutLine: {'line': b'[ 57%] \x1b[32mBuilding C object esp-idf/hal/CMakeFiles/__idf_hal.dir/spi_slave_hd_hal.c.obj\x1b[0m\n'}
[30.864925] (Ros2_esp32) StdoutLine: {'line': b'[ 57%] \x1b[32mBuilding C object esp-idf/hal/CMakeFiles/__idf_hal.dir/hmac_hal.c.obj\x1b[0m\n'}
[30.865224] (-) TimerEvent: {}
[30.865650] (Ros2_esp32) StdoutLine: {'line': b'[ 57%] \x1b[32mBuilding C object esp-idf/hal/CMakeFiles/__idf_hal.dir/spi_slave_hal_iram.c.obj\x1b[0m\n'}
[30.870793] (Ros2_esp32) StdoutLine: {'line': b'[ 58%] \x1b[32mBuilding C object esp-idf/hal/CMakeFiles/__idf_hal.dir/spi_flash_hal_gpspi.c.obj\x1b[0m\n'}
[30.883145] (Ros2_esp32) StdoutLine: {'line': b'[ 58%] \x1b[32mBuilding C object esp-idf/hal/CMakeFiles/__idf_hal.dir/cam_hal.c.obj\x1b[0m\n'}
[30.885120] (Ros2_esp32) StdoutLine: {'line': b'[ 58%] \x1b[32mBuilding C object esp-idf/hal/CMakeFiles/__idf_hal.dir/ds_hal.c.obj\x1b[0m\n'}
[30.892681] (Ros2_esp32) StdoutLine: {'line': b'[ 58%] \x1b[32mBuilding C object esp-idf/hal/CMakeFiles/__idf_hal.dir/usb_serial_jtag_hal.c.obj\x1b[0m\n'}
[30.919220] (Ros2_esp32) StdoutLine: {'line': b'[ 58%] \x1b[32mBuilding C object esp-idf/hal/CMakeFiles/__idf_hal.dir/usb_dwc_hal.c.obj\x1b[0m\n'}
[30.935421] (Ros2_esp32) StdoutLine: {'line': b'[ 58%] \x1b[32mBuilding C object esp-idf/hal/CMakeFiles/__idf_hal.dir/usb_wrap_hal.c.obj\x1b[0m\n'}
[30.943528] (Ros2_esp32) StdoutLine: {'line': b'[ 58%] \x1b[32mBuilding C object esp-idf/hal/CMakeFiles/__idf_hal.dir/esp32s3/touch_sensor_hal.c.obj\x1b[0m\n'}
[30.967909] (-) TimerEvent: {}
[30.999956] (Ros2_esp32) StdoutLine: {'line': b'[ 58%] \x1b[32mBuilding C object esp-idf/hal/CMakeFiles/__idf_hal.dir/touch_sensor_hal.c.obj\x1b[0m\n'}
[31.021386] (Ros2_esp32) StdoutLine: {'line': b'[ 58%] \x1b[32mBuilding C object esp-idf/hal/CMakeFiles/__idf_hal.dir/xt_wdt_hal.c.obj\x1b[0m\n'}
[31.023006] (Ros2_esp32) StdoutLine: {'line': b'[ 58%] \x1b[32mBuilding C object esp-idf/hal/CMakeFiles/__idf_hal.dir/touch_sens_hal.c.obj\x1b[0m\n'}
[31.036957] (Ros2_esp32) StdoutLine: {'line': b'[ 59%] \x1b[32mBuilding C object esp-idf/hal/CMakeFiles/__idf_hal.dir/esp32s3/rtc_cntl_hal.c.obj\x1b[0m\n'}
[31.068309] (-) TimerEvent: {}
[31.167227] (Ros2_esp32) StdoutLine: {'line': b'[ 59%] \x1b[32m\x1b[1mLinking C static library libhal.a\x1b[0m\n'}
[31.168436] (-) TimerEvent: {}
[31.267525] (Ros2_esp32) StdoutLine: {'line': b'[ 59%] Built target __idf_hal\n'}
[31.268499] (-) TimerEvent: {}
[31.278290] (Ros2_esp32) StdoutLine: {'line': b'\x1b[35m\x1b[1mScanning dependencies of target __idf_esp_rom\x1b[0m\n'}
[31.296592] (Ros2_esp32) StdoutLine: {'line': b'[ 60%] \x1b[32mBuilding C object esp-idf/esp_rom/CMakeFiles/__idf_esp_rom.dir/patches/esp_rom_print.c.obj\x1b[0m\n'}
[31.297623] (Ros2_esp32) StdoutLine: {'line': b'[ 60%] \x1b[32mBuilding C object esp-idf/esp_rom/CMakeFiles/__idf_esp_rom.dir/patches/esp_rom_sys.c.obj\x1b[0m\n'}
[31.298466] (Ros2_esp32) StdoutLine: {'line': b'[ 60%] \x1b[32mBuilding C object esp-idf/esp_rom/CMakeFiles/__idf_esp_rom.dir/patches/esp_rom_uart.c.obj\x1b[0m\n'}
[31.299640] (Ros2_esp32) StdoutLine: {'line': b'[ 60%] \x1b[32mBuilding C object esp-idf/esp_rom/CMakeFiles/__idf_esp_rom.dir/patches/esp_rom_efuse.c.obj\x1b[0m\n'}
[31.300932] (Ros2_esp32) StdoutLine: {'line': b'[ 60%] \x1b[32mBuilding C object esp-idf/esp_rom/CMakeFiles/__idf_esp_rom.dir/patches/esp_rom_wdt.c.obj\x1b[0m\n'}
[31.301032] (Ros2_esp32) StdoutLine: {'line': b'[ 60%] \x1b[32mBuilding C object esp-idf/esp_rom/CMakeFiles/__idf_esp_rom.dir/patches/esp_rom_gpio.c.obj\x1b[0m\n'}
[31.301101] (Ros2_esp32) StdoutLine: {'line': b'[ 60%] \x1b[32mBuilding ASM object esp-idf/esp_rom/CMakeFiles/__idf_esp_rom.dir/patches/esp_rom_longjmp.S.obj\x1b[0m\n'}
[31.303402] (Ros2_esp32) StdoutLine: {'line': b'[ 60%] \x1b[32mBuilding C object esp-idf/esp_rom/CMakeFiles/__idf_esp_rom.dir/patches/esp_rom_crc.c.obj\x1b[0m\n'}
[31.303896] (Ros2_esp32) StdoutLine: {'line': b'[ 60%] \x1b[32mBuilding C object esp-idf/esp_rom/CMakeFiles/__idf_esp_rom.dir/patches/esp_rom_cache_esp32s2_esp32s3.c.obj\x1b[0m\n'}
[31.304007] (Ros2_esp32) StdoutLine: {'line': b'[ 60%] \x1b[32mBuilding C object esp-idf/esp_rom/CMakeFiles/__idf_esp_rom.dir/patches/esp_rom_systimer.c.obj\x1b[0m\n'}
[31.304082] (Ros2_esp32) StdoutLine: {'line': b'[ 60%] \x1b[32mBuilding C object esp-idf/esp_rom/CMakeFiles/__idf_esp_rom.dir/patches/esp_rom_spiflash.c.obj\x1b[0m\n'}
[31.311947] (Ros2_esp32) StdoutLine: {'line': b'[ 61%] \x1b[32mBuilding ASM object esp-idf/esp_rom/CMakeFiles/__idf_esp_rom.dir/patches/esp_rom_cache_writeback_esp32s3.S.obj\x1b[0m\n'}
[31.368643] (-) TimerEvent: {}
[31.395380] (Ros2_esp32) StdoutLine: {'line': b'[ 61%] \x1b[32m\x1b[1mLinking C static library libesp_rom.a\x1b[0m\n'}
[31.436786] (Ros2_esp32) StdoutLine: {'line': b'[ 61%] Built target __idf_esp_rom\n'}
[31.457921] (Ros2_esp32) StdoutLine: {'line': b'[ 61%] \x1b[32mBuilding C object esp-idf/esp_common/CMakeFiles/__idf_esp_common.dir/src/esp_err_to_name.c.obj\x1b[0m\n'}
[31.468776] (-) TimerEvent: {}
[31.569100] (-) TimerEvent: {}
[31.649607] (Ros2_esp32) StdoutLine: {'line': b'[ 61%] \x1b[32m\x1b[1mLinking C static library libesp_common.a\x1b[0m\n'}
[31.669197] (-) TimerEvent: {}
[31.683735] (Ros2_esp32) StdoutLine: {'line': b'[ 61%] Built target __idf_esp_common\n'}
[31.694327] (Ros2_esp32) StdoutLine: {'line': b'\x1b[35m\x1b[1mScanning dependencies of target __idf_esp_system\x1b[0m\n'}
[31.721150] (Ros2_esp32) StdoutLine: {'line': b'[ 62%] \x1b[32mBuilding C object esp-idf/esp_system/CMakeFiles/__idf_esp_system.dir/freertos_hooks.c.obj\x1b[0m\n'}
[31.722044] (Ros2_esp32) StdoutLine: {'line': b'[ 62%] \x1b[32mBuilding C object esp-idf/esp_system/CMakeFiles/__idf_esp_system.dir/esp_err.c.obj\x1b[0m\n'}
[31.722264] (Ros2_esp32) StdoutLine: {'line': b'[ 62%] \x1b[32mBuilding C object esp-idf/esp_system/CMakeFiles/__idf_esp_system.dir/crosscore_int.c.obj\x1b[0m\n'}
[31.722343] (Ros2_esp32) StdoutLine: {'line': b'[ 62%] \x1b[32mBuilding C object esp-idf/esp_system/CMakeFiles/__idf_esp_system.dir/int_wdt.c.obj\x1b[0m\n'}
[31.722418] (Ros2_esp32) StdoutLine: {'line': b'[ 62%] \x1b[32mBuilding C object esp-idf/esp_system/CMakeFiles/__idf_esp_system.dir/esp_system.c.obj\x1b[0m\n'}
[31.722494] (Ros2_esp32) StdoutLine: {'line': b'[ 62%] \x1b[32mBuilding C object esp-idf/esp_system/CMakeFiles/__idf_esp_system.dir/panic.c.obj\x1b[0m\n'}
[31.723039] (Ros2_esp32) StdoutLine: {'line': b'[ 62%] \x1b[32mBuilding C object esp-idf/esp_system/CMakeFiles/__idf_esp_system.dir/esp_system_console.c.obj\x1b[0m\n'}
[31.723247] (Ros2_esp32) StdoutLine: {'line': b'[ 62%] \x1b[32mBuilding C object esp-idf/esp_system/CMakeFiles/__idf_esp_system.dir/esp_ipc.c.obj\x1b[0m\n'}
[31.723773] (Ros2_esp32) StdoutLine: {'line': b'[ 62%] \x1b[32mBuilding C object esp-idf/esp_system/CMakeFiles/__idf_esp_system.dir/startup.c.obj\x1b[0m\n'}
[31.723957] (Ros2_esp32) StdoutLine: {'line': b'[ 62%] \x1b[32mBuilding C object esp-idf/esp_system/CMakeFiles/__idf_esp_system.dir/stack_check.c.obj\x1b[0m\n'}
[31.724029] (Ros2_esp32) StdoutLine: {'line': b'[ 62%] \x1b[32mBuilding C object esp-idf/esp_system/CMakeFiles/__idf_esp_system.dir/startup_funcs.c.obj\x1b[0m\n'}
[31.724097] (Ros2_esp32) StdoutLine: {'line': b'[ 62%] \x1b[32mBuilding C object esp-idf/esp_system/CMakeFiles/__idf_esp_system.dir/system_time.c.obj\x1b[0m\n'}
[31.769385] (-) TimerEvent: {}
[31.802612] (Ros2_esp32) StdoutLine: {'line': b'[ 62%] \x1b[32mBuilding C object esp-idf/esp_system/CMakeFiles/__idf_esp_system.dir/ubsan.c.obj\x1b[0m\n'}
[31.820950] (Ros2_esp32) StdoutLine: {'line': b'[ 62%] \x1b[32mBuilding C object esp-idf/esp_system/CMakeFiles/__idf_esp_system.dir/xt_wdt.c.obj\x1b[0m\n'}
[31.839511] (Ros2_esp32) StdoutLine: {'line': b'[ 62%] \x1b[32mBuilding C object esp-idf/esp_system/CMakeFiles/__idf_esp_system.dir/task_wdt/task_wdt_impl_timergroup.c.obj\x1b[0m\n'}
[31.840170] (Ros2_esp32) StdoutLine: {'line': b'[ 63%] \x1b[32mBuilding C object esp-idf/esp_system/CMakeFiles/__idf_esp_system.dir/task_wdt/task_wdt.c.obj\x1b[0m\n'}
[31.853308] (Ros2_esp32) StdoutLine: {'line': b'[ 63%] \x1b[32mBuilding C object esp-idf/esp_system/CMakeFiles/__idf_esp_system.dir/port/panic_handler.c.obj\x1b[0m\n'}
[31.855897] (Ros2_esp32) StdoutLine: {'line': b'[ 63%] \x1b[32mBuilding C object esp-idf/esp_system/CMakeFiles/__idf_esp_system.dir/port/cpu_start.c.obj\x1b[0m\n'}
[31.859459] (Ros2_esp32) StdoutLine: {'line': b'[ 63%] \x1b[32mBuilding C object esp-idf/esp_system/CMakeFiles/__idf_esp_system.dir/port/esp_system_chip.c.obj\x1b[0m\n'}
[31.869529] (-) TimerEvent: {}
[31.876970] (Ros2_esp32) StdoutLine: {'line': b'[ 63%] \x1b[32mBuilding C object esp-idf/esp_system/CMakeFiles/__idf_esp_system.dir/port/esp_ipc_isr.c.obj\x1b[0m\n'}
[31.883881] (Ros2_esp32) StdoutLine: {'line': b'[ 63%] \x1b[32mBuilding C object esp-idf/esp_system/CMakeFiles/__idf_esp_system.dir/port/image_process.c.obj\x1b[0m\n'}
[31.931018] (Ros2_esp32) StdoutLine: {'line': b'[ 63%] \x1b[32mBuilding C object esp-idf/esp_system/CMakeFiles/__idf_esp_system.dir/port/arch/xtensa/esp_ipc_isr_port.c.obj\x1b[0m\n'}
[31.956185] (Ros2_esp32) StdoutLine: {'line': b'[ 63%] \x1b[32mBuilding ASM object esp-idf/esp_system/CMakeFiles/__idf_esp_system.dir/port/arch/xtensa/esp_ipc_isr_handler.S.obj\x1b[0m\n'}
[31.967640] (Ros2_esp32) StdoutLine: {'line': b'[ 63%] \x1b[32mBuilding ASM object esp-idf/esp_system/CMakeFiles/__idf_esp_system.dir/port/arch/xtensa/esp_ipc_isr_routines.S.obj\x1b[0m\n'}
[31.970228] (-) TimerEvent: {}
[31.976766] (Ros2_esp32) StdoutLine: {'line': b'[ 64%] \x1b[32mBuilding ASM object esp-idf/esp_system/CMakeFiles/__idf_esp_system.dir/port/arch/xtensa/panic_handler_asm.S.obj\x1b[0m\n'}
[31.977525] (Ros2_esp32) StdoutLine: {'line': b'[ 64%] \x1b[32mBuilding C object esp-idf/esp_system/CMakeFiles/__idf_esp_system.dir/port/arch/xtensa/panic_arch.c.obj\x1b[0m\n'}
[32.018043] (Ros2_esp32) StdoutLine: {'line': b'[ 64%] \x1b[32mBuilding C object esp-idf/esp_system/CMakeFiles/__idf_esp_system.dir/port/arch/xtensa/expression_with_stack.c.obj\x1b[0m\n'}
[32.028799] (Ros2_esp32) StdoutLine: {'line': b'[ 64%] \x1b[32mBuilding ASM object esp-idf/esp_system/CMakeFiles/__idf_esp_system.dir/port/arch/xtensa/expression_with_stack_asm.S.obj\x1b[0m\n'}
[32.036225] (Ros2_esp32) StdoutLine: {'line': b'[ 64%] \x1b[32mBuilding C object esp-idf/esp_system/CMakeFiles/__idf_esp_system.dir/port/arch/xtensa/debug_helpers.c.obj\x1b[0m\n'}
[32.039829] (Ros2_esp32) StdoutLine: {'line': b'[ 64%] \x1b[32mBuilding ASM object esp-idf/esp_system/CMakeFiles/__idf_esp_system.dir/port/arch/xtensa/debug_helpers_asm.S.obj\x1b[0m\n'}
[32.043849] (Ros2_esp32) StdoutLine: {'line': b'[ 64%] \x1b[32mBuilding C object esp-idf/esp_system/CMakeFiles/__idf_esp_system.dir/port/arch/xtensa/debug_stubs.c.obj\x1b[0m\n'}
[32.045533] (Ros2_esp32) StdoutLine: {'line': b'[ 64%] \x1b[32mBuilding C object esp-idf/esp_system/CMakeFiles/__idf_esp_system.dir/port/arch/xtensa/trax.c.obj\x1b[0m\n'}
[32.047526] (Ros2_esp32) StdoutLine: {'line': b'[ 64%] \x1b[32mBuilding ASM object esp-idf/esp_system/CMakeFiles/__idf_esp_system.dir/port/soc/esp32s3/highint_hdl.S.obj\x1b[0m\n'}
[32.059975] (Ros2_esp32) StdoutLine: {'line': b'[ 64%] \x1b[32mBuilding C object esp-idf/esp_system/CMakeFiles/__idf_esp_system.dir/port/soc/esp32s3/clk.c.obj\x1b[0m\n'}
[32.066791] (Ros2_esp32) StdoutLine: {'line': b'[ 64%] \x1b[32mBuilding C object esp-idf/esp_system/CMakeFiles/__idf_esp_system.dir/port/soc/esp32s3/reset_reason.c.obj\x1b[0m\n'}
[32.071185] (-) TimerEvent: {}
[32.088911] (Ros2_esp32) StdoutLine: {'line': b'[ 65%] \x1b[32mBuilding C object esp-idf/esp_system/CMakeFiles/__idf_esp_system.dir/port/soc/esp32s3/system_internal.c.obj\x1b[0m\n'}
[32.101942] (Ros2_esp32) StdoutLine: {'line': b'[ 65%] \x1b[32mBuilding C object esp-idf/esp_system/CMakeFiles/__idf_esp_system.dir/port/soc/esp32s3/cache_err_int.c.obj\x1b[0m\n'}
[32.114269] (Ros2_esp32) StdoutLine: {'line': b'[ 65%] \x1b[32mBuilding C object esp-idf/esp_system/CMakeFiles/__idf_esp_system.dir/port/soc/esp32s3/apb_backup_dma.c.obj\x1b[0m\n'}
[32.171281] (-) TimerEvent: {}
[32.235204] (Ros2_esp32) StdoutLine: {'line': b'[ 65%] \x1b[32m\x1b[1mLinking C static library libesp_system.a\x1b[0m\n'}
[32.271385] (-) TimerEvent: {}
[32.298947] (Ros2_esp32) StdoutLine: {'line': b'[ 65%] Built target __idf_esp_system\n'}
[32.325919] (Ros2_esp32) StdoutLine: {'line': b'[ 66%] \x1b[32mBuilding C object esp-idf/spi_flash/CMakeFiles/__idf_spi_flash.dir/flash_brownout_hook.c.obj\x1b[0m\n'}
[32.326194] (Ros2_esp32) StdoutLine: {'line': b'[ 66%] \x1b[32mBuilding C object esp-idf/spi_flash/CMakeFiles/__idf_spi_flash.dir/esp32s3/spi_flash_oct_flash_init.c.obj\x1b[0m\n'}
[32.326281] (Ros2_esp32) StdoutLine: {'line': b'[ 66%] \x1b[32mBuilding C object esp-idf/spi_flash/CMakeFiles/__idf_spi_flash.dir/spi_flash_hpm_enable.c.obj\x1b[0m\n'}
[32.326356] (Ros2_esp32) StdoutLine: {'line': b'[ 66%] \x1b[32mBuilding C object esp-idf/spi_flash/CMakeFiles/__idf_spi_flash.dir/spi_flash_chip_drivers.c.obj\x1b[0m\n'}
[32.326428] (Ros2_esp32) StdoutLine: {'line': b'[ 66%] \x1b[32mBuilding C object esp-idf/spi_flash/CMakeFiles/__idf_spi_flash.dir/spi_flash_chip_issi.c.obj\x1b[0m\n'}
[32.326501] (Ros2_esp32) StdoutLine: {'line': b'[ 66%] \x1b[32mBuilding C object esp-idf/spi_flash/CMakeFiles/__idf_spi_flash.dir/spi_flash_chip_mxic.c.obj\x1b[0m\n'}
[32.326574] (Ros2_esp32) StdoutLine: {'line': b'[ 66%] \x1b[32mBuilding C object esp-idf/spi_flash/CMakeFiles/__idf_spi_flash.dir/spi_flash_chip_winbond.c.obj\x1b[0m\n'}
[32.326643] (Ros2_esp32) StdoutLine: {'line': b'[ 66%] \x1b[32mBuilding C object esp-idf/spi_flash/CMakeFiles/__idf_spi_flash.dir/spi_flash_chip_boya.c.obj\x1b[0m\n'}
[32.326734] (Ros2_esp32) StdoutLine: {'line': b'[ 66%] \x1b[32mBuilding C object esp-idf/spi_flash/CMakeFiles/__idf_spi_flash.dir/spi_flash_chip_generic.c.obj\x1b[0m\n'}
[32.326818] (Ros2_esp32) StdoutLine: {'line': b'[ 66%] \x1b[32mBuilding C object esp-idf/spi_flash/CMakeFiles/__idf_spi_flash.dir/spi_flash_chip_gd.c.obj\x1b[0m\n'}
[32.327122] (Ros2_esp32) StdoutLine: {'line': b'[ 66%] \x1b[32mBuilding C object esp-idf/spi_flash/CMakeFiles/__idf_spi_flash.dir/spi_flash_chip_mxic_opi.c.obj\x1b[0m\n'}
[32.331226] (Ros2_esp32) StdoutLine: {'line': b'[ 66%] \x1b[32mBuilding C object esp-idf/spi_flash/CMakeFiles/__idf_spi_flash.dir/spi_flash_chip_th.c.obj\x1b[0m\n'}
[32.372814] (-) TimerEvent: {}
[32.383422] (Ros2_esp32) StdoutLine: {'line': b'[ 66%] \x1b[32mBuilding C object esp-idf/spi_flash/CMakeFiles/__idf_spi_flash.dir/memspi_host_driver.c.obj\x1b[0m\n'}
[32.400853] (Ros2_esp32) StdoutLine: {'line': b'[ 67%] \x1b[32mBuilding C object esp-idf/spi_flash/CMakeFiles/__idf_spi_flash.dir/cache_utils.c.obj\x1b[0m\n'}
[32.403913] (Ros2_esp32) StdoutLine: {'line': b'[ 67%] \x1b[32mBuilding C object esp-idf/spi_flash/CMakeFiles/__idf_spi_flash.dir/flash_mmap.c.obj\x1b[0m\n'}
[32.410629] (Ros2_esp32) StdoutLine: {'line': b'[ 67%] \x1b[32mBuilding C object esp-idf/spi_flash/CMakeFiles/__idf_spi_flash.dir/flash_ops.c.obj\x1b[0m\n'}
[32.416886] (Ros2_esp32) StdoutLine: {'line': b'[ 67%] \x1b[32mBuilding C object esp-idf/spi_flash/CMakeFiles/__idf_spi_flash.dir/spi_flash_wrap.c.obj\x1b[0m\n'}
[32.426124] (Ros2_esp32) StdoutLine: {'line': b'[ 67%] \x1b[32mBuilding C object esp-idf/spi_flash/CMakeFiles/__idf_spi_flash.dir/esp_flash_api.c.obj\x1b[0m\n'}
[32.431537] (Ros2_esp32) StdoutLine: {'line': b'[ 67%] \x1b[32mBuilding C object esp-idf/spi_flash/CMakeFiles/__idf_spi_flash.dir/esp_flash_spi_init.c.obj\x1b[0m\n'}
[32.451903] (Ros2_esp32) StdoutLine: {'line': b'[ 67%] \x1b[32mBuilding C object esp-idf/spi_flash/CMakeFiles/__idf_spi_flash.dir/spi_flash_os_func_app.c.obj\x1b[0m\n'}
[32.468844] (Ros2_esp32) StdoutLine: {'line': b'[ 67%] \x1b[32mBuilding C object esp-idf/spi_flash/CMakeFiles/__idf_spi_flash.dir/spi_flash_os_func_noos.c.obj\x1b[0m\n'}
[32.472945] (-) TimerEvent: {}
[32.573498] (-) TimerEvent: {}
[32.673926] (-) TimerEvent: {}
[32.734235] (Ros2_esp32) StdoutLine: {'line': b'[ 67%] \x1b[32m\x1b[1mLinking C static library libspi_flash.a\x1b[0m\n'}
[32.774035] (-) TimerEvent: {}
[32.786219] (Ros2_esp32) StdoutLine: {'line': b'[ 67%] Built target __idf_spi_flash\n'}
[32.808386] (Ros2_esp32) StdoutLine: {'line': b'[ 67%] \x1b[32mBuilding C object esp-idf/esp_mm/CMakeFiles/__idf_esp_mm.dir/heap_align_hw.c.obj\x1b[0m\n'}
[32.808599] (Ros2_esp32) StdoutLine: {'line': b'[ 67%] \x1b[32mBuilding C object esp-idf/esp_mm/CMakeFiles/__idf_esp_mm.dir/port/esp32s3/ext_mem_layout.c.obj\x1b[0m\n'}
[32.808665] (Ros2_esp32) StdoutLine: {'line': b'[ 67%] \x1b[32mBuilding C object esp-idf/esp_mm/CMakeFiles/__idf_esp_mm.dir/esp_mmu_map.c.obj\x1b[0m\n'}
[32.808830] (Ros2_esp32) StdoutLine: {'line': b'[ 68%] \x1b[32mBuilding C object esp-idf/esp_mm/CMakeFiles/__idf_esp_mm.dir/esp_cache_msync.c.obj\x1b[0m\n'}
[32.808946] (Ros2_esp32) StdoutLine: {'line': b'[ 68%] \x1b[32mBuilding C object esp-idf/esp_mm/CMakeFiles/__idf_esp_mm.dir/esp_cache_utils.c.obj\x1b[0m\n'}
[32.874501] (-) TimerEvent: {}
[32.974957] (-) TimerEvent: {}
[33.009076] (Ros2_esp32) StdoutLine: {'line': b'[ 68%] \x1b[32m\x1b[1mLinking C static library libesp_mm.a\x1b[0m\n'}
[33.046980] (Ros2_esp32) StdoutLine: {'line': b'[ 68%] Built target __idf_esp_mm\n'}
[33.073555] (Ros2_esp32) StdoutLine: {'line': b'[ 68%] \x1b[32mBuilding C object esp-idf/bootloader_support/CMakeFiles/__idf_bootloader_support.dir/src/bootloader_common.c.obj\x1b[0m\n'}
[33.073940] (Ros2_esp32) StdoutLine: {'line': b'[ 68%] \x1b[32mBuilding C object esp-idf/bootloader_support/CMakeFiles/__idf_bootloader_support.dir/src/bootloader_common_loader.c.obj\x1b[0m\n'}
[33.074032] (Ros2_esp32) StdoutLine: {'line': b'[ 68%] \x1b[32mBuilding C object esp-idf/bootloader_support/CMakeFiles/__idf_bootloader_support.dir/src/bootloader_random_esp32s3.c.obj\x1b[0m\n'}
[33.074107] (Ros2_esp32) StdoutLine: {'line': b'[ 68%] \x1b[32mBuilding C object esp-idf/bootloader_support/CMakeFiles/__idf_bootloader_support.dir/src/secure_boot.c.obj\x1b[0m\n'}
[33.074181] (Ros2_esp32) StdoutLine: {'line': b'[ 68%] \x1b[32mBuilding C object esp-idf/bootloader_support/CMakeFiles/__idf_bootloader_support.dir/src/bootloader_efuse.c.obj\x1b[0m\n'}
[33.074251] (Ros2_esp32) StdoutLine: {'line': b'[ 68%] \x1b[32mBuilding C object esp-idf/bootloader_support/CMakeFiles/__idf_bootloader_support.dir/src/bootloader_clock_init.c.obj\x1b[0m\n'}
[33.074311] (Ros2_esp32) StdoutLine: {'line': b'[ 68%] \x1b[32mBuilding C object esp-idf/bootloader_support/CMakeFiles/__idf_bootloader_support.dir/src/flash_encrypt.c.obj\x1b[0m\n'}
[33.074398] (Ros2_esp32) StdoutLine: {'line': b'[ 68%] \x1b[32mBuilding C object esp-idf/bootloader_support/CMakeFiles/__idf_bootloader_support.dir/src/bootloader_random.c.obj\x1b[0m\n'}
[33.074451] (Ros2_esp32) StdoutLine: {'line': b'[ 68%] \x1b[32mBuilding C object esp-idf/bootloader_support/CMakeFiles/__idf_bootloader_support.dir/src/bootloader_mem.c.obj\x1b[0m\n'}
[33.075058] (-) TimerEvent: {}
[33.075799] (Ros2_esp32) StdoutLine: {'line': b'[ 69%] \x1b[32mBuilding C object esp-idf/bootloader_support/CMakeFiles/__idf_bootloader_support.dir/bootloader_flash/src/flash_qio_mode.c.obj\x1b[0m\n'}
[33.078401] (Ros2_esp32) StdoutLine: {'line': b'[ 69%] \x1b[32mBuilding C object esp-idf/bootloader_support/CMakeFiles/__idf_bootloader_support.dir/bootloader_flash/src/bootloader_flash_config_esp32s3.c.obj\x1b[0m\n'}
[33.078691] (Ros2_esp32) StdoutLine: {'line': b'[ 69%] \x1b[32mBuilding C object esp-idf/bootloader_support/CMakeFiles/__idf_bootloader_support.dir/bootloader_flash/src/bootloader_flash.c.obj\x1b[0m\n'}
[33.156527] (Ros2_esp32) StdoutLine: {'line': b'[ 69%] \x1b[32mBuilding C object esp-idf/bootloader_support/CMakeFiles/__idf_bootloader_support.dir/src/flash_partitions.c.obj\x1b[0m\n'}
[33.156920] (Ros2_esp32) StdoutLine: {'line': b'[ 69%] \x1b[32mBuilding C object esp-idf/bootloader_support/CMakeFiles/__idf_bootloader_support.dir/src/bootloader_utility.c.obj\x1b[0m\n'}
[33.164926] (Ros2_esp32) StdoutLine: {'line': b'[ 69%] \x1b[32mBuilding C object esp-idf/bootloader_support/CMakeFiles/__idf_bootloader_support.dir/src/esp_image_format.c.obj\x1b[0m\n'}
[33.175175] (Ros2_esp32) StdoutLine: {'line': b'[ 69%] \x1b[32mBuilding C object esp-idf/bootloader_support/CMakeFiles/__idf_bootloader_support.dir/src/bootloader_sha.c.obj\x1b[0m\n'}
[33.175988] (-) TimerEvent: {}
[33.176519] (Ros2_esp32) StdoutLine: {'line': b'[ 69%] \x1b[32mBuilding C object esp-idf/bootloader_support/CMakeFiles/__idf_bootloader_support.dir/src/esp32s3/secure_boot_secure_features.c.obj\x1b[0m\n'}
[33.276122] (-) TimerEvent: {}
[33.376546] (-) TimerEvent: {}
[33.417131] (Ros2_esp32) StdoutLine: {'line': b'[ 69%] \x1b[32m\x1b[1mLinking C static library libbootloader_support.a\x1b[0m\n'}
[33.468327] (Ros2_esp32) StdoutLine: {'line': b'[ 69%] Built target __idf_bootloader_support\n'}
[33.476677] (-) TimerEvent: {}
[33.491335] (Ros2_esp32) StdoutLine: {'line': b'[ 69%] \x1b[32mBuilding C object esp-idf/efuse/CMakeFiles/__idf_efuse.dir/esp32s3/esp_efuse_fields.c.obj\x1b[0m\n'}
[33.491636] (Ros2_esp32) StdoutLine: {'line': b'[ 69%] \x1b[32mBuilding C object esp-idf/efuse/CMakeFiles/__idf_efuse.dir/esp32s3/esp_efuse_table.c.obj\x1b[0m\n'}
[33.491739] (Ros2_esp32) StdoutLine: {'line': b'[ 69%] \x1b[32mBuilding C object esp-idf/efuse/CMakeFiles/__idf_efuse.dir/esp32s3/esp_efuse_rtc_calib.c.obj\x1b[0m\n'}
[33.493723] (Ros2_esp32) StdoutLine: {'line': b'[ 70%] \x1b[32mBuilding C object esp-idf/efuse/CMakeFiles/__idf_efuse.dir/esp32s3/esp_efuse_utility.c.obj\x1b[0m\n'}
[33.493969] (Ros2_esp32) StdoutLine: {'line': b'[ 70%] \x1b[32mBuilding C object esp-idf/efuse/CMakeFiles/__idf_efuse.dir/src/esp_efuse_api.c.obj\x1b[0m\n'}
[33.494036] (Ros2_esp32) StdoutLine: {'line': b'[ 70%] \x1b[32mBuilding C object esp-idf/efuse/CMakeFiles/__idf_efuse.dir/src/esp_efuse_fields.c.obj\x1b[0m\n'}
[33.495488] (Ros2_esp32) StdoutLine: {'line': b'[ 70%] \x1b[32mBuilding C object esp-idf/efuse/CMakeFiles/__idf_efuse.dir/src/esp_efuse_startup.c.obj\x1b[0m\n'}
[33.495776] (Ros2_esp32) StdoutLine: {'line': b'[ 70%] \x1b[32mBuilding C object esp-idf/efuse/CMakeFiles/__idf_efuse.dir/src/esp_efuse_utility.c.obj\x1b[0m\n'}
[33.496317] (Ros2_esp32) StdoutLine: {'line': b'[ 70%] \x1b[32mBuilding C object esp-idf/efuse/CMakeFiles/__idf_efuse.dir/src/efuse_controller/keys/with_key_purposes/esp_efuse_api_key.c.obj\x1b[0m\n'}
[33.576825] (-) TimerEvent: {}
[33.670148] (Ros2_esp32) StdoutLine: {'line': b'[ 70%] \x1b[32m\x1b[1mLinking C static library libefuse.a\x1b[0m\n'}
[33.676940] (-) TimerEvent: {}
[33.722006] (Ros2_esp32) StdoutLine: {'line': b'[ 70%] Built target __idf_efuse\n'}
[33.744510] (Ros2_esp32) StdoutLine: {'line': b'[ 70%] \x1b[32mBuilding C object esp-idf/esp_partition/CMakeFiles/__idf_esp_partition.dir/partition.c.obj\x1b[0m\n'}
[33.744751] (Ros2_esp32) StdoutLine: {'line': b'[ 70%] \x1b[32mBuilding C object esp-idf/esp_partition/CMakeFiles/__idf_esp_partition.dir/partition_target.c.obj\x1b[0m\n'}
[33.777065] (-) TimerEvent: {}
[33.875094] (Ros2_esp32) StdoutLine: {'line': b'[ 70%] \x1b[32m\x1b[1mLinking C static library libesp_partition.a\x1b[0m\n'}
[33.877194] (-) TimerEvent: {}
[33.915101] (Ros2_esp32) StdoutLine: {'line': b'[ 70%] Built target __idf_esp_partition\n'}
[33.936335] (Ros2_esp32) StdoutLine: {'line': b'[ 70%] \x1b[32mBuilding C object esp-idf/app_update/CMakeFiles/__idf_app_update.dir/esp_ota_ops.c.obj\x1b[0m\n'}
[33.936575] (Ros2_esp32) StdoutLine: {'line': b'[ 70%] \x1b[32mBuilding C object esp-idf/app_update/CMakeFiles/__idf_app_update.dir/esp_ota_app_desc.c.obj\x1b[0m\n'}
[33.977329] (-) TimerEvent: {}
[34.077663] (-) TimerEvent: {}
[34.171830] (Ros2_esp32) StdoutLine: {'line': b'[ 71%] \x1b[32m\x1b[1mLinking C static library libapp_update.a\x1b[0m\n'}
[34.177785] (-) TimerEvent: {}
[34.209573] (Ros2_esp32) StdoutLine: {'line': b'[ 71%] Built target __idf_app_update\n'}
[34.230096] (Ros2_esp32) StdoutLine: {'line': b'[ 71%] \x1b[32mBuilding C object esp-idf/esp_bootloader_format/CMakeFiles/__idf_esp_bootloader_format.dir/esp_bootloader_desc.c.obj\x1b[0m\n'}
[34.270732] (Ros2_esp32) StdoutLine: {'line': b'[ 71%] \x1b[32m\x1b[1mLinking C static library libesp_bootloader_format.a\x1b[0m\n'}
[34.277923] (-) TimerEvent: {}
[34.306814] (Ros2_esp32) StdoutLine: {'line': b'[ 71%] Built target __idf_esp_bootloader_format\n'}
[34.327425] (Ros2_esp32) StdoutLine: {'line': b'[ 71%] \x1b[32mBuilding C object esp-idf/esp_app_format/CMakeFiles/__idf_esp_app_format.dir/esp_app_desc.c.obj\x1b[0m\n'}
[34.378038] (-) TimerEvent: {}
[34.396113] (Ros2_esp32) StdoutLine: {'line': b'[ 71%] \x1b[32m\x1b[1mLinking C static library libesp_app_format.a\x1b[0m\n'}
[34.431531] (Ros2_esp32) StdoutLine: {'line': b'[ 71%] Built target __idf_esp_app_format\n'}
[34.457694] (Ros2_esp32) StdoutLine: {'line': b'[ 71%] \x1b[32mBuilding C object esp-idf/mbedtls/mbedtls/library/CMakeFiles/mbedtls.dir/ssl_ciphersuites.c.obj\x1b[0m\n'}
[34.458315] (Ros2_esp32) StdoutLine: {'line': b'[ 72%] \x1b[32mBuilding C object esp-idf/mbedtls/mbedtls/library/CMakeFiles/mbedtls.dir/ssl_debug_helpers_generated.c.obj\x1b[0m\n'}
[34.458420] (Ros2_esp32) StdoutLine: {'line': b'[ 72%] \x1b[32mBuilding C object esp-idf/mbedtls/mbedtls/library/CMakeFiles/mbedtls.dir/ssl_client.c.obj\x1b[0m\n'}
[34.458494] (Ros2_esp32) StdoutLine: {'line': b'[ 72%] \x1b[32mBuilding C object esp-idf/mbedtls/mbedtls/library/CMakeFiles/mbedtls.dir/ssl_msg.c.obj\x1b[0m\n'}
[34.459947] (Ros2_esp32) StdoutLine: {'line': b'[ 72%] \x1b[32mBuilding C object esp-idf/mbedtls/mbedtls/library/CMakeFiles/mbedtls.dir/ssl_ticket.c.obj\x1b[0m\n'}
[34.460169] (Ros2_esp32) StdoutLine: {'line': b'[ 72%] \x1b[32mBuilding C object esp-idf/mbedtls/mbedtls/library/CMakeFiles/mbedtls.dir/ssl_cookie.c.obj\x1b[0m\n'}
[34.460314] (Ros2_esp32) StdoutLine: {'line': b'[ 72%] \x1b[32mBuilding C object esp-idf/mbedtls/mbedtls/library/CMakeFiles/mbedtls.dir/mps_reader.c.obj\x1b[0m\n'}
[34.460381] (Ros2_esp32) StdoutLine: {'line': b'[ 72%] \x1b[32mBuilding C object esp-idf/mbedtls/mbedtls/library/CMakeFiles/mbedtls.dir/debug.c.obj\x1b[0m\n'}
[34.460447] (Ros2_esp32) StdoutLine: {'line': b'[ 72%] \x1b[32mBuilding C object esp-idf/mbedtls/mbedtls/library/CMakeFiles/mbedtls.dir/mps_trace.c.obj\x1b[0m\n'}
[34.463476] (Ros2_esp32) StdoutLine: {'line': b'[ 72%] \x1b[32mBuilding C object esp-idf/mbedtls/mbedtls/library/CMakeFiles/mbedtls.dir/ssl_cache.c.obj\x1b[0m\n'}
[34.463827] (Ros2_esp32) StdoutLine: {'line': b'[ 72%] \x1b[32mBuilding C object esp-idf/mbedtls/mbedtls/library/CMakeFiles/mbedtls.dir/ssl_tls12_client.c.obj\x1b[0m\n'}
[34.463938] (Ros2_esp32) StdoutLine: {'line': b'[ 72%] \x1b[32mBuilding C object esp-idf/mbedtls/mbedtls/library/CMakeFiles/mbedtls.dir/ssl_tls.c.obj\x1b[0m\n'}
[34.478199] (-) TimerEvent: {}
[34.529911] (Ros2_esp32) StdoutLine: {'line': b'[ 72%] \x1b[32mBuilding C object esp-idf/mbedtls/mbedtls/library/CMakeFiles/mbedtls.dir/ssl_tls12_server.c.obj\x1b[0m\n'}
[34.544486] (Ros2_esp32) StdoutLine: {'line': b'[ 72%] \x1b[32mBuilding C object esp-idf/mbedtls/mbedtls/library/CMakeFiles/mbedtls.dir/ssl_tls13_keys.c.obj\x1b[0m\n'}
[34.547837] (Ros2_esp32) StdoutLine: {'line': b'[ 72%] \x1b[32mBuilding C object esp-idf/mbedtls/mbedtls/library/CMakeFiles/mbedtls.dir/ssl_tls13_server.c.obj\x1b[0m\n'}
[34.578823] (-) TimerEvent: {}
[34.611818] (Ros2_esp32) StdoutLine: {'line': b'[ 72%] \x1b[32mBuilding C object esp-idf/mbedtls/mbedtls/library/CMakeFiles/mbedtls.dir/ssl_tls13_client.c.obj\x1b[0m\n'}
[34.618758] (Ros2_esp32) StdoutLine: {'line': b'[ 72%] \x1b[32mBuilding C object esp-idf/mbedtls/mbedtls/library/CMakeFiles/mbedtls.dir/ssl_tls13_generic.c.obj\x1b[0m\n'}
[34.628093] (Ros2_esp32) StdoutLine: {'line': b'[ 73%] \x1b[32mBuilding C object esp-idf/mbedtls/mbedtls/library/CMakeFiles/mbedtls.dir/home/diego/.espressif/v5.5/esp-idf/components/mbedtls/port/esp_platform_time.c.obj\x1b[0m\n'}
[34.629442] (Ros2_esp32) StdoutLine: {'line': b'[ 73%] \x1b[32mBuilding C object esp-idf/mbedtls/mbedtls/library/CMakeFiles/mbedtls.dir/home/diego/.espressif/v5.5/esp-idf/components/mbedtls/port/mbedtls_debug.c.obj\x1b[0m\n'}
[34.632125] (Ros2_esp32) StdoutLine: {'line': b'[ 73%] \x1b[32mBuilding C object esp-idf/mbedtls/mbedtls/library/CMakeFiles/mbedtls.dir/home/diego/.espressif/v5.5/esp-idf/components/mbedtls/port/net_sockets.c.obj\x1b[0m\n'}
[34.678964] (-) TimerEvent: {}
[34.779332] (-) TimerEvent: {}
[34.879673] (-) TimerEvent: {}
[34.980020] (-) TimerEvent: {}
[35.069993] (Ros2_esp32) StdoutLine: {'line': b'[ 73%] \x1b[32m\x1b[1mLinking CXX static library libmbedtls.a\x1b[0m\n'}
[35.080168] (-) TimerEvent: {}
[35.126980] (Ros2_esp32) StdoutLine: {'line': b'[ 73%] Built target mbedtls\n'}
[35.150807] (Ros2_esp32) StdoutLine: {'line': b'[ 73%] \x1b[32mBuilding C object esp-idf/mbedtls/mbedtls/library/CMakeFiles/mbedx509.dir/pkcs7.c.obj\x1b[0m\n'}
[35.151150] (Ros2_esp32) StdoutLine: {'line': b'[ 73%] \x1b[32mBuilding C object esp-idf/mbedtls/mbedtls/library/CMakeFiles/mbedx509.dir/x509.c.obj\x1b[0m\n'}
[35.151253] (Ros2_esp32) StdoutLine: {'line': b'[ 73%] \x1b[32mBuilding C object esp-idf/mbedtls/mbedtls/library/CMakeFiles/mbedx509.dir/x509_csr.c.obj\x1b[0m\n'}
[35.151336] (Ros2_esp32) StdoutLine: {'line': b'[ 73%] \x1b[32mBuilding C object esp-idf/mbedtls/mbedtls/library/CMakeFiles/mbedx509.dir/x509_create.c.obj\x1b[0m\n'}
[35.151422] (Ros2_esp32) StdoutLine: {'line': b'[ 73%] \x1b[32mBuilding C object esp-idf/mbedtls/mbedtls/library/CMakeFiles/mbedx509.dir/x509_crl.c.obj\x1b[0m\n'}
[35.152878] (Ros2_esp32) StdoutLine: {'line': b'[ 73%] \x1b[32mBuilding C object esp-idf/mbedtls/mbedtls/library/CMakeFiles/mbedx509.dir/x509_crt.c.obj\x1b[0m\n'}
[35.154685] (Ros2_esp32) StdoutLine: {'line': b'[ 73%] \x1b[32mBuilding C object esp-idf/mbedtls/mbedtls/library/CMakeFiles/mbedx509.dir/x509write_crt.c.obj\x1b[0m\n'}
[35.154996] (Ros2_esp32) StdoutLine: {'line': b'[ 74%] \x1b[32mBuilding C object esp-idf/mbedtls/mbedtls/library/CMakeFiles/mbedx509.dir/x509write_csr.c.obj\x1b[0m\n'}
[35.155089] (Ros2_esp32) StdoutLine: {'line': b'[ 74%] \x1b[32mBuilding C object esp-idf/mbedtls/mbedtls/library/CMakeFiles/mbedx509.dir/x509write.c.obj\x1b[0m\n'}
[35.180796] (-) TimerEvent: {}
[35.281691] (-) TimerEvent: {}
[35.382092] (-) TimerEvent: {}
[35.482393] (-) TimerEvent: {}
[35.560998] (Ros2_esp32) StdoutLine: {'line': b'[ 74%] \x1b[32m\x1b[1mLinking CXX static library libmbedx509.a\x1b[0m\n'}
[35.582518] (-) TimerEvent: {}
[35.606537] (Ros2_esp32) StdoutLine: {'line': b'[ 74%] Built target mbedx509\n'}
[35.637932] (Ros2_esp32) StdoutLine: {'line': b'[ 74%] \x1b[32mBuilding C object esp-idf/mbedtls/mbedtls/library/CMakeFiles/mbedcrypto.dir/base64.c.obj\x1b[0m\n'}
[35.638200] (Ros2_esp32) StdoutLine: {'line': b'[ 74%] \x1b[32mBuilding C object esp-idf/mbedtls/mbedtls/library/CMakeFiles/mbedcrypto.dir/asn1parse.c.obj\x1b[0m\n'}
[35.638294] (Ros2_esp32) StdoutLine: {'line': b'[ 74%] \x1b[32mBuilding C object esp-idf/mbedtls/mbedtls/library/CMakeFiles/mbedcrypto.dir/aesce.c.obj\x1b[0m\n'}
[35.638370] (Ros2_esp32) StdoutLine: {'line': b'[ 74%] \x1b[32mBuilding C object esp-idf/mbedtls/mbedtls/library/CMakeFiles/mbedcrypto.dir/aes.c.obj\x1b[0m\n'}
[35.639090] (Ros2_esp32) StdoutLine: {'line': b'[ 74%] \x1b[32mBuilding C object esp-idf/mbedtls/mbedtls/library/CMakeFiles/mbedcrypto.dir/aria.c.obj\x1b[0m\n'}
[35.640380] (Ros2_esp32) StdoutLine: {'line': b'[ 74%] \x1b[32mBuilding C object esp-idf/mbedtls/mbedtls/library/CMakeFiles/mbedcrypto.dir/aesni.c.obj\x1b[0m\n'}
[35.642392] (Ros2_esp32) StdoutLine: {'line': b'[ 75%] \x1b[32mBuilding C object esp-idf/mbedtls/mbedtls/library/CMakeFiles/mbedcrypto.dir/asn1write.c.obj\x1b[0m\n'}
[35.643846] (Ros2_esp32) StdoutLine: {'line': b'[ 75%] \x1b[32mBuilding C object esp-idf/mbedtls/mbedtls/library/CMakeFiles/mbedcrypto.dir/bignum.c.obj\x1b[0m\n'}
[35.650370] (Ros2_esp32) StdoutLine: {'line': b'[ 75%] \x1b[32mBuilding C object esp-idf/mbedtls/mbedtls/library/CMakeFiles/mbedcrypto.dir/block_cipher.c.obj\x1b[0m\n'}
[35.651360] (Ros2_esp32) StdoutLine: {'line': b'[ 75%] \x1b[32mBuilding C object esp-idf/mbedtls/mbedtls/library/CMakeFiles/mbedcrypto.dir/bignum_mod.c.obj\x1b[0m\n'}
[35.652008] (Ros2_esp32) StdoutLine: {'line': b'[ 75%] \x1b[32mBuilding C object esp-idf/mbedtls/mbedtls/library/CMakeFiles/mbedcrypto.dir/bignum_mod_raw.c.obj\x1b[0m\n'}
[35.652585] (Ros2_esp32) StdoutLine: {'line': b'[ 75%] \x1b[32mBuilding C object esp-idf/mbedtls/mbedtls/library/CMakeFiles/mbedcrypto.dir/bignum_core.c.obj\x1b[0m\n'}
[35.683506] (-) TimerEvent: {}
[35.718837] (Ros2_esp32) StdoutLine: {'line': b'[ 75%] \x1b[32mBuilding C object esp-idf/mbedtls/mbedtls/library/CMakeFiles/mbedcrypto.dir/camellia.c.obj\x1b[0m\n'}
[35.731833] (Ros2_esp32) StdoutLine: {'line': b'[ 75%] \x1b[32mBuilding C object esp-idf/mbedtls/mbedtls/library/CMakeFiles/mbedcrypto.dir/ccm.c.obj\x1b[0m\n'}
[35.735604] (Ros2_esp32) StdoutLine: {'line': b'[ 75%] \x1b[32mBuilding C object esp-idf/mbedtls/mbedtls/library/CMakeFiles/mbedcrypto.dir/chacha20.c.obj\x1b[0m\n'}
[35.749835] (Ros2_esp32) StdoutLine: {'line': b'[ 75%] \x1b[32mBuilding C object esp-idf/mbedtls/mbedtls/library/CMakeFiles/mbedcrypto.dir/chachapoly.c.obj\x1b[0m\n'}
[35.751883] (Ros2_esp32) StdoutLine: {'line': b'[ 76%] \x1b[32mBuilding C object esp-idf/mbedtls/mbedtls/library/CMakeFiles/mbedcrypto.dir/cipher.c.obj\x1b[0m\n'}
[35.783635] (-) TimerEvent: {}
[35.801466] (Ros2_esp32) StdoutLine: {'line': b'[ 76%] \x1b[32mBuilding C object esp-idf/mbedtls/mbedtls/library/CMakeFiles/mbedcrypto.dir/cipher_wrap.c.obj\x1b[0m\n'}
[35.809174] (Ros2_esp32) StdoutLine: {'line': b'[ 76%] \x1b[32mBuilding C object esp-idf/mbedtls/mbedtls/library/CMakeFiles/mbedcrypto.dir/cmac.c.obj\x1b[0m\n'}
[35.816695] (Ros2_esp32) StdoutLine: {'line': b'[ 76%] \x1b[32mBuilding C object esp-idf/mbedtls/mbedtls/library/CMakeFiles/mbedcrypto.dir/constant_time.c.obj\x1b[0m\n'}
[35.824857] (Ros2_esp32) StdoutLine: {'line': b'[ 76%] \x1b[32mBuilding C object esp-idf/mbedtls/mbedtls/library/CMakeFiles/mbedcrypto.dir/ctr_drbg.c.obj\x1b[0m\n'}
[35.828577] (Ros2_esp32) StdoutLine: {'line': b'[ 76%] \x1b[32mBuilding C object esp-idf/mbedtls/mbedtls/library/CMakeFiles/mbedcrypto.dir/des.c.obj\x1b[0m\n'}
[35.844899] (Ros2_esp32) StdoutLine: {'line': b'[ 76%] \x1b[32mBuilding C object esp-idf/mbedtls/mbedtls/library/CMakeFiles/mbedcrypto.dir/dhm.c.obj\x1b[0m\n'}
[35.854347] (Ros2_esp32) StdoutLine: {'line': b'[ 76%] \x1b[32mBuilding C object esp-idf/mbedtls/mbedtls/library/CMakeFiles/mbedcrypto.dir/ecdh.c.obj\x1b[0m\n'}
[35.884729] (-) TimerEvent: {}
[35.915048] (Ros2_esp32) StdoutLine: {'line': b'[ 76%] \x1b[32mBuilding C object esp-idf/mbedtls/mbedtls/library/CMakeFiles/mbedcrypto.dir/ecdsa.c.obj\x1b[0m\n'}
[35.935851] (Ros2_esp32) StdoutLine: {'line': b'[ 76%] \x1b[32mBuilding C object esp-idf/mbedtls/mbedtls/library/CMakeFiles/mbedcrypto.dir/ecjpake.c.obj\x1b[0m\n'}
[35.966665] (Ros2_esp32) StdoutLine: {'line': b'[ 77%] \x1b[32mBuilding C object esp-idf/mbedtls/mbedtls/library/CMakeFiles/mbedcrypto.dir/ecp.c.obj\x1b[0m\n'}
[35.983884] (Ros2_esp32) StdoutLine: {'line': b'[ 77%] \x1b[32mBuilding C object esp-idf/mbedtls/mbedtls/library/CMakeFiles/mbedcrypto.dir/ecp_curves.c.obj\x1b[0m\n'}
[35.984643] (-) TimerEvent: {}
[35.993795] (Ros2_esp32) StdoutLine: {'line': b'[ 77%] \x1b[32mBuilding C object esp-idf/mbedtls/mbedtls/library/CMakeFiles/mbedcrypto.dir/ecp_curves_new.c.obj\x1b[0m\n'}
[36.026935] (Ros2_esp32) StdoutLine: {'line': b'[ 77%] \x1b[32mBuilding C object esp-idf/mbedtls/mbedtls/library/CMakeFiles/mbedcrypto.dir/entropy.c.obj\x1b[0m\n'}
[36.055934] (Ros2_esp32) StdoutLine: {'line': b'[ 77%] \x1b[32mBuilding C object esp-idf/mbedtls/mbedtls/library/CMakeFiles/mbedcrypto.dir/entropy_poll.c.obj\x1b[0m\n'}
[36.059233] (Ros2_esp32) StdoutLine: {'line': b'[ 77%] \x1b[32mBuilding C object esp-idf/mbedtls/mbedtls/library/CMakeFiles/mbedcrypto.dir/error.c.obj\x1b[0m\n'}
[36.079822] (Ros2_esp32) StdoutLine: {'line': b'[ 77%] \x1b[32mBuilding C object esp-idf/mbedtls/mbedtls/library/CMakeFiles/mbedcrypto.dir/gcm.c.obj\x1b[0m\n'}
[36.086851] (Ros2_esp32) StdoutLine: {'line': b'[ 77%] \x1b[32mBuilding C object esp-idf/mbedtls/mbedtls/library/CMakeFiles/mbedcrypto.dir/hkdf.c.obj\x1b[0m\n'}
[36.087168] (-) TimerEvent: {}
[36.098007] (Ros2_esp32) StdoutLine: {'line': b'[ 77%] \x1b[32mBuilding C object esp-idf/mbedtls/mbedtls/library/CMakeFiles/mbedcrypto.dir/hmac_drbg.c.obj\x1b[0m\n'}
[36.100604] (Ros2_esp32) StdoutLine: {'line': b'[ 77%] \x1b[32mBuilding C object esp-idf/mbedtls/mbedtls/library/CMakeFiles/mbedcrypto.dir/lmots.c.obj\x1b[0m\n'}
[36.122279] (Ros2_esp32) StdoutLine: {'line': b'[ 77%] \x1b[32mBuilding C object esp-idf/mbedtls/mbedtls/library/CMakeFiles/mbedcrypto.dir/lms.c.obj\x1b[0m\n'}
[36.165810] (Ros2_esp32) StdoutLine: {'line': b'[ 78%] \x1b[32mBuilding C object esp-idf/mbedtls/mbedtls/library/CMakeFiles/mbedcrypto.dir/md.c.obj\x1b[0m\n'}
[36.186046] (Ros2_esp32) StdoutLine: {'line': b'[ 78%] \x1b[32mBuilding C object esp-idf/mbedtls/mbedtls/library/CMakeFiles/mbedcrypto.dir/md5.c.obj\x1b[0m\n'}
[36.188813] (-) TimerEvent: {}
[36.193869] (Ros2_esp32) StdoutLine: {'line': b'[ 78%] \x1b[32mBuilding C object esp-idf/mbedtls/mbedtls/library/CMakeFiles/mbedcrypto.dir/memory_buffer_alloc.c.obj\x1b[0m\n'}
[36.252908] (Ros2_esp32) StdoutLine: {'line': b'[ 78%] \x1b[32mBuilding C object esp-idf/mbedtls/mbedtls/library/CMakeFiles/mbedcrypto.dir/nist_kw.c.obj\x1b[0m\n'}
[36.269431] (Ros2_esp32) StdoutLine: {'line': b'[ 78%] \x1b[32mBuilding C object esp-idf/mbedtls/mbedtls/library/CMakeFiles/mbedcrypto.dir/oid.c.obj\x1b[0m\n'}
[36.278352] (Ros2_esp32) StdoutLine: {'line': b'[ 78%] \x1b[32mBuilding C object esp-idf/mbedtls/mbedtls/library/CMakeFiles/mbedcrypto.dir/padlock.c.obj\x1b[0m\n'}
[36.279595] (Ros2_esp32) StdoutLine: {'line': b'[ 78%] \x1b[32mBuilding C object esp-idf/mbedtls/mbedtls/library/CMakeFiles/mbedcrypto.dir/pem.c.obj\x1b[0m\n'}
[36.289140] (-) TimerEvent: {}
[36.293066] (Ros2_esp32) StdoutLine: {'line': b'[ 78%] \x1b[32mBuilding C object esp-idf/mbedtls/mbedtls/library/CMakeFiles/mbedcrypto.dir/pk.c.obj\x1b[0m\n'}
[36.306693] (Ros2_esp32) StdoutLine: {'line': b'[ 78%] \x1b[32mBuilding C object esp-idf/mbedtls/mbedtls/library/CMakeFiles/mbedcrypto.dir/pk_ecc.c.obj\x1b[0m\n'}
[36.312905] (Ros2_esp32) StdoutLine: {'line': b'[ 78%] \x1b[32mBuilding C object esp-idf/mbedtls/mbedtls/library/CMakeFiles/mbedcrypto.dir/pk_wrap.c.obj\x1b[0m\n'}
[36.338251] (Ros2_esp32) StdoutLine: {'line': b'[ 78%] \x1b[32mBuilding C object esp-idf/mbedtls/mbedtls/library/CMakeFiles/mbedcrypto.dir/pkcs12.c.obj\x1b[0m\n'}
[36.347688] (Ros2_esp32) StdoutLine: {'line': b'[ 79%] \x1b[32mBuilding C object esp-idf/mbedtls/mbedtls/library/CMakeFiles/mbedcrypto.dir/pkcs5.c.obj\x1b[0m\n'}
[36.364423] (Ros2_esp32) StdoutLine: {'line': b'[ 79%] \x1b[32mBuilding C object esp-idf/mbedtls/mbedtls/library/CMakeFiles/mbedcrypto.dir/pkparse.c.obj\x1b[0m\n'}
[36.389294] (-) TimerEvent: {}
[36.394820] (Ros2_esp32) StdoutLine: {'line': b'[ 79%] \x1b[32mBuilding C object esp-idf/mbedtls/mbedtls/library/CMakeFiles/mbedcrypto.dir/pkwrite.c.obj\x1b[0m\n'}
[36.426892] (Ros2_esp32) StdoutLine: {'line': b'[ 79%] \x1b[32mBuilding C object esp-idf/mbedtls/mbedtls/library/CMakeFiles/mbedcrypto.dir/platform.c.obj\x1b[0m\n'}
[36.452971] (Ros2_esp32) StdoutLine: {'line': b'[ 79%] \x1b[32mBuilding C object esp-idf/mbedtls/mbedtls/library/CMakeFiles/mbedcrypto.dir/platform_util.c.obj\x1b[0m\n'}
[36.470631] (Ros2_esp32) StdoutLine: {'line': b'[ 79%] \x1b[32mBuilding C object esp-idf/mbedtls/mbedtls/library/CMakeFiles/mbedcrypto.dir/poly1305.c.obj\x1b[0m\n'}
[36.490057] (-) TimerEvent: {}
[36.501567] (Ros2_esp32) StdoutLine: {'line': b'[ 79%] \x1b[32mBuilding C object esp-idf/mbedtls/mbedtls/library/CMakeFiles/mbedcrypto.dir/psa_crypto.c.obj\x1b[0m\n'}
[36.569686] (Ros2_esp32) StdoutLine: {'line': b'[ 79%] \x1b[32mBuilding C object esp-idf/mbedtls/mbedtls/library/CMakeFiles/mbedcrypto.dir/psa_crypto_aead.c.obj\x1b[0m\n'}
[36.570463] (Ros2_esp32) StdoutLine: {'line': b'[ 79%] \x1b[32mBuilding C object esp-idf/mbedtls/mbedtls/library/CMakeFiles/mbedcrypto.dir/psa_crypto_cipher.c.obj\x1b[0m\n'}
[36.572962] (Ros2_esp32) StdoutLine: {'line': b'[ 80%] \x1b[32mBuilding C object esp-idf/mbedtls/mbedtls/library/CMakeFiles/mbedcrypto.dir/psa_crypto_ecp.c.obj\x1b[0m\n'}
[36.576490] (Ros2_esp32) StdoutLine: {'line': b'[ 80%] \x1b[32mBuilding C object esp-idf/mbedtls/mbedtls/library/CMakeFiles/mbedcrypto.dir/psa_crypto_driver_wrappers_no_static.c.obj\x1b[0m\n'}
[36.577540] (Ros2_esp32) StdoutLine: {'line': b'[ 80%] \x1b[32mBuilding C object esp-idf/mbedtls/mbedtls/library/CMakeFiles/mbedcrypto.dir/psa_crypto_client.c.obj\x1b[0m\n'}
[36.587559] (Ros2_esp32) StdoutLine: {'line': b'[ 80%] \x1b[32mBuilding C object esp-idf/mbedtls/mbedtls/library/CMakeFiles/mbedcrypto.dir/psa_crypto_ffdh.c.obj\x1b[0m\n'}
[36.590218] (-) TimerEvent: {}
[36.595838] (Ros2_esp32) StdoutLine: {'line': b'[ 80%] \x1b[32mBuilding C object esp-idf/mbedtls/mbedtls/library/CMakeFiles/mbedcrypto.dir/psa_crypto_hash.c.obj\x1b[0m\n'}
[36.610317] (Ros2_esp32) StdoutLine: {'line': b'[ 80%] \x1b[32mBuilding C object esp-idf/mbedtls/mbedtls/library/CMakeFiles/mbedcrypto.dir/psa_crypto_pake.c.obj\x1b[0m\n'}
[36.620420] (Ros2_esp32) StdoutLine: {'line': b'[ 80%] \x1b[32mBuilding C object esp-idf/mbedtls/mbedtls/library/CMakeFiles/mbedcrypto.dir/psa_crypto_mac.c.obj\x1b[0m\n'}
[36.679088] (Ros2_esp32) StdoutLine: {'line': b'[ 80%] \x1b[32mBuilding C object esp-idf/mbedtls/mbedtls/library/CMakeFiles/mbedcrypto.dir/psa_crypto_rsa.c.obj\x1b[0m\n'}
[36.691546] (-) TimerEvent: {}
[36.729176] (Ros2_esp32) StdoutLine: {'line': b'[ 80%] \x1b[32mBuilding C object esp-idf/mbedtls/mbedtls/library/CMakeFiles/mbedcrypto.dir/psa_crypto_random.c.obj\x1b[0m\n'}
[36.736214] (Ros2_esp32) StdoutLine: {'line': b'[ 80%] \x1b[32mBuilding C object esp-idf/mbedtls/mbedtls/library/CMakeFiles/mbedcrypto.dir/psa_crypto_se.c.obj\x1b[0m\n'}
[36.736507] (Ros2_esp32) StdoutLine: {'line': b'[ 80%] \x1b[32mBuilding C object esp-idf/mbedtls/mbedtls/library/CMakeFiles/mbedcrypto.dir/psa_crypto_slot_management.c.obj\x1b[0m\n'}
[36.746967] (Ros2_esp32) StdoutLine: {'line': b'[ 80%] \x1b[32mBuilding C object esp-idf/mbedtls/mbedtls/library/CMakeFiles/mbedcrypto.dir/psa_crypto_storage.c.obj\x1b[0m\n'}
[36.756196] (Ros2_esp32) StdoutLine: {'line': b'[ 80%] \x1b[32mBuilding C object esp-idf/mbedtls/mbedtls/library/CMakeFiles/mbedcrypto.dir/psa_its_file.c.obj\x1b[0m\n'}
[36.778864] (Ros2_esp32) StdoutLine: {'line': b'[ 81%] \x1b[32mBuilding C object esp-idf/mbedtls/mbedtls/library/CMakeFiles/mbedcrypto.dir/psa_util.c.obj\x1b[0m\n'}
[36.792820] (-) TimerEvent: {}
[36.800806] (Ros2_esp32) StdoutLine: {'line': b'[ 81%] \x1b[32mBuilding C object esp-idf/mbedtls/mbedtls/library/CMakeFiles/mbedcrypto.dir/rsa.c.obj\x1b[0m\n'}
[36.803692] (Ros2_esp32) StdoutLine: {'line': b'[ 81%] \x1b[32mBuilding C object esp-idf/mbedtls/mbedtls/library/CMakeFiles/mbedcrypto.dir/ripemd160.c.obj\x1b[0m\n'}
[36.811544] (Ros2_esp32) StdoutLine: {'line': b'[ 81%] \x1b[32mBuilding C object esp-idf/mbedtls/mbedtls/library/CMakeFiles/mbedcrypto.dir/rsa_alt_helpers.c.obj\x1b[0m\n'}
[36.821134] (Ros2_esp32) StdoutLine: {'line': b'[ 81%] \x1b[32mBuilding C object esp-idf/mbedtls/mbedtls/library/CMakeFiles/mbedcrypto.dir/sha1.c.obj\x1b[0m\n'}
[36.862337] (Ros2_esp32) StdoutLine: {'line': b'[ 81%] \x1b[32mBuilding C object esp-idf/mbedtls/mbedtls/library/CMakeFiles/mbedcrypto.dir/sha256.c.obj\x1b[0m\n'}
[36.892955] (-) TimerEvent: {}
[36.907508] (Ros2_esp32) StdoutLine: {'line': b'[ 81%] \x1b[32mBuilding C object esp-idf/mbedtls/mbedtls/library/CMakeFiles/mbedcrypto.dir/sha3.c.obj\x1b[0m\n'}
[36.907793] (Ros2_esp32) StdoutLine: {'line': b'[ 81%] \x1b[32mBuilding C object esp-idf/mbedtls/mbedtls/library/CMakeFiles/mbedcrypto.dir/sha512.c.obj\x1b[0m\n'}
[36.930125] (Ros2_esp32) StdoutLine: {'line': b'[ 81%] \x1b[32mBuilding C object esp-idf/mbedtls/mbedtls/library/CMakeFiles/mbedcrypto.dir/threading.c.obj\x1b[0m\n'}
[36.951923] (Ros2_esp32) StdoutLine: {'line': b'[ 81%] \x1b[32mBuilding C object esp-idf/mbedtls/mbedtls/library/CMakeFiles/mbedcrypto.dir/timing.c.obj\x1b[0m\n'}
[36.981046] (Ros2_esp32) StdoutLine: {'line': b'[ 81%] \x1b[32mBuilding C object esp-idf/mbedtls/mbedtls/library/CMakeFiles/mbedcrypto.dir/home/diego/.espressif/v5.5/esp-idf/components/mbedtls/port/sha/core/esp_sha_gdma_impl.c.obj\x1b[0m\n'}
[36.981442] (Ros2_esp32) StdoutLine: {'line': b'[ 81%] \x1b[32mBuilding C object esp-idf/mbedtls/mbedtls/library/CMakeFiles/mbedcrypto.dir/version.c.obj\x1b[0m\n'}
[36.984543] (Ros2_esp32) StdoutLine: {'line': b'[ 82%] \x1b[32mBuilding C object esp-idf/mbedtls/mbedtls/library/CMakeFiles/mbedcrypto.dir/version_features.c.obj\x1b[0m\n'}
[36.993421] (-) TimerEvent: {}
[37.011758] (Ros2_esp32) StdoutLine: {'line': b'[ 82%] \x1b[32mBuilding C object esp-idf/mbedtls/mbedtls/library/CMakeFiles/mbedcrypto.dir/home/diego/.espressif/v5.5/esp-idf/components/mbedtls/port/aes/dma/esp_aes_gdma_impl.c.obj\x1b[0m\n'}
[37.022535] (Ros2_esp32) StdoutLine: {'line': b'[ 82%] \x1b[32mBuilding C object esp-idf/mbedtls/mbedtls/library/CMakeFiles/mbedcrypto.dir/home/diego/.espressif/v5.5/esp-idf/components/mbedtls/port/aes/dma/esp_aes_dma_core.c.obj\x1b[0m\n'}
[37.029857] (Ros2_esp32) StdoutLine: {'line': b'[ 82%] \x1b[32mBuilding C object esp-idf/mbedtls/mbedtls/library/CMakeFiles/mbedcrypto.dir/home/diego/.espressif/v5.5/esp-idf/components/mbedtls/port/crypto_shared_gdma/esp_crypto_shared_gdma.c.obj\x1b[0m\n'}
[37.030402] (Ros2_esp32) StdoutLine: {'line': b'[ 82%] \x1b[32mBuilding C object esp-idf/mbedtls/mbedtls/library/CMakeFiles/mbedcrypto.dir/home/diego/.espressif/v5.5/esp-idf/components/mbedtls/port/esp_hardware.c.obj\x1b[0m\n'}
[37.034404] (Ros2_esp32) StdoutLine: {'line': b'[ 82%] \x1b[32mBuilding C object esp-idf/mbedtls/mbedtls/library/CMakeFiles/mbedcrypto.dir/home/diego/.espressif/v5.5/esp-idf/components/mbedtls/port/esp_mem.c.obj\x1b[0m\n'}
[37.041855] (Ros2_esp32) StdoutLine: {'line': b'[ 82%] \x1b[32mBuilding C object esp-idf/mbedtls/mbedtls/library/CMakeFiles/mbedcrypto.dir/home/diego/.espressif/v5.5/esp-idf/components/mbedtls/port/esp_timing.c.obj\x1b[0m\n'}
[37.048327] (Ros2_esp32) StdoutLine: {'line': b'[ 82%] \x1b[32mBuilding C object esp-idf/mbedtls/mbedtls/library/CMakeFiles/mbedcrypto.dir/home/diego/.espressif/v5.5/esp-idf/components/mbedtls/port/aes/esp_aes_xts.c.obj\x1b[0m\n'}
[37.078818] (Ros2_esp32) StdoutLine: {'line': b'[ 82%] \x1b[32mBuilding C object esp-idf/mbedtls/mbedtls/library/CMakeFiles/mbedcrypto.dir/home/diego/.espressif/v5.5/esp-idf/components/mbedtls/port/aes/esp_aes_common.c.obj\x1b[0m\n'}
[37.082500] (Ros2_esp32) StdoutLine: {'line': b'[ 83%] \x1b[32mBuilding C object esp-idf/mbedtls/mbedtls/library/CMakeFiles/mbedcrypto.dir/home/diego/.espressif/v5.5/esp-idf/components/mbedtls/port/aes/dma/esp_aes.c.obj\x1b[0m\n'}
[37.092885] (Ros2_esp32) StdoutLine: {'line': b'[ 83%] \x1b[32mBuilding C object esp-idf/mbedtls/mbedtls/library/CMakeFiles/mbedcrypto.dir/home/diego/.espressif/v5.5/esp-idf/components/mbedtls/port/sha/esp_sha.c.obj\x1b[0m\n'}
[37.093498] (-) TimerEvent: {}
[37.107813] (Ros2_esp32) StdoutLine: {'line': b'[ 83%] \x1b[32mBuilding C object esp-idf/mbedtls/mbedtls/library/CMakeFiles/mbedcrypto.dir/home/diego/.espressif/v5.5/esp-idf/components/mbedtls/port/sha/core/sha.c.obj\x1b[0m\n'}
[37.121828] (Ros2_esp32) StdoutLine: {'line': b'[ 83%] \x1b[32mBuilding C object esp-idf/mbedtls/mbedtls/library/CMakeFiles/mbedcrypto.dir/home/diego/.espressif/v5.5/esp-idf/components/mbedtls/port/esp_ds/esp_rsa_sign_alt.c.obj\x1b[0m\n'}
[37.146234] (Ros2_esp32) StdoutLine: {'line': b'[ 83%] \x1b[32mBuilding C object esp-idf/mbedtls/mbedtls/library/CMakeFiles/mbedcrypto.dir/home/diego/.espressif/v5.5/esp-idf/components/mbedtls/port/esp_ds/esp_rsa_dec_alt.c.obj\x1b[0m\n'}
[37.147900] (Ros2_esp32) StdoutLine: {'line': b'[ 83%] \x1b[32mBuilding C object esp-idf/mbedtls/mbedtls/library/CMakeFiles/mbedcrypto.dir/home/diego/.espressif/v5.5/esp-idf/components/mbedtls/port/esp_ds/esp_ds_common.c.obj\x1b[0m\n'}
[37.183931] (Ros2_esp32) StdoutLine: {'line': b'[ 83%] \x1b[32mBuilding C object esp-idf/mbedtls/mbedtls/library/CMakeFiles/mbedcrypto.dir/home/diego/.espressif/v5.5/esp-idf/components/mbedtls/port/esp_hmac_pbkdf2.c.obj\x1b[0m\n'}
[37.193682] (-) TimerEvent: {}
[37.194157] (Ros2_esp32) StdoutLine: {'line': b'[ 83%] \x1b[32mBuilding C object esp-idf/mbedtls/mbedtls/library/CMakeFiles/mbedcrypto.dir/home/diego/.espressif/v5.5/esp-idf/components/mbedtls/port/bignum/esp_bignum.c.obj\x1b[0m\n'}
[37.214610] (Ros2_esp32) StdoutLine: {'line': b'[ 83%] \x1b[32mBuilding C object esp-idf/mbedtls/mbedtls/library/CMakeFiles/mbedcrypto.dir/home/diego/.espressif/v5.5/esp-idf/components/mbedtls/port/bignum/bignum_alt.c.obj\x1b[0m\n'}
[37.237914] (Ros2_esp32) StdoutLine: {'line': b'[ 83%] \x1b[32mBuilding C object esp-idf/mbedtls/mbedtls/library/CMakeFiles/mbedcrypto.dir/home/diego/.espressif/v5.5/esp-idf/components/mbedtls/port/sha/core/esp_sha1.c.obj\x1b[0m\n'}
[37.275686] (Ros2_esp32) StdoutLine: {'line': b'[ 83%] \x1b[32mBuilding C object esp-idf/mbedtls/mbedtls/library/CMakeFiles/mbedcrypto.dir/home/diego/.espressif/v5.5/esp-idf/components/mbedtls/port/sha/core/esp_sha256.c.obj\x1b[0m\n'}
[37.277965] (Ros2_esp32) StdoutLine: {'line': b'[ 84%] \x1b[32mBuilding C object esp-idf/mbedtls/mbedtls/library/CMakeFiles/mbedcrypto.dir/home/diego/.espressif/v5.5/esp-idf/components/mbedtls/port/sha/core/esp_sha512.c.obj\x1b[0m\n'}
[37.295890] (Ros2_esp32) StdoutLine: {'line': b'[ 84%] \x1b[32mBuilding C object esp-idf/mbedtls/mbedtls/library/CMakeFiles/mbedcrypto.dir/home/diego/.espressif/v5.5/esp-idf/components/mbedtls/port/aes/esp_aes_gcm.c.obj\x1b[0m\n'}
[37.296639] (-) TimerEvent: {}
[37.297290] (Ros2_esp32) StdoutLine: {'line': b'[ 84%] \x1b[32mBuilding C object esp-idf/mbedtls/mbedtls/library/CMakeFiles/mbedcrypto.dir/home/diego/.espressif/v5.5/esp-idf/components/mbedtls/port/md/esp_md.c.obj\x1b[0m\n'}
[37.396778] (-) TimerEvent: {}
[37.497065] (-) TimerEvent: {}
[37.597355] (-) TimerEvent: {}
[37.648814] (Ros2_esp32) StdoutLine: {'line': b'[ 84%] \x1b[32m\x1b[1mLinking CXX static library libmbedcrypto.a\x1b[0m\n'}
[37.697460] (-) TimerEvent: {}
[37.779025] (Ros2_esp32) StdoutLine: {'line': b'[ 84%] Built target mbedcrypto\n'}
[37.797588] (-) TimerEvent: {}
[37.799440] (Ros2_esp32) StdoutLine: {'line': b'[ 84%] \x1b[32mBuilding C object esp-idf/mbedtls/mbedtls/3rdparty/p256-m/CMakeFiles/p256m.dir/p256-m/p256-m.c.obj\x1b[0m\n'}
[37.799663] (Ros2_esp32) StdoutLine: {'line': b'[ 84%] \x1b[32mBuilding C object esp-idf/mbedtls/mbedtls/3rdparty/p256-m/CMakeFiles/p256m.dir/p256-m_driver_entrypoints.c.obj\x1b[0m\n'}
[37.866549] (Ros2_esp32) StdoutLine: {'line': b'[ 84%] \x1b[32m\x1b[1mLinking CXX static library libp256m.a\x1b[0m\n'}
[37.897714] (-) TimerEvent: {}
[37.905852] (Ros2_esp32) StdoutLine: {'line': b'[ 84%] Built target p256m\n'}
[37.928369] (Ros2_esp32) StdoutLine: {'line': b'[ 84%] \x1b[32mBuilding C object esp-idf/mbedtls/mbedtls/3rdparty/everest/CMakeFiles/everest.dir/library/everest.c.obj\x1b[0m\n'}
[37.928654] (Ros2_esp32) StdoutLine: {'line': b'[ 84%] \x1b[32mBuilding C object esp-idf/mbedtls/mbedtls/3rdparty/everest/CMakeFiles/everest.dir/library/x25519.c.obj\x1b[0m\n'}
[37.929371] (Ros2_esp32) StdoutLine: {'line': b'[ 84%] \x1b[32mBuilding C object esp-idf/mbedtls/mbedtls/3rdparty/everest/CMakeFiles/everest.dir/library/Hacl_Curve25519_joined.c.obj\x1b[0m\n'}
[37.981035] (Ros2_esp32) StdoutLine: {'line': b'[ 84%] \x1b[32m\x1b[1mLinking CXX static library libeverest.a\x1b[0m\n'}
[37.997770] (-) TimerEvent: {}
[38.016758] (Ros2_esp32) StdoutLine: {'line': b'[ 84%] Built target everest\n'}
[38.026635] (Ros2_esp32) StdoutLine: {'line': b'[ 84%] \x1b[34m\x1b[1mGenerating x509_crt_bundle\x1b[0m\n'}
[38.097870] (-) TimerEvent: {}
[38.130710] (Ros2_esp32) StdoutLine: {'line': b'[ 84%] \x1b[34m\x1b[1mGenerating ../../x509_crt_bundle.S\x1b[0m\n'}
[38.198000] (-) TimerEvent: {}
[38.236246] (Ros2_esp32) StdoutLine: {'line': b'\x1b[35m\x1b[1mScanning dependencies of target __idf_mbedtls\x1b[0m\n'}
[38.247832] (Ros2_esp32) StdoutLine: {'line': b'[ 85%] \x1b[32mBuilding C object esp-idf/mbedtls/CMakeFiles/__idf_mbedtls.dir/esp_crt_bundle/esp_crt_bundle.c.obj\x1b[0m\n'}
[38.248022] (Ros2_esp32) StdoutLine: {'line': b'[ 85%] \x1b[32mBuilding ASM object esp-idf/mbedtls/CMakeFiles/__idf_mbedtls.dir/__/__/x509_crt_bundle.S.obj\x1b[0m\n'}
[38.298125] (-) TimerEvent: {}
[38.362196] (Ros2_esp32) StdoutLine: {'line': b'[ 85%] \x1b[32m\x1b[1mLinking C static library libmbedtls.a\x1b[0m\n'}
[38.398230] (-) TimerEvent: {}
[38.398760] (Ros2_esp32) StdoutLine: {'line': b'[ 85%] Built target __idf_mbedtls\n'}
[38.418627] (Ros2_esp32) StdoutLine: {'line': b'[ 85%] \x1b[32mBuilding C object esp-idf/esp_pm/CMakeFiles/__idf_esp_pm.dir/pm_locks.c.obj\x1b[0m\n'}
[38.418873] (Ros2_esp32) StdoutLine: {'line': b'[ 85%] \x1b[32mBuilding C object esp-idf/esp_pm/CMakeFiles/__idf_esp_pm.dir/pm_trace.c.obj\x1b[0m\n'}
[38.418952] (Ros2_esp32) StdoutLine: {'line': b'[ 85%] \x1b[32mBuilding C object esp-idf/esp_pm/CMakeFiles/__idf_esp_pm.dir/pm_impl.c.obj\x1b[0m\n'}
[38.498352] (-) TimerEvent: {}
[38.563459] (Ros2_esp32) StdoutLine: {'line': b'[ 85%] \x1b[32m\x1b[1mLinking C static library libesp_pm.a\x1b[0m\n'}
[38.598469] (-) TimerEvent: {}
[38.599551] (Ros2_esp32) StdoutLine: {'line': b'[ 85%] Built target __idf_esp_pm\n'}
[38.620159] (Ros2_esp32) StdoutLine: {'line': b'[ 85%] \x1b[32mBuilding C object esp-idf/esp_driver_gpio/CMakeFiles/__idf_esp_driver_gpio.dir/src/rtc_io.c.obj\x1b[0m\n'}
[38.620414] (Ros2_esp32) StdoutLine: {'line': b'[ 85%] \x1b[32mBuilding C object esp-idf/esp_driver_gpio/CMakeFiles/__idf_esp_driver_gpio.dir/src/gpio_pin_glitch_filter.c.obj\x1b[0m\n'}
[38.620496] (Ros2_esp32) StdoutLine: {'line': b'[ 85%] \x1b[32mBuilding C object esp-idf/esp_driver_gpio/CMakeFiles/__idf_esp_driver_gpio.dir/src/dedic_gpio.c.obj\x1b[0m\n'}
[38.620565] (Ros2_esp32) StdoutLine: {'line': b'[ 85%] \x1b[32mBuilding C object esp-idf/esp_driver_gpio/CMakeFiles/__idf_esp_driver_gpio.dir/src/gpio_glitch_filter_ops.c.obj\x1b[0m\n'}
[38.620631] (Ros2_esp32) StdoutLine: {'line': b'[ 85%] \x1b[32mBuilding C object esp-idf/esp_driver_gpio/CMakeFiles/__idf_esp_driver_gpio.dir/src/gpio.c.obj\x1b[0m\n'}
[38.698659] (-) TimerEvent: {}
[38.799028] (-) TimerEvent: {}
[38.899480] (-) TimerEvent: {}
[38.963077] (Ros2_esp32) StdoutLine: {'line': b'[ 85%] \x1b[32m\x1b[1mLinking C static library libesp_driver_gpio.a\x1b[0m\n'}
[38.999598] (-) TimerEvent: {}
[39.003317] (Ros2_esp32) StdoutLine: {'line': b'[ 85%] Built target __idf_esp_driver_gpio\n'}
[39.014039] (Ros2_esp32) StdoutLine: {'line': b'\x1b[35m\x1b[1mScanning dependencies of target __idf_xtensa\x1b[0m\n'}
[39.031834] (Ros2_esp32) StdoutLine: {'line': b'[ 85%] \x1b[32mBuilding ASM object esp-idf/xtensa/CMakeFiles/__idf_xtensa.dir/xtensa_intr_asm.S.obj\x1b[0m\n'}
[39.032063] (Ros2_esp32) StdoutLine: {'line': b'[ 85%] \x1b[32mBuilding C object esp-idf/xtensa/CMakeFiles/__idf_xtensa.dir/xt_trax.c.obj\x1b[0m\n'}
[39.032139] (Ros2_esp32) StdoutLine: {'line': b'[ 85%] \x1b[32mBuilding ASM object esp-idf/xtensa/CMakeFiles/__idf_xtensa.dir/xtensa_context.S.obj\x1b[0m\n'}
[39.032209] (Ros2_esp32) StdoutLine: {'line': b'[ 85%] \x1b[32mBuilding C object esp-idf/xtensa/CMakeFiles/__idf_xtensa.dir/eri.c.obj\x1b[0m\n'}
[39.034173] (Ros2_esp32) StdoutLine: {'line': b'[ 85%] \x1b[32mBuilding ASM object esp-idf/xtensa/CMakeFiles/__idf_xtensa.dir/xtensa_vectors.S.obj\x1b[0m\n'}
[39.034440] (Ros2_esp32) StdoutLine: {'line': b'[ 85%] \x1b[32mBuilding C object esp-idf/xtensa/CMakeFiles/__idf_xtensa.dir/xtensa_intr.c.obj\x1b[0m\n'}
[39.099732] (-) TimerEvent: {}
[39.104422] (Ros2_esp32) StdoutLine: {'line': b'[ 85%] \x1b[32m\x1b[1mLinking C static library libxtensa.a\x1b[0m\n'}
[39.145311] (Ros2_esp32) StdoutLine: {'line': b'[ 85%] Built target __idf_xtensa\n'}
[39.179960] (Ros2_esp32) StdoutLine: {'line': b'\x1b[35m\x1b[1mScanning dependencies of target __idf_espcoredump\x1b[0m\n'}
[39.182915] (Ros2_esp32) StdoutLine: {'line': b'[ 85%] \x1b[32mBuilding C object esp-idf/console/CMakeFiles/__idf_console.dir/commands.c.obj\x1b[0m\n'}
[39.183879] (Ros2_esp32) StdoutLine: {'line': b'[ 86%] \x1b[32mBuilding C object esp-idf/esp_driver_cam/CMakeFiles/__idf_esp_driver_cam.dir/esp_cam_ctlr.c.obj\x1b[0m\n'}
[39.184530] (Ros2_esp32) StdoutLine: {'line': b'[ 86%] \x1b[32mBuilding C object esp-idf/esp_lcd/CMakeFiles/__idf_esp_lcd.dir/src/esp_lcd_common.c.obj\x1b[0m\n'}
[39.185647] (Ros2_esp32) StdoutLine: {'line': b'[ 86%] \x1b[32mBuilding C object esp-idf/protobuf-c/CMakeFiles/__idf_protobuf-c.dir/protobuf-c/protobuf-c/protobuf-c.c.obj\x1b[0m\n'}
[39.186587] (Ros2_esp32) StdoutLine: {'line': b'[ 86%] \x1b[32mBuilding C object esp-idf/esp_driver_touch_sens/CMakeFiles/__idf_esp_driver_touch_sens.dir/common/touch_sens_common.c.obj\x1b[0m\n'}
[39.188030] (Ros2_esp32) StdoutLine: {'line': b'[ 86%] \x1b[32mBuilding C object esp-idf/esp_https_server/CMakeFiles/__idf_esp_https_server.dir/src/https_server.c.obj\x1b[0m\n'}
[39.188160] (Ros2_esp32) StdoutLine: {'line': b'[ 86%] \x1b[32mBuilding C object esp-idf/esp_eth/CMakeFiles/__idf_esp_eth.dir/src/esp_eth.c.obj\x1b[0m\n'}
[39.190089] (Ros2_esp32) StdoutLine: {'line': b'[ 86%] \x1b[32mBuilding C object esp-idf/app_trace/CMakeFiles/__idf_app_trace.dir/app_trace.c.obj\x1b[0m\n'}
[39.190509] (Ros2_esp32) StdoutLine: {'line': b'[ 86%] \x1b[32mBuilding C object esp-idf/esp_hid/CMakeFiles/__idf_esp_hid.dir/src/esp_hidd.c.obj\x1b[0m\n'}
[39.197092] (Ros2_esp32) StdoutLine: {'line': b'[ 86%] \x1b[32mBuilding C object esp-idf/unity/CMakeFiles/__idf_unity.dir/unity/src/unity.c.obj\x1b[0m\n'}
[39.200477] (-) TimerEvent: {}
[39.208060] (Ros2_esp32) StdoutLine: {'line': b'[ 86%] \x1b[32mBuilding CXX object esp-idf/wear_levelling/CMakeFiles/__idf_wear_levelling.dir/Partition.cpp.obj\x1b[0m\n'}
[39.216824] (Ros2_esp32) StdoutLine: {'line': b'[ 86%] \x1b[32mBuilding C object esp-idf/espcoredump/CMakeFiles/__idf_espcoredump.dir/src/core_dump_init.c.obj\x1b[0m\n'}
[39.303815] (-) TimerEvent: {}
[39.308842] (Ros2_esp32) StdoutLine: {'line': b'[ 86%] \x1b[32mBuilding C object esp-idf/espcoredump/CMakeFiles/__idf_espcoredump.dir/src/core_dump_common.c.obj\x1b[0m\n'}
[39.357877] (Ros2_esp32) StdoutLine: {'line': b'[ 86%] \x1b[32mBuilding C object esp-idf/esp_lcd/CMakeFiles/__idf_esp_lcd.dir/src/esp_lcd_panel_io.c.obj\x1b[0m\n'}
[39.358643] (Ros2_esp32) StdoutLine: {'line': b'[ 86%] \x1b[32mBuilding C object esp-idf/esp_driver_cam/CMakeFiles/__idf_esp_driver_cam.dir/dvp_share_ctrl.c.obj\x1b[0m\n'}
[39.360649] (Ros2_esp32) StdoutLine: {'line': b'[ 86%] \x1b[32mBuilding CXX object esp-idf/wear_levelling/CMakeFiles/__idf_wear_levelling.dir/SPI_Flash.cpp.obj\x1b[0m\n'}
[39.374457] (Ros2_esp32) StdoutLine: {'line': b'[ 86%] \x1b[32mBuilding C object esp-idf/esp_hid/CMakeFiles/__idf_esp_hid.dir/src/esp_hidh.c.obj\x1b[0m\n'}
[39.376322] (Ros2_esp32) StdoutLine: {'line': b'[ 87%] \x1b[32mBuilding C object esp-idf/console/CMakeFiles/__idf_console.dir/esp_console_common.c.obj\x1b[0m\n'}
[39.403940] (-) TimerEvent: {}
[39.421187] (Ros2_esp32) StdoutLine: {'line': b'[ 87%] \x1b[32mBuilding C object esp-idf/app_trace/CMakeFiles/__idf_app_trace.dir/app_trace_util.c.obj\x1b[0m\n'}
[39.457334] (Ros2_esp32) StdoutLine: {'line': b'[ 87%] \x1b[32mBuilding C object esp-idf/espcoredump/CMakeFiles/__idf_espcoredump.dir/src/core_dump_flash.c.obj\x1b[0m\n'}
[39.481693] (Ros2_esp32) StdoutLine: {'line': b'[ 87%] \x1b[32mBuilding C object esp-idf/esp_driver_cam/CMakeFiles/__idf_esp_driver_cam.dir/dvp/src/esp_cam_ctlr_dvp_gdma.c.obj\x1b[0m\n'}
[39.502313] (Ros2_esp32) StdoutLine: {'line': b'[ 87%] \x1b[32mBuilding CXX object esp-idf/wear_levelling/CMakeFiles/__idf_wear_levelling.dir/WL_Ext_Perf.cpp.obj\x1b[0m\n'}
[39.505220] (-) TimerEvent: {}
[39.531645] (Ros2_esp32) StdoutLine: {'line': b'[ 87%] \x1b[32m\x1b[1mLinking C static library libesp_https_server.a\x1b[0m\n'}
[39.547675] (Ros2_esp32) StdoutLine: {'line': b'[ 87%] \x1b[32mBuilding C object esp-idf/esp_lcd/CMakeFiles/__idf_esp_lcd.dir/src/esp_lcd_panel_nt35510.c.obj\x1b[0m\n'}
[39.575866] (Ros2_esp32) StdoutLine: {'line': b'[ 87%] \x1b[32mBuilding C object esp-idf/app_trace/CMakeFiles/__idf_app_trace.dir/host_file_io.c.obj\x1b[0m\n'}
[39.577296] (Ros2_esp32) StdoutLine: {'line': b'[ 87%] \x1b[32mBuilding C object esp-idf/console/CMakeFiles/__idf_console.dir/esp_console_repl_internal.c.obj\x1b[0m\n'}
[39.605587] (-) TimerEvent: {}
[39.629364] (Ros2_esp32) StdoutLine: {'line': b'[ 87%] Built target __idf_esp_https_server\n'}
[39.631805] (Ros2_esp32) StdoutLine: {'line': b'[ 87%] \x1b[32mBuilding C object esp-idf/esp_driver_touch_sens/CMakeFiles/__idf_esp_driver_touch_sens.dir/hw_ver2/touch_version_specific.c.obj\x1b[0m\n'}
[39.645824] (Ros2_esp32) StdoutLine: {'line': b'[ 87%] \x1b[32mBuilding C object esp-idf/esp_lcd/CMakeFiles/__idf_esp_lcd.dir/src/esp_lcd_panel_ssd1306.c.obj\x1b[0m\n'}
[39.651466] (Ros2_esp32) StdoutLine: {'line': b'[ 87%] \x1b[32mBuilding C object esp-idf/esp_eth/CMakeFiles/__idf_esp_eth.dir/src/phy/esp_eth_phy_802_3.c.obj\x1b[0m\n'}
[39.662351] (Ros2_esp32) StdoutLine: {'line': b'[ 87%] \x1b[32mBuilding C object esp-idf/esp_driver_cam/CMakeFiles/__idf_esp_driver_cam.dir/dvp/src/esp_cam_ctlr_dvp_cam.c.obj\x1b[0m\n'}
[39.679331] (Ros2_esp32) StdoutLine: {'line': b'[ 87%] \x1b[32mBuilding C object esp-idf/unity/CMakeFiles/__idf_unity.dir/unity_compat.c.obj\x1b[0m\n'}
[39.679630] (Ros2_esp32) StdoutLine: {'line': b'[ 87%] \x1b[32mBuilding C object esp-idf/espcoredump/CMakeFiles/__idf_espcoredump.dir/src/core_dump_uart.c.obj\x1b[0m\n'}
[39.692928] (Ros2_esp32) StdoutLine: {'line': b'[ 87%] \x1b[32mBuilding C object esp-idf/app_trace/CMakeFiles/__idf_app_trace.dir/port/port_uart.c.obj\x1b[0m\n'}
[39.706056] (Ros2_esp32) StdoutLine: {'line': b'[ 88%] \x1b[32mBuilding CXX object esp-idf/wear_levelling/CMakeFiles/__idf_wear_levelling.dir/WL_Ext_Safe.cpp.obj\x1b[0m\n'}
[39.706338] (-) TimerEvent: {}
[39.725160] (Ros2_esp32) StdoutLine: {'line': b'[ 88%] \x1b[32mBuilding C object esp-idf/esp_hid/CMakeFiles/__idf_esp_hid.dir/src/esp_hid_common.c.obj\x1b[0m\n'}
[39.766162] (Ros2_esp32) StdoutLine: {'line': b'[ 88%] \x1b[32mBuilding C object esp-idf/unity/CMakeFiles/__idf_unity.dir/unity_runner.c.obj\x1b[0m\n'}
[39.785931] (Ros2_esp32) StdoutLine: {'line': b'[ 88%] \x1b[32mBuilding C object esp-idf/console/CMakeFiles/__idf_console.dir/split_argv.c.obj\x1b[0m\n'}
[39.787065] (Ros2_esp32) StdoutLine: {'line': b'[ 88%] \x1b[32mBuilding CXX object esp-idf/wear_levelling/CMakeFiles/__idf_wear_levelling.dir/WL_Flash.cpp.obj\x1b[0m\n'}
[39.806514] (-) TimerEvent: {}
[39.831822] (Ros2_esp32) StdoutLine: {'line': b'[ 88%] \x1b[32mBuilding C object esp-idf/espcoredump/CMakeFiles/__idf_espcoredump.dir/src/core_dump_elf.c.obj\x1b[0m\n'}
[39.847859] (Ros2_esp32) StdoutLine: {'line': b'[ 88%] \x1b[32m\x1b[1mLinking C static library libapp_trace.a\x1b[0m\n'}
[39.879503] (Ros2_esp32) StdoutLine: {'line': b'[ 88%] \x1b[32mBuilding C object esp-idf/console/CMakeFiles/__idf_console.dir/linenoise/linenoise.c.obj\x1b[0m\n'}
[39.885156] (Ros2_esp32) StdoutLine: {'line': b'[ 88%] \x1b[32mBuilding C object esp-idf/esp_lcd/CMakeFiles/__idf_esp_lcd.dir/src/esp_lcd_panel_st7789.c.obj\x1b[0m\n'}
[39.907049] (-) TimerEvent: {}
[39.911631] (Ros2_esp32) StdoutLine: {'line': b'[ 88%] \x1b[32mBuilding C object esp-idf/console/CMakeFiles/__idf_console.dir/esp_console_repl_chip.c.obj\x1b[0m\n'}
[39.938464] (Ros2_esp32) StdoutLine: {'line': b'[ 88%] \x1b[32mBuilding C object esp-idf/unity/CMakeFiles/__idf_unity.dir/unity_utils_freertos.c.obj\x1b[0m\n'}
[39.979000] (Ros2_esp32) StdoutLine: {'line': b'[ 88%] Built target __idf_app_trace\n'}
[39.979839] (Ros2_esp32) StdoutLine: {'line': b'[ 88%] \x1b[32m\x1b[1mLinking C static library libesp_hid.a\x1b[0m\n'}
[39.989797] (Ros2_esp32) StdoutLine: {'line': b'[ 88%] \x1b[32mBuilding C object esp-idf/espcoredump/CMakeFiles/__idf_espcoredump.dir/src/core_dump_binary.c.obj\x1b[0m\n'}
[39.999219] (Ros2_esp32) StdoutLine: {'line': b'[ 88%] \x1b[32mBuilding C object esp-idf/esp_eth/CMakeFiles/__idf_esp_eth.dir/src/esp_eth_netif_glue.c.obj\x1b[0m\n'}
[40.007227] (-) TimerEvent: {}
[40.027453] (Ros2_esp32) StdoutLine: {'line': b'[ 88%] \x1b[32m\x1b[1mLinking C static library libprotobuf-c.a\x1b[0m\n'}
[40.057501] (Ros2_esp32) StdoutLine: {'line': b'[ 88%] Built target __idf_esp_hid\n'}
[40.061035] (Ros2_esp32) StdoutLine: {'line': b'[ 88%] \x1b[32m\x1b[1mLinking C static library libesp_driver_touch_sens.a\x1b[0m\n'}
[40.078279] (Ros2_esp32) StdoutLine: {'line': b'[ 89%] \x1b[32mBuilding C object esp-idf/unity/CMakeFiles/__idf_unity.dir/unity_utils_cache.c.obj\x1b[0m\n'}
[40.094945] (Ros2_esp32) StdoutLine: {'line': b'[ 89%] \x1b[32mBuilding C object esp-idf/esp_lcd/CMakeFiles/__idf_esp_lcd.dir/src/esp_lcd_panel_ops.c.obj\x1b[0m\n'}
[40.095505] (Ros2_esp32) StdoutLine: {'line': b'[ 89%] \x1b[32mBuilding CXX object esp-idf/wear_levelling/CMakeFiles/__idf_wear_levelling.dir/crc32.cpp.obj\x1b[0m\n'}
[40.105124] (Ros2_esp32) StdoutLine: {'line': b'[ 89%] \x1b[32m\x1b[1mLinking C static library libesp_driver_cam.a\x1b[0m\n'}
[40.106117] (Ros2_esp32) StdoutLine: {'line': b'[ 89%] \x1b[32mBuilding C object esp-idf/json/CMakeFiles/__idf_json.dir/cJSON/cJSON.c.obj\x1b[0m\n'}
[40.108823] (-) TimerEvent: {}
[40.113983] (Ros2_esp32) StdoutLine: {'line': b'[ 89%] Built target __idf_protobuf-c\n'}
[40.128189] (Ros2_esp32) StdoutLine: {'line': b'[ 89%] \x1b[32mBuilding C object esp-idf/unity/CMakeFiles/__idf_unity.dir/unity_utils_memory.c.obj\x1b[0m\n'}
[40.129031] (Ros2_esp32) StdoutLine: {'line': b'[ 89%] \x1b[32mBuilding C object esp-idf/espcoredump/CMakeFiles/__idf_espcoredump.dir/src/core_dump_sha.c.obj\x1b[0m\n'}
[40.141179] (Ros2_esp32) StdoutLine: {'line': b'[ 89%] Built target __idf_esp_driver_touch_sens\n'}
[40.153522] (Ros2_esp32) StdoutLine: {'line': b'[ 89%] \x1b[32mBuilding C object esp-idf/espcoredump/CMakeFiles/__idf_espcoredump.dir/src/core_dump_crc.c.obj\x1b[0m\n'}
[40.163887] (Ros2_esp32) StdoutLine: {'line': b'[ 89%] \x1b[32mBuilding C object esp-idf/espcoredump/CMakeFiles/__idf_espcoredump.dir/src/port/xtensa/core_dump_port.c.obj\x1b[0m\n'}
[40.174958] (Ros2_esp32) StdoutLine: {'line': b'[ 90%] \x1b[32mBuilding ASM object esp-idf/espcoredump/CMakeFiles/__idf_espcoredump.dir/src/port/xtensa/core_dump_stack_switch.S.obj\x1b[0m\n'}
[40.192067] (Ros2_esp32) StdoutLine: {'line': b'[ 90%] Built target __idf_esp_driver_cam\n'}
[40.193666] (Ros2_esp32) StdoutLine: {'line': b'[ 90%] \x1b[32mBuilding C object esp-idf/console/CMakeFiles/__idf_console.dir/argtable3/arg_cmd.c.obj\x1b[0m\n'}
[40.197025] (Ros2_esp32) StdoutLine: {'line': b'[ 90%] \x1b[32mBuilding C object esp-idf/unity/CMakeFiles/__idf_unity.dir/unity_port_esp32.c.obj\x1b[0m\n'}
[40.208494] (Ros2_esp32) StdoutLine: {'line': b'[ 90%] \x1b[32mBuilding C object esp-idf/esp_lcd/CMakeFiles/__idf_esp_lcd.dir/i2c/esp_lcd_panel_io_i2c_v1.c.obj\x1b[0m\n'}
[40.208891] (-) TimerEvent: {}
[40.223643] (Ros2_esp32) StdoutLine: {'line': b'[ 90%] \x1b[32mBuilding C object esp-idf/unity/CMakeFiles/__idf_unity.dir/port/esp/unity_utils_memory_esp.c.obj\x1b[0m\n'}
[40.230856] (Ros2_esp32) StdoutLine: {'line': b'[ 90%] \x1b[32m\x1b[1mLinking C static library libesp_eth.a\x1b[0m\n'}
[40.266354] (Ros2_esp32) StdoutLine: {'line': b'[ 90%] \x1b[32mBuilding C object esp-idf/json/CMakeFiles/__idf_json.dir/cJSON/cJSON_Utils.c.obj\x1b[0m\n'}
[40.268825] (Ros2_esp32) StdoutLine: {'line': b'[ 90%] \x1b[32mBuilding CXX object esp-idf/wear_levelling/CMakeFiles/__idf_wear_levelling.dir/wear_levelling.cpp.obj\x1b[0m\n'}
[40.273759] (Ros2_esp32) StdoutLine: {'line': b'[ 90%] \x1b[32mBuilding C object esp-idf/console/CMakeFiles/__idf_console.dir/argtable3/arg_date.c.obj\x1b[0m\n'}
[40.300025] (Ros2_esp32) StdoutLine: {'line': b'[ 90%] \x1b[32m\x1b[1mLinking C static library libespcoredump.a\x1b[0m\n'}
[40.300399] (Ros2_esp32) StdoutLine: {'line': b'[ 90%] \x1b[32mBuilding C object esp-idf/esp_lcd/CMakeFiles/__idf_esp_lcd.dir/i2c/esp_lcd_panel_io_i2c_v2.c.obj\x1b[0m\n'}
[40.311816] (-) TimerEvent: {}
[40.328576] (Ros2_esp32) StdoutLine: {'line': b'[ 90%] Built target __idf_esp_eth\n'}
[40.332054] (Ros2_esp32) StdoutLine: {'line': b'[ 91%] \x1b[32mBuilding C object esp-idf/esp_lcd/CMakeFiles/__idf_esp_lcd.dir/spi/esp_lcd_panel_io_spi.c.obj\x1b[0m\n'}
[40.357372] (Ros2_esp32) StdoutLine: {'line': b'[ 91%] \x1b[32mBuilding C object esp-idf/esp_lcd/CMakeFiles/__idf_esp_lcd.dir/i80/esp_lcd_panel_io_i80.c.obj\x1b[0m\n'}
[40.363555] (Ros2_esp32) StdoutLine: {'line': b'[ 91%] \x1b[32mBuilding C object esp-idf/console/CMakeFiles/__idf_console.dir/argtable3/arg_dbl.c.obj\x1b[0m\n'}
[40.375473] (Ros2_esp32) StdoutLine: {'line': b'[ 91%] \x1b[32mBuilding C object esp-idf/mqtt/CMakeFiles/__idf_mqtt.dir/esp-mqtt/mqtt_client.c.obj\x1b[0m\n'}
[40.386255] (Ros2_esp32) StdoutLine: {'line': b'[ 91%] \x1b[32m\x1b[1mLinking C static library libunity.a\x1b[0m\n'}
[40.403275] (Ros2_esp32) StdoutLine: {'line': b'[ 91%] Built target __idf_espcoredump\n'}
[40.412375] (-) TimerEvent: {}
[40.422914] (Ros2_esp32) StdoutLine: {'line': b'[ 91%] \x1b[32mBuilding C object esp-idf/mqtt/CMakeFiles/__idf_mqtt.dir/esp-mqtt/lib/mqtt_msg.c.obj\x1b[0m\n'}
[40.496851] (Ros2_esp32) StdoutLine: {'line': b'[ 91%] \x1b[32mBuilding C object esp-idf/esp_lcd/CMakeFiles/__idf_esp_lcd.dir/rgb/esp_lcd_panel_rgb.c.obj\x1b[0m\n'}
[40.512799] (-) TimerEvent: {}
[40.514773] (Ros2_esp32) StdoutLine: {'line': b'[ 91%] Built target __idf_unity\n'}
[40.517875] (Ros2_esp32) StdoutLine: {'line': b'[ 91%] \x1b[32mBuilding C object esp-idf/console/CMakeFiles/__idf_console.dir/argtable3/arg_dstr.c.obj\x1b[0m\n'}
[40.546870] (Ros2_esp32) StdoutLine: {'line': b'[ 91%] \x1b[32m\x1b[1mLinking C static library libwear_levelling.a\x1b[0m\n'}
[40.547218] (Ros2_esp32) StdoutLine: {'line': b'[ 91%] \x1b[32mBuilding C object esp-idf/console/CMakeFiles/__idf_console.dir/argtable3/arg_end.c.obj\x1b[0m\n'}
[40.573639] (Ros2_esp32) StdoutLine: {'line': b'[ 91%] \x1b[32mBuilding C object esp-idf/nvs_sec_provider/CMakeFiles/__idf_nvs_sec_provider.dir/nvs_sec_provider.c.obj\x1b[0m\n'}
[40.614677] (-) TimerEvent: {}
[40.665936] (Ros2_esp32) StdoutLine: {'line': b'[ 91%] Built target __idf_wear_levelling\n'}
[40.672724] (Ros2_esp32) StdoutLine: {'line': b'[ 91%] \x1b[32mBuilding C object esp-idf/console/CMakeFiles/__idf_console.dir/argtable3/arg_file.c.obj\x1b[0m\n'}
[40.680555] (Ros2_esp32) StdoutLine: {'line': b'[ 91%] \x1b[32mBuilding C object esp-idf/mqtt/CMakeFiles/__idf_mqtt.dir/esp-mqtt/lib/mqtt_outbox.c.obj\x1b[0m\n'}
[40.682364] (Ros2_esp32) StdoutLine: {'line': b'[ 92%] \x1b[32mBuilding C object esp-idf/console/CMakeFiles/__idf_console.dir/argtable3/arg_hashtable.c.obj\x1b[0m\n'}
[40.693247] (Ros2_esp32) StdoutLine: {'line': b'[ 92%] \x1b[32mBuilding C object esp-idf/mqtt/CMakeFiles/__idf_mqtt.dir/esp-mqtt/lib/platform_esp32_idf.c.obj\x1b[0m\n'}
[40.714898] (-) TimerEvent: {}
[40.733040] (Ros2_esp32) StdoutLine: {'line': b'[ 92%] \x1b[32mBuilding C object esp-idf/perfmon/CMakeFiles/__idf_perfmon.dir/xtensa_perfmon_access.c.obj\x1b[0m\n'}
[40.758581] (Ros2_esp32) StdoutLine: {'line': b'[ 92%] \x1b[32mBuilding C object esp-idf/perfmon/CMakeFiles/__idf_perfmon.dir/xtensa_perfmon_masks.c.obj\x1b[0m\n'}
[40.763051] (Ros2_esp32) StdoutLine: {'line': b'[ 92%] \x1b[32mBuilding C object esp-idf/perfmon/CMakeFiles/__idf_perfmon.dir/xtensa_perfmon_apis.c.obj\x1b[0m\n'}
[40.785000] (Ros2_esp32) StdoutLine: {'line': b'[ 92%] \x1b[32m\x1b[1mLinking C static library libnvs_sec_provider.a\x1b[0m\n'}
[40.815063] (-) TimerEvent: {}
[40.820805] (Ros2_esp32) StdoutLine: {'line': b'[ 92%] \x1b[32mBuilding C object esp-idf/console/CMakeFiles/__idf_console.dir/argtable3/arg_int.c.obj\x1b[0m\n'}
[40.846845] (Ros2_esp32) StdoutLine: {'line': b'[ 92%] \x1b[32mBuilding C object esp-idf/console/CMakeFiles/__idf_console.dir/argtable3/arg_lit.c.obj\x1b[0m\n'}
[40.864501] (Ros2_esp32) StdoutLine: {'line': b'[ 92%] \x1b[32mBuilding C object esp-idf/console/CMakeFiles/__idf_console.dir/argtable3/arg_rem.c.obj\x1b[0m\n'}
[40.866784] (Ros2_esp32) StdoutLine: {'line': b'[ 92%] \x1b[32mBuilding C object esp-idf/rt/CMakeFiles/__idf_rt.dir/FreeRTOS_POSIX_mqueue.c.obj\x1b[0m\n'}
[40.874036] (Ros2_esp32) StdoutLine: {'line': b'[ 92%] \x1b[32m\x1b[1mLinking C static library libjson.a\x1b[0m\n'}
[40.891928] (Ros2_esp32) StdoutLine: {'line': b'[ 92%] Built target __idf_nvs_sec_provider\n'}
[40.906772] (Ros2_esp32) StdoutLine: {'line': b'[ 92%] \x1b[32mBuilding C object esp-idf/spiffs/CMakeFiles/__idf_spiffs.dir/spiffs_api.c.obj\x1b[0m\n'}
[40.915885] (-) TimerEvent: {}
[40.916323] (Ros2_esp32) StdoutLine: {'line': b'[ 92%] \x1b[32mBuilding C object esp-idf/rt/CMakeFiles/__idf_rt.dir/FreeRTOS_POSIX_utils.c.obj\x1b[0m\n'}
[40.919855] (Ros2_esp32) StdoutLine: {'line': b'[ 93%] \x1b[32m\x1b[1mLinking C static library libperfmon.a\x1b[0m\n'}
[40.945766] (Ros2_esp32) StdoutLine: {'line': b'[ 93%] \x1b[32mBuilding C object esp-idf/console/CMakeFiles/__idf_console.dir/argtable3/arg_rex.c.obj\x1b[0m\n'}
[40.961497] (Ros2_esp32) StdoutLine: {'line': b'[ 93%] \x1b[32mBuilding C object esp-idf/console/CMakeFiles/__idf_console.dir/argtable3/arg_str.c.obj\x1b[0m\n'}
[40.965809] (Ros2_esp32) StdoutLine: {'line': b'[ 93%] \x1b[32mBuilding C object esp-idf/spiffs/CMakeFiles/__idf_spiffs.dir/spiffs/src/spiffs_cache.c.obj\x1b[0m\n'}
[40.976964] (Ros2_esp32) StdoutLine: {'line': b'[ 93%] Built target __idf_json\n'}
[40.998548] (Ros2_esp32) StdoutLine: {'line': b'[ 94%] \x1b[32mBuilding C object esp-idf/spiffs/CMakeFiles/__idf_spiffs.dir/spiffs/src/spiffs_check.c.obj\x1b[0m\n'}
[41.001176] (Ros2_esp32) StdoutLine: {'line': b'[ 94%] \x1b[32mBuilding C object esp-idf/touch_element/CMakeFiles/__idf_touch_element.dir/touch_element.c.obj\x1b[0m\n'}
[41.016039] (-) TimerEvent: {}
[41.031942] (Ros2_esp32) StdoutLine: {'line': b'[ 94%] Built target __idf_perfmon\n'}
[41.049787] (Ros2_esp32) StdoutLine: {'line': b'[ 94%] \x1b[32mBuilding C object esp-idf/usb/CMakeFiles/__idf_usb.dir/hcd_dwc.c.obj\x1b[0m\n'}
[41.051753] (Ros2_esp32) StdoutLine: {'line': b'[ 94%] \x1b[32mBuilding C object esp-idf/usb/CMakeFiles/__idf_usb.dir/enum.c.obj\x1b[0m\n'}
[41.094823] (Ros2_esp32) StdoutLine: {'line': b'[ 94%] \x1b[32mBuilding C object esp-idf/console/CMakeFiles/__idf_console.dir/argtable3/arg_utils.c.obj\x1b[0m\n'}
[41.099582] (Ros2_esp32) StdoutLine: {'line': b'[ 94%] \x1b[32mBuilding C object esp-idf/usb/CMakeFiles/__idf_usb.dir/hub.c.obj\x1b[0m\n'}
[41.105625] (Ros2_esp32) StdoutLine: {'line': b'[ 94%] \x1b[32mBuilding C object esp-idf/spiffs/CMakeFiles/__idf_spiffs.dir/spiffs/src/spiffs_gc.c.obj\x1b[0m\n'}
[41.117432] (-) TimerEvent: {}
[41.160601] (Ros2_esp32) StdoutLine: {'line': b'[ 94%] \x1b[32mBuilding C object esp-idf/console/CMakeFiles/__idf_console.dir/argtable3/argtable3.c.obj\x1b[0m\n'}
[41.199972] (Ros2_esp32) StdoutLine: {'line': b'[ 94%] \x1b[32m\x1b[1mLinking C static library librt.a\x1b[0m\n'}
[41.217555] (-) TimerEvent: {}
[41.270415] (Ros2_esp32) StdoutLine: {'line': b'[ 94%] \x1b[32mBuilding C object esp-idf/micro_ros_espidf_component/CMakeFiles/__idf_micro_ros_espidf_component.dir/network_interfaces/uros_wlan_netif.c.obj\x1b[0m\n'}
[41.302459] (Ros2_esp32) StdoutLine: {'line': b'[ 94%] \x1b[32mBuilding C object esp-idf/cmock/CMakeFiles/__idf_cmock.dir/CMock/src/cmock.c.obj\x1b[0m\n'}
[41.325624] (Ros2_esp32) StdoutLine: {'line': b'[ 94%] Built target __idf_rt\n'}
[41.325943] (-) TimerEvent: {}
[41.342265] (Ros2_esp32) StdoutLine: {'line': b'[ 94%] \x1b[32mBuilding C object esp-idf/touch_element/CMakeFiles/__idf_touch_element.dir/touch_button.c.obj\x1b[0m\n'}
[41.423825] (Ros2_esp32) StdoutLine: {'line': b'[ 94%] \x1b[32mBuilding C object esp-idf/spiffs/CMakeFiles/__idf_spiffs.dir/spiffs/src/spiffs_hydrogen.c.obj\x1b[0m\n'}
[41.427662] (-) TimerEvent: {}
[41.427993] (Ros2_esp32) StdoutLine: {'line': b'[ 94%] \x1b[32mBuilding C object esp-idf/spiffs/CMakeFiles/__idf_spiffs.dir/spiffs/src/spiffs_nucleus.c.obj\x1b[0m\n'}
[41.432525] (Ros2_esp32) StdoutLine: {'line': b'[ 94%] \x1b[32m\x1b[1mLinking C static library libesp_lcd.a\x1b[0m\n'}
[41.437334] (Ros2_esp32) StdoutLine: {'line': b'[ 94%] \x1b[32mBuilding C object esp-idf/fatfs/CMakeFiles/__idf_fatfs.dir/diskio/diskio.c.obj\x1b[0m\n'}
[41.451478] (Ros2_esp32) StdoutLine: {'line': b'[ 94%] \x1b[32mBuilding C object esp-idf/fatfs/CMakeFiles/__idf_fatfs.dir/diskio/diskio_rawflash.c.obj\x1b[0m\n'}
[41.476887] (Ros2_esp32) StdoutLine: {'line': b'[ 94%] \x1b[32m\x1b[1mLinking C static library libcmock.a\x1b[0m\n'}
[41.496223] (Ros2_esp32) StdoutLine: {'line': b'[ 94%] \x1b[32m\x1b[1mLinking C static library libmicro_ros_espidf_component.a\x1b[0m\n'}
[41.500089] (Ros2_esp32) StdoutLine: {'line': b'[ 94%] \x1b[32m\x1b[1mLinking C static library libmqtt.a\x1b[0m\n'}
[41.514966] (Ros2_esp32) StdoutLine: {'line': b'[ 94%] \x1b[32mBuilding C object esp-idf/touch_element/CMakeFiles/__idf_touch_element.dir/touch_slider.c.obj\x1b[0m\n'}
[41.529826] (-) TimerEvent: {}
[41.552540] (Ros2_esp32) StdoutLine: {'line': b'[ 94%] \x1b[32m\x1b[1mLinking C static library libconsole.a\x1b[0m\n'}
[41.571002] (Ros2_esp32) StdoutLine: {'line': b'[ 94%] Built target __idf_esp_lcd\n'}
[41.574403] (Ros2_esp32) StdoutLine: {'line': b'[ 94%] Built target __idf_cmock\n'}
[41.591769] (Ros2_esp32) StdoutLine: {'line': b'[ 94%] Built target __idf_mqtt\n'}
[41.592330] (Ros2_esp32) StdoutLine: {'line': b'[ 94%] Built target __idf_micro_ros_espidf_component\n'}
[41.599643] (Ros2_esp32) StdoutLine: {'line': b'[ 94%] \x1b[32mBuilding C object esp-idf/touch_element/CMakeFiles/__idf_touch_element.dir/touch_matrix.c.obj\x1b[0m\n'}
[41.600189] (Ros2_esp32) StdoutLine: {'line': b'[ 94%] \x1b[32mBuilding C object esp-idf/fatfs/CMakeFiles/__idf_fatfs.dir/diskio/diskio_wl.c.obj\x1b[0m\n'}
[41.615200] (Ros2_esp32) StdoutLine: {'line': b'[ 94%] \x1b[32mBuilding C object esp-idf/usb/CMakeFiles/__idf_usb.dir/usb_helpers.c.obj\x1b[0m\n'}
[41.621533] (Ros2_esp32) StdoutLine: {'line': b'[ 94%] \x1b[32mBuilding C object esp-idf/spiffs/CMakeFiles/__idf_spiffs.dir/esp_spiffs.c.obj\x1b[0m\n'}
[41.630553] (-) TimerEvent: {}
[41.658388] (Ros2_esp32) StdoutLine: {'line': b'[ 94%] \x1b[32mBuilding C object esp-idf/fatfs/CMakeFiles/__idf_fatfs.dir/src/ff.c.obj\x1b[0m\n'}
[41.671799] (Ros2_esp32) StdoutLine: {'line': b'[ 94%] \x1b[32mBuilding C object esp-idf/fatfs/CMakeFiles/__idf_fatfs.dir/src/ffunicode.c.obj\x1b[0m\n'}
[41.677297] (Ros2_esp32) StdoutLine: {'line': b'[ 94%] Built target __idf_console\n'}
[41.687208] (Ros2_esp32) StdoutLine: {'line': b'[ 94%] \x1b[32mBuilding C object esp-idf/fatfs/CMakeFiles/__idf_fatfs.dir/port/freertos/ffsystem.c.obj\x1b[0m\n'}
[41.716788] (Ros2_esp32) StdoutLine: {'line': b'[ 94%] \x1b[32mBuilding C object esp-idf/fatfs/CMakeFiles/__idf_fatfs.dir/diskio/diskio_sdmmc.c.obj\x1b[0m\n'}
[41.730689] (-) TimerEvent: {}
[41.789137] (Ros2_esp32) StdoutLine: {'line': b'[ 94%] \x1b[32mBuilding C object esp-idf/fatfs/CMakeFiles/__idf_fatfs.dir/vfs/vfs_fat.c.obj\x1b[0m\n'}
[41.815828] (Ros2_esp32) StdoutLine: {'line': b'[ 94%] \x1b[32mBuilding C object esp-idf/usb/CMakeFiles/__idf_usb.dir/usb_host.c.obj\x1b[0m\n'}
[41.830869] (-) TimerEvent: {}
[41.851939] (Ros2_esp32) StdoutLine: {'line': b'[ 94%] \x1b[32mBuilding CXX object esp-idf/main/CMakeFiles/__idf_main.dir/micro-ros-esp32.cpp.obj\x1b[0m\n'}
[41.859305] (Ros2_esp32) StdoutLine: {'line': b'[ 95%] \x1b[32mBuilding C object esp-idf/fatfs/CMakeFiles/__idf_fatfs.dir/vfs/vfs_fat_sdmmc.c.obj\x1b[0m\n'}
[41.871948] (Ros2_esp32) StdoutLine: {'line': b'[ 95%] \x1b[32mBuilding C object esp-idf/usb/CMakeFiles/__idf_usb.dir/usb_private.c.obj\x1b[0m\n'}
[41.914797] (Ros2_esp32) StdoutLine: {'line': b'[ 95%] \x1b[32mBuilding C object esp-idf/fatfs/CMakeFiles/__idf_fatfs.dir/vfs/vfs_fat_spiflash.c.obj\x1b[0m\n'}
[41.921649] (Ros2_esp32) StdoutLine: {'line': b'[ 95%] \x1b[32mBuilding C object esp-idf/protocomm/CMakeFiles/__idf_protocomm.dir/src/common/protocomm.c.obj\x1b[0m\n'}
[41.930976] (-) TimerEvent: {}
[41.959811] (Ros2_esp32) StdoutLine: {'line': b'[ 95%] \x1b[32mBuilding C object esp-idf/protocomm/CMakeFiles/__idf_protocomm.dir/proto-c/constants.pb-c.c.obj\x1b[0m\n'}
[41.962400] (Ros2_esp32) StdoutLine: {'line': b'[ 95%] \x1b[32m\x1b[1mLinking C static library libtouch_element.a\x1b[0m\n'}
[41.964177] (Ros2_esp32) StdoutLine: {'line': b'[ 95%] \x1b[32mBuilding C object esp-idf/main/CMakeFiles/__idf_main.dir/esp32_serial_transport.c.obj\x1b[0m\n'}
[42.031126] (-) TimerEvent: {}
[42.044901] (Ros2_esp32) StdoutLine: {'line': b'[ 95%] Built target __idf_touch_element\n'}
[42.045745] (Ros2_esp32) StdoutLine: {'line': b'[ 95%] \x1b[32mBuilding C object esp-idf/protocomm/CMakeFiles/__idf_protocomm.dir/proto-c/sec0.pb-c.c.obj\x1b[0m\n'}
[42.058401] (Ros2_esp32) StdoutLine: {'line': b'[ 96%] \x1b[32mBuilding C object esp-idf/usb/CMakeFiles/__idf_usb.dir/usbh.c.obj\x1b[0m\n'}
[42.109304] (Ros2_esp32) StdoutLine: {'line': b'[ 96%] \x1b[32mBuilding C object esp-idf/protocomm/CMakeFiles/__idf_protocomm.dir/proto-c/sec1.pb-c.c.obj\x1b[0m\n'}
[42.128762] (Ros2_esp32) StdoutLine: {'line': b'[ 96%] \x1b[32mBuilding C object esp-idf/usb/CMakeFiles/__idf_usb.dir/usb_phy.c.obj\x1b[0m\n'}
[42.131098] (Ros2_esp32) StdoutLine: {'line': b'[ 96%] \x1b[32mBuilding C object esp-idf/protocomm/CMakeFiles/__idf_protocomm.dir/proto-c/sec2.pb-c.c.obj\x1b[0m\n'}
[42.131353] (-) TimerEvent: {}
[42.137443] (Ros2_esp32) StdoutLine: {'line': b'[ 96%] \x1b[32mBuilding C object esp-idf/protocomm/CMakeFiles/__idf_protocomm.dir/proto-c/session.pb-c.c.obj\x1b[0m\n'}
[42.145308] (Ros2_esp32) StdoutLine: {'line': b'[ 96%] \x1b[32m\x1b[1mLinking C static library libspiffs.a\x1b[0m\n'}
[42.172820] (Ros2_esp32) StdoutLine: {'line': b'[ 96%] \x1b[32mBuilding C object esp-idf/protocomm/CMakeFiles/__idf_protocomm.dir/src/transports/protocomm_console.c.obj\x1b[0m\n'}
[42.231509] (-) TimerEvent: {}
[42.245083] (Ros2_esp32) StdoutLine: {'line': b'[ 96%] \x1b[32mBuilding C object esp-idf/protocomm/CMakeFiles/__idf_protocomm.dir/src/transports/protocomm_httpd.c.obj\x1b[0m\n'}
[42.255852] (Ros2_esp32) StdoutLine: {'line': b'[ 97%] \x1b[32mBuilding C object esp-idf/protocomm/CMakeFiles/__idf_protocomm.dir/src/security/security0.c.obj\x1b[0m\n'}
[42.276117] (Ros2_esp32) StdoutLine: {'line': b'[ 97%] \x1b[32mBuilding C object esp-idf/protocomm/CMakeFiles/__idf_protocomm.dir/src/security/security1.c.obj\x1b[0m\n'}
[42.289264] (Ros2_esp32) StdoutLine: {'line': b'[ 97%] \x1b[32mBuilding C object esp-idf/protocomm/CMakeFiles/__idf_protocomm.dir/src/security/security2.c.obj\x1b[0m\n'}
[42.291828] (Ros2_esp32) StdoutLine: {'line': b'[ 97%] \x1b[32mBuilding C object esp-idf/protocomm/CMakeFiles/__idf_protocomm.dir/src/crypto/srp6a/esp_srp.c.obj\x1b[0m\n'}
[42.293140] (Ros2_esp32) StdoutLine: {'line': b'[ 97%] Built target __idf_spiffs\n'}
[42.301474] (Ros2_esp32) StdoutLine: {'line': b'[ 97%] \x1b[32mBuilding C object esp-idf/protocomm/CMakeFiles/__idf_protocomm.dir/src/crypto/srp6a/esp_srp_mpi.c.obj\x1b[0m\n'}
[42.331641] (-) TimerEvent: {}
[42.341926] (Ros2_esp32) StdoutLine: {'line': b'[ 97%] \x1b[32m\x1b[1mLinking C static library libmain.a\x1b[0m\n'}
[42.431815] (-) TimerEvent: {}
[42.432137] (Ros2_esp32) StdoutLine: {'line': b'[ 97%] Built target __idf_main\n'}
[42.434858] (Ros2_esp32) StdoutLine: {'line': b'[ 97%] \x1b[32m\x1b[1mLinking C static library libfatfs.a\x1b[0m\n'}
[42.496899] (Ros2_esp32) StdoutLine: {'line': b'[ 97%] Built target __idf_fatfs\n'}
[42.528110] (Ros2_esp32) StdoutLine: {'line': b'[ 97%] \x1b[32m\x1b[1mLinking C static library libusb.a\x1b[0m\n'}
[42.531931] (-) TimerEvent: {}
[42.549134] (Ros2_esp32) StdoutLine: {'line': b'[ 97%] \x1b[32m\x1b[1mLinking C static library libprotocomm.a\x1b[0m\n'}
[42.582871] (Ros2_esp32) StdoutLine: {'line': b'[ 97%] Built target __idf_usb\n'}
[42.602351] (Ros2_esp32) StdoutLine: {'line': b'[ 97%] Built target __idf_protocomm\n'}
[42.631841] (Ros2_esp32) StdoutLine: {'line': b'[ 97%] \x1b[32mBuilding C object esp-idf/wifi_provisioning/CMakeFiles/__idf_wifi_provisioning.dir/src/wifi_config.c.obj\x1b[0m\n'}
[42.633055] (-) TimerEvent: {}
[42.633378] (Ros2_esp32) StdoutLine: {'line': b'[ 97%] \x1b[32mBuilding C object esp-idf/esp_local_ctrl/CMakeFiles/__idf_esp_local_ctrl.dir/src/esp_local_ctrl_transport_httpd.c.obj\x1b[0m\n'}
[42.634568] (Ros2_esp32) StdoutLine: {'line': b'[ 97%] \x1b[32mBuilding C object esp-idf/wifi_provisioning/CMakeFiles/__idf_wifi_provisioning.dir/src/manager.c.obj\x1b[0m\n'}
[42.635453] (Ros2_esp32) StdoutLine: {'line': b'[ 97%] \x1b[32mBuilding C object esp-idf/wifi_provisioning/CMakeFiles/__idf_wifi_provisioning.dir/src/wifi_ctrl.c.obj\x1b[0m\n'}
[42.638169] (Ros2_esp32) StdoutLine: {'line': b'[ 97%] \x1b[32mBuilding C object esp-idf/esp_local_ctrl/CMakeFiles/__idf_esp_local_ctrl.dir/proto-c/esp_local_ctrl.pb-c.c.obj\x1b[0m\n'}
[42.638332] (Ros2_esp32) StdoutLine: {'line': b'[ 97%] \x1b[32mBuilding C object esp-idf/wifi_provisioning/CMakeFiles/__idf_wifi_provisioning.dir/src/handlers.c.obj\x1b[0m\n'}
[42.638409] (Ros2_esp32) StdoutLine: {'line': b'[ 97%] \x1b[32mBuilding C object esp-idf/esp_local_ctrl/CMakeFiles/__idf_esp_local_ctrl.dir/src/esp_local_ctrl.c.obj\x1b[0m\n'}
[42.638483] (Ros2_esp32) StdoutLine: {'line': b'[ 97%] \x1b[32mBuilding C object esp-idf/esp_local_ctrl/CMakeFiles/__idf_esp_local_ctrl.dir/src/esp_local_ctrl_handler.c.obj\x1b[0m\n'}
[42.640403] (Ros2_esp32) StdoutLine: {'line': b'[ 97%] \x1b[32mBuilding C object esp-idf/wifi_provisioning/CMakeFiles/__idf_wifi_provisioning.dir/src/scheme_console.c.obj\x1b[0m\n'}
[42.642593] (Ros2_esp32) StdoutLine: {'line': b'[ 97%] \x1b[32mBuilding C object esp-idf/wifi_provisioning/CMakeFiles/__idf_wifi_provisioning.dir/src/wifi_scan.c.obj\x1b[0m\n'}
[42.647022] (Ros2_esp32) StdoutLine: {'line': b'[ 98%] \x1b[32mBuilding C object esp-idf/wifi_provisioning/CMakeFiles/__idf_wifi_provisioning.dir/proto-c/wifi_scan.pb-c.c.obj\x1b[0m\n'}
[42.647678] (Ros2_esp32) StdoutLine: {'line': b'[ 98%] \x1b[32mBuilding C object esp-idf/wifi_provisioning/CMakeFiles/__idf_wifi_provisioning.dir/proto-c/wifi_config.pb-c.c.obj\x1b[0m\n'}
[42.736138] (-) TimerEvent: {}
[42.768364] (Ros2_esp32) StdoutLine: {'line': b'[ 98%] \x1b[32mBuilding C object esp-idf/wifi_provisioning/CMakeFiles/__idf_wifi_provisioning.dir/proto-c/wifi_ctrl.pb-c.c.obj\x1b[0m\n'}
[42.803822] (Ros2_esp32) StdoutLine: {'line': b'[ 98%] \x1b[32mBuilding C object esp-idf/wifi_provisioning/CMakeFiles/__idf_wifi_provisioning.dir/proto-c/wifi_constants.pb-c.c.obj\x1b[0m\n'}
[42.819057] (Ros2_esp32) StdoutLine: {'line': b'[ 98%] \x1b[32mBuilding C object esp-idf/wifi_provisioning/CMakeFiles/__idf_wifi_provisioning.dir/src/scheme_softap.c.obj\x1b[0m\n'}
[42.836290] (-) TimerEvent: {}
[42.911293] (Ros2_esp32) StdoutLine: {'line': b'[ 98%] \x1b[32m\x1b[1mLinking C static library libesp_local_ctrl.a\x1b[0m\n'}
[42.936405] (-) TimerEvent: {}
[42.955364] (Ros2_esp32) StdoutLine: {'line': b'[ 98%] Built target __idf_esp_local_ctrl\n'}
[43.036533] (-) TimerEvent: {}
[43.136894] (-) TimerEvent: {}
[43.138236] (Ros2_esp32) StdoutLine: {'line': b'[ 98%] \x1b[32m\x1b[1mLinking C static library libwifi_provisioning.a\x1b[0m\n'}
[43.190313] (Ros2_esp32) StdoutLine: {'line': b'[ 98%] Built target __idf_wifi_provisioning\n'}
[43.212910] (Ros2_esp32) StdoutLine: {'line': b'[100%] \x1b[34m\x1b[1mGenerating esp-idf/esp_system/ld/sections.ld\x1b[0m\n'}
[43.236992] (-) TimerEvent: {}
[43.337295] (-) TimerEvent: {}
[43.437587] (-) TimerEvent: {}
[43.537920] (-) TimerEvent: {}
[43.638209] (-) TimerEvent: {}
[43.738492] (-) TimerEvent: {}
[43.838779] (-) TimerEvent: {}
[43.939100] (-) TimerEvent: {}
[44.039433] (-) TimerEvent: {}
[44.139774] (-) TimerEvent: {}
[44.240039] (-) TimerEvent: {}
[44.340310] (-) TimerEvent: {}
[44.440581] (-) TimerEvent: {}
[44.540861] (-) TimerEvent: {}
[44.641125] (-) TimerEvent: {}
[44.741398] (-) TimerEvent: {}
[44.841666] (-) TimerEvent: {}
[44.941955] (-) TimerEvent: {}
[45.042248] (-) TimerEvent: {}
[45.142527] (-) TimerEvent: {}
[45.242829] (-) TimerEvent: {}
[45.343103] (-) TimerEvent: {}
[45.443377] (-) TimerEvent: {}
[45.543661] (-) TimerEvent: {}
[45.643953] (-) TimerEvent: {}
[45.744229] (-) TimerEvent: {}
[45.844502] (-) TimerEvent: {}
[45.944789] (-) TimerEvent: {}
[46.045049] (-) TimerEvent: {}
[46.145328] (-) TimerEvent: {}
[46.245606] (-) TimerEvent: {}
[46.345881] (-) TimerEvent: {}
[46.446148] (-) TimerEvent: {}
[46.546419] (-) TimerEvent: {}
[46.646698] (-) TimerEvent: {}
[46.746992] (-) TimerEvent: {}
[46.847298] (-) TimerEvent: {}
[46.947586] (-) TimerEvent: {}
[47.047909] (-) TimerEvent: {}
[47.148185] (-) TimerEvent: {}
[47.248494] (-) TimerEvent: {}
[47.348760] (-) TimerEvent: {}
[47.449029] (-) TimerEvent: {}
[47.549326] (-) TimerEvent: {}
[47.649607] (-) TimerEvent: {}
[47.749885] (-) TimerEvent: {}
[47.850155] (-) TimerEvent: {}
[47.950422] (-) TimerEvent: {}
[48.050698] (-) TimerEvent: {}
[48.150981] (-) TimerEvent: {}
[48.251251] (-) TimerEvent: {}
[48.351506] (-) TimerEvent: {}
[48.451765] (-) TimerEvent: {}
[48.552001] (-) TimerEvent: {}
[48.652279] (-) TimerEvent: {}
[48.752553] (-) TimerEvent: {}
[48.852828] (-) TimerEvent: {}
[48.953110] (-) TimerEvent: {}
[49.053401] (-) TimerEvent: {}
[49.153715] (-) TimerEvent: {}
[49.253984] (-) TimerEvent: {}
[49.354232] (-) TimerEvent: {}
[49.454486] (-) TimerEvent: {}
[49.554746] (-) TimerEvent: {}
[49.655002] (-) TimerEvent: {}
[49.755248] (-) TimerEvent: {}
[49.855503] (-) TimerEvent: {}
[49.955790] (-) TimerEvent: {}
[50.014654] (Ros2_esp32) StdoutLine: {'line': b'[100%] Built target __ldgen_output_sections.ld\n'}
[50.037109] (Ros2_esp32) StdoutLine: {'line': b'[100%] \x1b[32mBuilding C object CMakeFiles/Ros2_esp32.elf.dir/project_elf_src_esp32s3.c.obj\x1b[0m\n'}
[50.055892] (-) TimerEvent: {}
[50.073441] (Ros2_esp32) StdoutLine: {'line': b'[100%] \x1b[32m\x1b[1mLinking CXX executable Ros2_esp32.elf\x1b[0m\n'}
[50.156026] (-) TimerEvent: {}
[50.256361] (-) TimerEvent: {}
[50.356648] (-) TimerEvent: {}
[50.456942] (-) TimerEvent: {}
[50.557221] (-) TimerEvent: {}
[50.657495] (-) TimerEvent: {}
[50.757795] (-) TimerEvent: {}
[50.858110] (-) TimerEvent: {}
[50.920841] (Ros2_esp32) StdoutLine: {'line': b'[100%] Built target Ros2_esp32.elf\n'}
[50.939834] (Ros2_esp32) StdoutLine: {'line': b'[100%] \x1b[34m\x1b[1mGenerating binary image from built executable\x1b[0m\n'}
[50.958209] (-) TimerEvent: {}
[51.011043] (Ros2_esp32) StdoutLine: {'line': b'esptool.py v4.12.dev3\n'}
[51.012040] (Ros2_esp32) StdoutLine: {'line': b'Creating esp32s3 image...\n'}
[51.017469] (Ros2_esp32) StdoutLine: {'line': b'Merged 2 ELF sections\n'}
[51.028215] (Ros2_esp32) StdoutLine: {'line': b'Successfully created esp32s3 image.\n'}
[51.051130] (Ros2_esp32) StdoutLine: {'line': b'Generated /home/diego/Ros2_esp32/build/Ros2_esp32/Ros2_esp32.bin\n'}
[51.058302] (-) TimerEvent: {}
[51.068928] (Ros2_esp32) StdoutLine: {'line': b'[100%] Built target gen_project_binary\n'}
[51.108038] (Ros2_esp32) StdoutLine: {'line': b'Ros2_esp32.bin binary size 0x48a70 bytes. Smallest app partition is 0x400000 bytes. 0x3b7590 bytes (93%) free.\n'}
[51.119988] (Ros2_esp32) StdoutLine: {'line': b'[100%] Built target app_check_size\n'}
[51.138952] (Ros2_esp32) StdoutLine: {'line': b'[100%] Built target app\n'}
[51.154258] (Ros2_esp32) CommandEnded: {'returncode': 0}
[51.155896] (Ros2_esp32) JobProgress: {'identifier': 'Ros2_esp32', 'progress': 'install'}
[51.158399] (-) TimerEvent: {}
[51.165208] (Ros2_esp32) Command: {'cmd': ['/usr/bin/cmake', '--install', '/home/diego/Ros2_esp32/build/Ros2_esp32'], 'cwd': '/home/diego/Ros2_esp32/build/Ros2_esp32', 'env': OrderedDict([('LINOROBOT2_BASE', '2wd'), ('LESSOPEN', '| /usr/bin/lesspipe %s'), ('USER', 'diego'), ('XDG_SESSION_TYPE', 'wayland'), ('IDF_TOOLS_INSTALL_CMD', '/home/diego/.espressif/v5.5/esp-idf/install.sh'), ('SHLVL', '1'), ('HOME', '/home/diego'), ('IDF_PY_COMP_WORDBREAKS', ' \t\n"\'><=;|&(:'), ('OLDPWD', '/home/diego'), ('DESKTOP_SESSION', 'ubuntu'), ('GNOME_SHELL_SESSION_MODE', 'ubuntu'), ('GTK_MODULES', 'gail:atk-bridge'), ('SYSTEMD_EXEC_PID', '6885'), ('DBUS_SESSION_BUS_ADDRESS', 'unix:path=/run/user/1000/bus'), ('COLORTERM', 'truecolor'), ('OPENOCD_SCRIPTS', '/home/diego/.espressif/tools/openocd-esp32/v0.12.0-esp32-20260424/openocd-esp32/share/openocd/scripts'), ('IM_CONFIG_PHASE', '1'), ('WAYLAND_DISPLAY', 'wayland-0'), ('LOGNAME', 'diego'), ('_', '/home/diego/.espressif/python_env/idf5.5_py3.10_env/bin/colcon'), ('XDG_SESSION_CLASS', 'user'), ('USERNAME', 'diego'), ('TERM', 'xterm-256color'), ('GNOME_DESKTOP_SESSION_ID', 'this-is-deprecated'), ('IDF_DEACTIVATE_FILE_PATH', '/tmp/tmpjlrq2srmidf_20502'), ('IDF_PATH', '/home/diego/.espressif/v5.5/esp-idf'), ('PATH', '/home/diego/.espressif/v5.5/esp-idf/components/espcoredump:/home/diego/.espressif/v5.5/esp-idf/components/partition_table:/home/diego/.espressif/v5.5/esp-idf/components/app_update:/home/diego/.espressif/tools/xtensa-esp-elf-gdb/17.1_20260402/xtensa-esp-elf-gdb/bin:/home/diego/.espressif/tools/xtensa-esp-elf/esp-14.2.0_20260121/xtensa-esp-elf/bin:/home/diego/.espressif/tools/riscv32-esp-elf/esp-14.2.0_20260121/riscv32-esp-elf/bin:/home/diego/.espressif/tools/esp32ulp-elf/2.38_20240113/esp32ulp-elf/bin:/home/diego/.espressif/tools/openocd-esp32/v0.12.0-esp32-20260424/openocd-esp32/bin:/home/diego/.espressif/tools/ninja/1.12.1/:/home/diego/.espressif/python_env/idf5.5_py3.10_env/bin:/home/diego/.espressif/v5.5/esp-idf/tools:/home/diego/.espressif/eim_gui:/home/diego/.local/bin:/usr/local/sbin:/usr/local/bin:/usr/sbin:/usr/bin:/sbin:/bin:/usr/games:/usr/local/games:/snap/bin:/snap/bin'), ('SESSION_MANAGER', 'local/diego-desktop:@/tmp/.ICE-unix/1858,unix/diego-desktop:/tmp/.ICE-unix/1858'), ('XDG_MENU_PREFIX', 'gnome-'), ('GNOME_TERMINAL_SCREEN', '/org/gnome/Terminal/screen/91377f96_c3a1_46cb_8c1b_214af858cdb9'), ('GNOME_SETUP_DISPLAY', ':1'), ('XDG_RUNTIME_DIR', '/run/user/1000'), ('DISPLAY', ':0'), ('LANG', 'en_US.UTF-8'), ('XDG_CURRENT_DESKTOP', 'ubuntu:GNOME'), ('XMODIFIERS', '@im=ibus'), ('XDG_SESSION_DESKTOP', 'ubuntu'), ('XAUTHORITY', '/run/user/1000/.mutter-Xwaylandauth.8DRMT3'), ('ESP_IDF_VERSION', '5.5'), ('LS_COLORS', 'rs=0:di=01;34:ln=01;36:mh=00:pi=40;33:so=01;35:do=01;35:bd=40;33;01:cd=40;33;01:or=40;31;01:mi=00:su=37;41:sg=30;43:ca=30;41:tw=30;42:ow=34;42:st=37;44:ex=01;32:*.tar=01;31:*.tgz=01;31:*.arc=01;31:*.arj=01;31:*.taz=01;31:*.lha=01;31:*.lz4=01;31:*.lzh=01;31:*.lzma=01;31:*.tlz=01;31:*.txz=01;31:*.tzo=01;31:*.t7z=01;31:*.zip=01;31:*.z=01;31:*.dz=01;31:*.gz=01;31:*.lrz=01;31:*.lz=01;31:*.lzo=01;31:*.xz=01;31:*.zst=01;31:*.tzst=01;31:*.bz2=01;31:*.bz=01;31:*.tbz=01;31:*.tbz2=01;31:*.tz=01;31:*.deb=01;31:*.rpm=01;31:*.jar=01;31:*.war=01;31:*.ear=01;31:*.sar=01;31:*.rar=01;31:*.alz=01;31:*.ace=01;31:*.zoo=01;31:*.cpio=01;31:*.7z=01;31:*.rz=01;31:*.cab=01;31:*.wim=01;31:*.swm=01;31:*.dwm=01;31:*.esd=01;31:*.jpg=01;35:*.jpeg=01;35:*.mjpg=01;35:*.mjpeg=01;35:*.gif=01;35:*.bmp=01;35:*.pbm=01;35:*.pgm=01;35:*.ppm=01;35:*.tga=01;35:*.xbm=01;35:*.xpm=01;35:*.tif=01;35:*.tiff=01;35:*.png=01;35:*.svg=01;35:*.svgz=01;35:*.mng=01;35:*.pcx=01;35:*.mov=01;35:*.mpg=01;35:*.mpeg=01;35:*.m2v=01;35:*.mkv=01;35:*.webm=01;35:*.webp=01;35:*.ogm=01;35:*.mp4=01;35:*.m4v=01;35:*.mp4v=01;35:*.vob=01;35:*.qt=01;35:*.nuv=01;35:*.wmv=01;35:*.asf=01;35:*.rm=01;35:*.rmvb=01;35:*.flc=01;35:*.avi=01;35:*.fli=01;35:*.flv=01;35:*.gl=01;35:*.dl=01;35:*.xcf=01;35:*.xwd=01;35:*.yuv=01;35:*.cgm=01;35:*.emf=01;35:*.ogv=01;35:*.ogx=01;35:*.aac=00;36:*.au=00;36:*.flac=00;36:*.m4a=00;36:*.mid=00;36:*.midi=00;36:*.mka=00;36:*.mp3=00;36:*.mpc=00;36:*.ogg=00;36:*.ra=00;36:*.wav=00;36:*.oga=00;36:*.opus=00;36:*.spx=00;36:*.xspf=00;36:'), ('GNOME_TERMINAL_SERVICE', ':1.159'), ('SSH_AGENT_LAUNCHER', 'gnome-keyring'), ('SSH_AUTH_SOCK', '/run/user/1000/keyring/ssh'), ('SHELL', '/bin/bash'), ('QT_ACCESSIBILITY', '1'), ('IDF_PYTHON_ENV_PATH', '/home/diego/.espressif/python_env/idf5.5_py3.10_env'), ('GDMSESSION', 'ubuntu'), ('LESSCLOSE', '/usr/bin/lesspipe %s %s'), ('IDF_TOOLS_EXPORT_CMD', '/home/diego/.espressif/v5.5/esp-idf/export.sh'), ('QT_IM_MODULE', 'ibus'), ('PWD', '/home/diego/Ros2_esp32/build/Ros2_esp32'), ('LC_ALL', 'en_US.UTF-8'), ('XDG_CONFIG_DIRS', '/etc/xdg/xdg-ubuntu:/etc/xdg'), ('XDG_DATA_DIRS', '/usr/share/ubuntu:/home/diego/.local/share/flatpak/exports/share:/var/lib/flatpak/exports/share:/usr/local/share/:/usr/share/:/var/lib/snapd/desktop'), ('ESP_ROM_ELF_DIR', '/home/diego/.espressif/tools/esp-rom-elfs/20241011/'), ('COLCON', '1'), ('VTE_VERSION', '6800')]), 'shell': False}
[51.172057] (Ros2_esp32) StdoutLine: {'line': b'-- Install configuration: ""\n'}
[51.173137] (Ros2_esp32) StdoutLine: {'line': b'-- Up-to-date: /home/diego/Ros2_esp32/install/Ros2_esp32/include/mbedtls/aes.h\n'}
[51.173221] (Ros2_esp32) StdoutLine: {'line': b'-- Up-to-date: /home/diego/Ros2_esp32/install/Ros2_esp32/include/mbedtls/aria.h\n'}
[51.173318] (Ros2_esp32) StdoutLine: {'line': b'-- Up-to-date: /home/diego/Ros2_esp32/install/Ros2_esp32/include/mbedtls/asn1.h\n'}
[51.173396] (Ros2_esp32) StdoutLine: {'line': b'-- Up-to-date: /home/diego/Ros2_esp32/install/Ros2_esp32/include/mbedtls/asn1write.h\n'}
[51.173477] (Ros2_esp32) StdoutLine: {'line': b'-- Up-to-date: /home/diego/Ros2_esp32/install/Ros2_esp32/include/mbedtls/base64.h\n'}
[51.173537] (Ros2_esp32) StdoutLine: {'line': b'-- Up-to-date: /home/diego/Ros2_esp32/install/Ros2_esp32/include/mbedtls/bignum.h\n'}
[51.173598] (Ros2_esp32) StdoutLine: {'line': b'-- Up-to-date: /home/diego/Ros2_esp32/install/Ros2_esp32/include/mbedtls/block_cipher.h\n'}
[51.173655] (Ros2_esp32) StdoutLine: {'line': b'-- Up-to-date: /home/diego/Ros2_esp32/install/Ros2_esp32/include/mbedtls/build_info.h\n'}
[51.173723] (Ros2_esp32) StdoutLine: {'line': b'-- Up-to-date: /home/diego/Ros2_esp32/install/Ros2_esp32/include/mbedtls/camellia.h\n'}
[51.173803] (Ros2_esp32) StdoutLine: {'line': b'-- Up-to-date: /home/diego/Ros2_esp32/install/Ros2_esp32/include/mbedtls/ccm.h\n'}
[51.173862] (Ros2_esp32) StdoutLine: {'line': b'-- Up-to-date: /home/diego/Ros2_esp32/install/Ros2_esp32/include/mbedtls/chacha20.h\n'}
[51.173920] (Ros2_esp32) StdoutLine: {'line': b'-- Up-to-date: /home/diego/Ros2_esp32/install/Ros2_esp32/include/mbedtls/chachapoly.h\n'}
[51.174015] (Ros2_esp32) StdoutLine: {'line': b'-- Up-to-date: /home/diego/Ros2_esp32/install/Ros2_esp32/include/mbedtls/check_config.h\n'}
[51.174106] (Ros2_esp32) StdoutLine: {'line': b'-- Up-to-date: /home/diego/Ros2_esp32/install/Ros2_esp32/include/mbedtls/cipher.h\n'}
[51.174168] (Ros2_esp32) StdoutLine: {'line': b'-- Up-to-date: /home/diego/Ros2_esp32/install/Ros2_esp32/include/mbedtls/cmac.h\n'}
[51.174230] (Ros2_esp32) StdoutLine: {'line': b'-- Up-to-date: /home/diego/Ros2_esp32/install/Ros2_esp32/include/mbedtls/compat-2.x.h\n'}
[51.174333] (Ros2_esp32) StdoutLine: {'line': b'-- Up-to-date: /home/diego/Ros2_esp32/install/Ros2_esp32/include/mbedtls/config_adjust_legacy_crypto.h\n'}
[51.174406] (Ros2_esp32) StdoutLine: {'line': b'-- Up-to-date: /home/diego/Ros2_esp32/install/Ros2_esp32/include/mbedtls/config_adjust_legacy_from_psa.h\n'}
[51.174466] (Ros2_esp32) StdoutLine: {'line': b'-- Up-to-date: /home/diego/Ros2_esp32/install/Ros2_esp32/include/mbedtls/config_adjust_psa_from_legacy.h\n'}
[51.174523] (Ros2_esp32) StdoutLine: {'line': b'-- Up-to-date: /home/diego/Ros2_esp32/install/Ros2_esp32/include/mbedtls/config_adjust_psa_superset_legacy.h\n'}
[51.174606] (Ros2_esp32) StdoutLine: {'line': b'-- Up-to-date: /home/diego/Ros2_esp32/install/Ros2_esp32/include/mbedtls/config_adjust_ssl.h\n'}
[51.174674] (Ros2_esp32) StdoutLine: {'line': b'-- Up-to-date: /home/diego/Ros2_esp32/install/Ros2_esp32/include/mbedtls/config_adjust_x509.h\n'}
[51.174746] (Ros2_esp32) StdoutLine: {'line': b'-- Up-to-date: /home/diego/Ros2_esp32/install/Ros2_esp32/include/mbedtls/config_psa.h\n'}
[51.174807] (Ros2_esp32) StdoutLine: {'line': b'-- Up-to-date: /home/diego/Ros2_esp32/install/Ros2_esp32/include/mbedtls/constant_time.h\n'}
[51.174865] (Ros2_esp32) StdoutLine: {'line': b'-- Up-to-date: /home/diego/Ros2_esp32/install/Ros2_esp32/include/mbedtls/ctr_drbg.h\n'}
[51.174964] (Ros2_esp32) StdoutLine: {'line': b'-- Up-to-date: /home/diego/Ros2_esp32/install/Ros2_esp32/include/mbedtls/debug.h\n'}
[51.175024] (Ros2_esp32) StdoutLine: {'line': b'-- Up-to-date: /home/diego/Ros2_esp32/install/Ros2_esp32/include/mbedtls/des.h\n'}
[51.175092] (Ros2_esp32) StdoutLine: {'line': b'-- Up-to-date: /home/diego/Ros2_esp32/install/Ros2_esp32/include/mbedtls/dhm.h\n'}
[51.175176] (Ros2_esp32) StdoutLine: {'line': b'-- Up-to-date: /home/diego/Ros2_esp32/install/Ros2_esp32/include/mbedtls/ecdh.h\n'}
[51.175238] (Ros2_esp32) StdoutLine: {'line': b'-- Up-to-date: /home/diego/Ros2_esp32/install/Ros2_esp32/include/mbedtls/ecdsa.h\n'}
[51.175314] (Ros2_esp32) StdoutLine: {'line': b'-- Up-to-date: /home/diego/Ros2_esp32/install/Ros2_esp32/include/mbedtls/ecjpake.h\n'}
[51.175412] (Ros2_esp32) StdoutLine: {'line': b'-- Up-to-date: /home/diego/Ros2_esp32/install/Ros2_esp32/include/mbedtls/ecp.h\n'}
[51.175480] (Ros2_esp32) StdoutLine: {'line': b'-- Up-to-date: /home/diego/Ros2_esp32/install/Ros2_esp32/include/mbedtls/entropy.h\n'}
[51.175547] (Ros2_esp32) StdoutLine: {'line': b'-- Up-to-date: /home/diego/Ros2_esp32/install/Ros2_esp32/include/mbedtls/error.h\n'}
[51.175614] (Ros2_esp32) StdoutLine: {'line': b'-- Up-to-date: /home/diego/Ros2_esp32/install/Ros2_esp32/include/mbedtls/gcm.h\n'}
[51.175681] (Ros2_esp32) StdoutLine: {'line': b'-- Up-to-date: /home/diego/Ros2_esp32/install/Ros2_esp32/include/mbedtls/hkdf.h\n'}
[51.175809] (Ros2_esp32) StdoutLine: {'line': b'-- Up-to-date: /home/diego/Ros2_esp32/install/Ros2_esp32/include/mbedtls/hmac_drbg.h\n'}
[51.175868] (Ros2_esp32) StdoutLine: {'line': b'-- Up-to-date: /home/diego/Ros2_esp32/install/Ros2_esp32/include/mbedtls/lms.h\n'}
[51.175943] (Ros2_esp32) StdoutLine: {'line': b'-- Up-to-date: /home/diego/Ros2_esp32/install/Ros2_esp32/include/mbedtls/mbedtls_config.h\n'}
[51.176029] (Ros2_esp32) StdoutLine: {'line': b'-- Up-to-date: /home/diego/Ros2_esp32/install/Ros2_esp32/include/mbedtls/md.h\n'}
[51.176097] (Ros2_esp32) StdoutLine: {'line': b'-- Up-to-date: /home/diego/Ros2_esp32/install/Ros2_esp32/include/mbedtls/md5.h\n'}
[51.176195] (Ros2_esp32) StdoutLine: {'line': b'-- Up-to-date: /home/diego/Ros2_esp32/install/Ros2_esp32/include/mbedtls/memory_buffer_alloc.h\n'}
[51.176256] (Ros2_esp32) StdoutLine: {'line': b'-- Up-to-date: /home/diego/Ros2_esp32/install/Ros2_esp32/include/mbedtls/net_sockets.h\n'}
[51.176327] (Ros2_esp32) StdoutLine: {'line': b'-- Up-to-date: /home/diego/Ros2_esp32/install/Ros2_esp32/include/mbedtls/nist_kw.h\n'}
[51.176419] (Ros2_esp32) StdoutLine: {'line': b'-- Up-to-date: /home/diego/Ros2_esp32/install/Ros2_esp32/include/mbedtls/oid.h\n'}
[51.176485] (Ros2_esp32) StdoutLine: {'line': b'-- Up-to-date: /home/diego/Ros2_esp32/install/Ros2_esp32/include/mbedtls/pem.h\n'}
[51.176568] (Ros2_esp32) StdoutLine: {'line': b'-- Up-to-date: /home/diego/Ros2_esp32/install/Ros2_esp32/include/mbedtls/pk.h\n'}
[51.176624] (Ros2_esp32) StdoutLine: {'line': b'-- Up-to-date: /home/diego/Ros2_esp32/install/Ros2_esp32/include/mbedtls/pkcs12.h\n'}
[51.176679] (Ros2_esp32) StdoutLine: {'line': b'-- Up-to-date: /home/diego/Ros2_esp32/install/Ros2_esp32/include/mbedtls/pkcs5.h\n'}
[51.176760] (Ros2_esp32) StdoutLine: {'line': b'-- Up-to-date: /home/diego/Ros2_esp32/install/Ros2_esp32/include/mbedtls/pkcs7.h\n'}
[51.176818] (Ros2_esp32) StdoutLine: {'line': b'-- Up-to-date: /home/diego/Ros2_esp32/install/Ros2_esp32/include/mbedtls/platform.h\n'}
[51.176871] (Ros2_esp32) StdoutLine: {'line': b'-- Up-to-date: /home/diego/Ros2_esp32/install/Ros2_esp32/include/mbedtls/platform_time.h\n'}
[51.176925] (Ros2_esp32) StdoutLine: {'line': b'-- Up-to-date: /home/diego/Ros2_esp32/install/Ros2_esp32/include/mbedtls/platform_util.h\n'}
[51.177009] (Ros2_esp32) StdoutLine: {'line': b'-- Up-to-date: /home/diego/Ros2_esp32/install/Ros2_esp32/include/mbedtls/poly1305.h\n'}
[51.177064] (Ros2_esp32) StdoutLine: {'line': b'-- Up-to-date: /home/diego/Ros2_esp32/install/Ros2_esp32/include/mbedtls/private_access.h\n'}
[51.177119] (Ros2_esp32) StdoutLine: {'line': b'-- Up-to-date: /home/diego/Ros2_esp32/install/Ros2_esp32/include/mbedtls/psa_util.h\n'}
[51.177175] (Ros2_esp32) StdoutLine: {'line': b'-- Up-to-date: /home/diego/Ros2_esp32/install/Ros2_esp32/include/mbedtls/ripemd160.h\n'}
[51.177228] (Ros2_esp32) StdoutLine: {'line': b'-- Up-to-date: /home/diego/Ros2_esp32/install/Ros2_esp32/include/mbedtls/rsa.h\n'}
[51.177301] (Ros2_esp32) StdoutLine: {'line': b'-- Up-to-date: /home/diego/Ros2_esp32/install/Ros2_esp32/include/mbedtls/sha1.h\n'}
[51.177356] (Ros2_esp32) StdoutLine: {'line': b'-- Up-to-date: /home/diego/Ros2_esp32/install/Ros2_esp32/include/mbedtls/sha256.h\n'}
[51.177409] (Ros2_esp32) StdoutLine: {'line': b'-- Up-to-date: /home/diego/Ros2_esp32/install/Ros2_esp32/include/mbedtls/sha3.h\n'}
[51.177464] (Ros2_esp32) StdoutLine: {'line': b'-- Up-to-date: /home/diego/Ros2_esp32/install/Ros2_esp32/include/mbedtls/sha512.h\n'}
[51.177518] (Ros2_esp32) StdoutLine: {'line': b'-- Up-to-date: /home/diego/Ros2_esp32/install/Ros2_esp32/include/mbedtls/ssl.h\n'}
[51.177572] (Ros2_esp32) StdoutLine: {'line': b'-- Up-to-date: /home/diego/Ros2_esp32/install/Ros2_esp32/include/mbedtls/ssl_cache.h\n'}
[51.177626] (Ros2_esp32) StdoutLine: {'line': b'-- Up-to-date: /home/diego/Ros2_esp32/install/Ros2_esp32/include/mbedtls/ssl_ciphersuites.h\n'}
[51.177678] (Ros2_esp32) StdoutLine: {'line': b'-- Up-to-date: /home/diego/Ros2_esp32/install/Ros2_esp32/include/mbedtls/ssl_cookie.h\n'}
[51.177754] (Ros2_esp32) StdoutLine: {'line': b'-- Up-to-date: /home/diego/Ros2_esp32/install/Ros2_esp32/include/mbedtls/ssl_ticket.h\n'}
[51.177810] (Ros2_esp32) StdoutLine: {'line': b'-- Up-to-date: /home/diego/Ros2_esp32/install/Ros2_esp32/include/mbedtls/threading.h\n'}
[51.177865] (Ros2_esp32) StdoutLine: {'line': b'-- Up-to-date: /home/diego/Ros2_esp32/install/Ros2_esp32/include/mbedtls/timing.h\n'}
[51.177928] (Ros2_esp32) StdoutLine: {'line': b'-- Up-to-date: /home/diego/Ros2_esp32/install/Ros2_esp32/include/mbedtls/version.h\n'}
[51.177983] (Ros2_esp32) StdoutLine: {'line': b'-- Up-to-date: /home/diego/Ros2_esp32/install/Ros2_esp32/include/mbedtls/x509.h\n'}
[51.178038] (Ros2_esp32) StdoutLine: {'line': b'-- Up-to-date: /home/diego/Ros2_esp32/install/Ros2_esp32/include/mbedtls/x509_crl.h\n'}
[51.178092] (Ros2_esp32) StdoutLine: {'line': b'-- Up-to-date: /home/diego/Ros2_esp32/install/Ros2_esp32/include/mbedtls/x509_crt.h\n'}
[51.178146] (Ros2_esp32) StdoutLine: {'line': b'-- Up-to-date: /home/diego/Ros2_esp32/install/Ros2_esp32/include/mbedtls/x509_csr.h\n'}
[51.178200] (Ros2_esp32) StdoutLine: {'line': b'-- Up-to-date: /home/diego/Ros2_esp32/install/Ros2_esp32/include/psa/build_info.h\n'}
[51.178255] (Ros2_esp32) StdoutLine: {'line': b'-- Up-to-date: /home/diego/Ros2_esp32/install/Ros2_esp32/include/psa/crypto.h\n'}
[51.178310] (Ros2_esp32) StdoutLine: {'line': b'-- Up-to-date: /home/diego/Ros2_esp32/install/Ros2_esp32/include/psa/crypto_adjust_auto_enabled.h\n'}
[51.178366] (Ros2_esp32) StdoutLine: {'line': b'-- Up-to-date: /home/diego/Ros2_esp32/install/Ros2_esp32/include/psa/crypto_adjust_config_dependencies.h\n'}
[51.178435] (Ros2_esp32) StdoutLine: {'line': b'-- Up-to-date: /home/diego/Ros2_esp32/install/Ros2_esp32/include/psa/crypto_adjust_config_key_pair_types.h\n'}
[51.178497] (Ros2_esp32) StdoutLine: {'line': b'-- Up-to-date: /home/diego/Ros2_esp32/install/Ros2_esp32/include/psa/crypto_adjust_config_synonyms.h\n'}
[51.178553] (Ros2_esp32) StdoutLine: {'line': b'-- Up-to-date: /home/diego/Ros2_esp32/install/Ros2_esp32/include/psa/crypto_builtin_composites.h\n'}
[51.178607] (Ros2_esp32) StdoutLine: {'line': b'-- Up-to-date: /home/diego/Ros2_esp32/install/Ros2_esp32/include/psa/crypto_builtin_key_derivation.h\n'}
[51.178662] (Ros2_esp32) StdoutLine: {'line': b'-- Up-to-date: /home/diego/Ros2_esp32/install/Ros2_esp32/include/psa/crypto_builtin_primitives.h\n'}
[51.178728] (Ros2_esp32) StdoutLine: {'line': b'-- Up-to-date: /home/diego/Ros2_esp32/install/Ros2_esp32/include/psa/crypto_compat.h\n'}
[51.178788] (Ros2_esp32) StdoutLine: {'line': b'-- Up-to-date: /home/diego/Ros2_esp32/install/Ros2_esp32/include/psa/crypto_config.h\n'}
[51.178843] (Ros2_esp32) StdoutLine: {'line': b'-- Up-to-date: /home/diego/Ros2_esp32/install/Ros2_esp32/include/psa/crypto_driver_common.h\n'}
[51.178898] (Ros2_esp32) StdoutLine: {'line': b'-- Up-to-date: /home/diego/Ros2_esp32/install/Ros2_esp32/include/psa/crypto_driver_contexts_composites.h\n'}
[51.178952] (Ros2_esp32) StdoutLine: {'line': b'-- Up-to-date: /home/diego/Ros2_esp32/install/Ros2_esp32/include/psa/crypto_driver_contexts_key_derivation.h\n'}
[51.179006] (Ros2_esp32) StdoutLine: {'line': b'-- Up-to-date: /home/diego/Ros2_esp32/install/Ros2_esp32/include/psa/crypto_driver_contexts_primitives.h\n'}
[51.179062] (Ros2_esp32) StdoutLine: {'line': b'-- Up-to-date: /home/diego/Ros2_esp32/install/Ros2_esp32/include/psa/crypto_extra.h\n'}
[51.179116] (Ros2_esp32) StdoutLine: {'line': b'-- Up-to-date: /home/diego/Ros2_esp32/install/Ros2_esp32/include/psa/crypto_legacy.h\n'}
[51.179171] (Ros2_esp32) StdoutLine: {'line': b'-- Up-to-date: /home/diego/Ros2_esp32/install/Ros2_esp32/include/psa/crypto_platform.h\n'}
[51.179226] (Ros2_esp32) StdoutLine: {'line': b'-- Up-to-date: /home/diego/Ros2_esp32/install/Ros2_esp32/include/psa/crypto_se_driver.h\n'}
[51.179280] (Ros2_esp32) StdoutLine: {'line': b'-- Up-to-date: /home/diego/Ros2_esp32/install/Ros2_esp32/include/psa/crypto_sizes.h\n'}
[51.179335] (Ros2_esp32) StdoutLine: {'line': b'-- Up-to-date: /home/diego/Ros2_esp32/install/Ros2_esp32/include/psa/crypto_struct.h\n'}
[51.179390] (Ros2_esp32) StdoutLine: {'line': b'-- Up-to-date: /home/diego/Ros2_esp32/install/Ros2_esp32/include/psa/crypto_types.h\n'}
[51.179445] (Ros2_esp32) StdoutLine: {'line': b'-- Up-to-date: /home/diego/Ros2_esp32/install/Ros2_esp32/include/psa/crypto_values.h\n'}
[51.179511] (Ros2_esp32) StdoutLine: {'line': b'-- Up-to-date: /home/diego/Ros2_esp32/install/Ros2_esp32/include/everest\n'}
[51.179567] (Ros2_esp32) StdoutLine: {'line': b'-- Up-to-date: /home/diego/Ros2_esp32/install/Ros2_esp32/include/everest/kremlib\n'}
[51.179621] (Ros2_esp32) StdoutLine: {'line': b'-- Up-to-date: /home/diego/Ros2_esp32/install/Ros2_esp32/include/everest/kremlib/FStar_UInt64_FStar_UInt32_FStar_UInt16_FStar_UInt8.h\n'}
[51.179676] (Ros2_esp32) StdoutLine: {'line': b'-- Up-to-date: /home/diego/Ros2_esp32/install/Ros2_esp32/include/everest/kremlib/FStar_UInt128.h\n'}
[51.179749] (Ros2_esp32) StdoutLine: {'line': b'-- Up-to-date: /home/diego/Ros2_esp32/install/Ros2_esp32/include/everest/kremlin\n'}
[51.179806] (Ros2_esp32) StdoutLine: {'line': b'-- Up-to-date: /home/diego/Ros2_esp32/install/Ros2_esp32/include/everest/kremlin/internal\n'}
[51.179860] (Ros2_esp32) StdoutLine: {'line': b'-- Up-to-date: /home/diego/Ros2_esp32/install/Ros2_esp32/include/everest/kremlin/internal/compat.h\n'}
[51.179914] (Ros2_esp32) StdoutLine: {'line': b'-- Up-to-date: /home/diego/Ros2_esp32/install/Ros2_esp32/include/everest/kremlin/internal/debug.h\n'}
[51.179968] (Ros2_esp32) StdoutLine: {'line': b'-- Up-to-date: /home/diego/Ros2_esp32/install/Ros2_esp32/include/everest/kremlin/internal/target.h\n'}
[51.180022] (Ros2_esp32) StdoutLine: {'line': b'-- Up-to-date: /home/diego/Ros2_esp32/install/Ros2_esp32/include/everest/kremlin/internal/wasmsupport.h\n'}
[51.180076] (Ros2_esp32) StdoutLine: {'line': b'-- Up-to-date: /home/diego/Ros2_esp32/install/Ros2_esp32/include/everest/kremlin/internal/types.h\n'}
[51.180131] (Ros2_esp32) StdoutLine: {'line': b'-- Up-to-date: /home/diego/Ros2_esp32/install/Ros2_esp32/include/everest/kremlin/internal/builtin.h\n'}
[51.180184] (Ros2_esp32) StdoutLine: {'line': b'-- Up-to-date: /home/diego/Ros2_esp32/install/Ros2_esp32/include/everest/kremlin/internal/callconv.h\n'}
[51.180239] (Ros2_esp32) StdoutLine: {'line': b'-- Up-to-date: /home/diego/Ros2_esp32/install/Ros2_esp32/include/everest/kremlin/c_endianness.h\n'}
[51.180294] (Ros2_esp32) StdoutLine: {'line': b'-- Up-to-date: /home/diego/Ros2_esp32/install/Ros2_esp32/include/everest/vs2013\n'}
[51.180347] (Ros2_esp32) StdoutLine: {'line': b'-- Up-to-date: /home/diego/Ros2_esp32/install/Ros2_esp32/include/everest/vs2013/Hacl_Curve25519.h\n'}
[51.180403] (Ros2_esp32) StdoutLine: {'line': b'-- Up-to-date: /home/diego/Ros2_esp32/install/Ros2_esp32/include/everest/everest.h\n'}
[51.180456] (Ros2_esp32) StdoutLine: {'line': b'-- Up-to-date: /home/diego/Ros2_esp32/install/Ros2_esp32/include/everest/x25519.h\n'}
[51.180511] (Ros2_esp32) StdoutLine: {'line': b'-- Up-to-date: /home/diego/Ros2_esp32/install/Ros2_esp32/include/everest/Hacl_Curve25519.h\n'}
[51.180564] (Ros2_esp32) StdoutLine: {'line': b'-- Up-to-date: /home/diego/Ros2_esp32/install/Ros2_esp32/include/everest/kremlib.h\n'}
[51.180619] (Ros2_esp32) StdoutLine: {'line': b'-- Installing: /home/diego/Ros2_esp32/install/Ros2_esp32/lib/libeverest.a\n'}
[51.180674] (Ros2_esp32) StdoutLine: {'line': b'-- Installing: /home/diego/Ros2_esp32/install/Ros2_esp32/lib/libp256m.a\n'}
[51.180744] (Ros2_esp32) StdoutLine: {'line': b'-- Installing: /home/diego/Ros2_esp32/install/Ros2_esp32/lib/libmbedcrypto.a\n'}
[51.186656] (Ros2_esp32) StdoutLine: {'line': b'-- Installing: /home/diego/Ros2_esp32/install/Ros2_esp32/lib/libmbedx509.a\n'}
[51.188678] (Ros2_esp32) StdoutLine: {'line': b'-- Installing: /home/diego/Ros2_esp32/install/Ros2_esp32/lib/libmbedtls.a\n'}
[51.201509] (Ros2_esp32) CommandEnded: {'returncode': 0}
[51.209618] (Ros2_esp32) JobEnded: {'identifier': 'Ros2_esp32', 'rc': 0}
[51.210282] (-) EventReactorShutdown: {}
