[0.000000] (-) TimerEvent: {}
[0.000458] (Ros2_esp32) JobQueued: {'identifier': 'Ros2_esp32', 'dependencies': OrderedDict()}
[0.000491] (Ros2_esp32) JobStarted: {'identifier': 'Ros2_esp32'}
[0.005802] (Ros2_esp32) JobProgress: {'identifier': 'Ros2_esp32', 'progress': 'cmake'}
[0.006388] (Ros2_esp32) Command: {'cmd': ['/usr/bin/cmake', '/home/diego/Ros2_esp32', '-DCMAKE_INSTALL_PREFIX=/home/diego/Ros2_esp32/install/Ros2_esp32'], 'cwd': '/home/diego/Ros2_esp32/build/Ros2_esp32', 'env': OrderedDict([('LINOROBOT2_BASE', '2wd'), ('LESSOPEN', '| /usr/bin/lesspipe %s'), ('USER', 'diego'), ('XDG_SESSION_TYPE', 'wayland'), ('IDF_TOOLS_INSTALL_CMD', '/home/diego/.espressif/v5.5/esp-idf/install.sh'), ('SHLVL', '1'), ('HOME', '/home/diego'), ('IDF_PY_COMP_WORDBREAKS', ' \t\n"\'><=;|&(:'), ('OLDPWD', '/home/diego'), ('DESKTOP_SESSION', 'ubuntu'), ('GNOME_SHELL_SESSION_MODE', 'ubuntu'), ('GTK_MODULES', 'gail:atk-bridge'), ('SYSTEMD_EXEC_PID', '6885'), ('DBUS_SESSION_BUS_ADDRESS', 'unix:path=/run/user/1000/bus'), ('COLORTERM', 'truecolor'), ('OPENOCD_SCRIPTS', '/home/diego/.espressif/tools/openocd-esp32/v0.12.0-esp32-20260424/openocd-esp32/share/openocd/scripts'), ('IM_CONFIG_PHASE', '1'), ('WAYLAND_DISPLAY', 'wayland-0'), ('LOGNAME', 'diego'), ('_', '/home/diego/.espressif/python_env/idf5.5_py3.10_env/bin/colcon'), ('XDG_SESSION_CLASS', 'user'), ('USERNAME', 'diego'), ('TERM', 'xterm-256color'), ('GNOME_DESKTOP_SESSION_ID', 'this-is-deprecated'), ('IDF_DEACTIVATE_FILE_PATH', '/tmp/tmpjlrq2srmidf_20502'), ('IDF_PATH', '/home/diego/.espressif/v5.5/esp-idf'), ('PATH', '/home/diego/.espressif/v5.5/esp-idf/components/espcoredump:/home/diego/.espressif/v5.5/esp-idf/components/partition_table:/home/diego/.espressif/v5.5/esp-idf/components/app_update:/home/diego/.espressif/tools/xtensa-esp-elf-gdb/17.1_20260402/xtensa-esp-elf-gdb/bin:/home/diego/.espressif/tools/xtensa-esp-elf/esp-14.2.0_20260121/xtensa-esp-elf/bin:/home/diego/.espressif/tools/riscv32-esp-elf/esp-14.2.0_20260121/riscv32-esp-elf/bin:/home/diego/.espressif/tools/esp32ulp-elf/2.38_20240113/esp32ulp-elf/bin:/home/diego/.espressif/tools/openocd-esp32/v0.12.0-esp32-20260424/openocd-esp32/bin:/home/diego/.espressif/tools/ninja/1.12.1/:/home/diego/.espressif/python_env/idf5.5_py3.10_env/bin:/home/diego/.espressif/v5.5/esp-idf/tools:/home/diego/.espressif/eim_gui:/home/diego/.local/bin:/usr/local/sbin:/usr/local/bin:/usr/sbin:/usr/bin:/sbin:/bin:/usr/games:/usr/local/games:/snap/bin:/snap/bin'), ('SESSION_MANAGER', 'local/diego-desktop:@/tmp/.ICE-unix/1858,unix/diego-desktop:/tmp/.ICE-unix/1858'), ('XDG_MENU_PREFIX', 'gnome-'), ('GNOME_TERMINAL_SCREEN', '/org/gnome/Terminal/screen/91377f96_c3a1_46cb_8c1b_214af858cdb9'), ('GNOME_SETUP_DISPLAY', ':1'), ('XDG_RUNTIME_DIR', '/run/user/1000'), ('DISPLAY', ':0'), ('LANG', 'en_US.UTF-8'), ('XDG_CURRENT_DESKTOP', 'ubuntu:GNOME'), ('XMODIFIERS', '@im=ibus'), ('XDG_SESSION_DESKTOP', 'ubuntu'), ('XAUTHORITY', '/run/user/1000/.mutter-Xwaylandauth.8DRMT3'), ('ESP_IDF_VERSION', '5.5'), ('LS_COLORS', 'rs=0:di=01;34:ln=01;36:mh=00:pi=40;33:so=01;35:do=01;35:bd=40;33;01:cd=40;33;01:or=40;31;01:mi=00:su=37;41:sg=30;43:ca=30;41:tw=30;42:ow=34;42:st=37;44:ex=01;32:*.tar=01;31:*.tgz=01;31:*.arc=01;31:*.arj=01;31:*.taz=01;31:*.lha=01;31:*.lz4=01;31:*.lzh=01;31:*.lzma=01;31:*.tlz=01;31:*.txz=01;31:*.tzo=01;31:*.t7z=01;31:*.zip=01;31:*.z=01;31:*.dz=01;31:*.gz=01;31:*.lrz=01;31:*.lz=01;31:*.lzo=01;31:*.xz=01;31:*.zst=01;31:*.tzst=01;31:*.bz2=01;31:*.bz=01;31:*.tbz=01;31:*.tbz2=01;31:*.tz=01;31:*.deb=01;31:*.rpm=01;31:*.jar=01;31:*.war=01;31:*.ear=01;31:*.sar=01;31:*.rar=01;31:*.alz=01;31:*.ace=01;31:*.zoo=01;31:*.cpio=01;31:*.7z=01;31:*.rz=01;31:*.cab=01;31:*.wim=01;31:*.swm=01;31:*.dwm=01;31:*.esd=01;31:*.jpg=01;35:*.jpeg=01;35:*.mjpg=01;35:*.mjpeg=01;35:*.gif=01;35:*.bmp=01;35:*.pbm=01;35:*.pgm=01;35:*.ppm=01;35:*.tga=01;35:*.xbm=01;35:*.xpm=01;35:*.tif=01;35:*.tiff=01;35:*.png=01;35:*.svg=01;35:*.svgz=01;35:*.mng=01;35:*.pcx=01;35:*.mov=01;35:*.mpg=01;35:*.mpeg=01;35:*.m2v=01;35:*.mkv=01;35:*.webm=01;35:*.webp=01;35:*.ogm=01;35:*.mp4=01;35:*.m4v=01;35:*.mp4v=01;35:*.vob=01;35:*.qt=01;35:*.nuv=01;35:*.wmv=01;35:*.asf=01;35:*.rm=01;35:*.rmvb=01;35:*.flc=01;35:*.avi=01;35:*.fli=01;35:*.flv=01;35:*.gl=01;35:*.dl=01;35:*.xcf=01;35:*.xwd=01;35:*.yuv=01;35:*.cgm=01;35:*.emf=01;35:*.ogv=01;35:*.ogx=01;35:*.aac=00;36:*.au=00;36:*.flac=00;36:*.m4a=00;36:*.mid=00;36:*.midi=00;36:*.mka=00;36:*.mp3=00;36:*.mpc=00;36:*.ogg=00;36:*.ra=00;36:*.wav=00;36:*.oga=00;36:*.opus=00;36:*.spx=00;36:*.xspf=00;36:'), ('GNOME_TERMINAL_SERVICE', ':1.159'), ('SSH_AGENT_LAUNCHER', 'gnome-keyring'), ('SSH_AUTH_SOCK', '/run/user/1000/keyring/ssh'), ('SHELL', '/bin/bash'), ('QT_ACCESSIBILITY', '1'), ('IDF_PYTHON_ENV_PATH', '/home/diego/.espressif/python_env/idf5.5_py3.10_env'), ('GDMSESSION', 'ubuntu'), ('LESSCLOSE', '/usr/bin/lesspipe %s %s'), ('IDF_TOOLS_EXPORT_CMD', '/home/diego/.espressif/v5.5/esp-idf/export.sh'), ('QT_IM_MODULE', 'ibus'), ('PWD', '/home/diego/Ros2_esp32/build/Ros2_esp32'), ('LC_ALL', 'en_US.UTF-8'), ('XDG_CONFIG_DIRS', '/etc/xdg/xdg-ubuntu:/etc/xdg'), ('XDG_DATA_DIRS', '/usr/share/ubuntu:/home/diego/.local/share/flatpak/exports/share:/var/lib/flatpak/exports/share:/usr/local/share/:/usr/share/:/var/lib/snapd/desktop'), ('ESP_ROM_ELF_DIR', '/home/diego/.espressif/tools/esp-rom-elfs/20241011/'), ('COLCON', '1'), ('VTE_VERSION', '6800')]), 'shell': False}
[0.019735] (Ros2_esp32) StdoutLine: {'line': b"-- IDF_TARGET is not set, guessed 'esp32s3' from sdkconfig '/home/diego/Ros2_esp32/sdkconfig'\n"}
[0.028850] (Ros2_esp32) StdoutLine: {'line': b'-- Found Git: /usr/bin/git (found version "2.34.1") \n'}
[0.047508] (Ros2_esp32) StdoutLine: {'line': b'-- Component directory /home/diego/.espressif/v5.5/esp-idf/components/esp_blockdev does not contain a CMakeLists.txt file. No component will be added\n'}
[0.099893] (-) TimerEvent: {}
[0.200282] (-) TimerEvent: {}
[0.300584] (-) TimerEvent: {}
[0.400822] (-) TimerEvent: {}
[0.501105] (-) TimerEvent: {}
[0.601382] (-) TimerEvent: {}
[0.701684] (-) TimerEvent: {}
[0.744829] (Ros2_esp32) StdoutLine: {'line': b'-- Minimal build - OFF\n'}
[0.801803] (-) TimerEvent: {}
[0.902088] (-) TimerEvent: {}
[0.925317] (Ros2_esp32) StdoutLine: {'line': b'-- The C compiler identification is GNU 14.2.0\n'}
[1.002191] (-) TimerEvent: {}
[1.082863] (Ros2_esp32) StdoutLine: {'line': b'-- The CXX compiler identification is GNU 14.2.0\n'}
[1.099102] (Ros2_esp32) StdoutLine: {'line': b'-- The ASM compiler identification is GNU\n'}
[1.100871] (Ros2_esp32) StdoutLine: {'line': b'-- Found assembler: /home/diego/.espressif/tools/xtensa-esp-elf/esp-14.2.0_20260121/xtensa-esp-elf/bin/xtensa-esp32s3-elf-gcc\n'}
[1.102233] (-) TimerEvent: {}
[1.104282] (Ros2_esp32) StdoutLine: {'line': b'-- Detecting C compiler ABI info\n'}
[1.164821] (Ros2_esp32) StdoutLine: {'line': b'-- Detecting C compiler ABI info - done\n'}
[1.171995] (Ros2_esp32) StdoutLine: {'line': b'-- Check for working C compiler: /home/diego/.espressif/tools/xtensa-esp-elf/esp-14.2.0_20260121/xtensa-esp-elf/bin/xtensa-esp32s3-elf-gcc - skipped\n'}
[1.172258] (Ros2_esp32) StdoutLine: {'line': b'-- Detecting C compile features\n'}
[1.172694] (Ros2_esp32) StdoutLine: {'line': b'-- Detecting C compile features - done\n'}
[1.176097] (Ros2_esp32) StdoutLine: {'line': b'-- Detecting CXX compiler ABI info\n'}
[1.202347] (-) TimerEvent: {}
[1.239849] (Ros2_esp32) StdoutLine: {'line': b'-- Detecting CXX compiler ABI info - done\n'}
[1.248997] (Ros2_esp32) StdoutLine: {'line': b'-- Check for working CXX compiler: /home/diego/.espressif/tools/xtensa-esp-elf/esp-14.2.0_20260121/xtensa-esp-elf/bin/xtensa-esp32s3-elf-g++ - skipped\n'}
[1.249290] (Ros2_esp32) StdoutLine: {'line': b'-- Detecting CXX compile features\n'}
[1.249814] (Ros2_esp32) StdoutLine: {'line': b'-- Detecting CXX compile features - done\n'}
[1.254336] (Ros2_esp32) StdoutLine: {'line': b"-- git rev-parse returned 'fatal: not a git repository (or any of the parent directories): .git'\n"}
[1.254509] (Ros2_esp32) StdoutLine: {'line': b"-- Could not use 'git describe' to determine PROJECT_VER.\n"}
[1.254589] (Ros2_esp32) StdoutLine: {'line': b'-- Building ESP-IDF components for target esp32s3\n'}
[1.255805] (Ros2_esp32) StdoutLine: {'line': b'-- Checking Python dependencies...\n'}
[1.302453] (-) TimerEvent: {}
[1.402761] (-) TimerEvent: {}
[1.498369] (Ros2_esp32) StdoutLine: {'line': b'Python requirements are satisfied.\n'}
[1.502847] (-) TimerEvent: {}
[1.511731] (Ros2_esp32) StdoutLine: {'line': b'Constraint file: /home/diego/.espressif/espidf.constraints.v5.5.txt\n'}
[1.511959] (Ros2_esp32) StdoutLine: {'line': b'Requirement files:\n'}
[1.512049] (Ros2_esp32) StdoutLine: {'line': b' - /home/diego/.espressif/v5.5/esp-idf/tools/requirements/requirements.core.txt\n'}
[1.512135] (Ros2_esp32) StdoutLine: {'line': b'Python being checked: /home/diego/.espressif/python_env/idf5.5_py3.10_env/bin/python\n'}
[1.602963] (-) TimerEvent: {}
[1.703241] (-) TimerEvent: {}
[1.803533] (-) TimerEvent: {}
[1.903797] (-) TimerEvent: {}
[1.908480] (Ros2_esp32) StdoutLine: {'line': b'NOTICE: Skipping optional dependency: espressif/esp_wifi_remote\n'}
[1.908870] (Ros2_esp32) StdoutLine: {'line': b'NOTICE: Skipping optional dependency: espressif/esp_hosted\n'}
[1.943150] (Ros2_esp32) StdoutLine: {'line': b'NOTICE: Processing 1 dependencies:\n'}
[1.943340] (Ros2_esp32) StdoutLine: {'line': b'NOTICE: [1/1] idf (5.5.4)\n'}
[2.003917] (-) TimerEvent: {}
[2.089901] (Ros2_esp32) StdoutLine: {'line': b'-- ESP-TEE is currently supported only on the esp32c6;esp32h2;esp32c5 SoCs\n'}
[2.104027] (-) TimerEvent: {}
[2.204293] (-) TimerEvent: {}
[2.304587] (-) TimerEvent: {}
[2.404888] (-) TimerEvent: {}
[2.453698] (Ros2_esp32) StdoutLine: {'line': b'NOTICE: Skipping optional dependency: espressif/esp_wifi_remote\n'}
[2.453987] (Ros2_esp32) StdoutLine: {'line': b'NOTICE: Skipping optional dependency: espressif/esp_hosted\n'}
[2.505017] (-) TimerEvent: {}
[2.605313] (-) TimerEvent: {}
[2.705583] (-) TimerEvent: {}
[2.805863] (-) TimerEvent: {}
[2.906136] (-) TimerEvent: {}
[3.006418] (-) TimerEvent: {}
[3.023741] (Ros2_esp32) StdoutLine: {'line': b'-- Project sdkconfig file /home/diego/Ros2_esp32/sdkconfig\n'}
[3.106533] (-) TimerEvent: {}
[3.206826] (-) TimerEvent: {}
[3.307153] (-) TimerEvent: {}
[3.353706] (Ros2_esp32) StdoutLine: {'line': b'-- Compiler supported targets: xtensa-esp-elf\n'}
[3.407261] (-) TimerEvent: {}
[3.465148] (Ros2_esp32) StdoutLine: {'line': b'-- Detecting C compiler ABI info\n'}
[3.507373] (-) TimerEvent: {}
[3.524160] (Ros2_esp32) StdoutLine: {'line': b'-- Detecting C compiler ABI info - done\n'}
[3.530727] (Ros2_esp32) StdoutLine: {'line': b'-- Detecting CXX compiler ABI info\n'}
[3.592966] (Ros2_esp32) StdoutLine: {'line': b'-- Detecting CXX compiler ABI info - done\n'}
[3.606805] (Ros2_esp32) StdoutLine: {'line': b'-- Detecting C compiler ABI info\n'}
[3.607447] (-) TimerEvent: {}
[3.665896] (Ros2_esp32) StdoutLine: {'line': b'-- Detecting C compiler ABI info - done\n'}
[3.672442] (Ros2_esp32) StdoutLine: {'line': b'-- Detecting CXX compiler ABI info\n'}
[3.707584] (-) TimerEvent: {}
[3.733258] (Ros2_esp32) StdoutLine: {'line': b'-- Detecting CXX compiler ABI info - done\n'}
[3.807713] (-) TimerEvent: {}
[3.908010] (-) TimerEvent: {}
[3.971182] (Ros2_esp32) StdoutLine: {'line': b'-- Found Python3: /home/diego/.espressif/python_env/idf5.5_py3.10_env/bin/python3.10 (found version "3.10.12") found components: Interpreter \n'}
[4.008121] (-) TimerEvent: {}
[4.011587] (Ros2_esp32) StdoutLine: {'line': b'-- Looking for pthread.h\n'}
[4.078012] (Ros2_esp32) StdoutLine: {'line': b'-- Looking for pthread.h - found\n'}
[4.078257] (Ros2_esp32) StdoutLine: {'line': b'-- Performing Test CMAKE_HAVE_LIBC_PTHREAD\n'}
[4.108238] (-) TimerEvent: {}
[4.148646] (Ros2_esp32) StdoutLine: {'line': b'-- Performing Test CMAKE_HAVE_LIBC_PTHREAD - Success\n'}
[4.149525] (Ros2_esp32) StdoutLine: {'line': b'-- Found Threads: TRUE  \n'}
[4.154021] (Ros2_esp32) StdoutLine: {'line': b'-- Performing Test C_COMPILER_SUPPORTS_WFORMAT_SIGNEDNESS\n'}
[4.208363] (-) TimerEvent: {}
[4.211669] (Ros2_esp32) StdoutLine: {'line': b'-- Performing Test C_COMPILER_SUPPORTS_WFORMAT_SIGNEDNESS - Success\n'}
[4.211855] (Ros2_esp32) StdoutLine: {'line': b'-- USING O3\n'}
[4.308466] (-) TimerEvent: {}
[4.346549] (Ros2_esp32) StdoutLine: {'line': b'-- App "Ros2_esp32" version: 1\n'}
[4.408581] (-) TimerEvent: {}
[4.447582] (Ros2_esp32) StdoutLine: {'line': b'-- Adding linker script /home/diego/Ros2_esp32/build/Ros2_esp32/esp-idf/esp_system/ld/memory.ld\n'}
[4.447794] (Ros2_esp32) StdoutLine: {'line': b'-- Adding linker script /home/diego/Ros2_esp32/build/Ros2_esp32/esp-idf/esp_system/ld/sections.ld.in\n'}
[4.457611] (Ros2_esp32) StdoutLine: {'line': b'-- Adding linker script /home/diego/.espressif/v5.5/esp-idf/components/esp_rom/esp32s3/ld/esp32s3.rom.ld\n'}
[4.457856] (Ros2_esp32) StdoutLine: {'line': b'-- Adding linker script /home/diego/.espressif/v5.5/esp-idf/components/esp_rom/esp32s3/ld/esp32s3.rom.api.ld\n'}
[4.457978] (Ros2_esp32) StdoutLine: {'line': b'-- Adding linker script /home/diego/.espressif/v5.5/esp-idf/components/esp_rom/esp32s3/ld/esp32s3.rom.bt_funcs.ld\n'}
[4.458131] (Ros2_esp32) StdoutLine: {'line': b'-- Adding linker script /home/diego/.espressif/v5.5/esp-idf/components/esp_rom/esp32s3/ld/esp32s3.rom.libgcc.ld\n'}
[4.458222] (Ros2_esp32) StdoutLine: {'line': b'-- Adding linker script /home/diego/.espressif/v5.5/esp-idf/components/esp_rom/esp32s3/ld/esp32s3.rom.wdt.ld\n'}
[4.458354] (Ros2_esp32) StdoutLine: {'line': b'-- Adding linker script /home/diego/.espressif/v5.5/esp-idf/components/esp_rom/esp32s3/ld/esp32s3.rom.version.ld\n'}
[4.458446] (Ros2_esp32) StdoutLine: {'line': b'-- Adding linker script /home/diego/.espressif/v5.5/esp-idf/components/esp_rom/esp32s3/ld/esp32s3.rom.ble_master.ld\n'}
[4.458565] (Ros2_esp32) StdoutLine: {'line': b'-- Adding linker script /home/diego/.espressif/v5.5/esp-idf/components/esp_rom/esp32s3/ld/esp32s3.rom.ble_50.ld\n'}
[4.458679] (Ros2_esp32) StdoutLine: {'line': b'-- Adding linker script /home/diego/.espressif/v5.5/esp-idf/components/esp_rom/esp32s3/ld/esp32s3.rom.ble_smp.ld\n'}
[4.458791] (Ros2_esp32) StdoutLine: {'line': b'-- Adding linker script /home/diego/.espressif/v5.5/esp-idf/components/esp_rom/esp32s3/ld/esp32s3.rom.ble_dtm.ld\n'}
[4.458901] (Ros2_esp32) StdoutLine: {'line': b'-- Adding linker script /home/diego/.espressif/v5.5/esp-idf/components/esp_rom/esp32s3/ld/esp32s3.rom.ble_test.ld\n'}
[4.459019] (Ros2_esp32) StdoutLine: {'line': b'-- Adding linker script /home/diego/.espressif/v5.5/esp-idf/components/esp_rom/esp32s3/ld/esp32s3.rom.ble_scan.ld\n'}
[4.459155] (Ros2_esp32) StdoutLine: {'line': b'-- Adding linker script /home/diego/.espressif/v5.5/esp-idf/components/esp_rom/esp32s3/ld/esp32s3.rom.libc.ld\n'}
[4.459286] (Ros2_esp32) StdoutLine: {'line': b'-- Adding linker script /home/diego/.espressif/v5.5/esp-idf/components/esp_rom/esp32s3/ld/esp32s3.rom.newlib.ld\n'}
[4.471809] (Ros2_esp32) StdoutLine: {'line': b'-- Adding linker script /home/diego/.espressif/v5.5/esp-idf/components/soc/esp32s3/ld/esp32s3.peripherals.ld\n'}
[4.508701] (-) TimerEvent: {}
[4.608996] (-) TimerEvent: {}
[4.709293] (-) TimerEvent: {}
[4.721494] (Ros2_esp32) StdoutLine: {'line': b'-- Using Micro XRCE-DDS middleware\n'}
[4.764084] (Ros2_esp32) StdoutLine: {'line': b"make: Nothing to be done for 'all'.\n"}
[4.809402] (-) TimerEvent: {}
[4.909686] (-) TimerEvent: {}
[4.984671] (Ros2_esp32) StdoutLine: {'line': b'-- Components: app_trace app_update bootloader bootloader_support bt cmock console cxx driver efuse esp-tls esp_adc esp_app_format esp_bootloader_format esp_coex esp_common esp_driver_ana_cmpr esp_driver_bitscrambler esp_driver_cam esp_driver_dac esp_driver_gpio esp_driver_gptimer esp_driver_i2c esp_driver_i2s esp_driver_isp esp_driver_jpeg esp_driver_ledc esp_driver_mcpwm esp_driver_parlio esp_driver_pcnt esp_driver_ppa esp_driver_rmt esp_driver_sdio esp_driver_sdm esp_driver_sdmmc esp_driver_sdspi esp_driver_spi esp_driver_touch_sens esp_driver_tsens esp_driver_twai esp_driver_uart esp_driver_usb_serial_jtag esp_eth esp_event esp_gdbstub esp_hal_ieee802154 esp_hid esp_http_client esp_http_server esp_https_ota esp_https_server esp_hw_support esp_lcd esp_local_ctrl esp_mm esp_netif esp_netif_stack esp_partition esp_phy esp_pm esp_psram esp_ringbuf esp_rom esp_security esp_system esp_timer esp_vfs_console esp_wifi espcoredump esptool_py fatfs freertos hal heap http_parser idf_test ieee802154 json log lwip main mbedtls micro_ros_espidf_component mqtt newlib nvs_flash nvs_sec_provider openthread partition_table perfmon protobuf-c protocomm pthread rt sdmmc soc spi_flash spiffs tcp_transport touch_element ulp unity usb vfs wear_levelling wifi_provisioning wpa_supplicant xtensa\n'}
[4.984912] (Ros2_esp32) StdoutLine: {'line': b'-- Component paths: /home/diego/.espressif/v5.5/esp-idf/components/app_trace /home/diego/.espressif/v5.5/esp-idf/components/app_update /home/diego/.espressif/v5.5/esp-idf/components/bootloader /home/diego/.espressif/v5.5/esp-idf/components/bootloader_support /home/diego/.espressif/v5.5/esp-idf/components/bt /home/diego/.espressif/v5.5/esp-idf/components/cmock /home/diego/.espressif/v5.5/esp-idf/components/console /home/diego/.espressif/v5.5/esp-idf/components/cxx /home/diego/.espressif/v5.5/esp-idf/components/driver /home/diego/.espressif/v5.5/esp-idf/components/efuse /home/diego/.espressif/v5.5/esp-idf/components/esp-tls /home/diego/.espressif/v5.5/esp-idf/components/esp_adc /home/diego/.espressif/v5.5/esp-idf/components/esp_app_format /home/diego/.espressif/v5.5/esp-idf/components/esp_bootloader_format /home/diego/.espressif/v5.5/esp-idf/components/esp_coex /home/diego/.espressif/v5.5/esp-idf/components/esp_common /home/diego/.espressif/v5.5/esp-idf/components/esp_driver_ana_cmpr /home/diego/.espressif/v5.5/esp-idf/components/esp_driver_bitscrambler /home/diego/.espressif/v5.5/esp-idf/components/esp_driver_cam /home/diego/.espressif/v5.5/esp-idf/components/esp_driver_dac /home/diego/.espressif/v5.5/esp-idf/components/esp_driver_gpio /home/diego/.espressif/v5.5/esp-idf/components/esp_driver_gptimer /home/diego/.espressif/v5.5/esp-idf/components/esp_driver_i2c /home/diego/.espressif/v5.5/esp-idf/components/esp_driver_i2s /home/diego/.espressif/v5.5/esp-idf/components/esp_driver_isp /home/diego/.espressif/v5.5/esp-idf/components/esp_driver_jpeg /home/diego/.espressif/v5.5/esp-idf/components/esp_driver_ledc /home/diego/.espressif/v5.5/esp-idf/components/esp_driver_mcpwm /home/diego/.espressif/v5.5/esp-idf/components/esp_driver_parlio /home/diego/.espressif/v5.5/esp-idf/components/esp_driver_pcnt /home/diego/.espressif/v5.5/esp-idf/components/esp_driver_ppa /home/diego/.espressif/v5.5/esp-idf/components/esp_driver_rmt /home/diego/.espressif/v5.5/esp-idf/components/esp_driver_sdio /home/diego/.espressif/v5.5/esp-idf/components/esp_driver_sdm /home/diego/.espressif/v5.5/esp-idf/components/esp_driver_sdmmc /home/diego/.espressif/v5.5/esp-idf/components/esp_driver_sdspi /home/diego/.espressif/v5.5/esp-idf/components/esp_driver_spi /home/diego/.espressif/v5.5/esp-idf/components/esp_driver_touch_sens /home/diego/.espressif/v5.5/esp-idf/components/esp_driver_tsens /home/diego/.espressif/v5.5/esp-idf/components/esp_driver_twai /home/diego/.espressif/v5.5/esp-idf/components/esp_driver_uart /home/diego/.espressif/v5.5/esp-idf/components/esp_driver_usb_serial_jtag /home/diego/.espressif/v5.5/esp-idf/components/esp_eth /home/diego/.espressif/v5.5/esp-idf/components/esp_event /home/diego/.espressif/v5.5/esp-idf/components/esp_gdbstub /home/diego/.espressif/v5.5/esp-idf/components/esp_hal_ieee802154 /home/diego/.espressif/v5.5/esp-idf/components/esp_hid /home/diego/.espressif/v5.5/esp-idf/components/esp_http_client /home/diego/.espressif/v5.5/esp-idf/components/esp_http_server /home/diego/.espressif/v5.5/esp-idf/components/esp_https_ota /home/diego/.espressif/v5.5/esp-idf/components/esp_https_server /home/diego/.espressif/v5.5/esp-idf/components/esp_hw_support /home/diego/.espressif/v5.5/esp-idf/components/esp_lcd /home/diego/.espressif/v5.5/esp-idf/components/esp_local_ctrl /home/diego/.espressif/v5.5/esp-idf/components/esp_mm /home/diego/.espressif/v5.5/esp-idf/components/esp_netif /home/diego/.espressif/v5.5/esp-idf/components/esp_netif_stack /home/diego/.espressif/v5.5/esp-idf/components/esp_partition /home/diego/.espressif/v5.5/esp-idf/components/esp_phy /home/diego/.espressif/v5.5/esp-idf/components/esp_pm /home/diego/.espressif/v5.5/esp-idf/components/esp_psram /home/diego/.espressif/v5.5/esp-idf/components/esp_ringbuf /home/diego/.espressif/v5.5/esp-idf/components/esp_rom /home/diego/.espressif/v5.5/esp-idf/components/esp_security /home/diego/.espressif/v5.5/esp-idf/components/esp_system /home/diego/.espressif/v5.5/esp-idf/components/esp_timer /home/diego/.espressif/v5.5/esp-idf/components/esp_vfs_console /home/diego/.espressif/v5.5/esp-idf/components/esp_wifi /home/diego/.espressif/v5.5/esp-idf/components/espcoredump /home/diego/.espressif/v5.5/esp-idf/components/esptool_py /home/diego/.espressif/v5.5/esp-idf/components/fatfs /home/diego/.espressif/v5.5/esp-idf/components/freertos /home/diego/.espressif/v5.5/esp-idf/components/hal /home/diego/.espressif/v5.5/esp-idf/components/heap /home/diego/.espressif/v5.5/esp-idf/components/http_parser /home/diego/.espressif/v5.5/esp-idf/components/idf_test /home/diego/.espressif/v5.5/esp-idf/components/ieee802154 /home/diego/.espressif/v5.5/esp-idf/components/json /home/diego/.espressif/v5.5/esp-idf/components/log /home/diego/.espressif/v5.5/esp-idf/components/lwip /home/diego/Ros2_esp32/main /home/diego/.espressif/v5.5/esp-idf/components/mbedtls /home/diego/Ros2_esp32/components/micro_ros_espidf_component /home/diego/.espressif/v5.5/esp-idf/components/mqtt /home/diego/.espressif/v5.5/esp-idf/components/newlib /home/diego/.espressif/v5.5/esp-idf/components/nvs_flash /home/diego/.espressif/v5.5/esp-idf/components/nvs_sec_provider /home/diego/.espressif/v5.5/esp-idf/components/openthread /home/diego/.espressif/v5.5/esp-idf/components/partition_table /home/diego/.espressif/v5.5/esp-idf/components/perfmon /home/diego/.espressif/v5.5/esp-idf/components/protobuf-c /home/diego/.espressif/v5.5/esp-idf/components/protocomm /home/diego/.espressif/v5.5/esp-idf/components/pthread /home/diego/.espressif/v5.5/esp-idf/components/rt /home/diego/.espressif/v5.5/esp-idf/components/sdmmc /home/diego/.espressif/v5.5/esp-idf/components/soc /home/diego/.espressif/v5.5/esp-idf/components/spi_flash /home/diego/.espressif/v5.5/esp-idf/components/spiffs /home/diego/.espressif/v5.5/esp-idf/components/tcp_transport /home/diego/.espressif/v5.5/esp-idf/components/touch_element /home/diego/.espressif/v5.5/esp-idf/components/ulp /home/diego/.espressif/v5.5/esp-idf/components/unity /home/diego/.espressif/v5.5/esp-idf/components/usb /home/diego/.espressif/v5.5/esp-idf/components/vfs /home/diego/.espressif/v5.5/esp-idf/components/wear_levelling /home/diego/.espressif/v5.5/esp-idf/components/wifi_provisioning /home/diego/.espressif/v5.5/esp-idf/components/wpa_supplicant /home/diego/.espressif/v5.5/esp-idf/components/xtensa\n'}
[4.989651] (Ros2_esp32) StdoutLine: {'line': b'-- Configuring done\n'}
[5.009807] (-) TimerEvent: {}
[5.110130] (-) TimerEvent: {}
[5.210409] (-) TimerEvent: {}
[5.310707] (-) TimerEvent: {}
[5.410986] (-) TimerEvent: {}
[5.511255] (-) TimerEvent: {}
[5.611538] (-) TimerEvent: {}
[5.711813] (-) TimerEvent: {}
[5.772862] (Ros2_esp32) StdoutLine: {'line': b'-- Generating done\n'}
[5.811931] (-) TimerEvent: {}
[5.912220] (-) TimerEvent: {}
[5.940390] (Ros2_esp32) StdoutLine: {'line': b'-- Build files have been written to: /home/diego/Ros2_esp32/build/Ros2_esp32\n'}
[5.998116] (Ros2_esp32) CommandEnded: {'returncode': 0}
[5.998731] (Ros2_esp32) JobProgress: {'identifier': 'Ros2_esp32', 'progress': 'build'}
[5.999801] (Ros2_esp32) Command: {'cmd': ['/usr/bin/cmake', '--build', '/home/diego/Ros2_esp32/build/Ros2_esp32', '--', '-j12', '-l12'], 'cwd': '/home/diego/Ros2_esp32/build/Ros2_esp32', 'env': OrderedDict([('LINOROBOT2_BASE', '2wd'), ('LESSOPEN', '| /usr/bin/lesspipe %s'), ('USER', 'diego'), ('XDG_SESSION_TYPE', 'wayland'), ('IDF_TOOLS_INSTALL_CMD', '/home/diego/.espressif/v5.5/esp-idf/install.sh'), ('SHLVL', '1'), ('HOME', '/home/diego'), ('IDF_PY_COMP_WORDBREAKS', ' \t\n"\'><=;|&(:'), ('OLDPWD', '/home/diego'), ('DESKTOP_SESSION', 'ubuntu'), ('GNOME_SHELL_SESSION_MODE', 'ubuntu'), ('GTK_MODULES', 'gail:atk-bridge'), ('SYSTEMD_EXEC_PID', '6885'), ('DBUS_SESSION_BUS_ADDRESS', 'unix:path=/run/user/1000/bus'), ('COLORTERM', 'truecolor'), ('OPENOCD_SCRIPTS', '/home/diego/.espressif/tools/openocd-esp32/v0.12.0-esp32-20260424/openocd-esp32/share/openocd/scripts'), ('IM_CONFIG_PHASE', '1'), ('WAYLAND_DISPLAY', 'wayland-0'), ('LOGNAME', 'diego'), ('_', '/home/diego/.espressif/python_env/idf5.5_py3.10_env/bin/colcon'), ('XDG_SESSION_CLASS', 'user'), ('USERNAME', 'diego'), ('TERM', 'xterm-256color'), ('GNOME_DESKTOP_SESSION_ID', 'this-is-deprecated'), ('IDF_DEACTIVATE_FILE_PATH', '/tmp/tmpjlrq2srmidf_20502'), ('IDF_PATH', '/home/diego/.espressif/v5.5/esp-idf'), ('PATH', '/home/diego/.espressif/v5.5/esp-idf/components/espcoredump:/home/diego/.espressif/v5.5/esp-idf/components/partition_table:/home/diego/.espressif/v5.5/esp-idf/components/app_update:/home/diego/.espressif/tools/xtensa-esp-elf-gdb/17.1_20260402/xtensa-esp-elf-gdb/bin:/home/diego/.espressif/tools/xtensa-esp-elf/esp-14.2.0_20260121/xtensa-esp-elf/bin:/home/diego/.espressif/tools/riscv32-esp-elf/esp-14.2.0_20260121/riscv32-esp-elf/bin:/home/diego/.espressif/tools/esp32ulp-elf/2.38_20240113/esp32ulp-elf/bin:/home/diego/.espressif/tools/openocd-esp32/v0.12.0-esp32-20260424/openocd-esp32/bin:/home/diego/.espressif/tools/ninja/1.12.1/:/home/diego/.espressif/python_env/idf5.5_py3.10_env/bin:/home/diego/.espressif/v5.5/esp-idf/tools:/home/diego/.espressif/eim_gui:/home/diego/.local/bin:/usr/local/sbin:/usr/local/bin:/usr/sbin:/usr/bin:/sbin:/bin:/usr/games:/usr/local/games:/snap/bin:/snap/bin'), ('SESSION_MANAGER', 'local/diego-desktop:@/tmp/.ICE-unix/1858,unix/diego-desktop:/tmp/.ICE-unix/1858'), ('XDG_MENU_PREFIX', 'gnome-'), ('GNOME_TERMINAL_SCREEN', '/org/gnome/Terminal/screen/91377f96_c3a1_46cb_8c1b_214af858cdb9'), ('GNOME_SETUP_DISPLAY', ':1'), ('XDG_RUNTIME_DIR', '/run/user/1000'), ('DISPLAY', ':0'), ('LANG', 'en_US.UTF-8'), ('XDG_CURRENT_DESKTOP', 'ubuntu:GNOME'), ('XMODIFIERS', '@im=ibus'), ('XDG_SESSION_DESKTOP', 'ubuntu'), ('XAUTHORITY', '/run/user/1000/.mutter-Xwaylandauth.8DRMT3'), ('ESP_IDF_VERSION', '5.5'), ('LS_COLORS', 'rs=0:di=01;34:ln=01;36:mh=00:pi=40;33:so=01;35:do=01;35:bd=40;33;01:cd=40;33;01:or=40;31;01:mi=00:su=37;41:sg=30;43:ca=30;41:tw=30;42:ow=34;42:st=37;44:ex=01;32:*.tar=01;31:*.tgz=01;31:*.arc=01;31:*.arj=01;31:*.taz=01;31:*.lha=01;31:*.lz4=01;31:*.lzh=01;31:*.lzma=01;31:*.tlz=01;31:*.txz=01;31:*.tzo=01;31:*.t7z=01;31:*.zip=01;31:*.z=01;31:*.dz=01;31:*.gz=01;31:*.lrz=01;31:*.lz=01;31:*.lzo=01;31:*.xz=01;31:*.zst=01;31:*.tzst=01;31:*.bz2=01;31:*.bz=01;31:*.tbz=01;31:*.tbz2=01;31:*.tz=01;31:*.deb=01;31:*.rpm=01;31:*.jar=01;31:*.war=01;31:*.ear=01;31:*.sar=01;31:*.rar=01;31:*.alz=01;31:*.ace=01;31:*.zoo=01;31:*.cpio=01;31:*.7z=01;31:*.rz=01;31:*.cab=01;31:*.wim=01;31:*.swm=01;31:*.dwm=01;31:*.esd=01;31:*.jpg=01;35:*.jpeg=01;35:*.mjpg=01;35:*.mjpeg=01;35:*.gif=01;35:*.bmp=01;35:*.pbm=01;35:*.pgm=01;35:*.ppm=01;35:*.tga=01;35:*.xbm=01;35:*.xpm=01;35:*.tif=01;35:*.tiff=01;35:*.png=01;35:*.svg=01;35:*.svgz=01;35:*.mng=01;35:*.pcx=01;35:*.mov=01;35:*.mpg=01;35:*.mpeg=01;35:*.m2v=01;35:*.mkv=01;35:*.webm=01;35:*.webp=01;35:*.ogm=01;35:*.mp4=01;35:*.m4v=01;35:*.mp4v=01;35:*.vob=01;35:*.qt=01;35:*.nuv=01;35:*.wmv=01;35:*.asf=01;35:*.rm=01;35:*.rmvb=01;35:*.flc=01;35:*.avi=01;35:*.fli=01;35:*.flv=01;35:*.gl=01;35:*.dl=01;35:*.xcf=01;35:*.xwd=01;35:*.yuv=01;35:*.cgm=01;35:*.emf=01;35:*.ogv=01;35:*.ogx=01;35:*.aac=00;36:*.au=00;36:*.flac=00;36:*.m4a=00;36:*.mid=00;36:*.midi=00;36:*.mka=00;36:*.mp3=00;36:*.mpc=00;36:*.ogg=00;36:*.ra=00;36:*.wav=00;36:*.oga=00;36:*.opus=00;36:*.spx=00;36:*.xspf=00;36:'), ('GNOME_TERMINAL_SERVICE', ':1.159'), ('SSH_AGENT_LAUNCHER', 'gnome-keyring'), ('SSH_AUTH_SOCK', '/run/user/1000/keyring/ssh'), ('SHELL', '/bin/bash'), ('QT_ACCESSIBILITY', '1'), ('IDF_PYTHON_ENV_PATH', '/home/diego/.espressif/python_env/idf5.5_py3.10_env'), ('GDMSESSION', 'ubuntu'), ('LESSCLOSE', '/usr/bin/lesspipe %s %s'), ('IDF_TOOLS_EXPORT_CMD', '/home/diego/.espressif/v5.5/esp-idf/export.sh'), ('QT_IM_MODULE', 'ibus'), ('PWD', '/home/diego/Ros2_esp32/build/Ros2_esp32'), ('LC_ALL', 'en_US.UTF-8'), ('XDG_CONFIG_DIRS', '/etc/xdg/xdg-ubuntu:/etc/xdg'), ('XDG_DATA_DIRS', '/usr/share/ubuntu:/home/diego/.local/share/flatpak/exports/share:/var/lib/flatpak/exports/share:/usr/local/share/:/usr/share/:/var/lib/snapd/desktop'), ('ESP_ROM_ELF_DIR', '/home/diego/.espressif/tools/esp-rom-elfs/20241011/'), ('COLCON', '1'), ('VTE_VERSION', '6800')]), 'shell': False}
[6.012344] (-) TimerEvent: {}
[6.064118] (Ros2_esp32) StdoutLine: {'line': b'[  0%] \x1b[34m\x1b[1mGenerating /home/diego/Ros2_esp32/build/Ros2_esp32/esp-idf/esp_system/ld/sections.ld.in linker script...\x1b[0m\n'}
[6.064373] (Ros2_esp32) StdoutLine: {'line': b'[  0%] Built target custom_bundle\n'}
[6.064453] (Ros2_esp32) StdoutLine: {'line': b'[  0%] \x1b[34m\x1b[1mGenerating ../../partition_table/partition-table.bin\x1b[0m\n'}
[6.064552] (Ros2_esp32) StdoutLine: {'line': b'[  0%] \x1b[34m\x1b[1mGenerating /home/diego/Ros2_esp32/build/Ros2_esp32/esp-idf/esp_system/ld/memory.ld linker script...\x1b[0m\n'}
[6.064638] (Ros2_esp32) StdoutLine: {'line': b'[  0%] \x1b[34m\x1b[1mGenerating project_elf_src_esp32s3.c\x1b[0m\n'}
[6.081865] (Ros2_esp32) StdoutLine: {'line': b'[  0%] Built target _project_elf_src\n'}
[6.093354] (Ros2_esp32) StdoutLine: {'line': b'[  0%] Built target memory.ld\n'}
[6.093629] (Ros2_esp32) StdoutLine: {'line': b'[  0%] Built target sections.ld.in\n'}
[6.107337] (Ros2_esp32) StdoutLine: {'line': b'Partition table binary generated. Contents:\n'}
[6.112464] (-) TimerEvent: {}
[6.114708] (Ros2_esp32) StdoutLine: {'line': b'[  1%] \x1b[32mBuilding C object esp-idf/esp_https_ota/CMakeFiles/__idf_esp_https_ota.dir/src/esp_https_ota.c.obj\x1b[0m\n'}
[6.116397] (Ros2_esp32) StdoutLine: {'line': b'*******************************************************************************\n'}
[6.146056] (Ros2_esp32) StdoutLine: {'line': b'# ESP-IDF Partition Table\n'}
[6.146257] (Ros2_esp32) StdoutLine: {'line': b'# Name, Type, SubType, Offset, Size, Flags\n'}
[6.146347] (Ros2_esp32) StdoutLine: {'line': b'nvs,data,nvs,0x9000,24K,\n'}
[6.146422] (Ros2_esp32) StdoutLine: {'line': b'phy_init,data,phy,0xf000,4K,\n'}
[6.146482] (Ros2_esp32) StdoutLine: {'line': b'factory,app,factory,0x10000,4M,\n'}
[6.146562] (Ros2_esp32) StdoutLine: {'line': b'storage,data,spiffs,0x410000,10M,\n'}
[6.157864] (Ros2_esp32) StdoutLine: {'line': b'*******************************************************************************\n'}
[6.167611] (Ros2_esp32) StdoutLine: {'line': b'[  1%] Built target partition_table_bin\n'}
[6.188929] (Ros2_esp32) StdoutLine: {'line': b"[  1%] \x1b[34m\x1b[1mCreating directories for 'bootloader'\x1b[0m\n"}
[6.212586] (-) TimerEvent: {}
[6.262071] (Ros2_esp32) StdoutLine: {'line': b"[  1%] \x1b[34m\x1b[1mNo download step for 'bootloader'\x1b[0m\n"}
[6.286672] (Ros2_esp32) StdoutLine: {'line': b"[  1%] \x1b[34m\x1b[1mNo update step for 'bootloader'\x1b[0m\n"}
[6.312709] (-) TimerEvent: {}
[6.312934] (Ros2_esp32) StdoutLine: {'line': b"[  1%] \x1b[34m\x1b[1mNo patch step for 'bootloader'\x1b[0m\n"}
[6.337638] (Ros2_esp32) StdoutLine: {'line': b"[  1%] \x1b[34m\x1b[1mPerforming configure step for 'bootloader'\x1b[0m\n"}
[6.337837] (Ros2_esp32) StdoutLine: {'line': b'[  1%] \x1b[32m\x1b[1mLinking C static library libesp_https_ota.a\x1b[0m\n'}
[6.357582] (Ros2_esp32) StdoutLine: {'line': b'-- Found Git: /usr/bin/git (found version "2.34.1") \n'}
[6.373336] (Ros2_esp32) StdoutLine: {'line': b'[  1%] Built target __idf_esp_https_ota\n'}
[6.377505] (Ros2_esp32) StdoutLine: {'line': b'-- Component directory /home/diego/.espressif/v5.5/esp-idf/components/esp_blockdev does not contain a CMakeLists.txt file. No component will be added\n'}
[6.396230] (Ros2_esp32) StdoutLine: {'line': b'[  1%] \x1b[32mBuilding C object esp-idf/esp_http_server/CMakeFiles/__idf_esp_http_server.dir/src/httpd_uri.c.obj\x1b[0m\n'}
[6.396487] (Ros2_esp32) StdoutLine: {'line': b'[  1%] \x1b[32mBuilding C object esp-idf/esp_http_server/CMakeFiles/__idf_esp_http_server.dir/src/httpd_main.c.obj\x1b[0m\n'}
[6.396591] (Ros2_esp32) StdoutLine: {'line': b'[  1%] \x1b[32mBuilding C object esp-idf/esp_http_server/CMakeFiles/__idf_esp_http_server.dir/src/httpd_parse.c.obj\x1b[0m\n'}
[6.396681] (Ros2_esp32) StdoutLine: {'line': b'[  1%] \x1b[32mBuilding C object esp-idf/esp_http_server/CMakeFiles/__idf_esp_http_server.dir/src/httpd_ws.c.obj\x1b[0m\n'}
[6.396750] (Ros2_esp32) StdoutLine: {'line': b'[  1%] \x1b[32mBuilding C object esp-idf/esp_http_server/CMakeFiles/__idf_esp_http_server.dir/src/httpd_sess.c.obj\x1b[0m\n'}
[6.396829] (Ros2_esp32) StdoutLine: {'line': b'[  1%] \x1b[32mBuilding C object esp-idf/esp_http_server/CMakeFiles/__idf_esp_http_server.dir/src/httpd_txrx.c.obj\x1b[0m\n'}
[6.398167] (Ros2_esp32) StdoutLine: {'line': b'[  1%] \x1b[32mBuilding C object esp-idf/esp_http_server/CMakeFiles/__idf_esp_http_server.dir/src/util/ctrl_sock.c.obj\x1b[0m\n'}
[6.412831] (-) TimerEvent: {}
[6.513206] (-) TimerEvent: {}
[6.615650] (-) TimerEvent: {}
[6.673549] (Ros2_esp32) StdoutLine: {'line': b'[  1%] \x1b[32m\x1b[1mLinking C static library libesp_http_server.a\x1b[0m\n'}
[6.715771] (-) TimerEvent: {}
[6.728134] (Ros2_esp32) StdoutLine: {'line': b'[  1%] Built target __idf_esp_http_server\n'}
[6.753605] (Ros2_esp32) StdoutLine: {'line': b'[  1%] \x1b[32mBuilding C object esp-idf/esp_http_client/CMakeFiles/__idf_esp_http_client.dir/lib/http_utils.c.obj\x1b[0m\n'}
[6.753932] (Ros2_esp32) StdoutLine: {'line': b'[  1%] \x1b[32mBuilding C object esp-idf/esp_http_client/CMakeFiles/__idf_esp_http_client.dir/lib/http_auth.c.obj\x1b[0m\n'}
[6.755049] (Ros2_esp32) StdoutLine: {'line': b'[  1%] \x1b[32mBuilding C object esp-idf/esp_http_client/CMakeFiles/__idf_esp_http_client.dir/esp_http_client.c.obj\x1b[0m\n'}
[6.756240] (Ros2_esp32) StdoutLine: {'line': b'[  2%] \x1b[32mBuilding C object esp-idf/esp_http_client/CMakeFiles/__idf_esp_http_client.dir/lib/http_header.c.obj\x1b[0m\n'}
[6.815901] (-) TimerEvent: {}
[6.916250] (-) TimerEvent: {}
[7.016631] (-) TimerEvent: {}
[7.117082] (-) TimerEvent: {}
[7.197189] (Ros2_esp32) StdoutLine: {'line': b'[  2%] \x1b[32m\x1b[1mLinking C static library libesp_http_client.a\x1b[0m\n'}
[7.217208] (-) TimerEvent: {}
[7.232812] (Ros2_esp32) StdoutLine: {'line': b'-- Minimal build - OFF\n'}
[7.240958] (Ros2_esp32) StdoutLine: {'line': b'[  2%] Built target __idf_esp_http_client\n'}
[7.265399] (Ros2_esp32) StdoutLine: {'line': b'[  2%] \x1b[32mBuilding C object esp-idf/tcp_transport/CMakeFiles/__idf_tcp_transport.dir/transport.c.obj\x1b[0m\n'}
[7.265689] (Ros2_esp32) StdoutLine: {'line': b'[  2%] \x1b[32mBuilding C object esp-idf/tcp_transport/CMakeFiles/__idf_tcp_transport.dir/transport_ssl.c.obj\x1b[0m\n'}
[7.265793] (Ros2_esp32) StdoutLine: {'line': b'[  2%] \x1b[32mBuilding C object esp-idf/tcp_transport/CMakeFiles/__idf_tcp_transport.dir/transport_ws.c.obj\x1b[0m\n'}
[7.265881] (Ros2_esp32) StdoutLine: {'line': b'[  2%] \x1b[32mBuilding C object esp-idf/tcp_transport/CMakeFiles/__idf_tcp_transport.dir/transport_internal.c.obj\x1b[0m\n'}
[7.266074] (Ros2_esp32) StdoutLine: {'line': b'[  2%] \x1b[32mBuilding C object esp-idf/tcp_transport/CMakeFiles/__idf_tcp_transport.dir/transport_socks_proxy.c.obj\x1b[0m\n'}
[7.317354] (-) TimerEvent: {}
[7.417874] (-) TimerEvent: {}
[7.445660] (Ros2_esp32) StdoutLine: {'line': b'-- The C compiler identification is GNU 14.2.0\n'}
[7.518003] (-) TimerEvent: {}
[7.583402] (Ros2_esp32) StdoutLine: {'line': b'[  3%] \x1b[32m\x1b[1mLinking C static library libtcp_transport.a\x1b[0m\n'}
[7.618151] (-) TimerEvent: {}
[7.621869] (Ros2_esp32) StdoutLine: {'line': b'-- The CXX compiler identification is GNU 14.2.0\n'}
[7.627125] (Ros2_esp32) StdoutLine: {'line': b'[  3%] Built target __idf_tcp_transport\n'}
[7.639233] (Ros2_esp32) StdoutLine: {'line': b'-- The ASM compiler identification is GNU\n'}
[7.641602] (Ros2_esp32) StdoutLine: {'line': b'-- Found assembler: /home/diego/.espressif/tools/xtensa-esp-elf/esp-14.2.0_20260121/xtensa-esp-elf/bin/xtensa-esp32s3-elf-gcc\n'}
[7.646252] (Ros2_esp32) StdoutLine: {'line': b'-- Detecting C compiler ABI info\n'}
[7.654721] (Ros2_esp32) StdoutLine: {'line': b'[  3%] \x1b[32mBuilding C object esp-idf/esp_adc/CMakeFiles/__idf_esp_adc.dir/adc_cali.c.obj\x1b[0m\n'}
[7.655002] (Ros2_esp32) StdoutLine: {'line': b'[  3%] \x1b[32mBuilding C object esp-idf/esp_adc/CMakeFiles/__idf_esp_adc.dir/deprecated/esp_adc_cal_common_legacy.c.obj\x1b[0m\n'}
[7.655103] (Ros2_esp32) StdoutLine: {'line': b'[  3%] \x1b[32mBuilding C object esp-idf/esp_adc/CMakeFiles/__idf_esp_adc.dir/adc_cali_curve_fitting.c.obj\x1b[0m\n'}
[7.655371] (Ros2_esp32) StdoutLine: {'line': b'[  3%] \x1b[32mBuilding C object esp-idf/esp_adc/CMakeFiles/__idf_esp_adc.dir/adc_common.c.obj\x1b[0m\n'}
[7.661881] (Ros2_esp32) StdoutLine: {'line': b'[  3%] \x1b[32mBuilding C object esp-idf/esp_adc/CMakeFiles/__idf_esp_adc.dir/adc_continuous.c.obj\x1b[0m\n'}
[7.662131] (Ros2_esp32) StdoutLine: {'line': b'[  4%] \x1b[32mBuilding C object esp-idf/esp_adc/CMakeFiles/__idf_esp_adc.dir/adc_monitor.c.obj\x1b[0m\n'}
[7.662198] (Ros2_esp32) StdoutLine: {'line': b'[  4%] \x1b[32mBuilding C object esp-idf/esp_adc/CMakeFiles/__idf_esp_adc.dir/adc_oneshot.c.obj\x1b[0m\n'}
[7.665641] (Ros2_esp32) StdoutLine: {'line': b'[  4%] \x1b[32mBuilding C object esp-idf/esp_adc/CMakeFiles/__idf_esp_adc.dir/adc_filter.c.obj\x1b[0m\n'}
[7.665915] (Ros2_esp32) StdoutLine: {'line': b'[  4%] \x1b[32mBuilding C object esp-idf/esp_adc/CMakeFiles/__idf_esp_adc.dir/gdma/adc_dma.c.obj\x1b[0m\n'}
[7.672262] (Ros2_esp32) StdoutLine: {'line': b'[  4%] \x1b[32mBuilding C object esp-idf/esp_adc/CMakeFiles/__idf_esp_adc.dir/deprecated/esp32s3/esp_adc_cal_legacy.c.obj\x1b[0m\n'}
[7.676737] (Ros2_esp32) StdoutLine: {'line': b'[  4%] \x1b[32mBuilding C object esp-idf/esp_adc/CMakeFiles/__idf_esp_adc.dir/esp32s3/curve_fitting_coefficients.c.obj\x1b[0m\n'}
[7.718341] (-) TimerEvent: {}
[7.784702] (Ros2_esp32) StdoutLine: {'line': b'-- Detecting C compiler ABI info - done\n'}
[7.796345] (Ros2_esp32) StdoutLine: {'line': b'-- Check for working C compiler: /home/diego/.espressif/tools/xtensa-esp-elf/esp-14.2.0_20260121/xtensa-esp-elf/bin/xtensa-esp32s3-elf-gcc - skipped\n'}
[7.796710] (Ros2_esp32) StdoutLine: {'line': b'-- Detecting C compile features\n'}
[7.797329] (Ros2_esp32) StdoutLine: {'line': b'-- Detecting C compile features - done\n'}
[7.802884] (Ros2_esp32) StdoutLine: {'line': b'-- Detecting CXX compiler ABI info\n'}
[7.818594] (-) TimerEvent: {}
[7.884744] (Ros2_esp32) StdoutLine: {'line': b'-- Detecting CXX compiler ABI info - done\n'}
[7.892471] (Ros2_esp32) StdoutLine: {'line': b'-- Check for working CXX compiler: /home/diego/.espressif/tools/xtensa-esp-elf/esp-14.2.0_20260121/xtensa-esp-elf/bin/xtensa-esp32s3-elf-g++ - skipped\n'}
[7.892770] (Ros2_esp32) StdoutLine: {'line': b'-- Detecting CXX compile features\n'}
[7.893101] (Ros2_esp32) StdoutLine: {'line': b'-- Detecting CXX compile features - done\n'}
[7.918690] (-) TimerEvent: {}
[7.923389] (Ros2_esp32) StdoutLine: {'line': b'[  5%] \x1b[32m\x1b[1mLinking C static library libesp_adc.a\x1b[0m\n'}
[7.969455] (Ros2_esp32) StdoutLine: {'line': b'[  5%] Built target __idf_esp_adc\n'}
[7.991840] (Ros2_esp32) StdoutLine: {'line': b'[  5%] \x1b[32mBuilding C object esp-idf/esp-tls/CMakeFiles/__idf_esp-tls.dir/esp_tls.c.obj\x1b[0m\n'}
[7.992294] (Ros2_esp32) StdoutLine: {'line': b'[  5%] \x1b[32mBuilding C object esp-idf/esp-tls/CMakeFiles/__idf_esp-tls.dir/esp-tls-crypto/esp_tls_crypto.c.obj\x1b[0m\n'}
[7.992383] (Ros2_esp32) StdoutLine: {'line': b'[  5%] \x1b[32mBuilding C object esp-idf/esp-tls/CMakeFiles/__idf_esp-tls.dir/esp_tls_error_capture.c.obj\x1b[0m\n'}
[7.993838] (Ros2_esp32) StdoutLine: {'line': b'[  5%] \x1b[32mBuilding C object esp-idf/esp-tls/CMakeFiles/__idf_esp-tls.dir/esp_tls_platform_port.c.obj\x1b[0m\n'}
[7.994754] (Ros2_esp32) StdoutLine: {'line': b'[  5%] \x1b[32mBuilding C object esp-idf/esp-tls/CMakeFiles/__idf_esp-tls.dir/esp_tls_mbedtls.c.obj\x1b[0m\n'}
[8.018838] (-) TimerEvent: {}
[8.119199] (-) TimerEvent: {}
[8.191053] (Ros2_esp32) StdoutLine: {'line': b'-- Building ESP-IDF components for target esp32s3\n'}
[8.219301] (-) TimerEvent: {}
[8.272352] (Ros2_esp32) StdoutLine: {'line': b'[  5%] \x1b[32m\x1b[1mLinking C static library libesp-tls.a\x1b[0m\n'}
[8.315424] (Ros2_esp32) StdoutLine: {'line': b'[  5%] Built target __idf_esp-tls\n'}
[8.319414] (-) TimerEvent: {}
[8.336965] (Ros2_esp32) StdoutLine: {'line': b'[  5%] \x1b[32mBuilding C object esp-idf/http_parser/CMakeFiles/__idf_http_parser.dir/http_parser.c.obj\x1b[0m\n'}
[8.419537] (-) TimerEvent: {}
[8.519833] (-) TimerEvent: {}
[8.620113] (-) TimerEvent: {}
[8.720403] (-) TimerEvent: {}
[8.742700] (Ros2_esp32) StdoutLine: {'line': b'-- ESP-TEE is currently supported only on the esp32c6;esp32h2;esp32c5 SoCs\n'}
[8.761879] (Ros2_esp32) StdoutLine: {'line': b'[  6%] \x1b[32m\x1b[1mLinking C static library libhttp_parser.a\x1b[0m\n'}
[8.807882] (Ros2_esp32) StdoutLine: {'line': b'[  6%] Built target __idf_http_parser\n'}
[8.820498] (-) TimerEvent: {}
[8.833619] (Ros2_esp32) StdoutLine: {'line': b'[  6%] \x1b[32mBuilding C object esp-idf/driver/CMakeFiles/__idf_driver.dir/deprecated/adc_legacy.c.obj\x1b[0m\n'}
[8.834425] (Ros2_esp32) StdoutLine: {'line': b'[  6%] \x1b[32mBuilding C object esp-idf/driver/CMakeFiles/__idf_driver.dir/deprecated/adc_dma_legacy.c.obj\x1b[0m\n'}
[8.834899] (Ros2_esp32) StdoutLine: {'line': b'[  6%] \x1b[32mBuilding C object esp-idf/driver/CMakeFiles/__idf_driver.dir/deprecated/timer_legacy.c.obj\x1b[0m\n'}
[8.835000] (Ros2_esp32) StdoutLine: {'line': b'[  6%] \x1b[32mBuilding C object esp-idf/driver/CMakeFiles/__idf_driver.dir/deprecated/i2s_legacy.c.obj\x1b[0m\n'}
[8.835075] (Ros2_esp32) StdoutLine: {'line': b'[  6%] \x1b[32mBuilding C object esp-idf/driver/CMakeFiles/__idf_driver.dir/deprecated/pcnt_legacy.c.obj\x1b[0m\n'}
[8.835142] (Ros2_esp32) StdoutLine: {'line': b'[  6%] \x1b[32mBuilding C object esp-idf/driver/CMakeFiles/__idf_driver.dir/i2c/i2c.c.obj\x1b[0m\n'}
[8.835212] (Ros2_esp32) StdoutLine: {'line': b'[  6%] \x1b[32mBuilding C object esp-idf/driver/CMakeFiles/__idf_driver.dir/deprecated/mcpwm_legacy.c.obj\x1b[0m\n'}
[8.836459] (Ros2_esp32) StdoutLine: {'line': b'[  6%] \x1b[32mBuilding C object esp-idf/driver/CMakeFiles/__idf_driver.dir/deprecated/rmt_legacy.c.obj\x1b[0m\n'}
[8.838034] (Ros2_esp32) StdoutLine: {'line': b'[  6%] \x1b[32mBuilding C object esp-idf/driver/CMakeFiles/__idf_driver.dir/deprecated/rtc_temperature_legacy.c.obj\x1b[0m\n'}
[8.840888] (Ros2_esp32) StdoutLine: {'line': b'[  7%] \x1b[32mBuilding C object esp-idf/driver/CMakeFiles/__idf_driver.dir/deprecated/sigma_delta_legacy.c.obj\x1b[0m\n'}
[8.843533] (Ros2_esp32) StdoutLine: {'line': b'[  7%] \x1b[32mBuilding C object esp-idf/driver/CMakeFiles/__idf_driver.dir/touch_sensor/touch_sensor_common.c.obj\x1b[0m\n'}
[8.921750] (-) TimerEvent: {}
[9.022754] (-) TimerEvent: {}
[9.051347] (Ros2_esp32) StdoutLine: {'line': b'[  7%] \x1b[32mBuilding C object esp-idf/driver/CMakeFiles/__idf_driver.dir/touch_sensor/esp32s3/touch_sensor.c.obj\x1b[0m\n'}
[9.108128] (Ros2_esp32) StdoutLine: {'line': b'[  7%] \x1b[32mBuilding C object esp-idf/driver/CMakeFiles/__idf_driver.dir/twai/twai.c.obj\x1b[0m\n'}
[9.124172] (-) TimerEvent: {}
[9.225954] (-) TimerEvent: {}
[9.327608] (-) TimerEvent: {}
[9.428066] (-) TimerEvent: {}
[9.528510] (-) TimerEvent: {}
[9.628898] (-) TimerEvent: {}
[9.669310] (Ros2_esp32) StdoutLine: {'line': b'-- Project sdkconfig file /home/diego/Ros2_esp32/sdkconfig\n'}
[9.691896] (Ros2_esp32) StdoutLine: {'line': b'[  7%] \x1b[32m\x1b[1mLinking C static library libdriver.a\x1b[0m\n'}
[9.728994] (-) TimerEvent: {}
[9.757331] (Ros2_esp32) StdoutLine: {'line': b'[  7%] Built target __idf_driver\n'}
[9.778337] (Ros2_esp32) StdoutLine: {'line': b'[  8%] \x1b[32mBuilding C object esp-idf/esp_driver_twai/CMakeFiles/__idf_esp_driver_twai.dir/esp_twai.c.obj\x1b[0m\n'}
[9.778575] (Ros2_esp32) StdoutLine: {'line': b'[  8%] \x1b[32mBuilding C object esp-idf/esp_driver_twai/CMakeFiles/__idf_esp_driver_twai.dir/esp_twai_onchip.c.obj\x1b[0m\n'}
[9.829115] (-) TimerEvent: {}
[9.835147] (Ros2_esp32) StdoutLine: {'line': b'-- Compiler supported targets: xtensa-esp-elf\n'}
[9.837308] (Ros2_esp32) StdoutLine: {'line': b'-- Detecting C compiler ABI info\n'}
[9.905050] (Ros2_esp32) StdoutLine: {'line': b'-- Detecting C compiler ABI info - done\n'}
[9.913271] (Ros2_esp32) StdoutLine: {'line': b'-- Detecting CXX compiler ABI info\n'}
[9.929240] (-) TimerEvent: {}
[9.979784] (Ros2_esp32) StdoutLine: {'line': b'-- Detecting CXX compiler ABI info - done\n'}
[10.019307] (Ros2_esp32) StdoutLine: {'line': b'[  8%] \x1b[32m\x1b[1mLinking C static library libesp_driver_twai.a\x1b[0m\n'}
[10.029348] (-) TimerEvent: {}
[10.057896] (Ros2_esp32) StdoutLine: {'line': b'[  8%] Built target __idf_esp_driver_twai\n'}
[10.078440] (Ros2_esp32) StdoutLine: {'line': b'[  8%] \x1b[32mBuilding C object esp-idf/esp_driver_ledc/CMakeFiles/__idf_esp_driver_ledc.dir/src/ledc.c.obj\x1b[0m\n'}
[10.098370] (Ros2_esp32) StdoutLine: {'line': b'-- Detecting C compiler ABI info\n'}
[10.129468] (-) TimerEvent: {}
[10.163257] (Ros2_esp32) StdoutLine: {'line': b'-- Detecting C compiler ABI info - done\n'}
[10.170705] (Ros2_esp32) StdoutLine: {'line': b'-- Detecting CXX compiler ABI info\n'}
[10.229595] (-) TimerEvent: {}
[10.238280] (Ros2_esp32) StdoutLine: {'line': b'-- Detecting CXX compiler ABI info - done\n'}
[10.254226] (Ros2_esp32) StdoutLine: {'line': b'-- Adding linker script /home/diego/.espressif/v5.5/esp-idf/components/soc/esp32s3/ld/esp32s3.peripherals.ld\n'}
[10.264414] (Ros2_esp32) StdoutLine: {'line': b'-- Bootloader project name: "bootloader" version: 1\n'}
[10.286988] (Ros2_esp32) StdoutLine: {'line': b'-- Adding linker script /home/diego/.espressif/v5.5/esp-idf/components/esp_rom/esp32s3/ld/esp32s3.rom.ld\n'}
[10.287176] (Ros2_esp32) StdoutLine: {'line': b'-- Adding linker script /home/diego/.espressif/v5.5/esp-idf/components/esp_rom/esp32s3/ld/esp32s3.rom.api.ld\n'}
[10.287265] (Ros2_esp32) StdoutLine: {'line': b'-- Adding linker script /home/diego/.espressif/v5.5/esp-idf/components/esp_rom/esp32s3/ld/esp32s3.rom.bt_funcs.ld\n'}
[10.287330] (Ros2_esp32) StdoutLine: {'line': b'-- Adding linker script /home/diego/.espressif/v5.5/esp-idf/components/esp_rom/esp32s3/ld/esp32s3.rom.libgcc.ld\n'}
[10.287417] (Ros2_esp32) StdoutLine: {'line': b'-- Adding linker script /home/diego/.espressif/v5.5/esp-idf/components/esp_rom/esp32s3/ld/esp32s3.rom.wdt.ld\n'}
[10.287484] (Ros2_esp32) StdoutLine: {'line': b'-- Adding linker script /home/diego/.espressif/v5.5/esp-idf/components/esp_rom/esp32s3/ld/esp32s3.rom.version.ld\n'}
[10.287581] (Ros2_esp32) StdoutLine: {'line': b'-- Adding linker script /home/diego/.espressif/v5.5/esp-idf/components/esp_rom/esp32s3/ld/esp32s3.rom.libc.ld\n'}
[10.287670] (Ros2_esp32) StdoutLine: {'line': b'-- Adding linker script /home/diego/.espressif/v5.5/esp-idf/components/esp_rom/esp32s3/ld/esp32s3.rom.newlib.ld\n'}
[10.300169] (Ros2_esp32) StdoutLine: {'line': b'-- Adding linker script /home/diego/.espressif/v5.5/esp-idf/components/bootloader/subproject/main/ld/esp32s3/bootloader.rom.ld\n'}
[10.329690] (-) TimerEvent: {}
[10.366005] (Ros2_esp32) StdoutLine: {'line': b'-- Components: bootloader bootloader_support efuse esp_app_format esp_bootloader_format esp_common esp_hw_support esp_rom esp_security esp_system esptool_py freertos hal log main micro-ecc newlib partition_table soc spi_flash xtensa\n'}
[10.366178] (Ros2_esp32) StdoutLine: {'line': b'-- Component paths: /home/diego/.espressif/v5.5/esp-idf/components/bootloader /home/diego/.espressif/v5.5/esp-idf/components/bootloader_support /home/diego/.espressif/v5.5/esp-idf/components/efuse /home/diego/.espressif/v5.5/esp-idf/components/esp_app_format /home/diego/.espressif/v5.5/esp-idf/components/esp_bootloader_format /home/diego/.espressif/v5.5/esp-idf/components/esp_common /home/diego/.espressif/v5.5/esp-idf/components/esp_hw_support /home/diego/.espressif/v5.5/esp-idf/components/esp_rom /home/diego/.espressif/v5.5/esp-idf/components/esp_security /home/diego/.espressif/v5.5/esp-idf/components/esp_system /home/diego/.espressif/v5.5/esp-idf/components/esptool_py /home/diego/.espressif/v5.5/esp-idf/components/freertos /home/diego/.espressif/v5.5/esp-idf/components/hal /home/diego/.espressif/v5.5/esp-idf/components/log /home/diego/.espressif/v5.5/esp-idf/components/bootloader/subproject/main /home/diego/.espressif/v5.5/esp-idf/components/bootloader/subproject/components/micro-ecc /home/diego/.espressif/v5.5/esp-idf/components/newlib /home/diego/.espressif/v5.5/esp-idf/components/partition_table /home/diego/.espressif/v5.5/esp-idf/components/soc /home/diego/.espressif/v5.5/esp-idf/components/spi_flash /home/diego/.espressif/v5.5/esp-idf/components/xtensa\n'}
[10.366260] (Ros2_esp32) StdoutLine: {'line': b'-- Adding linker script /home/diego/.espressif/v5.5/esp-idf/components/bootloader/subproject/main/ld/esp32s3/bootloader.ld\n'}
[10.367134] (Ros2_esp32) StdoutLine: {'line': b'-- Configuring done\n'}
[10.429819] (-) TimerEvent: {}
[10.441703] (Ros2_esp32) StdoutLine: {'line': b'-- Generating done\n'}
[10.448029] (Ros2_esp32) StdoutLine: {'line': b'-- Build files have been written to: /home/diego/Ros2_esp32/build/Ros2_esp32/bootloader\n'}
[10.487598] (Ros2_esp32) StdoutLine: {'line': b"[  8%] \x1b[34m\x1b[1mPerforming build step for 'bootloader'\x1b[0m\n"}
[10.511075] (Ros2_esp32) StdoutLine: {'line': b'[  8%] \x1b[32m\x1b[1mLinking C static library libesp_driver_ledc.a\x1b[0m\n'}
[10.530008] (-) TimerEvent: {}
[10.531884] (Ros2_esp32) StdoutLine: {'line': b'[  1%] \x1b[32mBuilding C object esp-idf/log/CMakeFiles/__idf_log.dir/src/noos/log_timestamp.c.obj\x1b[0m\n'}
[10.532604] (Ros2_esp32) StdoutLine: {'line': b'[  2%] \x1b[34m\x1b[1mGenerating project_elf_src_esp32s3.c\x1b[0m\n'}
[10.534141] (Ros2_esp32) StdoutLine: {'line': b'[  3%] \x1b[32mBuilding C object esp-idf/log/CMakeFiles/__idf_log.dir/src/noos/log_lock.c.obj\x1b[0m\n'}
[10.534407] (Ros2_esp32) StdoutLine: {'line': b'[  3%] \x1b[32mBuilding C object esp-idf/log/CMakeFiles/__idf_log.dir/src/buffer/log_buffers.c.obj\x1b[0m\n'}
[10.534484] (Ros2_esp32) StdoutLine: {'line': b'[  7%] \x1b[32mBuilding C object esp-idf/log/CMakeFiles/__idf_log.dir/src/util.c.obj\x1b[0m\n'}
[10.534576] (Ros2_esp32) StdoutLine: {'line': b'[  7%] \x1b[32mBuilding C object esp-idf/log/CMakeFiles/__idf_log.dir/src/log_format_text.c.obj\x1b[0m\n'}
[10.534654] (Ros2_esp32) StdoutLine: {'line': b'[  7%] \x1b[32mBuilding C object esp-idf/log/CMakeFiles/__idf_log.dir/src/noos/util.c.obj\x1b[0m\n'}
[10.534837] (Ros2_esp32) StdoutLine: {'line': b'[  7%] \x1b[32mBuilding C object esp-idf/log/CMakeFiles/__idf_log.dir/src/log_print.c.obj\x1b[0m\n'}
[10.534951] (Ros2_esp32) StdoutLine: {'line': b'[  7%] \x1b[32mBuilding C object esp-idf/log/CMakeFiles/__idf_log.dir/src/log_timestamp_common.c.obj\x1b[0m\n'}
[10.536512] (Ros2_esp32) StdoutLine: {'line': b'[  8%] \x1b[32mBuilding C object esp-idf/log/CMakeFiles/__idf_log.dir/src/log.c.obj\x1b[0m\n'}
[10.561229] (Ros2_esp32) StdoutLine: {'line': b'[  8%] Built target _project_elf_src\n'}
[10.565348] (Ros2_esp32) StdoutLine: {'line': b'[  8%] Built target __idf_esp_driver_ledc\n'}
[10.593862] (Ros2_esp32) StdoutLine: {'line': b'[  8%] \x1b[32mBuilding C object esp-idf/esp_driver_i2c/CMakeFiles/__idf_esp_driver_i2c.dir/i2c_master.c.obj\x1b[0m\n'}
[10.594126] (Ros2_esp32) StdoutLine: {'line': b'[  8%] \x1b[32mBuilding C object esp-idf/esp_driver_i2c/CMakeFiles/__idf_esp_driver_i2c.dir/i2c_common.c.obj\x1b[0m\n'}
[10.594222] (Ros2_esp32) StdoutLine: {'line': b'[  8%] \x1b[32mBuilding C object esp-idf/esp_driver_i2c/CMakeFiles/__idf_esp_driver_i2c.dir/i2c_slave.c.obj\x1b[0m\n'}
[10.628827] (Ros2_esp32) StdoutLine: {'line': b'[  9%] \x1b[32m\x1b[1mLinking C static library liblog.a\x1b[0m\n'}
[10.630099] (-) TimerEvent: {}
[10.676093] (Ros2_esp32) StdoutLine: {'line': b'[  9%] Built target __idf_log\n'}
[10.687744] (Ros2_esp32) StdoutLine: {'line': b'\x1b[35m\x1b[1mScanning dependencies of target __idf_esp_rom\x1b[0m\n'}
[10.709606] (Ros2_esp32) StdoutLine: {'line': b'[ 10%] \x1b[32mBuilding C object esp-idf/esp_rom/CMakeFiles/__idf_esp_rom.dir/patches/esp_rom_sys.c.obj\x1b[0m\n'}
[10.710369] (Ros2_esp32) StdoutLine: {'line': b'[ 10%] \x1b[32mBuilding C object esp-idf/esp_rom/CMakeFiles/__idf_esp_rom.dir/patches/esp_rom_crc.c.obj\x1b[0m\n'}
[10.711092] (Ros2_esp32) StdoutLine: {'line': b'[ 11%] \x1b[32mBuilding C object esp-idf/esp_rom/CMakeFiles/__idf_esp_rom.dir/patches/esp_rom_print.c.obj\x1b[0m\n'}
[10.711740] (Ros2_esp32) StdoutLine: {'line': b'[ 12%] \x1b[32mBuilding C object esp-idf/esp_rom/CMakeFiles/__idf_esp_rom.dir/patches/esp_rom_uart.c.obj\x1b[0m\n'}
[10.713175] (Ros2_esp32) StdoutLine: {'line': b'[ 12%] \x1b[32mBuilding C object esp-idf/esp_rom/CMakeFiles/__idf_esp_rom.dir/patches/esp_rom_efuse.c.obj\x1b[0m\n'}
[10.713803] (Ros2_esp32) StdoutLine: {'line': b'[ 13%] \x1b[32mBuilding C object esp-idf/esp_rom/CMakeFiles/__idf_esp_rom.dir/patches/esp_rom_spiflash.c.obj\x1b[0m\n'}
[10.713973] (Ros2_esp32) StdoutLine: {'line': b'[ 14%] \x1b[32mBuilding C object esp-idf/esp_rom/CMakeFiles/__idf_esp_rom.dir/patches/esp_rom_gpio.c.obj\x1b[0m\n'}
[10.728359] (Ros2_esp32) StdoutLine: {'line': b'[ 15%] \x1b[32mBuilding C object esp-idf/esp_rom/CMakeFiles/__idf_esp_rom.dir/patches/esp_rom_systimer.c.obj\x1b[0m\n'}
[10.730767] (-) TimerEvent: {}
[10.733637] (Ros2_esp32) StdoutLine: {'line': b'[ 16%] \x1b[32mBuilding ASM object esp-idf/esp_rom/CMakeFiles/__idf_esp_rom.dir/patches/esp_rom_longjmp.S.obj\x1b[0m\n'}
[10.763631] (Ros2_esp32) StdoutLine: {'line': b'[ 17%] \x1b[32mBuilding C object esp-idf/esp_rom/CMakeFiles/__idf_esp_rom.dir/patches/esp_rom_wdt.c.obj\x1b[0m\n'}
[10.786746] (Ros2_esp32) StdoutLine: {'line': b'[ 18%] \x1b[32mBuilding ASM object esp-idf/esp_rom/CMakeFiles/__idf_esp_rom.dir/patches/esp_rom_cache_writeback_esp32s3.S.obj\x1b[0m\n'}
[10.787697] (Ros2_esp32) StdoutLine: {'line': b'[ 18%] \x1b[32mBuilding C object esp-idf/esp_rom/CMakeFiles/__idf_esp_rom.dir/patches/esp_rom_cache_esp32s2_esp32s3.c.obj\x1b[0m\n'}
[10.830876] (-) TimerEvent: {}
[10.880125] (Ros2_esp32) StdoutLine: {'line': b'[ 19%] \x1b[32m\x1b[1mLinking C static library libesp_rom.a\x1b[0m\n'}
[10.921271] (Ros2_esp32) StdoutLine: {'line': b'[ 19%] Built target __idf_esp_rom\n'}
[10.930983] (-) TimerEvent: {}
[10.941567] (Ros2_esp32) StdoutLine: {'line': b'[ 20%] \x1b[32mBuilding C object esp-idf/esp_common/CMakeFiles/__idf_esp_common.dir/src/esp_err_to_name.c.obj\x1b[0m\n'}
[10.998941] (Ros2_esp32) StdoutLine: {'line': b'[ 21%] \x1b[32m\x1b[1mLinking C static library libesp_common.a\x1b[0m\n'}
[11.031102] (-) TimerEvent: {}
[11.034579] (Ros2_esp32) StdoutLine: {'line': b'[  8%] \x1b[32m\x1b[1mLinking C static library libesp_driver_i2c.a\x1b[0m\n'}
[11.034771] (Ros2_esp32) StdoutLine: {'line': b'[ 21%] Built target __idf_esp_common\n'}
[11.059789] (Ros2_esp32) StdoutLine: {'line': b'[ 25%] \x1b[32mBuilding C object esp-idf/esp_hw_support/CMakeFiles/__idf_esp_hw_support.dir/port/esp32s3/rtc_clk_init.c.obj\x1b[0m\n'}
[11.060043] (Ros2_esp32) StdoutLine: {'line': b'[ 25%] \x1b[32mBuilding C object esp-idf/esp_hw_support/CMakeFiles/__idf_esp_hw_support.dir/port/esp32s3/rtc_clk.c.obj\x1b[0m\n'}
[11.060124] (Ros2_esp32) StdoutLine: {'line': b'[ 25%] \x1b[32mBuilding C object esp-idf/esp_hw_support/CMakeFiles/__idf_esp_hw_support.dir/esp_memory_utils.c.obj\x1b[0m\n'}
[11.060196] (Ros2_esp32) StdoutLine: {'line': b'[ 25%] \x1b[32mBuilding C object esp-idf/esp_hw_support/CMakeFiles/__idf_esp_hw_support.dir/port/esp32s3/cpu_region_protect.c.obj\x1b[0m\n'}
[11.060266] (Ros2_esp32) StdoutLine: {'line': b'[ 26%] \x1b[32mBuilding C object esp-idf/esp_hw_support/CMakeFiles/__idf_esp_hw_support.dir/cpu.c.obj\x1b[0m\n'}
[11.060355] (Ros2_esp32) StdoutLine: {'line': b'[ 27%] \x1b[32mBuilding C object esp-idf/esp_hw_support/CMakeFiles/__idf_esp_hw_support.dir/port/esp32s3/rtc_init.c.obj\x1b[0m\n'}
[11.060425] (Ros2_esp32) StdoutLine: {'line': b'[ 27%] \x1b[32mBuilding C object esp-idf/esp_hw_support/CMakeFiles/__idf_esp_hw_support.dir/port/esp32s3/esp_cpu_intr.c.obj\x1b[0m\n'}
[11.060497] (Ros2_esp32) StdoutLine: {'line': b'[ 27%] \x1b[32mBuilding C object esp-idf/esp_hw_support/CMakeFiles/__idf_esp_hw_support.dir/port/esp32s3/rtc_sleep.c.obj\x1b[0m\n'}
[11.061596] (Ros2_esp32) StdoutLine: {'line': b'[ 28%] \x1b[32mBuilding C object esp-idf/esp_hw_support/CMakeFiles/__idf_esp_hw_support.dir/port/esp32s3/rtc_time.c.obj\x1b[0m\n'}
[11.062145] (Ros2_esp32) StdoutLine: {'line': b'[ 29%] \x1b[32mBuilding C object esp-idf/esp_hw_support/CMakeFiles/__idf_esp_hw_support.dir/port/esp32s3/chip_info.c.obj\x1b[0m\n'}
[11.093716] (Ros2_esp32) StdoutLine: {'line': b'[  8%] Built target __idf_esp_driver_i2c\n'}
[11.123549] (Ros2_esp32) StdoutLine: {'line': b'[  8%] \x1b[32mBuilding C object esp-idf/esp_driver_sdm/CMakeFiles/__idf_esp_driver_sdm.dir/src/sdm.c.obj\x1b[0m\n'}
[11.131260] (-) TimerEvent: {}
[11.231669] (-) TimerEvent: {}
[11.272704] (Ros2_esp32) StdoutLine: {'line': b'[  8%] \x1b[32m\x1b[1mLinking C static library libesp_driver_sdm.a\x1b[0m\n'}
[11.287826] (Ros2_esp32) StdoutLine: {'line': b'[ 30%] \x1b[32m\x1b[1mLinking C static library libesp_hw_support.a\x1b[0m\n'}
[11.308970] (Ros2_esp32) StdoutLine: {'line': b'[  8%] Built target __idf_esp_driver_sdm\n'}
[11.328896] (Ros2_esp32) StdoutLine: {'line': b'[  8%] \x1b[32mBuilding C object esp-idf/esp_driver_tsens/CMakeFiles/__idf_esp_driver_tsens.dir/src/temperature_sensor.c.obj\x1b[0m\n'}
[11.331418] (Ros2_esp32) StdoutLine: {'line': b'[ 30%] Built target __idf_esp_hw_support\n'}
[11.331733] (-) TimerEvent: {}
[11.351256] (Ros2_esp32) StdoutLine: {'line': b'[ 31%] \x1b[32mBuilding C object esp-idf/esp_system/CMakeFiles/__idf_esp_system.dir/esp_err.c.obj\x1b[0m\n'}
[11.417194] (Ros2_esp32) StdoutLine: {'line': b'[ 32%] \x1b[32m\x1b[1mLinking C static library libesp_system.a\x1b[0m\n'}
[11.431886] (-) TimerEvent: {}
[11.458126] (Ros2_esp32) StdoutLine: {'line': b'[ 32%] Built target __idf_esp_system\n'}
[11.464672] (Ros2_esp32) StdoutLine: {'line': b'[  8%] \x1b[32m\x1b[1mLinking C static library libesp_driver_tsens.a\x1b[0m\n'}
[11.483985] (Ros2_esp32) StdoutLine: {'line': b'[ 34%] \x1b[32mBuilding C object esp-idf/efuse/CMakeFiles/__idf_efuse.dir/esp32s3/esp_efuse_table.c.obj\x1b[0m\n'}
[11.484916] (Ros2_esp32) StdoutLine: {'line': b'[ 34%] \x1b[32mBuilding C object esp-idf/efuse/CMakeFiles/__idf_efuse.dir/esp32s3/esp_efuse_fields.c.obj\x1b[0m\n'}
[11.485134] (Ros2_esp32) StdoutLine: {'line': b'[ 35%] \x1b[32mBuilding C object esp-idf/efuse/CMakeFiles/__idf_efuse.dir/esp32s3/esp_efuse_utility.c.obj\x1b[0m\n'}
[11.485218] (Ros2_esp32) StdoutLine: {'line': b'[ 36%] \x1b[32mBuilding C object esp-idf/efuse/CMakeFiles/__idf_efuse.dir/esp32s3/esp_efuse_rtc_calib.c.obj\x1b[0m\n'}
[11.485294] (Ros2_esp32) StdoutLine: {'line': b'[ 37%] \x1b[32mBuilding C object esp-idf/efuse/CMakeFiles/__idf_efuse.dir/src/esp_efuse_api.c.obj\x1b[0m\n'}
[11.485472] (Ros2_esp32) StdoutLine: {'line': b'[ 39%] \x1b[32mBuilding C object esp-idf/efuse/CMakeFiles/__idf_efuse.dir/src/esp_efuse_fields.c.obj\x1b[0m\n'}
[11.485580] (Ros2_esp32) StdoutLine: {'line': b'[ 39%] \x1b[32mBuilding C object esp-idf/efuse/CMakeFiles/__idf_efuse.dir/src/esp_efuse_utility.c.obj\x1b[0m\n'}
[11.485655] (Ros2_esp32) StdoutLine: {'line': b'[ 39%] \x1b[32mBuilding C object esp-idf/efuse/CMakeFiles/__idf_efuse.dir/src/efuse_controller/keys/with_key_purposes/esp_efuse_api_key.c.obj\x1b[0m\n'}
[11.525587] (Ros2_esp32) StdoutLine: {'line': b'[  8%] Built target __idf_esp_driver_tsens\n'}
[11.532038] (-) TimerEvent: {}
[11.565718] (Ros2_esp32) StdoutLine: {'line': b'[  8%] \x1b[32mBuilding C object esp-idf/esp_driver_rmt/CMakeFiles/__idf_esp_driver_rmt.dir/src/rmt_common.c.obj\x1b[0m\n'}
[11.572047] (Ros2_esp32) StdoutLine: {'line': b'[  8%] \x1b[32mBuilding C object esp-idf/esp_driver_rmt/CMakeFiles/__idf_esp_driver_rmt.dir/src/rmt_encoder_copy.c.obj\x1b[0m\n'}
[11.573878] (Ros2_esp32) StdoutLine: {'line': b'[  8%] \x1b[32mBuilding C object esp-idf/esp_driver_rmt/CMakeFiles/__idf_esp_driver_rmt.dir/src/rmt_encoder.c.obj\x1b[0m\n'}
[11.575397] (Ros2_esp32) StdoutLine: {'line': b'[  8%] \x1b[32mBuilding C object esp-idf/esp_driver_rmt/CMakeFiles/__idf_esp_driver_rmt.dir/src/rmt_encoder_bytes.c.obj\x1b[0m\n'}
[11.592769] (Ros2_esp32) StdoutLine: {'line': b'[  8%] \x1b[32mBuilding C object esp-idf/esp_driver_rmt/CMakeFiles/__idf_esp_driver_rmt.dir/src/rmt_encoder_simple.c.obj\x1b[0m\n'}
[11.604974] (Ros2_esp32) StdoutLine: {'line': b'[  8%] \x1b[32mBuilding C object esp-idf/esp_driver_rmt/CMakeFiles/__idf_esp_driver_rmt.dir/src/rmt_rx.c.obj\x1b[0m\n'}
[11.615429] (Ros2_esp32) StdoutLine: {'line': b'[  9%] \x1b[32mBuilding C object esp-idf/esp_driver_rmt/CMakeFiles/__idf_esp_driver_rmt.dir/src/rmt_tx.c.obj\x1b[0m\n'}
[11.633346] (-) TimerEvent: {}
[11.733818] (-) TimerEvent: {}
[11.769283] (Ros2_esp32) StdoutLine: {'line': b'[ 40%] \x1b[32m\x1b[1mLinking C static library libefuse.a\x1b[0m\n'}
[11.828303] (Ros2_esp32) StdoutLine: {'line': b'[ 40%] Built target __idf_efuse\n'}
[11.833940] (-) TimerEvent: {}
[11.854972] (Ros2_esp32) StdoutLine: {'line': b'[ 41%] \x1b[32mBuilding C object esp-idf/bootloader_support/CMakeFiles/__idf_bootloader_support.dir/src/bootloader_common.c.obj\x1b[0m\n'}
[11.858242] (Ros2_esp32) StdoutLine: {'line': b'[ 41%] \x1b[32mBuilding C object esp-idf/bootloader_support/CMakeFiles/__idf_bootloader_support.dir/src/bootloader_common_loader.c.obj\x1b[0m\n'}
[11.858601] (Ros2_esp32) StdoutLine: {'line': b'[ 42%] \x1b[32mBuilding C object esp-idf/bootloader_support/CMakeFiles/__idf_bootloader_support.dir/src/bootloader_mem.c.obj\x1b[0m\n'}
[11.858767] (Ros2_esp32) StdoutLine: {'line': b'[ 43%] \x1b[32mBuilding C object esp-idf/bootloader_support/CMakeFiles/__idf_bootloader_support.dir/src/bootloader_efuse.c.obj\x1b[0m\n'}
[11.860747] (Ros2_esp32) StdoutLine: {'line': b'[ 44%] \x1b[32mBuilding C object esp-idf/bootloader_support/CMakeFiles/__idf_bootloader_support.dir/src/bootloader_random.c.obj\x1b[0m\n'}
[11.861817] (Ros2_esp32) StdoutLine: {'line': b'[ 45%] \x1b[32mBuilding C object esp-idf/bootloader_support/CMakeFiles/__idf_bootloader_support.dir/src/flash_encrypt.c.obj\x1b[0m\n'}
[11.862316] (Ros2_esp32) StdoutLine: {'line': b'[ 46%] \x1b[32mBuilding C object esp-idf/bootloader_support/CMakeFiles/__idf_bootloader_support.dir/src/bootloader_clock_init.c.obj\x1b[0m\n'}
[11.864266] (Ros2_esp32) StdoutLine: {'line': b'[ 46%] \x1b[32mBuilding C object esp-idf/bootloader_support/CMakeFiles/__idf_bootloader_support.dir/src/secure_boot.c.obj\x1b[0m\n'}
[11.869300] (Ros2_esp32) StdoutLine: {'line': b'[ 47%] \x1b[32mBuilding C object esp-idf/bootloader_support/CMakeFiles/__idf_bootloader_support.dir/src/bootloader_random_esp32s3.c.obj\x1b[0m\n'}
[11.873951] (Ros2_esp32) StdoutLine: {'line': b'[ 47%] \x1b[32mBuilding C object esp-idf/bootloader_support/CMakeFiles/__idf_bootloader_support.dir/bootloader_flash/src/bootloader_flash.c.obj\x1b[0m\n'}
[11.934638] (-) TimerEvent: {}
[11.951692] (Ros2_esp32) StdoutLine: {'line': b'[ 48%] \x1b[32mBuilding C object esp-idf/bootloader_support/CMakeFiles/__idf_bootloader_support.dir/bootloader_flash/src/bootloader_flash_config_esp32s3.c.obj\x1b[0m\n'}
[11.959328] (Ros2_esp32) StdoutLine: {'line': b'[ 49%] \x1b[32mBuilding C object esp-idf/bootloader_support/CMakeFiles/__idf_bootloader_support.dir/bootloader_flash/src/flash_qio_mode.c.obj\x1b[0m\n'}
[11.980753] (Ros2_esp32) StdoutLine: {'line': b'[ 50%] \x1b[32mBuilding C object esp-idf/bootloader_support/CMakeFiles/__idf_bootloader_support.dir/src/bootloader_utility.c.obj\x1b[0m\n'}
[11.988954] (Ros2_esp32) StdoutLine: {'line': b'[ 51%] \x1b[32mBuilding C object esp-idf/bootloader_support/CMakeFiles/__idf_bootloader_support.dir/src/flash_partitions.c.obj\x1b[0m\n'}
[12.002031] (Ros2_esp32) StdoutLine: {'line': b'[ 51%] \x1b[32mBuilding C object esp-idf/bootloader_support/CMakeFiles/__idf_bootloader_support.dir/src/esp_image_format.c.obj\x1b[0m\n'}
[12.020694] (Ros2_esp32) StdoutLine: {'line': b'[ 52%] \x1b[32mBuilding C object esp-idf/bootloader_support/CMakeFiles/__idf_bootloader_support.dir/src/bootloader_sha.c.obj\x1b[0m\n'}
[12.034787] (-) TimerEvent: {}
[12.039959] (Ros2_esp32) StdoutLine: {'line': b'[ 53%] \x1b[32mBuilding C object esp-idf/bootloader_support/CMakeFiles/__idf_bootloader_support.dir/src/bootloader_init.c.obj\x1b[0m\n'}
[12.055181] (Ros2_esp32) StdoutLine: {'line': b'[ 54%] \x1b[32mBuilding C object esp-idf/bootloader_support/CMakeFiles/__idf_bootloader_support.dir/src/bootloader_clock_loader.c.obj\x1b[0m\n'}
[12.075852] (Ros2_esp32) StdoutLine: {'line': b'[ 55%] \x1b[32mBuilding C object esp-idf/bootloader_support/CMakeFiles/__idf_bootloader_support.dir/src/bootloader_console.c.obj\x1b[0m\n'}
[12.095121] (Ros2_esp32) StdoutLine: {'line': b'[ 55%] \x1b[32mBuilding C object esp-idf/bootloader_support/CMakeFiles/__idf_bootloader_support.dir/src/bootloader_console_loader.c.obj\x1b[0m\n'}
[12.108702] (Ros2_esp32) StdoutLine: {'line': b'[ 56%] \x1b[32mBuilding C object esp-idf/bootloader_support/CMakeFiles/__idf_bootloader_support.dir/src/esp32s3/bootloader_soc.c.obj\x1b[0m\n'}
[12.125492] (Ros2_esp32) StdoutLine: {'line': b'[ 57%] \x1b[32mBuilding C object esp-idf/bootloader_support/CMakeFiles/__idf_bootloader_support.dir/src/esp32s3/bootloader_esp32s3.c.obj\x1b[0m\n'}
[12.134941] (-) TimerEvent: {}
[12.137048] (Ros2_esp32) StdoutLine: {'line': b'[ 58%] \x1b[32mBuilding C object esp-idf/bootloader_support/CMakeFiles/__idf_bootloader_support.dir/src/bootloader_panic.c.obj\x1b[0m\n'}
[12.182576] (Ros2_esp32) StdoutLine: {'line': b'[  9%] \x1b[32m\x1b[1mLinking C static library libesp_driver_rmt.a\x1b[0m\n'}
[12.235077] (-) TimerEvent: {}
[12.236552] (Ros2_esp32) StdoutLine: {'line': b'[  9%] Built target __idf_esp_driver_rmt\n'}
[12.264401] (Ros2_esp32) StdoutLine: {'line': b'[  9%] \x1b[32mBuilding C object esp-idf/esp_driver_sdspi/CMakeFiles/__idf_esp_driver_sdspi.dir/src/sdspi_host.c.obj\x1b[0m\n'}
[12.264696] (Ros2_esp32) StdoutLine: {'line': b'[  9%] \x1b[32mBuilding C object esp-idf/esp_driver_sdspi/CMakeFiles/__idf_esp_driver_sdspi.dir/src/sdspi_crc.c.obj\x1b[0m\n'}
[12.264852] (Ros2_esp32) StdoutLine: {'line': b'[  9%] \x1b[32mBuilding C object esp-idf/esp_driver_sdspi/CMakeFiles/__idf_esp_driver_sdspi.dir/src/sdspi_transaction.c.obj\x1b[0m\n'}
[12.335193] (-) TimerEvent: {}
[12.370127] (Ros2_esp32) StdoutLine: {'line': b'[ 59%] \x1b[32m\x1b[1mLinking C static library libbootloader_support.a\x1b[0m\n'}
[12.424393] (Ros2_esp32) StdoutLine: {'line': b'[ 59%] Built target __idf_bootloader_support\n'}
[12.435305] (-) TimerEvent: {}
[12.445113] (Ros2_esp32) StdoutLine: {'line': b'[ 59%] \x1b[32mBuilding C object esp-idf/esp_bootloader_format/CMakeFiles/__idf_esp_bootloader_format.dir/esp_bootloader_desc.c.obj\x1b[0m\n'}
[12.458100] (Ros2_esp32) StdoutLine: {'line': b'[  9%] \x1b[32m\x1b[1mLinking C static library libesp_driver_sdspi.a\x1b[0m\n'}
[12.483915] (Ros2_esp32) StdoutLine: {'line': b'[ 60%] \x1b[32m\x1b[1mLinking C static library libesp_bootloader_format.a\x1b[0m\n'}
[12.497996] (Ros2_esp32) StdoutLine: {'line': b'[  9%] Built target __idf_esp_driver_sdspi\n'}
[12.519752] (Ros2_esp32) StdoutLine: {'line': b'[  9%] \x1b[32mBuilding C object esp-idf/esp_driver_sdmmc/CMakeFiles/__idf_esp_driver_sdmmc.dir/src/sdmmc_transaction.c.obj\x1b[0m\n'}
[12.519958] (Ros2_esp32) StdoutLine: {'line': b'[  9%] \x1b[32mBuilding C object esp-idf/esp_driver_sdmmc/CMakeFiles/__idf_esp_driver_sdmmc.dir/src/sdmmc_host.c.obj\x1b[0m\n'}
[12.520786] (Ros2_esp32) StdoutLine: {'line': b'[ 60%] Built target __idf_esp_bootloader_format\n'}
[12.535423] (-) TimerEvent: {}
[12.542391] (Ros2_esp32) StdoutLine: {'line': b'[ 61%] \x1b[32mBuilding C object esp-idf/spi_flash/CMakeFiles/__idf_spi_flash.dir/spi_flash_wrap.c.obj\x1b[0m\n'}
[12.627050] (Ros2_esp32) StdoutLine: {'line': b'[ 62%] \x1b[32m\x1b[1mLinking C static library libspi_flash.a\x1b[0m\n'}
[12.635562] (-) TimerEvent: {}
[12.664691] (Ros2_esp32) StdoutLine: {'line': b'[ 62%] Built target __idf_spi_flash\n'}
[12.686715] (Ros2_esp32) StdoutLine: {'line': b'[ 63%] \x1b[32mBuilding C object esp-idf/hal/CMakeFiles/__idf_hal.dir/mmu_hal.c.obj\x1b[0m\n'}
[12.686954] (Ros2_esp32) StdoutLine: {'line': b'[ 63%] \x1b[32mBuilding C object esp-idf/hal/CMakeFiles/__idf_hal.dir/hal_utils.c.obj\x1b[0m\n'}
[12.687035] (Ros2_esp32) StdoutLine: {'line': b'[ 63%] \x1b[32mBuilding C object esp-idf/hal/CMakeFiles/__idf_hal.dir/efuse_hal.c.obj\x1b[0m\n'}
[12.688119] (Ros2_esp32) StdoutLine: {'line': b'[ 64%] \x1b[32mBuilding C object esp-idf/hal/CMakeFiles/__idf_hal.dir/esp32s3/efuse_hal.c.obj\x1b[0m\n'}
[12.688382] (Ros2_esp32) StdoutLine: {'line': b'[ 65%] \x1b[32mBuilding C object esp-idf/hal/CMakeFiles/__idf_hal.dir/mpu_hal.c.obj\x1b[0m\n'}
[12.688870] (Ros2_esp32) StdoutLine: {'line': b'[ 67%] \x1b[32mBuilding C object esp-idf/hal/CMakeFiles/__idf_hal.dir/cache_hal.c.obj\x1b[0m\n'}
[12.735695] (-) TimerEvent: {}
[12.820587] (Ros2_esp32) StdoutLine: {'line': b'[ 68%] \x1b[32m\x1b[1mLinking C static library libhal.a\x1b[0m\n'}
[12.835801] (-) TimerEvent: {}
[12.863111] (Ros2_esp32) StdoutLine: {'line': b'[ 68%] Built target __idf_hal\n'}
[12.884413] (Ros2_esp32) StdoutLine: {'line': b'[  9%] \x1b[32m\x1b[1mLinking C static library libesp_driver_sdmmc.a\x1b[0m\n'}
[12.884694] (Ros2_esp32) StdoutLine: {'line': b'[ 68%] \x1b[32mBuilding C object esp-idf/micro-ecc/CMakeFiles/__idf_micro-ecc.dir/uECC_verify_antifault.c.obj\x1b[0m\n'}
[12.923906] (Ros2_esp32) StdoutLine: {'line': b'[  9%] Built target __idf_esp_driver_sdmmc\n'}
[12.935932] (-) TimerEvent: {}
[12.948267] (Ros2_esp32) StdoutLine: {'line': b'[  9%] \x1b[32mBuilding C object esp-idf/sdmmc/CMakeFiles/__idf_sdmmc.dir/sdmmc_cmd.c.obj\x1b[0m\n'}
[12.948591] (Ros2_esp32) StdoutLine: {'line': b'[  9%] \x1b[32mBuilding C object esp-idf/sdmmc/CMakeFiles/__idf_sdmmc.dir/sdmmc_common.c.obj\x1b[0m\n'}
[12.949440] (Ros2_esp32) StdoutLine: {'line': b'[  9%] \x1b[32mBuilding C object esp-idf/sdmmc/CMakeFiles/__idf_sdmmc.dir/sdmmc_mmc.c.obj\x1b[0m\n'}
[12.949958] (Ros2_esp32) StdoutLine: {'line': b'[  9%] \x1b[32mBuilding C object esp-idf/sdmmc/CMakeFiles/__idf_sdmmc.dir/sd_pwr_ctrl/sd_pwr_ctrl.c.obj\x1b[0m\n'}
[12.950129] (Ros2_esp32) StdoutLine: {'line': b'[  9%] \x1b[32mBuilding C object esp-idf/sdmmc/CMakeFiles/__idf_sdmmc.dir/sdmmc_init.c.obj\x1b[0m\n'}
[12.950494] (Ros2_esp32) StdoutLine: {'line': b'[  9%] \x1b[32mBuilding C object esp-idf/sdmmc/CMakeFiles/__idf_sdmmc.dir/sdmmc_io.c.obj\x1b[0m\n'}
[12.953571] (Ros2_esp32) StdoutLine: {'line': b'[  9%] \x1b[32mBuilding C object esp-idf/sdmmc/CMakeFiles/__idf_sdmmc.dir/sdmmc_sd.c.obj\x1b[0m\n'}
[13.037609] (-) TimerEvent: {}
[13.138019] (-) TimerEvent: {}
[13.211902] (Ros2_esp32) StdoutLine: {'line': b'[ 10%] \x1b[32m\x1b[1mLinking C static library libsdmmc.a\x1b[0m\n'}
[13.238135] (-) TimerEvent: {}
[13.257510] (Ros2_esp32) StdoutLine: {'line': b'[ 10%] Built target __idf_sdmmc\n'}
[13.280635] (Ros2_esp32) StdoutLine: {'line': b'[ 10%] \x1b[32mBuilding C object esp-idf/esp_driver_i2s/CMakeFiles/__idf_esp_driver_i2s.dir/i2s_std.c.obj\x1b[0m\n'}
[13.280930] (Ros2_esp32) StdoutLine: {'line': b'[ 10%] \x1b[32mBuilding C object esp-idf/esp_driver_i2s/CMakeFiles/__idf_esp_driver_i2s.dir/i2s_common.c.obj\x1b[0m\n'}
[13.281113] (Ros2_esp32) StdoutLine: {'line': b'[ 11%] \x1b[32mBuilding C object esp-idf/esp_driver_i2s/CMakeFiles/__idf_esp_driver_i2s.dir/i2s_tdm.c.obj\x1b[0m\n'}
[13.281459] (Ros2_esp32) StdoutLine: {'line': b'[ 11%] \x1b[32mBuilding C object esp-idf/esp_driver_i2s/CMakeFiles/__idf_esp_driver_i2s.dir/i2s_pdm.c.obj\x1b[0m\n'}
[13.283342] (Ros2_esp32) StdoutLine: {'line': b'[ 11%] \x1b[32mBuilding C object esp-idf/esp_driver_i2s/CMakeFiles/__idf_esp_driver_i2s.dir/i2s_platform.c.obj\x1b[0m\n'}
[13.338265] (-) TimerEvent: {}
[13.438686] (-) TimerEvent: {}
[13.466579] (Ros2_esp32) StdoutLine: {'line': b'[ 69%] \x1b[32m\x1b[1mLinking C static library libmicro-ecc.a\x1b[0m\n'}
[13.504847] (Ros2_esp32) StdoutLine: {'line': b'[ 69%] Built target __idf_micro-ecc\n'}
[13.531416] (Ros2_esp32) StdoutLine: {'line': b'[ 72%] \x1b[32mBuilding C object esp-idf/soc/CMakeFiles/__idf_soc.dir/dport_access_common.c.obj\x1b[0m\n'}
[13.531723] (Ros2_esp32) StdoutLine: {'line': b'[ 72%] \x1b[32mBuilding C object esp-idf/soc/CMakeFiles/__idf_soc.dir/esp32s3/gpio_periph.c.obj\x1b[0m\n'}
[13.531802] (Ros2_esp32) StdoutLine: {'line': b'[ 72%] \x1b[32mBuilding C object esp-idf/soc/CMakeFiles/__idf_soc.dir/esp32s3/uart_periph.c.obj\x1b[0m\n'}
[13.532032] (Ros2_esp32) StdoutLine: {'line': b'[ 72%] \x1b[32mBuilding C object esp-idf/soc/CMakeFiles/__idf_soc.dir/esp32s3/interrupts.c.obj\x1b[0m\n'}
[13.534169] (Ros2_esp32) StdoutLine: {'line': b'[ 75%] \x1b[32mBuilding C object esp-idf/soc/CMakeFiles/__idf_soc.dir/esp32s3/spi_periph.c.obj\x1b[0m\n'}
[13.534448] (Ros2_esp32) StdoutLine: {'line': b'[ 75%] \x1b[32mBuilding C object esp-idf/soc/CMakeFiles/__idf_soc.dir/esp32s3/dedic_gpio_periph.c.obj\x1b[0m\n'}
[13.534580] (Ros2_esp32) StdoutLine: {'line': b'[ 75%] \x1b[32mBuilding C object esp-idf/soc/CMakeFiles/__idf_soc.dir/esp32s3/adc_periph.c.obj\x1b[0m\n'}
[13.534685] (Ros2_esp32) StdoutLine: {'line': b'[ 75%] \x1b[32mBuilding C object esp-idf/soc/CMakeFiles/__idf_soc.dir/lldesc.c.obj\x1b[0m\n'}
[13.535276] (Ros2_esp32) StdoutLine: {'line': b'[ 77%] \x1b[32mBuilding C object esp-idf/soc/CMakeFiles/__idf_soc.dir/esp32s3/gdma_periph.c.obj\x1b[0m\n'}
[13.535390] (Ros2_esp32) StdoutLine: {'line': b'[ 77%] \x1b[32mBuilding C object esp-idf/soc/CMakeFiles/__idf_soc.dir/esp32s3/ledc_periph.c.obj\x1b[0m\n'}
[13.539018] (-) TimerEvent: {}
[13.540356] (Ros2_esp32) StdoutLine: {'line': b'[ 78%] \x1b[32mBuilding C object esp-idf/soc/CMakeFiles/__idf_soc.dir/esp32s3/pcnt_periph.c.obj\x1b[0m\n'}
[13.583707] (Ros2_esp32) StdoutLine: {'line': b'[ 79%] \x1b[32mBuilding C object esp-idf/soc/CMakeFiles/__idf_soc.dir/esp32s3/rmt_periph.c.obj\x1b[0m\n'}
[13.584068] (Ros2_esp32) StdoutLine: {'line': b'[ 79%] \x1b[32mBuilding C object esp-idf/soc/CMakeFiles/__idf_soc.dir/esp32s3/sdm_periph.c.obj\x1b[0m\n'}
[13.586102] (Ros2_esp32) StdoutLine: {'line': b'[ 80%] \x1b[32mBuilding C object esp-idf/soc/CMakeFiles/__idf_soc.dir/esp32s3/i2s_periph.c.obj\x1b[0m\n'}
[13.589905] (Ros2_esp32) StdoutLine: {'line': b'[ 81%] \x1b[32mBuilding C object esp-idf/soc/CMakeFiles/__idf_soc.dir/esp32s3/i2c_periph.c.obj\x1b[0m\n'}
[13.590188] (Ros2_esp32) StdoutLine: {'line': b'[ 82%] \x1b[32mBuilding C object esp-idf/soc/CMakeFiles/__idf_soc.dir/esp32s3/temperature_sensor_periph.c.obj\x1b[0m\n'}
[13.590270] (Ros2_esp32) StdoutLine: {'line': b'[ 83%] \x1b[32mBuilding C object esp-idf/soc/CMakeFiles/__idf_soc.dir/esp32s3/timer_periph.c.obj\x1b[0m\n'}
[13.596297] (Ros2_esp32) StdoutLine: {'line': b'[ 84%] \x1b[32mBuilding C object esp-idf/soc/CMakeFiles/__idf_soc.dir/esp32s3/lcd_periph.c.obj\x1b[0m\n'}
[13.596603] (Ros2_esp32) StdoutLine: {'line': b'[ 84%] \x1b[32mBuilding C object esp-idf/soc/CMakeFiles/__idf_soc.dir/esp32s3/mcpwm_periph.c.obj\x1b[0m\n'}
[13.599253] (Ros2_esp32) StdoutLine: {'line': b'[ 86%] \x1b[32mBuilding C object esp-idf/soc/CMakeFiles/__idf_soc.dir/esp32s3/sdmmc_periph.c.obj\x1b[0m\n'}
[13.599538] (Ros2_esp32) StdoutLine: {'line': b'[ 86%] \x1b[32mBuilding C object esp-idf/soc/CMakeFiles/__idf_soc.dir/esp32s3/mpi_periph.c.obj\x1b[0m\n'}
[13.602349] (Ros2_esp32) StdoutLine: {'line': b'[ 87%] \x1b[32mBuilding C object esp-idf/soc/CMakeFiles/__idf_soc.dir/esp32s3/touch_sensor_periph.c.obj\x1b[0m\n'}
[13.630006] (Ros2_esp32) StdoutLine: {'line': b'[ 87%] \x1b[32mBuilding C object esp-idf/soc/CMakeFiles/__idf_soc.dir/esp32s3/twai_periph.c.obj\x1b[0m\n'}
[13.639371] (Ros2_esp32) StdoutLine: {'line': b'[ 89%] \x1b[32mBuilding C object esp-idf/soc/CMakeFiles/__idf_soc.dir/esp32s3/wdt_periph.c.obj\x1b[0m\n'}
[13.639674] (-) TimerEvent: {}
[13.639789] (Ros2_esp32) StdoutLine: {'line': b'[ 89%] \x1b[32mBuilding C object esp-idf/soc/CMakeFiles/__idf_soc.dir/esp32s3/usb_dwc_periph.c.obj\x1b[0m\n'}
[13.643038] (Ros2_esp32) StdoutLine: {'line': b'[ 91%] \x1b[32mBuilding C object esp-idf/soc/CMakeFiles/__idf_soc.dir/esp32s3/rtc_io_periph.c.obj\x1b[0m\n'}
[13.643334] (Ros2_esp32) StdoutLine: {'line': b'[ 91%] \x1b[32mBuilding C object esp-idf/soc/CMakeFiles/__idf_soc.dir/esp32s3/cam_periph.c.obj\x1b[0m\n'}
[13.644286] (Ros2_esp32) StdoutLine: {'line': b'[ 91%] \x1b[32mBuilding C object esp-idf/soc/CMakeFiles/__idf_soc.dir/esp32s3/power_supply_periph.c.obj\x1b[0m\n'}
[13.667552] (Ros2_esp32) StdoutLine: {'line': b'[ 11%] \x1b[32m\x1b[1mLinking C static library libesp_driver_i2s.a\x1b[0m\n'}
[13.686683] (Ros2_esp32) StdoutLine: {'line': b'[ 92%] \x1b[32m\x1b[1mLinking C static library libsoc.a\x1b[0m\n'}
[13.710625] (Ros2_esp32) StdoutLine: {'line': b'[ 11%] Built target __idf_esp_driver_i2s\n'}
[13.732433] (Ros2_esp32) StdoutLine: {'line': b'[ 11%] \x1b[32mBuilding C object esp-idf/esp_driver_mcpwm/CMakeFiles/__idf_esp_driver_mcpwm.dir/src/mcpwm_cmpr.c.obj\x1b[0m\n'}
[13.732770] (Ros2_esp32) StdoutLine: {'line': b'[ 11%] \x1b[32mBuilding C object esp-idf/esp_driver_mcpwm/CMakeFiles/__idf_esp_driver_mcpwm.dir/src/mcpwm_fault.c.obj\x1b[0m\n'}
[13.732854] (Ros2_esp32) StdoutLine: {'line': b'[ 11%] \x1b[32mBuilding C object esp-idf/esp_driver_mcpwm/CMakeFiles/__idf_esp_driver_mcpwm.dir/src/mcpwm_cap.c.obj\x1b[0m\n'}
[13.733375] (Ros2_esp32) StdoutLine: {'line': b'[ 11%] \x1b[32mBuilding C object esp-idf/esp_driver_mcpwm/CMakeFiles/__idf_esp_driver_mcpwm.dir/src/mcpwm_gen.c.obj\x1b[0m\n'}
[13.733702] (Ros2_esp32) StdoutLine: {'line': b'[ 11%] \x1b[32mBuilding C object esp-idf/esp_driver_mcpwm/CMakeFiles/__idf_esp_driver_mcpwm.dir/src/mcpwm_com.c.obj\x1b[0m\n'}
[13.733801] (Ros2_esp32) StdoutLine: {'line': b'[ 12%] \x1b[32mBuilding C object esp-idf/esp_driver_mcpwm/CMakeFiles/__idf_esp_driver_mcpwm.dir/src/mcpwm_sync.c.obj\x1b[0m\n'}
[13.733884] (Ros2_esp32) StdoutLine: {'line': b'[ 12%] \x1b[32mBuilding C object esp-idf/esp_driver_mcpwm/CMakeFiles/__idf_esp_driver_mcpwm.dir/src/mcpwm_oper.c.obj\x1b[0m\n'}
[13.735884] (Ros2_esp32) StdoutLine: {'line': b'[ 12%] \x1b[32mBuilding C object esp-idf/esp_driver_mcpwm/CMakeFiles/__idf_esp_driver_mcpwm.dir/src/mcpwm_timer.c.obj\x1b[0m\n'}
[13.739843] (-) TimerEvent: {}
[13.747676] (Ros2_esp32) StdoutLine: {'line': b'[ 92%] Built target __idf_soc\n'}
[13.773692] (Ros2_esp32) StdoutLine: {'line': b'[ 93%] \x1b[32mBuilding C object esp-idf/xtensa/CMakeFiles/__idf_xtensa.dir/eri.c.obj\x1b[0m\n'}
[13.774403] (Ros2_esp32) StdoutLine: {'line': b'[ 93%] \x1b[32mBuilding C object esp-idf/xtensa/CMakeFiles/__idf_xtensa.dir/xt_trax.c.obj\x1b[0m\n'}
[13.831411] (Ros2_esp32) StdoutLine: {'line': b'[ 94%] \x1b[32m\x1b[1mLinking C static library libxtensa.a\x1b[0m\n'}
[13.840053] (-) TimerEvent: {}
[13.882128] (Ros2_esp32) StdoutLine: {'line': b'[ 94%] Built target __idf_xtensa\n'}
[13.912697] (Ros2_esp32) StdoutLine: {'line': b'[ 95%] \x1b[32mBuilding C object esp-idf/main/CMakeFiles/__idf_main.dir/bootloader_start.c.obj\x1b[0m\n'}
[13.940176] (-) TimerEvent: {}
[13.971031] (Ros2_esp32) StdoutLine: {'line': b'[ 96%] \x1b[32m\x1b[1mLinking C static library libmain.a\x1b[0m\n'}
[14.008828] (Ros2_esp32) StdoutLine: {'line': b'[ 96%] Built target __idf_main\n'}
[14.029063] (Ros2_esp32) StdoutLine: {'line': b'[ 97%] \x1b[32mBuilding C object CMakeFiles/bootloader.elf.dir/project_elf_src_esp32s3.c.obj\x1b[0m\n'}
[14.035443] (Ros2_esp32) StdoutLine: {'line': b'[ 12%] \x1b[32m\x1b[1mLinking C static library libesp_driver_mcpwm.a\x1b[0m\n'}
[14.040288] (-) TimerEvent: {}
[14.050417] (Ros2_esp32) StdoutLine: {'line': b'[ 97%] \x1b[32m\x1b[1mLinking C executable bootloader.elf\x1b[0m\n'}
[14.081398] (Ros2_esp32) StdoutLine: {'line': b'[ 12%] Built target __idf_esp_driver_mcpwm\n'}
[14.101302] (Ros2_esp32) StdoutLine: {'line': b'[ 12%] \x1b[32mBuilding C object esp-idf/esp_driver_pcnt/CMakeFiles/__idf_esp_driver_pcnt.dir/src/pulse_cnt.c.obj\x1b[0m\n'}
[14.132398] (Ros2_esp32) StdoutLine: {'line': b'[ 98%] Built target bootloader.elf\n'}
[14.140430] (-) TimerEvent: {}
[14.152554] (Ros2_esp32) StdoutLine: {'line': b'[100%] \x1b[34m\x1b[1mGenerating binary image from built executable\x1b[0m\n'}
[14.230597] (Ros2_esp32) StdoutLine: {'line': b'esptool.py v4.12.dev3\n'}
[14.230894] (Ros2_esp32) StdoutLine: {'line': b'Creating esp32s3 image...\n'}
[14.231033] (Ros2_esp32) StdoutLine: {'line': b'Merged 2 ELF sections\n'}
[14.231943] (Ros2_esp32) StdoutLine: {'line': b'Successfully created esp32s3 image.\n'}
[14.240564] (-) TimerEvent: {}
[14.253174] (Ros2_esp32) StdoutLine: {'line': b'Generated /home/diego/Ros2_esp32/build/Ros2_esp32/bootloader/bootloader.bin\n'}
[14.271862] (Ros2_esp32) StdoutLine: {'line': b'[100%] Built target gen_project_binary\n'}
[14.311214] (Ros2_esp32) StdoutLine: {'line': b'Bootloader binary size 0x5160 bytes. 0x2ea0 bytes (36%) free.\n'}
[14.323996] (Ros2_esp32) StdoutLine: {'line': b'[100%] Built target bootloader_check_size\n'}
[14.340683] (-) TimerEvent: {}
[14.345162] (Ros2_esp32) StdoutLine: {'line': b'[100%] Built target app\n'}
[14.362313] (Ros2_esp32) StdoutLine: {'line': b'[ 12%] \x1b[32m\x1b[1mLinking C static library libesp_driver_pcnt.a\x1b[0m\n'}
[14.365713] (Ros2_esp32) StdoutLine: {'line': b"[ 12%] \x1b[34m\x1b[1mNo install step for 'bootloader'\x1b[0m\n"}
[14.392654] (Ros2_esp32) StdoutLine: {'line': b"[ 12%] \x1b[34m\x1b[1mCompleted 'bootloader'\x1b[0m\n"}
[14.399028] (Ros2_esp32) StdoutLine: {'line': b'[ 12%] Built target __idf_esp_driver_pcnt\n'}
[14.408981] (Ros2_esp32) StdoutLine: {'line': b'\x1b[35m\x1b[1mScanning dependencies of target __idf_esp_gdbstub\x1b[0m\n'}
[14.426099] (Ros2_esp32) StdoutLine: {'line': b'[ 12%] \x1b[32mBuilding C object esp-idf/esp_gdbstub/CMakeFiles/__idf_esp_gdbstub.dir/src/gdbstub_transport.c.obj\x1b[0m\n'}
[14.426371] (Ros2_esp32) StdoutLine: {'line': b'[ 12%] Built target bootloader\n'}
[14.426449] (Ros2_esp32) StdoutLine: {'line': b'[ 12%] \x1b[32mBuilding C object esp-idf/esp_gdbstub/CMakeFiles/__idf_esp_gdbstub.dir/src/port/xtensa/gdbstub_xtensa.c.obj\x1b[0m\n'}
[14.426536] (Ros2_esp32) StdoutLine: {'line': b'[ 12%] \x1b[32mBuilding ASM object esp-idf/esp_gdbstub/CMakeFiles/__idf_esp_gdbstub.dir/src/port/xtensa/xt_debugexception.S.obj\x1b[0m\n'}
[14.426617] (Ros2_esp32) StdoutLine: {'line': b'[ 12%] \x1b[32mBuilding ASM object esp-idf/esp_gdbstub/CMakeFiles/__idf_esp_gdbstub.dir/src/port/xtensa/gdbstub-entry.S.obj\x1b[0m\n'}
[14.426689] (Ros2_esp32) StdoutLine: {'line': b'[ 12%] \x1b[32mBuilding C object esp-idf/esp_gdbstub/CMakeFiles/__idf_esp_gdbstub.dir/src/gdbstub.c.obj\x1b[0m\n'}
[14.426777] (Ros2_esp32) StdoutLine: {'line': b'[ 13%] \x1b[32mBuilding C object esp-idf/esp_gdbstub/CMakeFiles/__idf_esp_gdbstub.dir/src/packet.c.obj\x1b[0m\n'}
[14.440816] (-) TimerEvent: {}
[14.541198] (-) TimerEvent: {}
[14.588777] (Ros2_esp32) StdoutLine: {'line': b'[ 13%] \x1b[32m\x1b[1mLinking C static library libesp_gdbstub.a\x1b[0m\n'}
[14.627414] (Ros2_esp32) StdoutLine: {'line': b'[ 13%] Built target __idf_esp_gdbstub\n'}
[14.641327] (-) TimerEvent: {}
[14.647641] (Ros2_esp32) StdoutLine: {'line': b'[ 14%] \x1b[32mBuilding C object esp-idf/esp_driver_spi/CMakeFiles/__idf_esp_driver_spi.dir/src/gpspi/spi_master.c.obj\x1b[0m\n'}
[14.647830] (Ros2_esp32) StdoutLine: {'line': b'[ 14%] \x1b[32mBuilding C object esp-idf/esp_driver_spi/CMakeFiles/__idf_esp_driver_spi.dir/src/gpspi/spi_slave.c.obj\x1b[0m\n'}
[14.647895] (Ros2_esp32) StdoutLine: {'line': b'[ 14%] \x1b[32mBuilding C object esp-idf/esp_driver_spi/CMakeFiles/__idf_esp_driver_spi.dir/src/gpspi/spi_slave_hd.c.obj\x1b[0m\n'}
[14.647974] (Ros2_esp32) StdoutLine: {'line': b'[ 14%] \x1b[32mBuilding C object esp-idf/esp_driver_spi/CMakeFiles/__idf_esp_driver_spi.dir/src/gpspi/spi_common.c.obj\x1b[0m\n'}
[14.741460] (-) TimerEvent: {}
[14.841870] (-) TimerEvent: {}
[14.942191] (-) TimerEvent: {}
[14.994315] (Ros2_esp32) StdoutLine: {'line': b'[ 14%] \x1b[32m\x1b[1mLinking C static library libesp_driver_spi.a\x1b[0m\n'}
[15.034446] (Ros2_esp32) StdoutLine: {'line': b'[ 14%] Built target __idf_esp_driver_spi\n'}
[15.042290] (-) TimerEvent: {}
[15.057491] (Ros2_esp32) StdoutLine: {'line': b'[ 14%] \x1b[32mBuilding C object esp-idf/esp_wifi/CMakeFiles/__idf_esp_wifi.dir/src/mesh_event.c.obj\x1b[0m\n'}
[15.060128] (Ros2_esp32) StdoutLine: {'line': b'[ 14%] \x1b[32mBuilding C object esp-idf/esp_wifi/CMakeFiles/__idf_esp_wifi.dir/src/wifi_default.c.obj\x1b[0m\n'}
[15.060339] (Ros2_esp32) StdoutLine: {'line': b'[ 14%] \x1b[32mBuilding C object esp-idf/esp_wifi/CMakeFiles/__idf_esp_wifi.dir/src/wifi_init.c.obj\x1b[0m\n'}
[15.060416] (Ros2_esp32) StdoutLine: {'line': b'[ 14%] \x1b[32mBuilding C object esp-idf/esp_wifi/CMakeFiles/__idf_esp_wifi.dir/src/lib_printf.c.obj\x1b[0m\n'}
[15.060493] (Ros2_esp32) StdoutLine: {'line': b'[ 14%] \x1b[32mBuilding C object esp-idf/esp_wifi/CMakeFiles/__idf_esp_wifi.dir/src/smartconfig.c.obj\x1b[0m\n'}
[15.060774] (Ros2_esp32) StdoutLine: {'line': b'[ 14%] \x1b[32mBuilding C object esp-idf/esp_wifi/CMakeFiles/__idf_esp_wifi.dir/src/wifi_netif.c.obj\x1b[0m\n'}
[15.060853] (Ros2_esp32) StdoutLine: {'line': b'[ 14%] \x1b[32mBuilding C object esp-idf/esp_wifi/CMakeFiles/__idf_esp_wifi.dir/src/wifi_default_ap.c.obj\x1b[0m\n'}
[15.060937] (Ros2_esp32) StdoutLine: {'line': b'[ 15%] \x1b[32mBuilding C object esp-idf/esp_wifi/CMakeFiles/__idf_esp_wifi.dir/src/smartconfig_ack.c.obj\x1b[0m\n'}
[15.061007] (Ros2_esp32) StdoutLine: {'line': b'[ 15%] \x1b[32mBuilding C object esp-idf/esp_wifi/CMakeFiles/__idf_esp_wifi.dir/esp32s3/esp_adapter.c.obj\x1b[0m\n'}
[15.061074] (Ros2_esp32) StdoutLine: {'line': b'[ 15%] \x1b[32mBuilding C object esp-idf/esp_wifi/CMakeFiles/__idf_esp_wifi.dir/regulatory/esp_wifi_regulatory.c.obj\x1b[0m\n'}
[15.142437] (-) TimerEvent: {}
[15.240289] (Ros2_esp32) StdoutLine: {'line': b'[ 15%] \x1b[32m\x1b[1mLinking C static library libesp_wifi.a\x1b[0m\n'}
[15.242537] (-) TimerEvent: {}
[15.282450] (Ros2_esp32) StdoutLine: {'line': b'[ 15%] Built target __idf_esp_wifi\n'}
[15.302666] (Ros2_esp32) StdoutLine: {'line': b'[ 15%] \x1b[32mBuilding C object esp-idf/esp_coex/CMakeFiles/__idf_esp_coex.dir/src/coexist_debug.c.obj\x1b[0m\n'}
[15.302892] (Ros2_esp32) StdoutLine: {'line': b'[ 15%] \x1b[32mBuilding C object esp-idf/esp_coex/CMakeFiles/__idf_esp_coex.dir/esp32s3/esp_coex_adapter.c.obj\x1b[0m\n'}
[15.302977] (Ros2_esp32) StdoutLine: {'line': b'[ 15%] \x1b[32mBuilding C object esp-idf/esp_coex/CMakeFiles/__idf_esp_coex.dir/src/coexist_debug_diagram.c.obj\x1b[0m\n'}
[15.342605] (-) TimerEvent: {}
[15.405867] (Ros2_esp32) StdoutLine: {'line': b'[ 15%] \x1b[32m\x1b[1mLinking C static library libesp_coex.a\x1b[0m\n'}
[15.440775] (Ros2_esp32) StdoutLine: {'line': b'[ 15%] Built target __idf_esp_coex\n'}
[15.442690] (-) TimerEvent: {}
[15.468173] (Ros2_esp32) StdoutLine: {'line': b'[ 15%] \x1b[32mBuilding C object esp-idf/wpa_supplicant/CMakeFiles/__idf_wpa_supplicant.dir/port/eloop.c.obj\x1b[0m\n'}
[15.469877] (Ros2_esp32) StdoutLine: {'line': b'[ 15%] \x1b[32mBuilding C object esp-idf/wpa_supplicant/CMakeFiles/__idf_wpa_supplicant.dir/src/ap/ap_config.c.obj\x1b[0m\n'}
[15.470137] (Ros2_esp32) StdoutLine: {'line': b'[ 15%] \x1b[32mBuilding C object esp-idf/wpa_supplicant/CMakeFiles/__idf_wpa_supplicant.dir/port/os_xtensa.c.obj\x1b[0m\n'}
[15.470225] (Ros2_esp32) StdoutLine: {'line': b'[ 15%] \x1b[32mBuilding C object esp-idf/wpa_supplicant/CMakeFiles/__idf_wpa_supplicant.dir/src/ap/ieee802_1x.c.obj\x1b[0m\n'}
[15.474053] (Ros2_esp32) StdoutLine: {'line': b'[ 15%] \x1b[32mBuilding C object esp-idf/wpa_supplicant/CMakeFiles/__idf_wpa_supplicant.dir/src/ap/pmksa_cache_auth.c.obj\x1b[0m\n'}
[15.474774] (Ros2_esp32) StdoutLine: {'line': b'[ 15%] \x1b[32mBuilding C object esp-idf/wpa_supplicant/CMakeFiles/__idf_wpa_supplicant.dir/src/ap/sta_info.c.obj\x1b[0m\n'}
[15.475385] (Ros2_esp32) StdoutLine: {'line': b'[ 16%] \x1b[32mBuilding C object esp-idf/wpa_supplicant/CMakeFiles/__idf_wpa_supplicant.dir/src/ap/wpa_auth_ie.c.obj\x1b[0m\n'}
[15.475902] (Ros2_esp32) StdoutLine: {'line': b'[ 16%] \x1b[32mBuilding C object esp-idf/wpa_supplicant/CMakeFiles/__idf_wpa_supplicant.dir/src/ap/ieee802_11.c.obj\x1b[0m\n'}
[15.476074] (Ros2_esp32) StdoutLine: {'line': b'[ 16%] \x1b[32mBuilding C object esp-idf/wpa_supplicant/CMakeFiles/__idf_wpa_supplicant.dir/src/ap/wpa_auth.c.obj\x1b[0m\n'}
[15.476160] (Ros2_esp32) StdoutLine: {'line': b'[ 16%] \x1b[32mBuilding C object esp-idf/wpa_supplicant/CMakeFiles/__idf_wpa_supplicant.dir/src/ap/comeback_token.c.obj\x1b[0m\n'}
[15.476244] (Ros2_esp32) StdoutLine: {'line': b'[ 16%] \x1b[32mBuilding C object esp-idf/wpa_supplicant/CMakeFiles/__idf_wpa_supplicant.dir/src/common/sae.c.obj\x1b[0m\n'}
[15.476945] (Ros2_esp32) StdoutLine: {'line': b'[ 16%] \x1b[32mBuilding C object esp-idf/wpa_supplicant/CMakeFiles/__idf_wpa_supplicant.dir/src/common/dragonfly.c.obj\x1b[0m\n'}
[15.545627] (-) TimerEvent: {}
[15.639835] (Ros2_esp32) StdoutLine: {'line': b'[ 16%] \x1b[32mBuilding C object esp-idf/wpa_supplicant/CMakeFiles/__idf_wpa_supplicant.dir/src/common/wpa_common.c.obj\x1b[0m\n'}
[15.645774] (-) TimerEvent: {}
[15.661894] (Ros2_esp32) StdoutLine: {'line': b'[ 16%] \x1b[32mBuilding C object esp-idf/wpa_supplicant/CMakeFiles/__idf_wpa_supplicant.dir/src/utils/bitfield.c.obj\x1b[0m\n'}
[15.665631] (Ros2_esp32) StdoutLine: {'line': b'[ 16%] \x1b[32mBuilding C object esp-idf/wpa_supplicant/CMakeFiles/__idf_wpa_supplicant.dir/src/crypto/aes-siv.c.obj\x1b[0m\n'}
[15.680978] (Ros2_esp32) StdoutLine: {'line': b'[ 17%] \x1b[32mBuilding C object esp-idf/wpa_supplicant/CMakeFiles/__idf_wpa_supplicant.dir/src/crypto/sha256-kdf.c.obj\x1b[0m\n'}
[15.686063] (Ros2_esp32) StdoutLine: {'line': b'[ 17%] \x1b[32mBuilding C object esp-idf/wpa_supplicant/CMakeFiles/__idf_wpa_supplicant.dir/src/crypto/ccmp.c.obj\x1b[0m\n'}
[15.694958] (Ros2_esp32) StdoutLine: {'line': b'[ 17%] \x1b[32mBuilding C object esp-idf/wpa_supplicant/CMakeFiles/__idf_wpa_supplicant.dir/src/crypto/aes-gcm.c.obj\x1b[0m\n'}
[15.728358] (Ros2_esp32) StdoutLine: {'line': b'[ 17%] \x1b[32mBuilding C object esp-idf/wpa_supplicant/CMakeFiles/__idf_wpa_supplicant.dir/src/crypto/crypto_ops.c.obj\x1b[0m\n'}
[15.745907] (-) TimerEvent: {}
[15.764055] (Ros2_esp32) StdoutLine: {'line': b'[ 17%] \x1b[32mBuilding C object esp-idf/wpa_supplicant/CMakeFiles/__idf_wpa_supplicant.dir/src/crypto/dh_group5.c.obj\x1b[0m\n'}
[15.795244] (Ros2_esp32) StdoutLine: {'line': b'[ 17%] \x1b[32mBuilding C object esp-idf/wpa_supplicant/CMakeFiles/__idf_wpa_supplicant.dir/src/crypto/dh_groups.c.obj\x1b[0m\n'}
[15.797269] (Ros2_esp32) StdoutLine: {'line': b'[ 17%] \x1b[32mBuilding C object esp-idf/wpa_supplicant/CMakeFiles/__idf_wpa_supplicant.dir/src/crypto/ms_funcs.c.obj\x1b[0m\n'}
[15.816912] (Ros2_esp32) StdoutLine: {'line': b'[ 17%] \x1b[32mBuilding C object esp-idf/wpa_supplicant/CMakeFiles/__idf_wpa_supplicant.dir/src/crypto/sha1-tlsprf.c.obj\x1b[0m\n'}
[15.828766] (Ros2_esp32) StdoutLine: {'line': b'[ 17%] \x1b[32mBuilding C object esp-idf/wpa_supplicant/CMakeFiles/__idf_wpa_supplicant.dir/src/crypto/sha256-tlsprf.c.obj\x1b[0m\n'}
[15.846037] (-) TimerEvent: {}
[15.850333] (Ros2_esp32) StdoutLine: {'line': b'[ 17%] \x1b[32mBuilding C object esp-idf/wpa_supplicant/CMakeFiles/__idf_wpa_supplicant.dir/src/crypto/sha384-tlsprf.c.obj\x1b[0m\n'}
[15.888353] (Ros2_esp32) StdoutLine: {'line': b'[ 17%] \x1b[32mBuilding C object esp-idf/wpa_supplicant/CMakeFiles/__idf_wpa_supplicant.dir/src/crypto/sha256-prf.c.obj\x1b[0m\n'}
[15.904820] (Ros2_esp32) StdoutLine: {'line': b'[ 18%] \x1b[32mBuilding C object esp-idf/wpa_supplicant/CMakeFiles/__idf_wpa_supplicant.dir/src/crypto/sha1-prf.c.obj\x1b[0m\n'}
[15.936814] (Ros2_esp32) StdoutLine: {'line': b'[ 18%] \x1b[32mBuilding C object esp-idf/wpa_supplicant/CMakeFiles/__idf_wpa_supplicant.dir/src/crypto/sha384-prf.c.obj\x1b[0m\n'}
[15.937151] (Ros2_esp32) StdoutLine: {'line': b'[ 18%] \x1b[32mBuilding C object esp-idf/wpa_supplicant/CMakeFiles/__idf_wpa_supplicant.dir/src/crypto/md4-internal.c.obj\x1b[0m\n'}
[15.946269] (-) TimerEvent: {}
[15.964933] (Ros2_esp32) StdoutLine: {'line': b'[ 18%] \x1b[32mBuilding C object esp-idf/wpa_supplicant/CMakeFiles/__idf_wpa_supplicant.dir/src/crypto/sha1-tprf.c.obj\x1b[0m\n'}
[15.976964] (Ros2_esp32) StdoutLine: {'line': b'[ 18%] \x1b[32mBuilding C object esp-idf/wpa_supplicant/CMakeFiles/__idf_wpa_supplicant.dir/src/eap_common/eap_wsc_common.c.obj\x1b[0m\n'}
[15.989640] (Ros2_esp32) StdoutLine: {'line': b'[ 18%] \x1b[32mBuilding C object esp-idf/wpa_supplicant/CMakeFiles/__idf_wpa_supplicant.dir/src/common/ieee802_11_common.c.obj\x1b[0m\n'}
[15.997387] (Ros2_esp32) StdoutLine: {'line': b'[ 18%] \x1b[32mBuilding C object esp-idf/wpa_supplicant/CMakeFiles/__idf_wpa_supplicant.dir/src/eap_peer/chap.c.obj\x1b[0m\n'}
[15.997871] (Ros2_esp32) StdoutLine: {'line': b'[ 18%] \x1b[32mBuilding C object esp-idf/wpa_supplicant/CMakeFiles/__idf_wpa_supplicant.dir/src/eap_peer/eap.c.obj\x1b[0m\n'}
[16.025357] (Ros2_esp32) StdoutLine: {'line': b'[ 18%] \x1b[32mBuilding C object esp-idf/wpa_supplicant/CMakeFiles/__idf_wpa_supplicant.dir/src/eap_peer/eap_common.c.obj\x1b[0m\n'}
[16.046395] (-) TimerEvent: {}
[16.059894] (Ros2_esp32) StdoutLine: {'line': b'[ 18%] \x1b[32mBuilding C object esp-idf/wpa_supplicant/CMakeFiles/__idf_wpa_supplicant.dir/src/eap_peer/eap_mschapv2.c.obj\x1b[0m\n'}
[16.076319] (Ros2_esp32) StdoutLine: {'line': b'[ 18%] \x1b[32mBuilding C object esp-idf/wpa_supplicant/CMakeFiles/__idf_wpa_supplicant.dir/src/eap_peer/eap_peap.c.obj\x1b[0m\n'}
[16.104441] (Ros2_esp32) StdoutLine: {'line': b'[ 18%] \x1b[32mBuilding C object esp-idf/wpa_supplicant/CMakeFiles/__idf_wpa_supplicant.dir/src/eap_peer/eap_tls.c.obj\x1b[0m\n'}
[16.107627] (Ros2_esp32) StdoutLine: {'line': b'[ 19%] \x1b[32mBuilding C object esp-idf/wpa_supplicant/CMakeFiles/__idf_wpa_supplicant.dir/src/eap_peer/eap_peap_common.c.obj\x1b[0m\n'}
[16.128704] (Ros2_esp32) StdoutLine: {'line': b'[ 19%] \x1b[32mBuilding C object esp-idf/wpa_supplicant/CMakeFiles/__idf_wpa_supplicant.dir/src/eap_peer/eap_tls_common.c.obj\x1b[0m\n'}
[16.134882] (Ros2_esp32) StdoutLine: {'line': b'[ 19%] \x1b[32mBuilding C object esp-idf/wpa_supplicant/CMakeFiles/__idf_wpa_supplicant.dir/src/eap_peer/eap_ttls.c.obj\x1b[0m\n'}
[16.137829] (Ros2_esp32) StdoutLine: {'line': b'[ 19%] \x1b[32mBuilding C object esp-idf/wpa_supplicant/CMakeFiles/__idf_wpa_supplicant.dir/src/eap_peer/mschapv2.c.obj\x1b[0m\n'}
[16.142905] (Ros2_esp32) StdoutLine: {'line': b'[ 19%] \x1b[32mBuilding C object esp-idf/wpa_supplicant/CMakeFiles/__idf_wpa_supplicant.dir/src/eap_peer/eap_fast.c.obj\x1b[0m\n'}
[16.146570] (-) TimerEvent: {}
[16.173127] (Ros2_esp32) StdoutLine: {'line': b'[ 19%] \x1b[32mBuilding C object esp-idf/wpa_supplicant/CMakeFiles/__idf_wpa_supplicant.dir/src/eap_peer/eap_fast_common.c.obj\x1b[0m\n'}
[16.217497] (Ros2_esp32) StdoutLine: {'line': b'[ 19%] \x1b[32mBuilding C object esp-idf/wpa_supplicant/CMakeFiles/__idf_wpa_supplicant.dir/src/eap_peer/eap_fast_pac.c.obj\x1b[0m\n'}
[16.231166] (Ros2_esp32) StdoutLine: {'line': b'[ 19%] \x1b[32mBuilding C object esp-idf/wpa_supplicant/CMakeFiles/__idf_wpa_supplicant.dir/src/rsn_supp/pmksa_cache.c.obj\x1b[0m\n'}
[16.246713] (-) TimerEvent: {}
[16.254661] (Ros2_esp32) StdoutLine: {'line': b'[ 19%] \x1b[32mBuilding C object esp-idf/wpa_supplicant/CMakeFiles/__idf_wpa_supplicant.dir/src/rsn_supp/wpa.c.obj\x1b[0m\n'}
[16.319483] (Ros2_esp32) StdoutLine: {'line': b'[ 19%] \x1b[32mBuilding C object esp-idf/wpa_supplicant/CMakeFiles/__idf_wpa_supplicant.dir/src/rsn_supp/wpa_ie.c.obj\x1b[0m\n'}
[16.323080] (Ros2_esp32) StdoutLine: {'line': b'[ 20%] \x1b[32mBuilding C object esp-idf/wpa_supplicant/CMakeFiles/__idf_wpa_supplicant.dir/src/utils/base64.c.obj\x1b[0m\n'}
[16.326381] (Ros2_esp32) StdoutLine: {'line': b'[ 20%] \x1b[32mBuilding C object esp-idf/wpa_supplicant/CMakeFiles/__idf_wpa_supplicant.dir/src/utils/ext_password.c.obj\x1b[0m\n'}
[16.326696] (Ros2_esp32) StdoutLine: {'line': b'[ 20%] \x1b[32mBuilding C object esp-idf/wpa_supplicant/CMakeFiles/__idf_wpa_supplicant.dir/src/utils/common.c.obj\x1b[0m\n'}
[16.346831] (-) TimerEvent: {}
[16.368641] (Ros2_esp32) StdoutLine: {'line': b'[ 20%] \x1b[32mBuilding C object esp-idf/wpa_supplicant/CMakeFiles/__idf_wpa_supplicant.dir/src/utils/uuid.c.obj\x1b[0m\n'}
[16.446971] (-) TimerEvent: {}
[16.464095] (Ros2_esp32) StdoutLine: {'line': b'[ 20%] \x1b[32mBuilding C object esp-idf/wpa_supplicant/CMakeFiles/__idf_wpa_supplicant.dir/src/utils/wpabuf.c.obj\x1b[0m\n'}
[16.503991] (Ros2_esp32) StdoutLine: {'line': b'[ 20%] \x1b[32mBuilding C object esp-idf/wpa_supplicant/CMakeFiles/__idf_wpa_supplicant.dir/src/utils/wpa_debug.c.obj\x1b[0m\n'}
[16.512771] (Ros2_esp32) StdoutLine: {'line': b'[ 20%] \x1b[32mBuilding C object esp-idf/wpa_supplicant/CMakeFiles/__idf_wpa_supplicant.dir/src/utils/json.c.obj\x1b[0m\n'}
[16.519910] (Ros2_esp32) StdoutLine: {'line': b'[ 20%] \x1b[32mBuilding C object esp-idf/wpa_supplicant/CMakeFiles/__idf_wpa_supplicant.dir/src/wps/wps.c.obj\x1b[0m\n'}
[16.539731] (Ros2_esp32) StdoutLine: {'line': b'[ 20%] \x1b[32mBuilding C object esp-idf/wpa_supplicant/CMakeFiles/__idf_wpa_supplicant.dir/src/wps/wps_attr_parse.c.obj\x1b[0m\n'}
[16.547702] (-) TimerEvent: {}
[16.549866] (Ros2_esp32) StdoutLine: {'line': b'[ 20%] \x1b[32mBuilding C object esp-idf/wpa_supplicant/CMakeFiles/__idf_wpa_supplicant.dir/src/wps/wps_attr_build.c.obj\x1b[0m\n'}
[16.585473] (Ros2_esp32) StdoutLine: {'line': b'[ 21%] \x1b[32mBuilding C object esp-idf/wpa_supplicant/CMakeFiles/__idf_wpa_supplicant.dir/src/wps/wps_common.c.obj\x1b[0m\n'}
[16.586258] (Ros2_esp32) StdoutLine: {'line': b'[ 21%] \x1b[32mBuilding C object esp-idf/wpa_supplicant/CMakeFiles/__idf_wpa_supplicant.dir/src/wps/wps_attr_process.c.obj\x1b[0m\n'}
[16.597401] (Ros2_esp32) StdoutLine: {'line': b'[ 21%] \x1b[32mBuilding C object esp-idf/wpa_supplicant/CMakeFiles/__idf_wpa_supplicant.dir/src/wps/wps_dev_attr.c.obj\x1b[0m\n'}
[16.613661] (Ros2_esp32) StdoutLine: {'line': b'[ 21%] \x1b[32mBuilding C object esp-idf/wpa_supplicant/CMakeFiles/__idf_wpa_supplicant.dir/src/wps/wps_enrollee.c.obj\x1b[0m\n'}
[16.647852] (-) TimerEvent: {}
[16.671871] (Ros2_esp32) StdoutLine: {'line': b'[ 21%] \x1b[32mBuilding C object esp-idf/wpa_supplicant/CMakeFiles/__idf_wpa_supplicant.dir/src/common/sae_pk.c.obj\x1b[0m\n'}
[16.692899] (Ros2_esp32) StdoutLine: {'line': b'[ 21%] \x1b[32mBuilding C object esp-idf/wpa_supplicant/CMakeFiles/__idf_wpa_supplicant.dir/esp_supplicant/src/esp_eap_client.c.obj\x1b[0m\n'}
[16.747996] (-) TimerEvent: {}
[16.767491] (Ros2_esp32) StdoutLine: {'line': b'[ 21%] \x1b[32mBuilding C object esp-idf/wpa_supplicant/CMakeFiles/__idf_wpa_supplicant.dir/esp_supplicant/src/esp_wpa2_api_port.c.obj\x1b[0m\n'}
[16.795466] (Ros2_esp32) StdoutLine: {'line': b'[ 21%] \x1b[32mBuilding C object esp-idf/wpa_supplicant/CMakeFiles/__idf_wpa_supplicant.dir/esp_supplicant/src/esp_wpas_glue.c.obj\x1b[0m\n'}
[16.809092] (Ros2_esp32) StdoutLine: {'line': b'[ 21%] \x1b[32mBuilding C object esp-idf/wpa_supplicant/CMakeFiles/__idf_wpa_supplicant.dir/esp_supplicant/src/esp_wpa_main.c.obj\x1b[0m\n'}
[16.822904] (Ros2_esp32) StdoutLine: {'line': b'[ 21%] \x1b[32mBuilding C object esp-idf/wpa_supplicant/CMakeFiles/__idf_wpa_supplicant.dir/esp_supplicant/src/esp_wps.c.obj\x1b[0m\n'}
[16.823262] (Ros2_esp32) StdoutLine: {'line': b'[ 21%] \x1b[32mBuilding C object esp-idf/wpa_supplicant/CMakeFiles/__idf_wpa_supplicant.dir/esp_supplicant/src/esp_common.c.obj\x1b[0m\n'}
[16.848134] (-) TimerEvent: {}
[16.853052] (Ros2_esp32) StdoutLine: {'line': b'[ 21%] \x1b[32mBuilding C object esp-idf/wpa_supplicant/CMakeFiles/__idf_wpa_supplicant.dir/esp_supplicant/src/esp_wpa3.c.obj\x1b[0m\n'}
[16.891611] (Ros2_esp32) StdoutLine: {'line': b'[ 22%] \x1b[32mBuilding C object esp-idf/wpa_supplicant/CMakeFiles/__idf_wpa_supplicant.dir/esp_supplicant/src/esp_owe.c.obj\x1b[0m\n'}
[16.896427] (Ros2_esp32) StdoutLine: {'line': b'[ 22%] \x1b[32mBuilding C object esp-idf/wpa_supplicant/CMakeFiles/__idf_wpa_supplicant.dir/esp_supplicant/src/esp_hostap.c.obj\x1b[0m\n'}
[16.904751] (Ros2_esp32) StdoutLine: {'line': b'[ 22%] \x1b[32mBuilding C object esp-idf/wpa_supplicant/CMakeFiles/__idf_wpa_supplicant.dir/esp_supplicant/src/crypto/tls_mbedtls.c.obj\x1b[0m\n'}
[16.948346] (-) TimerEvent: {}
[16.978364] (Ros2_esp32) StdoutLine: {'line': b'[ 22%] \x1b[32mBuilding C object esp-idf/wpa_supplicant/CMakeFiles/__idf_wpa_supplicant.dir/esp_supplicant/src/crypto/crypto_mbedtls.c.obj\x1b[0m\n'}
[17.028036] (Ros2_esp32) StdoutLine: {'line': b'[ 22%] \x1b[32mBuilding C object esp-idf/wpa_supplicant/CMakeFiles/__idf_wpa_supplicant.dir/esp_supplicant/src/crypto/crypto_mbedtls-rsa.c.obj\x1b[0m\n'}
[17.033658] (Ros2_esp32) StdoutLine: {'line': b'[ 22%] \x1b[32mBuilding C object esp-idf/wpa_supplicant/CMakeFiles/__idf_wpa_supplicant.dir/esp_supplicant/src/crypto/crypto_mbedtls-bignum.c.obj\x1b[0m\n'}
[17.051682] (-) TimerEvent: {}
[17.057823] (Ros2_esp32) StdoutLine: {'line': b'[ 22%] \x1b[32mBuilding C object esp-idf/wpa_supplicant/CMakeFiles/__idf_wpa_supplicant.dir/esp_supplicant/src/crypto/crypto_mbedtls-ec.c.obj\x1b[0m\n'}
[17.070546] (Ros2_esp32) StdoutLine: {'line': b'[ 22%] \x1b[32mBuilding C object esp-idf/wpa_supplicant/CMakeFiles/__idf_wpa_supplicant.dir/esp_supplicant/src/crypto/fastpsk.c.obj\x1b[0m\n'}
[17.074966] (Ros2_esp32) StdoutLine: {'line': b'[ 22%] \x1b[32mBuilding C object esp-idf/wpa_supplicant/CMakeFiles/__idf_wpa_supplicant.dir/src/crypto/rc4.c.obj\x1b[0m\n'}
[17.126543] (Ros2_esp32) StdoutLine: {'line': b'[ 22%] \x1b[32mBuilding C object esp-idf/wpa_supplicant/CMakeFiles/__idf_wpa_supplicant.dir/src/crypto/des-internal.c.obj\x1b[0m\n'}
[17.152617] (-) TimerEvent: {}
[17.180603] (Ros2_esp32) StdoutLine: {'line': b'[ 23%] \x1b[32mBuilding C object esp-idf/wpa_supplicant/CMakeFiles/__idf_wpa_supplicant.dir/src/crypto/aes-wrap.c.obj\x1b[0m\n'}
[17.206447] (Ros2_esp32) StdoutLine: {'line': b'[ 23%] \x1b[32mBuilding C object esp-idf/wpa_supplicant/CMakeFiles/__idf_wpa_supplicant.dir/src/crypto/aes-unwrap.c.obj\x1b[0m\n'}
[17.237261] (Ros2_esp32) StdoutLine: {'line': b'[ 23%] \x1b[32mBuilding C object esp-idf/wpa_supplicant/CMakeFiles/__idf_wpa_supplicant.dir/src/crypto/aes-ccm.c.obj\x1b[0m\n'}
[17.253653] (-) TimerEvent: {}
[17.354192] (-) TimerEvent: {}
[17.453390] (Ros2_esp32) StdoutLine: {'line': b'[ 23%] \x1b[32m\x1b[1mLinking C static library libwpa_supplicant.a\x1b[0m\n'}
[17.454261] (-) TimerEvent: {}
[17.554483] (-) TimerEvent: {}
[17.572645] (Ros2_esp32) StdoutLine: {'line': b'[ 23%] Built target __idf_wpa_supplicant\n'}
[17.597432] (Ros2_esp32) StdoutLine: {'line': b'[ 23%] \x1b[32mBuilding C object esp-idf/esp_netif/CMakeFiles/__idf_esp_netif.dir/esp_netif_defaults.c.obj\x1b[0m\n'}
[17.598035] (Ros2_esp32) StdoutLine: {'line': b'[ 23%] \x1b[32mBuilding C object esp-idf/esp_netif/CMakeFiles/__idf_esp_netif.dir/lwip/esp_netif_lwip.c.obj\x1b[0m\n'}
[17.598771] (Ros2_esp32) StdoutLine: {'line': b'[ 23%] \x1b[32mBuilding C object esp-idf/esp_netif/CMakeFiles/__idf_esp_netif.dir/esp_netif_handlers.c.obj\x1b[0m\n'}
[17.598897] (Ros2_esp32) StdoutLine: {'line': b'[ 23%] \x1b[32mBuilding C object esp-idf/esp_netif/CMakeFiles/__idf_esp_netif.dir/esp_netif_objects.c.obj\x1b[0m\n'}
[17.598979] (Ros2_esp32) StdoutLine: {'line': b'[ 24%] \x1b[32mBuilding C object esp-idf/esp_netif/CMakeFiles/__idf_esp_netif.dir/lwip/esp_netif_lwip_defaults.c.obj\x1b[0m\n'}
[17.599056] (Ros2_esp32) StdoutLine: {'line': b'[ 24%] \x1b[32mBuilding C object esp-idf/esp_netif/CMakeFiles/__idf_esp_netif.dir/lwip/netif/ethernetif.c.obj\x1b[0m\n'}
[17.599130] (Ros2_esp32) StdoutLine: {'line': b'[ 24%] \x1b[32mBuilding C object esp-idf/esp_netif/CMakeFiles/__idf_esp_netif.dir/lwip/esp_netif_sntp.c.obj\x1b[0m\n'}
[17.599201] (Ros2_esp32) StdoutLine: {'line': b'[ 24%] \x1b[32mBuilding C object esp-idf/esp_netif/CMakeFiles/__idf_esp_netif.dir/lwip/netif/wlanif.c.obj\x1b[0m\n'}
[17.599345] (Ros2_esp32) StdoutLine: {'line': b'[ 24%] \x1b[32mBuilding C object esp-idf/esp_netif/CMakeFiles/__idf_esp_netif.dir/lwip/netif/esp_pbuf_ref.c.obj\x1b[0m\n'}
[17.655632] (-) TimerEvent: {}
[17.756060] (-) TimerEvent: {}
[17.856498] (-) TimerEvent: {}
[17.956876] (-) TimerEvent: {}
[18.050571] (Ros2_esp32) StdoutLine: {'line': b'[ 24%] \x1b[32m\x1b[1mLinking C static library libesp_netif.a\x1b[0m\n'}
[18.056991] (-) TimerEvent: {}
[18.101148] (Ros2_esp32) StdoutLine: {'line': b'[ 24%] Built target __idf_esp_netif\n'}
[18.129719] (Ros2_esp32) StdoutLine: {'line': b'[ 24%] \x1b[32mBuilding C object esp-idf/lwip/CMakeFiles/__idf_lwip.dir/lwip/src/api/api_msg.c.obj\x1b[0m\n'}
[18.130485] (Ros2_esp32) StdoutLine: {'line': b'[ 25%] \x1b[32mBuilding C object esp-idf/lwip/CMakeFiles/__idf_lwip.dir/lwip/src/api/err.c.obj\x1b[0m\n'}
[18.130622] (Ros2_esp32) StdoutLine: {'line': b'[ 25%] \x1b[32mBuilding C object esp-idf/lwip/CMakeFiles/__idf_lwip.dir/lwip/src/apps/netbiosns/netbiosns.c.obj\x1b[0m\n'}
[18.130702] (Ros2_esp32) StdoutLine: {'line': b'[ 25%] \x1b[32mBuilding C object esp-idf/lwip/CMakeFiles/__idf_lwip.dir/lwip/src/api/netifapi.c.obj\x1b[0m\n'}
[18.130777] (Ros2_esp32) StdoutLine: {'line': b'[ 25%] \x1b[32mBuilding C object esp-idf/lwip/CMakeFiles/__idf_lwip.dir/lwip/src/api/sockets.c.obj\x1b[0m\n'}
[18.131660] (Ros2_esp32) StdoutLine: {'line': b'[ 25%] \x1b[32mBuilding C object esp-idf/lwip/CMakeFiles/__idf_lwip.dir/lwip/src/api/netbuf.c.obj\x1b[0m\n'}
[18.133109] (Ros2_esp32) StdoutLine: {'line': b'[ 25%] \x1b[32mBuilding C object esp-idf/lwip/CMakeFiles/__idf_lwip.dir/apps/sntp/sntp.c.obj\x1b[0m\n'}
[18.133300] (Ros2_esp32) StdoutLine: {'line': b'[ 25%] \x1b[32mBuilding C object esp-idf/lwip/CMakeFiles/__idf_lwip.dir/lwip/src/api/tcpip.c.obj\x1b[0m\n'}
[18.133389] (Ros2_esp32) StdoutLine: {'line': b'[ 25%] \x1b[32mBuilding C object esp-idf/lwip/CMakeFiles/__idf_lwip.dir/lwip/src/api/netdb.c.obj\x1b[0m\n'}
[18.134848] (Ros2_esp32) StdoutLine: {'line': b'[ 25%] \x1b[32mBuilding C object esp-idf/lwip/CMakeFiles/__idf_lwip.dir/lwip/src/api/api_lib.c.obj\x1b[0m\n'}
[18.134987] (Ros2_esp32) StdoutLine: {'line': b'[ 25%] \x1b[32mBuilding C object esp-idf/lwip/CMakeFiles/__idf_lwip.dir/lwip/src/apps/sntp/sntp.c.obj\x1b[0m\n'}
[18.135067] (Ros2_esp32) StdoutLine: {'line': b'[ 25%] \x1b[32mBuilding C object esp-idf/lwip/CMakeFiles/__idf_lwip.dir/lwip/src/api/if_api.c.obj\x1b[0m\n'}
[18.157620] (-) TimerEvent: {}
[18.258397] (-) TimerEvent: {}
[18.286735] (Ros2_esp32) StdoutLine: {'line': b'[ 26%] \x1b[32mBuilding C object esp-idf/lwip/CMakeFiles/__idf_lwip.dir/lwip/src/core/dns.c.obj\x1b[0m\n'}
[18.288600] (Ros2_esp32) StdoutLine: {'line': b'[ 26%] \x1b[32mBuilding C object esp-idf/lwip/CMakeFiles/__idf_lwip.dir/lwip/src/core/def.c.obj\x1b[0m\n'}
[18.300941] (Ros2_esp32) StdoutLine: {'line': b'[ 26%] \x1b[32mBuilding C object esp-idf/lwip/CMakeFiles/__idf_lwip.dir/lwip/src/core/inet_chksum.c.obj\x1b[0m\n'}
[18.307936] (Ros2_esp32) StdoutLine: {'line': b'[ 26%] \x1b[32mBuilding C object esp-idf/lwip/CMakeFiles/__idf_lwip.dir/lwip/src/core/init.c.obj\x1b[0m\n'}
[18.323689] (Ros2_esp32) StdoutLine: {'line': b'[ 26%] \x1b[32mBuilding C object esp-idf/lwip/CMakeFiles/__idf_lwip.dir/lwip/src/core/ip.c.obj\x1b[0m\n'}
[18.332171] (Ros2_esp32) StdoutLine: {'line': b'[ 26%] \x1b[32mBuilding C object esp-idf/lwip/CMakeFiles/__idf_lwip.dir/lwip/src/core/mem.c.obj\x1b[0m\n'}
[18.351431] (Ros2_esp32) StdoutLine: {'line': b'[ 26%] \x1b[32mBuilding C object esp-idf/lwip/CMakeFiles/__idf_lwip.dir/lwip/src/core/memp.c.obj\x1b[0m\n'}
[18.358565] (-) TimerEvent: {}
[18.361855] (Ros2_esp32) StdoutLine: {'line': b'[ 26%] \x1b[32mBuilding C object esp-idf/lwip/CMakeFiles/__idf_lwip.dir/lwip/src/core/netif.c.obj\x1b[0m\n'}
[18.397619] (Ros2_esp32) StdoutLine: {'line': b'[ 26%] \x1b[32mBuilding C object esp-idf/lwip/CMakeFiles/__idf_lwip.dir/lwip/src/core/pbuf.c.obj\x1b[0m\n'}
[18.433484] (Ros2_esp32) StdoutLine: {'line': b'[ 26%] \x1b[32mBuilding C object esp-idf/lwip/CMakeFiles/__idf_lwip.dir/lwip/src/core/raw.c.obj\x1b[0m\n'}
[18.458962] (-) TimerEvent: {}
[18.476845] (Ros2_esp32) StdoutLine: {'line': b'[ 26%] \x1b[32mBuilding C object esp-idf/lwip/CMakeFiles/__idf_lwip.dir/lwip/src/core/stats.c.obj\x1b[0m\n'}
[18.486500] (Ros2_esp32) StdoutLine: {'line': b'[ 26%] \x1b[32mBuilding C object esp-idf/lwip/CMakeFiles/__idf_lwip.dir/lwip/src/core/sys.c.obj\x1b[0m\n'}
[18.487464] (Ros2_esp32) StdoutLine: {'line': b'[ 27%] \x1b[32mBuilding C object esp-idf/lwip/CMakeFiles/__idf_lwip.dir/lwip/src/core/tcp.c.obj\x1b[0m\n'}
[18.491307] (Ros2_esp32) StdoutLine: {'line': b'[ 27%] \x1b[32mBuilding C object esp-idf/lwip/CMakeFiles/__idf_lwip.dir/lwip/src/core/tcp_in.c.obj\x1b[0m\n'}
[18.510099] (Ros2_esp32) StdoutLine: {'line': b'[ 27%] \x1b[32mBuilding C object esp-idf/lwip/CMakeFiles/__idf_lwip.dir/lwip/src/core/tcp_out.c.obj\x1b[0m\n'}
[18.539005] (Ros2_esp32) StdoutLine: {'line': b'[ 27%] \x1b[32mBuilding C object esp-idf/lwip/CMakeFiles/__idf_lwip.dir/lwip/src/core/timeouts.c.obj\x1b[0m\n'}
[18.559111] (-) TimerEvent: {}
[18.605803] (Ros2_esp32) StdoutLine: {'line': b'[ 27%] \x1b[32mBuilding C object esp-idf/lwip/CMakeFiles/__idf_lwip.dir/lwip/src/core/udp.c.obj\x1b[0m\n'}
[18.615447] (Ros2_esp32) StdoutLine: {'line': b'[ 27%] \x1b[32mBuilding C object esp-idf/lwip/CMakeFiles/__idf_lwip.dir/lwip/src/core/ipv4/autoip.c.obj\x1b[0m\n'}
[18.629017] (Ros2_esp32) StdoutLine: {'line': b'[ 27%] \x1b[32mBuilding C object esp-idf/lwip/CMakeFiles/__idf_lwip.dir/lwip/src/core/ipv4/dhcp.c.obj\x1b[0m\n'}
[18.652025] (Ros2_esp32) StdoutLine: {'line': b'[ 27%] \x1b[32mBuilding C object esp-idf/lwip/CMakeFiles/__idf_lwip.dir/lwip/src/core/ipv4/etharp.c.obj\x1b[0m\n'}
[18.659645] (-) TimerEvent: {}
[18.713420] (Ros2_esp32) StdoutLine: {'line': b'[ 27%] \x1b[32mBuilding C object esp-idf/lwip/CMakeFiles/__idf_lwip.dir/lwip/src/core/ipv4/icmp.c.obj\x1b[0m\n'}
[18.723681] (Ros2_esp32) StdoutLine: {'line': b'[ 27%] \x1b[32mBuilding C object esp-idf/lwip/CMakeFiles/__idf_lwip.dir/lwip/src/core/ipv4/igmp.c.obj\x1b[0m\n'}
[18.725405] (Ros2_esp32) StdoutLine: {'line': b'[ 27%] \x1b[32mBuilding C object esp-idf/lwip/CMakeFiles/__idf_lwip.dir/lwip/src/core/ipv4/ip4.c.obj\x1b[0m\n'}
[18.728616] (Ros2_esp32) StdoutLine: {'line': b'[ 28%] \x1b[32mBuilding C object esp-idf/lwip/CMakeFiles/__idf_lwip.dir/lwip/src/core/ipv4/ip4_napt.c.obj\x1b[0m\n'}
[18.760628] (Ros2_esp32) StdoutLine: {'line': b'[ 28%] \x1b[32mBuilding C object esp-idf/lwip/CMakeFiles/__idf_lwip.dir/lwip/src/core/ipv4/ip4_addr.c.obj\x1b[0m\n'}
[18.761438] (-) TimerEvent: {}
[18.862112] (-) TimerEvent: {}
[18.864701] (Ros2_esp32) StdoutLine: {'line': b'[ 28%] \x1b[32mBuilding C object esp-idf/lwip/CMakeFiles/__idf_lwip.dir/lwip/src/core/ipv4/ip4_frag.c.obj\x1b[0m\n'}
[18.906941] (Ros2_esp32) StdoutLine: {'line': b'[ 28%] \x1b[32mBuilding C object esp-idf/lwip/CMakeFiles/__idf_lwip.dir/lwip/src/core/ipv6/dhcp6.c.obj\x1b[0m\n'}
[18.917500] (Ros2_esp32) StdoutLine: {'line': b'[ 28%] \x1b[32mBuilding C object esp-idf/lwip/CMakeFiles/__idf_lwip.dir/lwip/src/core/ipv6/ethip6.c.obj\x1b[0m\n'}
[18.920182] (Ros2_esp32) StdoutLine: {'line': b'[ 28%] \x1b[32mBuilding C object esp-idf/lwip/CMakeFiles/__idf_lwip.dir/lwip/src/core/ipv6/icmp6.c.obj\x1b[0m\n'}
[18.939736] (Ros2_esp32) StdoutLine: {'line': b'[ 28%] \x1b[32mBuilding C object esp-idf/lwip/CMakeFiles/__idf_lwip.dir/lwip/src/core/ipv6/inet6.c.obj\x1b[0m\n'}
[18.945744] (Ros2_esp32) StdoutLine: {'line': b'[ 28%] \x1b[32mBuilding C object esp-idf/lwip/CMakeFiles/__idf_lwip.dir/lwip/src/core/ipv6/ip6.c.obj\x1b[0m\n'}
[18.949592] (Ros2_esp32) StdoutLine: {'line': b'[ 28%] \x1b[32mBuilding C object esp-idf/lwip/CMakeFiles/__idf_lwip.dir/lwip/src/core/ipv6/ip6_frag.c.obj\x1b[0m\n'}
[18.950393] (Ros2_esp32) StdoutLine: {'line': b'[ 28%] \x1b[32mBuilding C object esp-idf/lwip/CMakeFiles/__idf_lwip.dir/lwip/src/core/ipv6/ip6_addr.c.obj\x1b[0m\n'}
[18.961345] (Ros2_esp32) StdoutLine: {'line': b'[ 28%] \x1b[32mBuilding C object esp-idf/lwip/CMakeFiles/__idf_lwip.dir/lwip/src/core/ipv6/mld6.c.obj\x1b[0m\n'}
[18.962126] (-) TimerEvent: {}
[18.965926] (Ros2_esp32) StdoutLine: {'line': b'[ 29%] \x1b[32mBuilding C object esp-idf/lwip/CMakeFiles/__idf_lwip.dir/lwip/src/core/ipv6/nd6.c.obj\x1b[0m\n'}
[19.016135] (Ros2_esp32) StdoutLine: {'line': b'[ 29%] \x1b[32mBuilding C object esp-idf/lwip/CMakeFiles/__idf_lwip.dir/lwip/src/netif/ethernet.c.obj\x1b[0m\n'}
[19.035649] (Ros2_esp32) StdoutLine: {'line': b'[ 29%] \x1b[32mBuilding C object esp-idf/lwip/CMakeFiles/__idf_lwip.dir/lwip/src/netif/bridgeif_fdb.c.obj\x1b[0m\n'}
[19.036509] (Ros2_esp32) StdoutLine: {'line': b'[ 29%] \x1b[32mBuilding C object esp-idf/lwip/CMakeFiles/__idf_lwip.dir/lwip/src/netif/bridgeif.c.obj\x1b[0m\n'}
[19.040480] (Ros2_esp32) StdoutLine: {'line': b'[ 29%] \x1b[32mBuilding C object esp-idf/lwip/CMakeFiles/__idf_lwip.dir/lwip/src/netif/slipif.c.obj\x1b[0m\n'}
[19.056412] (Ros2_esp32) StdoutLine: {'line': b'[ 29%] \x1b[32mBuilding C object esp-idf/lwip/CMakeFiles/__idf_lwip.dir/lwip/src/netif/ppp/auth.c.obj\x1b[0m\n'}
[19.056880] (Ros2_esp32) StdoutLine: {'line': b'[ 29%] \x1b[32mBuilding C object esp-idf/lwip/CMakeFiles/__idf_lwip.dir/lwip/src/netif/ppp/ccp.c.obj\x1b[0m\n'}
[19.063403] (-) TimerEvent: {}
[19.078448] (Ros2_esp32) StdoutLine: {'line': b'[ 29%] \x1b[32mBuilding C object esp-idf/lwip/CMakeFiles/__idf_lwip.dir/lwip/src/netif/ppp/chap-md5.c.obj\x1b[0m\n'}
[19.123068] (Ros2_esp32) StdoutLine: {'line': b'[ 29%] \x1b[32mBuilding C object esp-idf/lwip/CMakeFiles/__idf_lwip.dir/lwip/src/netif/ppp/chap-new.c.obj\x1b[0m\n'}
[19.143627] (Ros2_esp32) StdoutLine: {'line': b'[ 29%] \x1b[32mBuilding C object esp-idf/lwip/CMakeFiles/__idf_lwip.dir/lwip/src/netif/ppp/chap_ms.c.obj\x1b[0m\n'}
[19.164636] (-) TimerEvent: {}
[19.174729] (Ros2_esp32) StdoutLine: {'line': b'[ 29%] \x1b[32mBuilding C object esp-idf/lwip/CMakeFiles/__idf_lwip.dir/lwip/src/netif/ppp/demand.c.obj\x1b[0m\n'}
[19.178145] (Ros2_esp32) StdoutLine: {'line': b'[ 29%] \x1b[32mBuilding C object esp-idf/lwip/CMakeFiles/__idf_lwip.dir/lwip/src/netif/ppp/ecp.c.obj\x1b[0m\n'}
[19.179186] (Ros2_esp32) StdoutLine: {'line': b'[ 30%] \x1b[32mBuilding C object esp-idf/lwip/CMakeFiles/__idf_lwip.dir/lwip/src/netif/ppp/eap.c.obj\x1b[0m\n'}
[19.181399] (Ros2_esp32) StdoutLine: {'line': b'[ 30%] \x1b[32mBuilding C object esp-idf/lwip/CMakeFiles/__idf_lwip.dir/lwip/src/netif/ppp/eui64.c.obj\x1b[0m\n'}
[19.188435] (Ros2_esp32) StdoutLine: {'line': b'[ 30%] \x1b[32mBuilding C object esp-idf/lwip/CMakeFiles/__idf_lwip.dir/lwip/src/netif/ppp/ipcp.c.obj\x1b[0m\n'}
[19.191077] (Ros2_esp32) StdoutLine: {'line': b'[ 30%] \x1b[32mBuilding C object esp-idf/lwip/CMakeFiles/__idf_lwip.dir/lwip/src/netif/ppp/fsm.c.obj\x1b[0m\n'}
[19.213599] (Ros2_esp32) StdoutLine: {'line': b'[ 30%] \x1b[32mBuilding C object esp-idf/lwip/CMakeFiles/__idf_lwip.dir/lwip/src/netif/ppp/ipv6cp.c.obj\x1b[0m\n'}
[19.240712] (Ros2_esp32) StdoutLine: {'line': b'[ 30%] \x1b[32mBuilding C object esp-idf/lwip/CMakeFiles/__idf_lwip.dir/lwip/src/netif/ppp/lcp.c.obj\x1b[0m\n'}
[19.255364] (Ros2_esp32) StdoutLine: {'line': b'[ 30%] \x1b[32mBuilding C object esp-idf/lwip/CMakeFiles/__idf_lwip.dir/lwip/src/netif/ppp/magic.c.obj\x1b[0m\n'}
[19.264762] (-) TimerEvent: {}
[19.268315] (Ros2_esp32) StdoutLine: {'line': b'[ 30%] \x1b[32mBuilding C object esp-idf/lwip/CMakeFiles/__idf_lwip.dir/lwip/src/netif/ppp/mppe.c.obj\x1b[0m\n'}
[19.271593] (Ros2_esp32) StdoutLine: {'line': b'[ 30%] \x1b[32mBuilding C object esp-idf/lwip/CMakeFiles/__idf_lwip.dir/lwip/src/netif/ppp/multilink.c.obj\x1b[0m\n'}
[19.303225] (Ros2_esp32) StdoutLine: {'line': b'[ 30%] \x1b[32mBuilding C object esp-idf/lwip/CMakeFiles/__idf_lwip.dir/lwip/src/netif/ppp/ppp.c.obj\x1b[0m\n'}
[19.308650] (Ros2_esp32) StdoutLine: {'line': b'[ 31%] \x1b[32mBuilding C object esp-idf/lwip/CMakeFiles/__idf_lwip.dir/lwip/src/netif/ppp/pppapi.c.obj\x1b[0m\n'}
[19.316947] (Ros2_esp32) StdoutLine: {'line': b'[ 31%] \x1b[32mBuilding C object esp-idf/lwip/CMakeFiles/__idf_lwip.dir/lwip/src/netif/ppp/pppcrypt.c.obj\x1b[0m\n'}
[19.322807] (Ros2_esp32) StdoutLine: {'line': b'[ 31%] \x1b[32mBuilding C object esp-idf/lwip/CMakeFiles/__idf_lwip.dir/lwip/src/netif/ppp/pppoe.c.obj\x1b[0m\n'}
[19.331537] (Ros2_esp32) StdoutLine: {'line': b'[ 31%] \x1b[32mBuilding C object esp-idf/lwip/CMakeFiles/__idf_lwip.dir/lwip/src/netif/ppp/pppol2tp.c.obj\x1b[0m\n'}
[19.333572] (Ros2_esp32) StdoutLine: {'line': b'[ 31%] \x1b[32mBuilding C object esp-idf/lwip/CMakeFiles/__idf_lwip.dir/lwip/src/netif/ppp/pppos.c.obj\x1b[0m\n'}
[19.338508] (Ros2_esp32) StdoutLine: {'line': b'[ 31%] \x1b[32mBuilding C object esp-idf/lwip/CMakeFiles/__idf_lwip.dir/lwip/src/netif/ppp/upap.c.obj\x1b[0m\n'}
[19.365446] (-) TimerEvent: {}
[19.381490] (Ros2_esp32) StdoutLine: {'line': b'[ 31%] \x1b[32mBuilding C object esp-idf/lwip/CMakeFiles/__idf_lwip.dir/lwip/src/netif/ppp/utils.c.obj\x1b[0m\n'}
[19.393648] (Ros2_esp32) StdoutLine: {'line': b'[ 31%] \x1b[32mBuilding C object esp-idf/lwip/CMakeFiles/__idf_lwip.dir/lwip/src/netif/ppp/vj.c.obj\x1b[0m\n'}
[19.394571] (Ros2_esp32) StdoutLine: {'line': b'[ 31%] \x1b[32mBuilding C object esp-idf/lwip/CMakeFiles/__idf_lwip.dir/port/hooks/tcp_isn_default.c.obj\x1b[0m\n'}
[19.396057] (Ros2_esp32) StdoutLine: {'line': b'[ 31%] \x1b[32mBuilding C object esp-idf/lwip/CMakeFiles/__idf_lwip.dir/port/hooks/lwip_default_hooks.c.obj\x1b[0m\n'}
[19.433446] (Ros2_esp32) StdoutLine: {'line': b'[ 32%] \x1b[32mBuilding C object esp-idf/lwip/CMakeFiles/__idf_lwip.dir/port/debug/lwip_debug.c.obj\x1b[0m\n'}
[19.435181] (Ros2_esp32) StdoutLine: {'line': b'[ 32%] \x1b[32mBuilding C object esp-idf/lwip/CMakeFiles/__idf_lwip.dir/port/sockets_ext.c.obj\x1b[0m\n'}
[19.447639] (Ros2_esp32) StdoutLine: {'line': b'[ 32%] \x1b[32mBuilding C object esp-idf/lwip/CMakeFiles/__idf_lwip.dir/port/freertos/sys_arch.c.obj\x1b[0m\n'}
[19.449493] (Ros2_esp32) StdoutLine: {'line': b'[ 32%] \x1b[32mBuilding C object esp-idf/lwip/CMakeFiles/__idf_lwip.dir/port/if_index.c.obj\x1b[0m\n'}
[19.464879] (Ros2_esp32) StdoutLine: {'line': b'[ 32%] \x1b[32mBuilding C object esp-idf/lwip/CMakeFiles/__idf_lwip.dir/port/acd_dhcp_check.c.obj\x1b[0m\n'}
[19.465670] (-) TimerEvent: {}
[19.469181] (Ros2_esp32) StdoutLine: {'line': b'[ 32%] \x1b[32mBuilding C object esp-idf/lwip/CMakeFiles/__idf_lwip.dir/port/esp32xx/vfs_lwip.c.obj\x1b[0m\n'}
[19.474734] (Ros2_esp32) StdoutLine: {'line': b'[ 32%] \x1b[32mBuilding C object esp-idf/lwip/CMakeFiles/__idf_lwip.dir/apps/ping/esp_ping.c.obj\x1b[0m\n'}
[19.512357] (Ros2_esp32) StdoutLine: {'line': b'[ 32%] \x1b[32mBuilding C object esp-idf/lwip/CMakeFiles/__idf_lwip.dir/apps/ping/ping.c.obj\x1b[0m\n'}
[19.518640] (Ros2_esp32) StdoutLine: {'line': b'[ 32%] \x1b[32mBuilding C object esp-idf/lwip/CMakeFiles/__idf_lwip.dir/apps/ping/ping_sock.c.obj\x1b[0m\n'}
[19.531598] (Ros2_esp32) StdoutLine: {'line': b'[ 32%] \x1b[32mBuilding C object esp-idf/lwip/CMakeFiles/__idf_lwip.dir/lwip/src/netif/ppp/polarssl/arc4.c.obj\x1b[0m\n'}
[19.536937] (Ros2_esp32) StdoutLine: {'line': b'[ 32%] \x1b[32mBuilding C object esp-idf/lwip/CMakeFiles/__idf_lwip.dir/lwip/src/netif/ppp/polarssl/des.c.obj\x1b[0m\n'}
[19.565828] (-) TimerEvent: {}
[19.573456] (Ros2_esp32) StdoutLine: {'line': b'[ 33%] \x1b[32mBuilding C object esp-idf/lwip/CMakeFiles/__idf_lwip.dir/lwip/src/netif/ppp/polarssl/md4.c.obj\x1b[0m\n'}
[19.581417] (Ros2_esp32) StdoutLine: {'line': b'[ 33%] \x1b[32mBuilding C object esp-idf/lwip/CMakeFiles/__idf_lwip.dir/lwip/src/netif/ppp/polarssl/md5.c.obj\x1b[0m\n'}
[19.607803] (Ros2_esp32) StdoutLine: {'line': b'[ 33%] \x1b[32mBuilding C object esp-idf/lwip/CMakeFiles/__idf_lwip.dir/lwip/src/netif/ppp/polarssl/sha1.c.obj\x1b[0m\n'}
[19.622776] (Ros2_esp32) StdoutLine: {'line': b'[ 33%] \x1b[32mBuilding C object esp-idf/lwip/CMakeFiles/__idf_lwip.dir/apps/dhcpserver/dhcpserver.c.obj\x1b[0m\n'}
[19.665943] (-) TimerEvent: {}
[19.766260] (-) TimerEvent: {}
[19.833574] (Ros2_esp32) StdoutLine: {'line': b'[ 33%] \x1b[32m\x1b[1mLinking C static library liblwip.a\x1b[0m\n'}
[19.866369] (-) TimerEvent: {}
[19.940933] (Ros2_esp32) StdoutLine: {'line': b'[ 33%] Built target __idf_lwip\n'}
[19.961446] (Ros2_esp32) StdoutLine: {'line': b'[ 33%] \x1b[32mBuilding C object esp-idf/vfs/CMakeFiles/__idf_vfs.dir/nullfs.c.obj\x1b[0m\n'}
[19.961669] (Ros2_esp32) StdoutLine: {'line': b'[ 33%] \x1b[32mBuilding C object esp-idf/vfs/CMakeFiles/__idf_vfs.dir/vfs.c.obj\x1b[0m\n'}
[19.961734] (Ros2_esp32) StdoutLine: {'line': b'[ 33%] \x1b[32mBuilding C object esp-idf/vfs/CMakeFiles/__idf_vfs.dir/vfs_eventfd.c.obj\x1b[0m\n'}
[19.961806] (Ros2_esp32) StdoutLine: {'line': b'[ 33%] \x1b[32mBuilding C object esp-idf/vfs/CMakeFiles/__idf_vfs.dir/vfs_semihost.c.obj\x1b[0m\n'}
[19.966525] (-) TimerEvent: {}
[20.066858] (-) TimerEvent: {}
[20.167183] (-) TimerEvent: {}
[20.267501] (-) TimerEvent: {}
[20.302931] (Ros2_esp32) StdoutLine: {'line': b'[ 33%] \x1b[32m\x1b[1mLinking C static library libvfs.a\x1b[0m\n'}
[20.342142] (Ros2_esp32) StdoutLine: {'line': b'[ 33%] Built target __idf_vfs\n'}
[20.362080] (Ros2_esp32) StdoutLine: {'line': b'[ 34%] \x1b[32mBuilding C object esp-idf/esp_vfs_console/CMakeFiles/__idf_esp_vfs_console.dir/vfs_console.c.obj\x1b[0m\n'}
[20.367576] (-) TimerEvent: {}
[20.459657] (Ros2_esp32) StdoutLine: {'line': b'[ 34%] \x1b[32m\x1b[1mLinking C static library libesp_vfs_console.a\x1b[0m\n'}
[20.467664] (-) TimerEvent: {}
[20.493780] (Ros2_esp32) StdoutLine: {'line': b'[ 34%] Built target __idf_esp_vfs_console\n'}
[20.514637] (Ros2_esp32) StdoutLine: {'line': b'[ 34%] \x1b[32mBuilding C object esp-idf/esp_driver_usb_serial_jtag/CMakeFiles/__idf_esp_driver_usb_serial_jtag.dir/src/usb_serial_jtag_vfs.c.obj\x1b[0m\n'}
[20.514825] (Ros2_esp32) StdoutLine: {'line': b'[ 34%] \x1b[32mBuilding C object esp-idf/esp_driver_usb_serial_jtag/CMakeFiles/__idf_esp_driver_usb_serial_jtag.dir/src/usb_serial_jtag.c.obj\x1b[0m\n'}
[20.514891] (Ros2_esp32) StdoutLine: {'line': b'[ 34%] \x1b[32mBuilding C object esp-idf/esp_driver_usb_serial_jtag/CMakeFiles/__idf_esp_driver_usb_serial_jtag.dir/src/usb_serial_jtag_connection_monitor.c.obj\x1b[0m\n'}
[20.567796] (-) TimerEvent: {}
[20.668134] (-) TimerEvent: {}
[20.676290] (Ros2_esp32) StdoutLine: {'line': b'[ 35%] \x1b[32m\x1b[1mLinking C static library libesp_driver_usb_serial_jtag.a\x1b[0m\n'}
[20.713512] (Ros2_esp32) StdoutLine: {'line': b'[ 35%] Built target __idf_esp_driver_usb_serial_jtag\n'}
[20.733935] (Ros2_esp32) StdoutLine: {'line': b'[ 36%] \x1b[32mBuilding C object esp-idf/esp_phy/CMakeFiles/__idf_esp_phy.dir/src/phy_init.c.obj\x1b[0m\n'}
[20.734188] (Ros2_esp32) StdoutLine: {'line': b'[ 36%] \x1b[32mBuilding C object esp-idf/esp_phy/CMakeFiles/__idf_esp_phy.dir/src/lib_printf.c.obj\x1b[0m\n'}
[20.734264] (Ros2_esp32) StdoutLine: {'line': b'[ 36%] \x1b[32mBuilding C object esp-idf/esp_phy/CMakeFiles/__idf_esp_phy.dir/src/phy_common.c.obj\x1b[0m\n'}
[20.734336] (Ros2_esp32) StdoutLine: {'line': b'[ 36%] \x1b[32mBuilding C object esp-idf/esp_phy/CMakeFiles/__idf_esp_phy.dir/src/phy_override.c.obj\x1b[0m\n'}
[20.734407] (Ros2_esp32) StdoutLine: {'line': b'[ 36%] \x1b[32mBuilding C object esp-idf/esp_phy/CMakeFiles/__idf_esp_phy.dir/src/btbb_init.c.obj\x1b[0m\n'}
[20.734478] (Ros2_esp32) StdoutLine: {'line': b'[ 36%] \x1b[32mBuilding C object esp-idf/esp_phy/CMakeFiles/__idf_esp_phy.dir/esp32s3/phy_init_data.c.obj\x1b[0m\n'}
[20.768290] (-) TimerEvent: {}
[20.868655] (-) TimerEvent: {}
[20.895924] (Ros2_esp32) StdoutLine: {'line': b'[ 36%] \x1b[32m\x1b[1mLinking C static library libesp_phy.a\x1b[0m\n'}
[20.935795] (Ros2_esp32) StdoutLine: {'line': b'[ 36%] Built target __idf_esp_phy\n'}
[20.960844] (Ros2_esp32) StdoutLine: {'line': b'[ 36%] \x1b[32mBuilding CXX object esp-idf/nvs_flash/CMakeFiles/__idf_nvs_flash.dir/src/nvs_page.cpp.obj\x1b[0m\n'}
[20.961154] (Ros2_esp32) StdoutLine: {'line': b'[ 37%] \x1b[32mBuilding CXX object esp-idf/nvs_flash/CMakeFiles/__idf_nvs_flash.dir/src/nvs_cxx_api.cpp.obj\x1b[0m\n'}
[20.961244] (Ros2_esp32) StdoutLine: {'line': b'[ 37%] \x1b[32mBuilding CXX object esp-idf/nvs_flash/CMakeFiles/__idf_nvs_flash.dir/src/nvs_item_hash_list.cpp.obj\x1b[0m\n'}
[20.961321] (Ros2_esp32) StdoutLine: {'line': b'[ 37%] \x1b[32mBuilding CXX object esp-idf/nvs_flash/CMakeFiles/__idf_nvs_flash.dir/src/nvs_pagemanager.cpp.obj\x1b[0m\n'}
[20.961607] (Ros2_esp32) StdoutLine: {'line': b'[ 37%] \x1b[32mBuilding CXX object esp-idf/nvs_flash/CMakeFiles/__idf_nvs_flash.dir/src/nvs_handle_simple.cpp.obj\x1b[0m\n'}
[20.961742] (Ros2_esp32) StdoutLine: {'line': b'[ 37%] \x1b[32mBuilding CXX object esp-idf/nvs_flash/CMakeFiles/__idf_nvs_flash.dir/src/nvs_storage.cpp.obj\x1b[0m\n'}
[20.961821] (Ros2_esp32) StdoutLine: {'line': b'[ 37%] \x1b[32mBuilding CXX object esp-idf/nvs_flash/CMakeFiles/__idf_nvs_flash.dir/src/nvs_api.cpp.obj\x1b[0m\n'}
[20.961903] (Ros2_esp32) StdoutLine: {'line': b'[ 37%] \x1b[32mBuilding CXX object esp-idf/nvs_flash/CMakeFiles/__idf_nvs_flash.dir/src/nvs_handle_locked.cpp.obj\x1b[0m\n'}
[20.967070] (Ros2_esp32) StdoutLine: {'line': b'[ 37%] \x1b[32mBuilding CXX object esp-idf/nvs_flash/CMakeFiles/__idf_nvs_flash.dir/src/nvs_partition.cpp.obj\x1b[0m\n'}
[20.967372] (Ros2_esp32) StdoutLine: {'line': b'[ 37%] \x1b[32mBuilding CXX object esp-idf/nvs_flash/CMakeFiles/__idf_nvs_flash.dir/src/nvs_partition_lookup.cpp.obj\x1b[0m\n'}
[20.967464] (Ros2_esp32) StdoutLine: {'line': b'[ 37%] \x1b[32mBuilding CXX object esp-idf/nvs_flash/CMakeFiles/__idf_nvs_flash.dir/src/nvs_partition_manager.cpp.obj\x1b[0m\n'}
[20.968490] (Ros2_esp32) StdoutLine: {'line': b'[ 37%] \x1b[32mBuilding CXX object esp-idf/nvs_flash/CMakeFiles/__idf_nvs_flash.dir/src/nvs_types.cpp.obj\x1b[0m\n'}
[20.969160] (-) TimerEvent: {}
[21.069628] (-) TimerEvent: {}
[21.170721] (-) TimerEvent: {}
[21.271123] (-) TimerEvent: {}
[21.373156] (-) TimerEvent: {}
[21.473631] (-) TimerEvent: {}
[21.480328] (Ros2_esp32) StdoutLine: {'line': b'[ 38%] \x1b[32mBuilding CXX object esp-idf/nvs_flash/CMakeFiles/__idf_nvs_flash.dir/src/nvs_platform.cpp.obj\x1b[0m\n'}
[21.493643] (Ros2_esp32) StdoutLine: {'line': b'[ 38%] \x1b[32mBuilding C object esp-idf/nvs_flash/CMakeFiles/__idf_nvs_flash.dir/src/nvs_bootloader.c.obj\x1b[0m\n'}
[21.572436] (Ros2_esp32) StdoutLine: {'line': b'[ 38%] \x1b[32mBuilding CXX object esp-idf/nvs_flash/CMakeFiles/__idf_nvs_flash.dir/src/nvs_encrypted_partition.cpp.obj\x1b[0m\n'}
[21.573765] (-) TimerEvent: {}
[21.674250] (-) TimerEvent: {}
[21.744032] (Ros2_esp32) StdoutLine: {'line': b'[ 38%] \x1b[32mBuilding C object esp-idf/nvs_flash/CMakeFiles/__idf_nvs_flash.dir/src/nvs_bootloader_aes.c.obj\x1b[0m\n'}
[21.774401] (-) TimerEvent: {}
[21.842289] (Ros2_esp32) StdoutLine: {'line': b'[ 38%] \x1b[32mBuilding C object esp-idf/nvs_flash/CMakeFiles/__idf_nvs_flash.dir/src/nvs_bootloader_xts_aes.c.obj\x1b[0m\n'}
[21.874569] (-) TimerEvent: {}
[21.975338] (-) TimerEvent: {}
[22.078167] (-) TimerEvent: {}
[22.178851] (-) TimerEvent: {}
[22.279638] (-) TimerEvent: {}
[22.383625] (-) TimerEvent: {}
[22.484059] (-) TimerEvent: {}
[22.584593] (-) TimerEvent: {}
[22.686851] (-) TimerEvent: {}
[22.787318] (-) TimerEvent: {}
[22.890637] (-) TimerEvent: {}
[22.992054] (-) TimerEvent: {}
[23.092711] (-) TimerEvent: {}
[23.194615] (-) TimerEvent: {}
[23.295037] (-) TimerEvent: {}
[23.395902] (-) TimerEvent: {}
[23.496356] (-) TimerEvent: {}
[23.597009] (-) TimerEvent: {}
[23.697453] (-) TimerEvent: {}
[23.797845] (-) TimerEvent: {}
[23.898171] (-) TimerEvent: {}
[23.911620] (Ros2_esp32) StdoutLine: {'line': b'[ 38%] \x1b[32m\x1b[1mLinking C static library libnvs_flash.a\x1b[0m\n'}
[23.968248] (Ros2_esp32) StdoutLine: {'line': b'[ 38%] Built target __idf_nvs_flash\n'}
[23.988216] (Ros2_esp32) StdoutLine: {'line': b'[ 38%] \x1b[32mBuilding C object esp-idf/esp_event/CMakeFiles/__idf_esp_event.dir/esp_event_private.c.obj\x1b[0m\n'}
[23.988466] (Ros2_esp32) StdoutLine: {'line': b'[ 38%] \x1b[32mBuilding C object esp-idf/esp_event/CMakeFiles/__idf_esp_event.dir/esp_event.c.obj\x1b[0m\n'}
[23.988561] (Ros2_esp32) StdoutLine: {'line': b'[ 38%] \x1b[32mBuilding C object esp-idf/esp_event/CMakeFiles/__idf_esp_event.dir/default_event_loop.c.obj\x1b[0m\n'}
[23.998305] (-) TimerEvent: {}
[24.098611] (-) TimerEvent: {}
[24.164311] (Ros2_esp32) StdoutLine: {'line': b'[ 38%] \x1b[32m\x1b[1mLinking C static library libesp_event.a\x1b[0m\n'}
[24.198727] (-) TimerEvent: {}
[24.199886] (Ros2_esp32) StdoutLine: {'line': b'[ 38%] Built target __idf_esp_event\n'}
[24.220894] (Ros2_esp32) StdoutLine: {'line': b'[ 38%] \x1b[32mBuilding C object esp-idf/esp_driver_uart/CMakeFiles/__idf_esp_driver_uart.dir/src/uart_vfs.c.obj\x1b[0m\n'}
[24.221091] (Ros2_esp32) StdoutLine: {'line': b'[ 38%] \x1b[32mBuilding C object esp-idf/esp_driver_uart/CMakeFiles/__idf_esp_driver_uart.dir/src/uhci.c.obj\x1b[0m\n'}
[24.221155] (Ros2_esp32) StdoutLine: {'line': b'[ 38%] \x1b[32mBuilding C object esp-idf/esp_driver_uart/CMakeFiles/__idf_esp_driver_uart.dir/src/uart.c.obj\x1b[0m\n'}
[24.221214] (Ros2_esp32) StdoutLine: {'line': b'[ 38%] \x1b[32mBuilding C object esp-idf/esp_driver_uart/CMakeFiles/__idf_esp_driver_uart.dir/src/uart_wakeup.c.obj\x1b[0m\n'}
[24.298877] (-) TimerEvent: {}
[24.399231] (-) TimerEvent: {}
[24.499594] (-) TimerEvent: {}
[24.599891] (-) TimerEvent: {}
[24.700166] (-) TimerEvent: {}
[24.725403] (Ros2_esp32) StdoutLine: {'line': b'[ 38%] \x1b[32m\x1b[1mLinking C static library libesp_driver_uart.a\x1b[0m\n'}
[24.766918] (Ros2_esp32) StdoutLine: {'line': b'[ 38%] Built target __idf_esp_driver_uart\n'}
[24.786785] (Ros2_esp32) StdoutLine: {'line': b'[ 38%] \x1b[32mBuilding C object esp-idf/esp_psram/CMakeFiles/__idf_esp_psram.dir/system_layer/esp_psram_mspi.c.obj\x1b[0m\n'}
[24.800278] (-) TimerEvent: {}
[24.832490] (Ros2_esp32) StdoutLine: {'line': b'[ 38%] \x1b[32m\x1b[1mLinking C static library libesp_psram.a\x1b[0m\n'}
[24.866584] (Ros2_esp32) StdoutLine: {'line': b'[ 38%] Built target __idf_esp_psram\n'}
[24.886225] (Ros2_esp32) StdoutLine: {'line': b'[ 38%] \x1b[32mBuilding C object esp-idf/esp_ringbuf/CMakeFiles/__idf_esp_ringbuf.dir/ringbuf.c.obj\x1b[0m\n'}
[24.900380] (-) TimerEvent: {}
[25.000678] (-) TimerEvent: {}
[25.100975] (-) TimerEvent: {}
[25.116355] (Ros2_esp32) StdoutLine: {'line': b'[ 38%] \x1b[32m\x1b[1mLinking C static library libesp_ringbuf.a\x1b[0m\n'}
[25.151304] (Ros2_esp32) StdoutLine: {'line': b'[ 38%] Built target __idf_esp_ringbuf\n'}
[25.170997] (Ros2_esp32) StdoutLine: {'line': b'[ 39%] \x1b[32mBuilding C object esp-idf/esp_driver_gptimer/CMakeFiles/__idf_esp_driver_gptimer.dir/src/gptimer_common.c.obj\x1b[0m\n'}
[25.171171] (Ros2_esp32) StdoutLine: {'line': b'[ 39%] \x1b[32mBuilding C object esp-idf/esp_driver_gptimer/CMakeFiles/__idf_esp_driver_gptimer.dir/src/gptimer.c.obj\x1b[0m\n'}
[25.201086] (-) TimerEvent: {}
[25.301396] (-) TimerEvent: {}
[25.331890] (Ros2_esp32) StdoutLine: {'line': b'[ 39%] \x1b[32m\x1b[1mLinking C static library libesp_driver_gptimer.a\x1b[0m\n'}
[25.367589] (Ros2_esp32) StdoutLine: {'line': b'[ 39%] Built target __idf_esp_driver_gptimer\n'}
[25.388239] (Ros2_esp32) StdoutLine: {'line': b'[ 39%] \x1b[32mBuilding C object esp-idf/esp_timer/CMakeFiles/__idf_esp_timer.dir/src/system_time.c.obj\x1b[0m\n'}
[25.388484] (Ros2_esp32) StdoutLine: {'line': b'[ 39%] \x1b[32mBuilding C object esp-idf/esp_timer/CMakeFiles/__idf_esp_timer.dir/src/esp_timer.c.obj\x1b[0m\n'}
[25.388880] (Ros2_esp32) StdoutLine: {'line': b'[ 39%] \x1b[32mBuilding C object esp-idf/esp_timer/CMakeFiles/__idf_esp_timer.dir/src/esp_timer_init.c.obj\x1b[0m\n'}
[25.388974] (Ros2_esp32) StdoutLine: {'line': b'[ 39%] \x1b[32mBuilding C object esp-idf/esp_timer/CMakeFiles/__idf_esp_timer.dir/src/esp_timer_impl_common.c.obj\x1b[0m\n'}
[25.389048] (Ros2_esp32) StdoutLine: {'line': b'[ 39%] \x1b[32mBuilding C object esp-idf/esp_timer/CMakeFiles/__idf_esp_timer.dir/src/esp_timer_impl_systimer.c.obj\x1b[0m\n'}
[25.389668] (Ros2_esp32) StdoutLine: {'line': b'[ 39%] \x1b[32mBuilding C object esp-idf/esp_timer/CMakeFiles/__idf_esp_timer.dir/src/ets_timer_legacy.c.obj\x1b[0m\n'}
[25.401533] (-) TimerEvent: {}
[25.501865] (-) TimerEvent: {}
[25.531779] (Ros2_esp32) StdoutLine: {'line': b'[ 39%] \x1b[32m\x1b[1mLinking C static library libesp_timer.a\x1b[0m\n'}
[25.570289] (Ros2_esp32) StdoutLine: {'line': b'[ 39%] Built target __idf_esp_timer\n'}
[25.591294] (Ros2_esp32) StdoutLine: {'line': b'[ 40%] \x1b[32mBuilding CXX object esp-idf/cxx/CMakeFiles/__idf_cxx.dir/cxx_exception_stubs.cpp.obj\x1b[0m\n'}
[25.591498] (Ros2_esp32) StdoutLine: {'line': b'[ 40%] \x1b[32mBuilding CXX object esp-idf/cxx/CMakeFiles/__idf_cxx.dir/cxx_guards.cpp.obj\x1b[0m\n'}
[25.591587] (Ros2_esp32) StdoutLine: {'line': b'[ 40%] \x1b[32mBuilding CXX object esp-idf/cxx/CMakeFiles/__idf_cxx.dir/cxx_init.cpp.obj\x1b[0m\n'}
[25.602004] (-) TimerEvent: {}
[25.702360] (-) TimerEvent: {}
[25.802665] (-) TimerEvent: {}
[25.902950] (-) TimerEvent: {}
[25.914812] (Ros2_esp32) StdoutLine: {'line': b'[ 40%] \x1b[32m\x1b[1mLinking C static library libcxx.a\x1b[0m\n'}
[25.950737] (Ros2_esp32) StdoutLine: {'line': b'[ 40%] Built target __idf_cxx\n'}
[25.970980] (Ros2_esp32) StdoutLine: {'line': b'[ 40%] \x1b[32mBuilding C object esp-idf/pthread/CMakeFiles/__idf_pthread.dir/pthread_local_storage.c.obj\x1b[0m\n'}
[25.971248] (Ros2_esp32) StdoutLine: {'line': b'[ 40%] \x1b[32mBuilding C object esp-idf/pthread/CMakeFiles/__idf_pthread.dir/pthread.c.obj\x1b[0m\n'}
[25.971318] (Ros2_esp32) StdoutLine: {'line': b'[ 40%] \x1b[32mBuilding C object esp-idf/pthread/CMakeFiles/__idf_pthread.dir/pthread_cond_var.c.obj\x1b[0m\n'}
[25.971403] (Ros2_esp32) StdoutLine: {'line': b'[ 40%] \x1b[32mBuilding C object esp-idf/pthread/CMakeFiles/__idf_pthread.dir/pthread_rwlock.c.obj\x1b[0m\n'}
[25.971461] (Ros2_esp32) StdoutLine: {'line': b'[ 40%] \x1b[32mBuilding C object esp-idf/pthread/CMakeFiles/__idf_pthread.dir/pthread_semaphore.c.obj\x1b[0m\n'}
[26.003072] (-) TimerEvent: {}
[26.103409] (-) TimerEvent: {}
[26.144363] (Ros2_esp32) StdoutLine: {'line': b'[ 41%] \x1b[32m\x1b[1mLinking C static library libpthread.a\x1b[0m\n'}
[26.182361] (Ros2_esp32) StdoutLine: {'line': b'[ 41%] Built target __idf_pthread\n'}
[26.203633] (-) TimerEvent: {}
[26.208714] (Ros2_esp32) StdoutLine: {'line': b'[ 42%] \x1b[32mBuilding C object esp-idf/newlib/CMakeFiles/__idf_newlib.dir/src/init.c.obj\x1b[0m\n'}
[26.209008] (Ros2_esp32) StdoutLine: {'line': b'[ 42%] \x1b[32mBuilding C object esp-idf/newlib/CMakeFiles/__idf_newlib.dir/src/heap.c.obj\x1b[0m\n'}
[26.209097] (Ros2_esp32) StdoutLine: {'line': b'[ 42%] \x1b[32mBuilding C object esp-idf/newlib/CMakeFiles/__idf_newlib.dir/src/assert.c.obj\x1b[0m\n'}
[26.209176] (Ros2_esp32) StdoutLine: {'line': b'[ 42%] \x1b[32mBuilding C object esp-idf/newlib/CMakeFiles/__idf_newlib.dir/src/abort.c.obj\x1b[0m\n'}
[26.209258] (Ros2_esp32) StdoutLine: {'line': b'[ 42%] \x1b[32mBuilding C object esp-idf/newlib/CMakeFiles/__idf_newlib.dir/src/random.c.obj\x1b[0m\n'}
[26.209342] (Ros2_esp32) StdoutLine: {'line': b'[ 42%] \x1b[32mBuilding C object esp-idf/newlib/CMakeFiles/__idf_newlib.dir/src/pthread.c.obj\x1b[0m\n'}
[26.209579] (Ros2_esp32) StdoutLine: {'line': b'[ 42%] \x1b[32mBuilding C object esp-idf/newlib/CMakeFiles/__idf_newlib.dir/src/termios.c.obj\x1b[0m\n'}
[26.209797] (Ros2_esp32) StdoutLine: {'line': b'[ 42%] \x1b[32mBuilding C object esp-idf/newlib/CMakeFiles/__idf_newlib.dir/src/stdatomic.c.obj\x1b[0m\n'}
[26.209890] (Ros2_esp32) StdoutLine: {'line': b'[ 42%] \x1b[32mBuilding C object esp-idf/newlib/CMakeFiles/__idf_newlib.dir/src/poll.c.obj\x1b[0m\n'}
[26.210015] (Ros2_esp32) StdoutLine: {'line': b'[ 42%] \x1b[32mBuilding C object esp-idf/newlib/CMakeFiles/__idf_newlib.dir/src/time.c.obj\x1b[0m\n'}
[26.210661] (Ros2_esp32) StdoutLine: {'line': b'[ 42%] \x1b[32mBuilding C object esp-idf/newlib/CMakeFiles/__idf_newlib.dir/src/locks.c.obj\x1b[0m\n'}
[26.210853] (Ros2_esp32) StdoutLine: {'line': b'[ 42%] \x1b[32mBuilding C object esp-idf/newlib/CMakeFiles/__idf_newlib.dir/src/getentropy.c.obj\x1b[0m\n'}
[26.282469] (Ros2_esp32) StdoutLine: {'line': b'[ 42%] \x1b[32mBuilding C object esp-idf/newlib/CMakeFiles/__idf_newlib.dir/src/sysconf.c.obj\x1b[0m\n'}
[26.285481] (Ros2_esp32) StdoutLine: {'line': b'[ 43%] \x1b[32mBuilding C object esp-idf/newlib/CMakeFiles/__idf_newlib.dir/src/realpath.c.obj\x1b[0m\n'}
[26.292008] (Ros2_esp32) StdoutLine: {'line': b'[ 43%] \x1b[32mBuilding C object esp-idf/newlib/CMakeFiles/__idf_newlib.dir/src/syscalls.c.obj\x1b[0m\n'}
[26.292777] (Ros2_esp32) StdoutLine: {'line': b'[ 43%] \x1b[32mBuilding C object esp-idf/newlib/CMakeFiles/__idf_newlib.dir/src/port/esp_time_impl.c.obj\x1b[0m\n'}
[26.293335] (Ros2_esp32) StdoutLine: {'line': b'[ 43%] \x1b[32mBuilding C object esp-idf/newlib/CMakeFiles/__idf_newlib.dir/src/reent_syscalls.c.obj\x1b[0m\n'}
[26.293893] (Ros2_esp32) StdoutLine: {'line': b'[ 43%] \x1b[32mBuilding C object esp-idf/newlib/CMakeFiles/__idf_newlib.dir/src/scandir.c.obj\x1b[0m\n'}
[26.294302] (Ros2_esp32) StdoutLine: {'line': b'[ 43%] \x1b[32mBuilding C object esp-idf/newlib/CMakeFiles/__idf_newlib.dir/src/flockfile.c.obj\x1b[0m\n'}
[26.301753] (Ros2_esp32) StdoutLine: {'line': b'[ 43%] \x1b[32mBuilding C object esp-idf/newlib/CMakeFiles/__idf_newlib.dir/src/reent_init.c.obj\x1b[0m\n'}
[26.303762] (-) TimerEvent: {}
[26.311885] (Ros2_esp32) StdoutLine: {'line': b'[ 43%] \x1b[32mBuilding C object esp-idf/newlib/CMakeFiles/__idf_newlib.dir/src/newlib_init.c.obj\x1b[0m\n'}
[26.403880] (-) TimerEvent: {}
[26.406276] (Ros2_esp32) StdoutLine: {'line': b'[ 43%] \x1b[32m\x1b[1mLinking C static library libnewlib.a\x1b[0m\n'}
[26.454328] (Ros2_esp32) StdoutLine: {'line': b'[ 43%] Built target __idf_newlib\n'}
[26.465500] (Ros2_esp32) StdoutLine: {'line': b'\x1b[35m\x1b[1mScanning dependencies of target __idf_freertos\x1b[0m\n'}
[26.485895] (Ros2_esp32) StdoutLine: {'line': b'[ 43%] \x1b[32mBuilding C object esp-idf/freertos/CMakeFiles/__idf_freertos.dir/port_common.c.obj\x1b[0m\n'}
[26.486168] (Ros2_esp32) StdoutLine: {'line': b'[ 43%] \x1b[32mBuilding C object esp-idf/freertos/CMakeFiles/__idf_freertos.dir/FreeRTOS-Kernel/timers.c.obj\x1b[0m\n'}
[26.486254] (Ros2_esp32) StdoutLine: {'line': b'[ 43%] \x1b[32mBuilding C object esp-idf/freertos/CMakeFiles/__idf_freertos.dir/heap_idf.c.obj\x1b[0m\n'}
[26.486350] (Ros2_esp32) StdoutLine: {'line': b'[ 43%] \x1b[32mBuilding C object esp-idf/freertos/CMakeFiles/__idf_freertos.dir/FreeRTOS-Kernel/tasks.c.obj\x1b[0m\n'}
[26.486438] (Ros2_esp32) StdoutLine: {'line': b'[ 43%] \x1b[32mBuilding C object esp-idf/freertos/CMakeFiles/__idf_freertos.dir/FreeRTOS-Kernel/list.c.obj\x1b[0m\n'}
[26.486509] (Ros2_esp32) StdoutLine: {'line': b'[ 43%] \x1b[32mBuilding C object esp-idf/freertos/CMakeFiles/__idf_freertos.dir/FreeRTOS-Kernel/queue.c.obj\x1b[0m\n'}
[26.486920] (Ros2_esp32) StdoutLine: {'line': b'[ 43%] \x1b[32mBuilding C object esp-idf/freertos/CMakeFiles/__idf_freertos.dir/port_systick.c.obj\x1b[0m\n'}
[26.487010] (Ros2_esp32) StdoutLine: {'line': b'[ 43%] \x1b[32mBuilding C object esp-idf/freertos/CMakeFiles/__idf_freertos.dir/app_startup.c.obj\x1b[0m\n'}
[26.487083] (Ros2_esp32) StdoutLine: {'line': b'[ 44%] \x1b[32mBuilding C object esp-idf/freertos/CMakeFiles/__idf_freertos.dir/FreeRTOS-Kernel/stream_buffer.c.obj\x1b[0m\n'}
[26.487153] (Ros2_esp32) StdoutLine: {'line': b'[ 44%] \x1b[32mBuilding C object esp-idf/freertos/CMakeFiles/__idf_freertos.dir/FreeRTOS-Kernel/event_groups.c.obj\x1b[0m\n'}
[26.487223] (Ros2_esp32) StdoutLine: {'line': b'[ 44%] \x1b[32mBuilding C object esp-idf/freertos/CMakeFiles/__idf_freertos.dir/FreeRTOS-Kernel/portable/xtensa/port.c.obj\x1b[0m\n'}
[26.492558] (Ros2_esp32) StdoutLine: {'line': b'[ 44%] \x1b[32mBuilding ASM object esp-idf/freertos/CMakeFiles/__idf_freertos.dir/FreeRTOS-Kernel/portable/xtensa/portasm.S.obj\x1b[0m\n'}
[26.504027] (-) TimerEvent: {}
[26.586716] (Ros2_esp32) StdoutLine: {'line': b'[ 44%] \x1b[32mBuilding C object esp-idf/freertos/CMakeFiles/__idf_freertos.dir/FreeRTOS-Kernel/portable/xtensa/xtensa_init.c.obj\x1b[0m\n'}
[26.598257] (Ros2_esp32) StdoutLine: {'line': b'[ 44%] \x1b[32mBuilding C object esp-idf/freertos/CMakeFiles/__idf_freertos.dir/FreeRTOS-Kernel/portable/xtensa/xtensa_overlay_os_hook.c.obj\x1b[0m\n'}
[26.604178] (-) TimerEvent: {}
[26.607397] (Ros2_esp32) StdoutLine: {'line': b'[ 44%] \x1b[32mBuilding C object esp-idf/freertos/CMakeFiles/__idf_freertos.dir/esp_additions/freertos_compatibility.c.obj\x1b[0m\n'}
[26.619375] (Ros2_esp32) StdoutLine: {'line': b'[ 44%] \x1b[32mBuilding C object esp-idf/freertos/CMakeFiles/__idf_freertos.dir/esp_additions/idf_additions.c.obj\x1b[0m\n'}
[26.621978] (Ros2_esp32) StdoutLine: {'line': b'[ 44%] \x1b[32mBuilding C object esp-idf/freertos/CMakeFiles/__idf_freertos.dir/esp_additions/idf_additions_event_groups.c.obj\x1b[0m\n'}
[26.704355] (-) TimerEvent: {}
[26.804740] (-) TimerEvent: {}
[26.905027] (-) TimerEvent: {}
[26.974966] (Ros2_esp32) StdoutLine: {'line': b'[ 44%] \x1b[32m\x1b[1mLinking C static library libfreertos.a\x1b[0m\n'}
[27.005153] (-) TimerEvent: {}
[27.025755] (Ros2_esp32) StdoutLine: {'line': b'[ 44%] Built target __idf_freertos\n'}
[27.052743] (Ros2_esp32) StdoutLine: {'line': b'[ 44%] \x1b[32mBuilding C object esp-idf/esp_hw_support/CMakeFiles/__idf_esp_hw_support.dir/cpu.c.obj\x1b[0m\n'}
[27.052994] (Ros2_esp32) StdoutLine: {'line': b'[ 45%] \x1b[32mBuilding C object esp-idf/esp_hw_support/CMakeFiles/__idf_esp_hw_support.dir/clk_ctrl_os.c.obj\x1b[0m\n'}
[27.053060] (Ros2_esp32) StdoutLine: {'line': b'[ 45%] \x1b[32mBuilding C object esp-idf/esp_hw_support/CMakeFiles/__idf_esp_hw_support.dir/port/esp32s3/esp_cpu_intr.c.obj\x1b[0m\n'}
[27.053116] (Ros2_esp32) StdoutLine: {'line': b'[ 45%] \x1b[32mBuilding C object esp-idf/esp_hw_support/CMakeFiles/__idf_esp_hw_support.dir/esp_clk.c.obj\x1b[0m\n'}
[27.053170] (Ros2_esp32) StdoutLine: {'line': b'[ 45%] \x1b[32mBuilding C object esp-idf/esp_hw_support/CMakeFiles/__idf_esp_hw_support.dir/esp_memory_utils.c.obj\x1b[0m\n'}
[27.053226] (Ros2_esp32) StdoutLine: {'line': b'[ 45%] \x1b[32mBuilding C object esp-idf/esp_hw_support/CMakeFiles/__idf_esp_hw_support.dir/hw_random.c.obj\x1b[0m\n'}
[27.053471] (Ros2_esp32) StdoutLine: {'line': b'[ 45%] \x1b[32mBuilding C object esp-idf/esp_hw_support/CMakeFiles/__idf_esp_hw_support.dir/port/esp32s3/cpu_region_protect.c.obj\x1b[0m\n'}
[27.054953] (Ros2_esp32) StdoutLine: {'line': b'[ 45%] \x1b[32mBuilding C object esp-idf/esp_hw_support/CMakeFiles/__idf_esp_hw_support.dir/intr_alloc.c.obj\x1b[0m\n'}
[27.055270] (Ros2_esp32) StdoutLine: {'line': b'[ 45%] \x1b[32mBuilding C object esp-idf/esp_hw_support/CMakeFiles/__idf_esp_hw_support.dir/mac_addr.c.obj\x1b[0m\n'}
[27.058318] (Ros2_esp32) StdoutLine: {'line': b'[ 45%] \x1b[32mBuilding C object esp-idf/esp_hw_support/CMakeFiles/__idf_esp_hw_support.dir/periph_ctrl.c.obj\x1b[0m\n'}
[27.060419] (Ros2_esp32) StdoutLine: {'line': b'[ 45%] \x1b[32mBuilding C object esp-idf/esp_hw_support/CMakeFiles/__idf_esp_hw_support.dir/revision.c.obj\x1b[0m\n'}
[27.060620] (Ros2_esp32) StdoutLine: {'line': b'[ 45%] \x1b[32mBuilding C object esp-idf/esp_hw_support/CMakeFiles/__idf_esp_hw_support.dir/rtc_module.c.obj\x1b[0m\n'}
[27.107555] (-) TimerEvent: {}
[27.120716] (Ros2_esp32) StdoutLine: {'line': b'[ 45%] \x1b[32mBuilding C object esp-idf/esp_hw_support/CMakeFiles/__idf_esp_hw_support.dir/regi2c_ctrl.c.obj\x1b[0m\n'}
[27.125481] (Ros2_esp32) StdoutLine: {'line': b'[ 45%] \x1b[32mBuilding C object esp-idf/esp_hw_support/CMakeFiles/__idf_esp_hw_support.dir/esp_gpio_reserve.c.obj\x1b[0m\n'}
[27.127807] (Ros2_esp32) StdoutLine: {'line': b'[ 45%] \x1b[32mBuilding C object esp-idf/esp_hw_support/CMakeFiles/__idf_esp_hw_support.dir/sar_periph_ctrl_common.c.obj\x1b[0m\n'}
[27.135679] (Ros2_esp32) StdoutLine: {'line': b'[ 45%] \x1b[32mBuilding C object esp-idf/esp_hw_support/CMakeFiles/__idf_esp_hw_support.dir/port/esp32s3/io_mux.c.obj\x1b[0m\n'}
[27.147866] (Ros2_esp32) StdoutLine: {'line': b'[ 45%] \x1b[32mBuilding C object esp-idf/esp_hw_support/CMakeFiles/__idf_esp_hw_support.dir/port/esp32s3/esp_clk_tree.c.obj\x1b[0m\n'}
[27.192646] (Ros2_esp32) StdoutLine: {'line': b'[ 46%] \x1b[32mBuilding C object esp-idf/esp_hw_support/CMakeFiles/__idf_esp_hw_support.dir/dma/gdma_link.c.obj\x1b[0m\n'}
[27.192973] (Ros2_esp32) StdoutLine: {'line': b'[ 46%] \x1b[32mBuilding C object esp-idf/esp_hw_support/CMakeFiles/__idf_esp_hw_support.dir/dma/esp_dma_utils.c.obj\x1b[0m\n'}
[27.197445] (Ros2_esp32) StdoutLine: {'line': b'[ 46%] \x1b[32mBuilding C object esp-idf/esp_hw_support/CMakeFiles/__idf_esp_hw_support.dir/spi_bus_lock.c.obj\x1b[0m\n'}
[27.207634] (-) TimerEvent: {}
[27.211717] (Ros2_esp32) StdoutLine: {'line': b'[ 46%] \x1b[32mBuilding C object esp-idf/esp_hw_support/CMakeFiles/__idf_esp_hw_support.dir/clk_utils.c.obj\x1b[0m\n'}
[27.237842] (Ros2_esp32) StdoutLine: {'line': b'[ 46%] \x1b[32mBuilding C object esp-idf/esp_hw_support/CMakeFiles/__idf_esp_hw_support.dir/port/esp_clk_tree_common.c.obj\x1b[0m\n'}
[27.277011] (Ros2_esp32) StdoutLine: {'line': b'[ 46%] \x1b[32mBuilding C object esp-idf/esp_hw_support/CMakeFiles/__idf_esp_hw_support.dir/spi_share_hw_ctrl.c.obj\x1b[0m\n'}
[27.283539] (Ros2_esp32) StdoutLine: {'line': b'[ 46%] \x1b[32mBuilding C object esp-idf/esp_hw_support/CMakeFiles/__idf_esp_hw_support.dir/adc_share_hw_ctrl.c.obj\x1b[0m\n'}
[27.287226] (Ros2_esp32) StdoutLine: {'line': b'[ 46%] \x1b[32mBuilding C object esp-idf/esp_hw_support/CMakeFiles/__idf_esp_hw_support.dir/sleep_modem.c.obj\x1b[0m\n'}
[27.292767] (Ros2_esp32) StdoutLine: {'line': b'[ 46%] \x1b[32mBuilding C object esp-idf/esp_hw_support/CMakeFiles/__idf_esp_hw_support.dir/sleep_modes.c.obj\x1b[0m\n'}
[27.305403] (Ros2_esp32) StdoutLine: {'line': b'[ 46%] \x1b[32mBuilding C object esp-idf/esp_hw_support/CMakeFiles/__idf_esp_hw_support.dir/sleep_console.c.obj\x1b[0m\n'}
[27.307968] (-) TimerEvent: {}
[27.345752] (Ros2_esp32) StdoutLine: {'line': b'[ 46%] \x1b[32mBuilding C object esp-idf/esp_hw_support/CMakeFiles/__idf_esp_hw_support.dir/sleep_mspi.c.obj\x1b[0m\n'}
[27.351996] (Ros2_esp32) StdoutLine: {'line': b'[ 47%] \x1b[32mBuilding C object esp-idf/esp_hw_support/CMakeFiles/__idf_esp_hw_support.dir/sleep_usb.c.obj\x1b[0m\n'}
[27.393611] (Ros2_esp32) StdoutLine: {'line': b'[ 47%] \x1b[32mBuilding C object esp-idf/esp_hw_support/CMakeFiles/__idf_esp_hw_support.dir/sleep_gpio.c.obj\x1b[0m\n'}
[27.398726] (Ros2_esp32) StdoutLine: {'line': b'[ 47%] \x1b[32mBuilding C object esp-idf/esp_hw_support/CMakeFiles/__idf_esp_hw_support.dir/sleep_event.c.obj\x1b[0m\n'}
[27.405047] (Ros2_esp32) StdoutLine: {'line': b'[ 47%] \x1b[32mBuilding C object esp-idf/esp_hw_support/CMakeFiles/__idf_esp_hw_support.dir/deprecated/gdma_legacy.c.obj\x1b[0m\n'}
[27.406183] (Ros2_esp32) StdoutLine: {'line': b'[ 47%] \x1b[32mBuilding C object esp-idf/esp_hw_support/CMakeFiles/__idf_esp_hw_support.dir/dma/gdma.c.obj\x1b[0m\n'}
[27.408460] (-) TimerEvent: {}
[27.417807] (Ros2_esp32) StdoutLine: {'line': b'[ 47%] \x1b[32mBuilding C object esp-idf/esp_hw_support/CMakeFiles/__idf_esp_hw_support.dir/dma/async_memcpy_gdma.c.obj\x1b[0m\n'}
[27.421762] (Ros2_esp32) StdoutLine: {'line': b'[ 47%] \x1b[32mBuilding C object esp-idf/esp_hw_support/CMakeFiles/__idf_esp_hw_support.dir/dma/esp_async_memcpy.c.obj\x1b[0m\n'}
[27.450724] (Ros2_esp32) StdoutLine: {'line': b'[ 47%] \x1b[32mBuilding C object esp-idf/esp_hw_support/CMakeFiles/__idf_esp_hw_support.dir/port/esp32s3/systimer.c.obj\x1b[0m\n'}
[27.496735] (Ros2_esp32) StdoutLine: {'line': b'[ 47%] \x1b[32mBuilding C object esp-idf/esp_hw_support/CMakeFiles/__idf_esp_hw_support.dir/mspi_timing_tuning/mspi_timing_tuning.c.obj\x1b[0m\n'}
[27.511635] (Ros2_esp32) StdoutLine: {'line': b'[ 47%] \x1b[32mBuilding C object esp-idf/esp_hw_support/CMakeFiles/__idf_esp_hw_support.dir/esp_clock_output.c.obj\x1b[0m\n'}
[27.511989] (-) TimerEvent: {}
[27.513752] (Ros2_esp32) StdoutLine: {'line': b'[ 47%] \x1b[32mBuilding C object esp-idf/esp_hw_support/CMakeFiles/__idf_esp_hw_support.dir/sleep_wake_stub.c.obj\x1b[0m\n'}
[27.524042] (Ros2_esp32) StdoutLine: {'line': b'[ 48%] \x1b[32mBuilding C object esp-idf/esp_hw_support/CMakeFiles/__idf_esp_hw_support.dir/power_supply/brownout.c.obj\x1b[0m\n'}
[27.529558] (Ros2_esp32) StdoutLine: {'line': b'[ 48%] \x1b[32mBuilding C object esp-idf/esp_hw_support/CMakeFiles/__idf_esp_hw_support.dir/port/esp32s3/rtc_clk.c.obj\x1b[0m\n'}
[27.557025] (Ros2_esp32) StdoutLine: {'line': b'[ 48%] \x1b[32mBuilding C object esp-idf/esp_hw_support/CMakeFiles/__idf_esp_hw_support.dir/port/esp32s3/rtc_clk_init.c.obj\x1b[0m\n'}
[27.569638] (Ros2_esp32) StdoutLine: {'line': b'[ 48%] \x1b[32mBuilding C object esp-idf/esp_hw_support/CMakeFiles/__idf_esp_hw_support.dir/port/esp32s3/rtc_init.c.obj\x1b[0m\n'}
[27.612188] (Ros2_esp32) StdoutLine: {'line': b'[ 48%] \x1b[32mBuilding C object esp-idf/esp_hw_support/CMakeFiles/__idf_esp_hw_support.dir/port/esp32s3/rtc_sleep.c.obj\x1b[0m\n'}
[27.612426] (-) TimerEvent: {}
[27.652684] (Ros2_esp32) StdoutLine: {'line': b'[ 48%] \x1b[32mBuilding C object esp-idf/esp_hw_support/CMakeFiles/__idf_esp_hw_support.dir/port/esp32s3/rtc_time.c.obj\x1b[0m\n'}
[27.697715] (Ros2_esp32) StdoutLine: {'line': b'[ 48%] \x1b[32mBuilding C object esp-idf/esp_hw_support/CMakeFiles/__idf_esp_hw_support.dir/port/esp32s3/chip_info.c.obj\x1b[0m\n'}
[27.699791] (Ros2_esp32) StdoutLine: {'line': b'[ 48%] \x1b[32mBuilding C object esp-idf/esp_hw_support/CMakeFiles/__idf_esp_hw_support.dir/port/esp32s3/sar_periph_ctrl.c.obj\x1b[0m\n'}
[27.701283] (Ros2_esp32) StdoutLine: {'line': b'[ 48%] \x1b[32mBuilding C object esp-idf/esp_hw_support/CMakeFiles/__idf_esp_hw_support.dir/port/esp32s3/esp_memprot.c.obj\x1b[0m\n'}
[27.712624] (-) TimerEvent: {}
[27.738492] (Ros2_esp32) StdoutLine: {'line': b'[ 48%] \x1b[32mBuilding C object esp-idf/esp_hw_support/CMakeFiles/__idf_esp_hw_support.dir/port/esp_memprot_conv.c.obj\x1b[0m\n'}
[27.757744] (Ros2_esp32) StdoutLine: {'line': b'[ 48%] \x1b[32mBuilding C object esp-idf/esp_hw_support/CMakeFiles/__idf_esp_hw_support.dir/mspi_timing_tuning/port/esp32s3/mspi_timing_config.c.obj\x1b[0m\n'}
[27.759464] (Ros2_esp32) StdoutLine: {'line': b'[ 50%] \x1b[32mBuilding C object esp-idf/esp_hw_support/CMakeFiles/__idf_esp_hw_support.dir/mspi_timing_tuning/port/esp32s3/mspi_timing_by_mspi_delay.c.obj\x1b[0m\n'}
[27.774598] (Ros2_esp32) StdoutLine: {'line': b'[ 50%] \x1b[32mBuilding C object esp-idf/esp_hw_support/CMakeFiles/__idf_esp_hw_support.dir/lowpower/port/esp32s3/sleep_cpu.c.obj\x1b[0m\n'}
[27.812766] (-) TimerEvent: {}
[27.913166] (-) TimerEvent: {}
[28.013545] (-) TimerEvent: {}
[28.113936] (-) TimerEvent: {}
[28.129157] (Ros2_esp32) StdoutLine: {'line': b'[ 50%] \x1b[32m\x1b[1mLinking C static library libesp_hw_support.a\x1b[0m\n'}
[28.213404] (Ros2_esp32) StdoutLine: {'line': b'[ 50%] Built target __idf_esp_hw_support\n'}
[28.214025] (-) TimerEvent: {}
[28.235120] (Ros2_esp32) StdoutLine: {'line': b'[ 50%] \x1b[32mBuilding C object esp-idf/esp_security/CMakeFiles/__idf_esp_security.dir/src/esp_crypto_periph_clk.c.obj\x1b[0m\n'}
[28.235352] (Ros2_esp32) StdoutLine: {'line': b'[ 50%] \x1b[32mBuilding C object esp-idf/esp_security/CMakeFiles/__idf_esp_security.dir/src/init.c.obj\x1b[0m\n'}
[28.235429] (Ros2_esp32) StdoutLine: {'line': b'[ 50%] \x1b[32mBuilding C object esp-idf/esp_security/CMakeFiles/__idf_esp_security.dir/src/esp_ds.c.obj\x1b[0m\n'}
[28.235539] (Ros2_esp32) StdoutLine: {'line': b'[ 50%] \x1b[32mBuilding C object esp-idf/esp_security/CMakeFiles/__idf_esp_security.dir/src/esp_hmac.c.obj\x1b[0m\n'}
[28.235617] (Ros2_esp32) StdoutLine: {'line': b'[ 50%] \x1b[32mBuilding C object esp-idf/esp_security/CMakeFiles/__idf_esp_security.dir/src/esp_crypto_lock.c.obj\x1b[0m\n'}
[28.314178] (-) TimerEvent: {}
[28.345012] (Ros2_esp32) StdoutLine: {'line': b'[ 50%] \x1b[32m\x1b[1mLinking C static library libesp_security.a\x1b[0m\n'}
[28.381549] (Ros2_esp32) StdoutLine: {'line': b'[ 50%] Built target __idf_esp_security\n'}
[28.409678] (Ros2_esp32) StdoutLine: {'line': b'[ 50%] \x1b[32mBuilding C object esp-idf/soc/CMakeFiles/__idf_soc.dir/esp32s3/interrupts.c.obj\x1b[0m\n'}
[28.409962] (Ros2_esp32) StdoutLine: {'line': b'[ 50%] \x1b[32mBuilding C object esp-idf/soc/CMakeFiles/__idf_soc.dir/dport_access_common.c.obj\x1b[0m\n'}
[28.410042] (Ros2_esp32) StdoutLine: {'line': b'[ 50%] \x1b[32mBuilding C object esp-idf/soc/CMakeFiles/__idf_soc.dir/esp32s3/gpio_periph.c.obj\x1b[0m\n'}
[28.410113] (Ros2_esp32) StdoutLine: {'line': b'[ 50%] \x1b[32mBuilding C object esp-idf/soc/CMakeFiles/__idf_soc.dir/esp32s3/adc_periph.c.obj\x1b[0m\n'}
[28.410183] (Ros2_esp32) StdoutLine: {'line': b'[ 50%] \x1b[32mBuilding C object esp-idf/soc/CMakeFiles/__idf_soc.dir/esp32s3/dedic_gpio_periph.c.obj\x1b[0m\n'}
[28.410328] (Ros2_esp32) StdoutLine: {'line': b'[ 50%] \x1b[32mBuilding C object esp-idf/soc/CMakeFiles/__idf_soc.dir/esp32s3/spi_periph.c.obj\x1b[0m\n'}
[28.410408] (Ros2_esp32) StdoutLine: {'line': b'[ 50%] \x1b[32mBuilding C object esp-idf/soc/CMakeFiles/__idf_soc.dir/esp32s3/gdma_periph.c.obj\x1b[0m\n'}
[28.410479] (Ros2_esp32) StdoutLine: {'line': b'[ 50%] \x1b[32mBuilding C object esp-idf/soc/CMakeFiles/__idf_soc.dir/esp32s3/uart_periph.c.obj\x1b[0m\n'}
[28.414417] (Ros2_esp32) StdoutLine: {'line': b'[ 51%] \x1b[32mBuilding C object esp-idf/soc/CMakeFiles/__idf_soc.dir/lldesc.c.obj\x1b[0m\n'}
[28.414721] (-) TimerEvent: {}
[28.414881] (Ros2_esp32) StdoutLine: {'line': b'[ 51%] \x1b[32mBuilding C object esp-idf/soc/CMakeFiles/__idf_soc.dir/esp32s3/ledc_periph.c.obj\x1b[0m\n'}
[28.416457] (Ros2_esp32) StdoutLine: {'line': b'[ 51%] \x1b[32mBuilding C object esp-idf/soc/CMakeFiles/__idf_soc.dir/esp32s3/pcnt_periph.c.obj\x1b[0m\n'}
[28.418996] (Ros2_esp32) StdoutLine: {'line': b'[ 51%] \x1b[32mBuilding C object esp-idf/soc/CMakeFiles/__idf_soc.dir/esp32s3/rmt_periph.c.obj\x1b[0m\n'}
[28.458926] (Ros2_esp32) StdoutLine: {'line': b'[ 51%] \x1b[32mBuilding C object esp-idf/soc/CMakeFiles/__idf_soc.dir/esp32s3/i2s_periph.c.obj\x1b[0m\n'}
[28.459213] (Ros2_esp32) StdoutLine: {'line': b'[ 51%] \x1b[32mBuilding C object esp-idf/soc/CMakeFiles/__idf_soc.dir/esp32s3/i2c_periph.c.obj\x1b[0m\n'}
[28.459292] (Ros2_esp32) StdoutLine: {'line': b'[ 51%] \x1b[32mBuilding C object esp-idf/soc/CMakeFiles/__idf_soc.dir/esp32s3/sdm_periph.c.obj\x1b[0m\n'}
[28.475892] (Ros2_esp32) StdoutLine: {'line': b'[ 51%] \x1b[32mBuilding C object esp-idf/soc/CMakeFiles/__idf_soc.dir/esp32s3/temperature_sensor_periph.c.obj\x1b[0m\n'}
[28.478052] (Ros2_esp32) StdoutLine: {'line': b'[ 51%] \x1b[32mBuilding C object esp-idf/soc/CMakeFiles/__idf_soc.dir/esp32s3/timer_periph.c.obj\x1b[0m\n'}
[28.480051] (Ros2_esp32) StdoutLine: {'line': b'[ 51%] \x1b[32mBuilding C object esp-idf/soc/CMakeFiles/__idf_soc.dir/esp32s3/mpi_periph.c.obj\x1b[0m\n'}
[28.481805] (Ros2_esp32) StdoutLine: {'line': b'[ 51%] \x1b[32mBuilding C object esp-idf/soc/CMakeFiles/__idf_soc.dir/esp32s3/mcpwm_periph.c.obj\x1b[0m\n'}
[28.482513] (Ros2_esp32) StdoutLine: {'line': b'[ 51%] \x1b[32mBuilding C object esp-idf/soc/CMakeFiles/__idf_soc.dir/esp32s3/lcd_periph.c.obj\x1b[0m\n'}
[28.482680] (Ros2_esp32) StdoutLine: {'line': b'[ 52%] \x1b[32mBuilding C object esp-idf/soc/CMakeFiles/__idf_soc.dir/esp32s3/sdmmc_periph.c.obj\x1b[0m\n'}
[28.488658] (Ros2_esp32) StdoutLine: {'line': b'[ 52%] \x1b[32mBuilding C object esp-idf/soc/CMakeFiles/__idf_soc.dir/esp32s3/twai_periph.c.obj\x1b[0m\n'}
[28.488988] (Ros2_esp32) StdoutLine: {'line': b'[ 52%] \x1b[32mBuilding C object esp-idf/soc/CMakeFiles/__idf_soc.dir/esp32s3/wdt_periph.c.obj\x1b[0m\n'}
[28.494562] (Ros2_esp32) StdoutLine: {'line': b'[ 52%] \x1b[32mBuilding C object esp-idf/soc/CMakeFiles/__idf_soc.dir/esp32s3/touch_sensor_periph.c.obj\x1b[0m\n'}
[28.496434] (Ros2_esp32) StdoutLine: {'line': b'[ 52%] \x1b[32mBuilding C object esp-idf/soc/CMakeFiles/__idf_soc.dir/esp32s3/usb_dwc_periph.c.obj\x1b[0m\n'}
[28.515047] (-) TimerEvent: {}
[28.519945] (Ros2_esp32) StdoutLine: {'line': b'[ 52%] \x1b[32mBuilding C object esp-idf/soc/CMakeFiles/__idf_soc.dir/esp32s3/rtc_io_periph.c.obj\x1b[0m\n'}
[28.528709] (Ros2_esp32) StdoutLine: {'line': b'[ 52%] \x1b[32mBuilding C object esp-idf/soc/CMakeFiles/__idf_soc.dir/esp32s3/cam_periph.c.obj\x1b[0m\n'}
[28.530157] (Ros2_esp32) StdoutLine: {'line': b'[ 52%] \x1b[32mBuilding C object esp-idf/soc/CMakeFiles/__idf_soc.dir/esp32s3/power_supply_periph.c.obj\x1b[0m\n'}
[28.565117] (Ros2_esp32) StdoutLine: {'line': b'[ 52%] \x1b[32m\x1b[1mLinking C static library libsoc.a\x1b[0m\n'}
[28.614098] (Ros2_esp32) StdoutLine: {'line': b'[ 52%] Built target __idf_soc\n'}
[28.615119] (-) TimerEvent: {}
[28.635329] (Ros2_esp32) StdoutLine: {'line': b'[ 52%] \x1b[32mBuilding C object esp-idf/heap/CMakeFiles/__idf_heap.dir/tlsf/tlsf.c.obj\x1b[0m\n'}
[28.635645] (Ros2_esp32) StdoutLine: {'line': b'[ 52%] \x1b[32mBuilding C object esp-idf/heap/CMakeFiles/__idf_heap.dir/heap_caps_base.c.obj\x1b[0m\n'}
[28.635744] (Ros2_esp32) StdoutLine: {'line': b'[ 52%] \x1b[32mBuilding C object esp-idf/heap/CMakeFiles/__idf_heap.dir/multi_heap.c.obj\x1b[0m\n'}
[28.635817] (Ros2_esp32) StdoutLine: {'line': b'[ 52%] \x1b[32mBuilding C object esp-idf/heap/CMakeFiles/__idf_heap.dir/heap_caps.c.obj\x1b[0m\n'}
[28.635906] (Ros2_esp32) StdoutLine: {'line': b'[ 52%] \x1b[32mBuilding C object esp-idf/heap/CMakeFiles/__idf_heap.dir/port/memory_layout_utils.c.obj\x1b[0m\n'}
[28.635975] (Ros2_esp32) StdoutLine: {'line': b'[ 52%] \x1b[32mBuilding C object esp-idf/heap/CMakeFiles/__idf_heap.dir/heap_caps_init.c.obj\x1b[0m\n'}
[28.638338] (Ros2_esp32) StdoutLine: {'line': b'[ 52%] \x1b[32mBuilding C object esp-idf/heap/CMakeFiles/__idf_heap.dir/port/esp32s3/memory_layout.c.obj\x1b[0m\n'}
[28.715256] (-) TimerEvent: {}
[28.815597] (-) TimerEvent: {}
[28.915898] (-) TimerEvent: {}
[28.977424] (Ros2_esp32) StdoutLine: {'line': b'[ 52%] \x1b[32m\x1b[1mLinking C static library libheap.a\x1b[0m\n'}
[29.016017] (-) TimerEvent: {}
[29.019182] (Ros2_esp32) StdoutLine: {'line': b'[ 52%] Built target __idf_heap\n'}
[29.045265] (Ros2_esp32) StdoutLine: {'line': b'[ 52%] \x1b[32mBuilding C object esp-idf/log/CMakeFiles/__idf_log.dir/src/os/log_timestamp.c.obj\x1b[0m\n'}
[29.045884] (Ros2_esp32) StdoutLine: {'line': b'[ 52%] \x1b[32mBuilding C object esp-idf/log/CMakeFiles/__idf_log.dir/src/os/log_lock.c.obj\x1b[0m\n'}
[29.046025] (Ros2_esp32) StdoutLine: {'line': b'[ 52%] \x1b[32mBuilding C object esp-idf/log/CMakeFiles/__idf_log.dir/src/log_format_text.c.obj\x1b[0m\n'}
[29.046111] (Ros2_esp32) StdoutLine: {'line': b'[ 52%] \x1b[32mBuilding C object esp-idf/log/CMakeFiles/__idf_log.dir/src/os/util.c.obj\x1b[0m\n'}
[29.046187] (Ros2_esp32) StdoutLine: {'line': b'[ 52%] \x1b[32mBuilding C object esp-idf/log/CMakeFiles/__idf_log.dir/src/util.c.obj\x1b[0m\n'}
[29.046273] (Ros2_esp32) StdoutLine: {'line': b'[ 52%] \x1b[32mBuilding C object esp-idf/log/CMakeFiles/__idf_log.dir/src/buffer/log_buffers.c.obj\x1b[0m\n'}
[29.046343] (Ros2_esp32) StdoutLine: {'line': b'[ 53%] \x1b[32mBuilding C object esp-idf/log/CMakeFiles/__idf_log.dir/src/log_print.c.obj\x1b[0m\n'}
[29.046415] (Ros2_esp32) StdoutLine: {'line': b'[ 53%] \x1b[32mBuilding C object esp-idf/log/CMakeFiles/__idf_log.dir/src/log_timestamp_common.c.obj\x1b[0m\n'}
[29.046492] (Ros2_esp32) StdoutLine: {'line': b'[ 53%] \x1b[32mBuilding C object esp-idf/log/CMakeFiles/__idf_log.dir/src/log.c.obj\x1b[0m\n'}
[29.046596] (Ros2_esp32) StdoutLine: {'line': b'[ 53%] \x1b[32mBuilding C object esp-idf/log/CMakeFiles/__idf_log.dir/src/os/log_write.c.obj\x1b[0m\n'}
[29.046738] (Ros2_esp32) StdoutLine: {'line': b'[ 53%] \x1b[32mBuilding C object esp-idf/log/CMakeFiles/__idf_log.dir/src/log_level/tag_log_level/tag_log_level.c.obj\x1b[0m\n'}
[29.048474] (Ros2_esp32) StdoutLine: {'line': b'[ 53%] \x1b[32mBuilding C object esp-idf/log/CMakeFiles/__idf_log.dir/src/log_level/log_level.c.obj\x1b[0m\n'}
[29.107033] (Ros2_esp32) StdoutLine: {'line': b'[ 53%] \x1b[32mBuilding C object esp-idf/log/CMakeFiles/__idf_log.dir/src/log_level/tag_log_level/linked_list/log_linked_list.c.obj\x1b[0m\n'}
[29.111745] (Ros2_esp32) StdoutLine: {'line': b'[ 53%] \x1b[32mBuilding C object esp-idf/log/CMakeFiles/__idf_log.dir/src/log_level/tag_log_level/cache/log_binary_heap.c.obj\x1b[0m\n'}
[29.116177] (-) TimerEvent: {}
[29.171251] (Ros2_esp32) StdoutLine: {'line': b'[ 53%] \x1b[32m\x1b[1mLinking C static library liblog.a\x1b[0m\n'}
[29.213759] (Ros2_esp32) StdoutLine: {'line': b'[ 53%] Built target __idf_log\n'}
[29.216303] (-) TimerEvent: {}
[29.240945] (Ros2_esp32) StdoutLine: {'line': b'[ 54%] \x1b[32mBuilding C object esp-idf/hal/CMakeFiles/__idf_hal.dir/esp32s3/efuse_hal.c.obj\x1b[0m\n'}
[29.241201] (Ros2_esp32) StdoutLine: {'line': b'[ 54%] \x1b[32mBuilding C object esp-idf/hal/CMakeFiles/__idf_hal.dir/mmu_hal.c.obj\x1b[0m\n'}
[29.241282] (Ros2_esp32) StdoutLine: {'line': b'[ 54%] \x1b[32mBuilding C object esp-idf/hal/CMakeFiles/__idf_hal.dir/cache_hal.c.obj\x1b[0m\n'}
[29.241357] (Ros2_esp32) StdoutLine: {'line': b'[ 54%] \x1b[32mBuilding C object esp-idf/hal/CMakeFiles/__idf_hal.dir/mpu_hal.c.obj\x1b[0m\n'}
[29.241430] (Ros2_esp32) StdoutLine: {'line': b'[ 54%] \x1b[32mBuilding C object esp-idf/hal/CMakeFiles/__idf_hal.dir/spi_flash_hal.c.obj\x1b[0m\n'}
[29.241505] (Ros2_esp32) StdoutLine: {'line': b'[ 54%] \x1b[32mBuilding C object esp-idf/hal/CMakeFiles/__idf_hal.dir/spi_flash_hal_iram.c.obj\x1b[0m\n'}
[29.243060] (Ros2_esp32) StdoutLine: {'line': b'[ 54%] \x1b[32mBuilding C object esp-idf/hal/CMakeFiles/__idf_hal.dir/color_hal.c.obj\x1b[0m\n'}
[29.243342] (Ros2_esp32) StdoutLine: {'line': b'[ 54%] \x1b[32mBuilding C object esp-idf/hal/CMakeFiles/__idf_hal.dir/efuse_hal.c.obj\x1b[0m\n'}
[29.243418] (Ros2_esp32) StdoutLine: {'line': b'[ 54%] \x1b[32mBuilding C object esp-idf/hal/CMakeFiles/__idf_hal.dir/spi_flash_encrypt_hal_iram.c.obj\x1b[0m\n'}
[29.243487] (Ros2_esp32) StdoutLine: {'line': b'[ 54%] \x1b[32mBuilding C object esp-idf/hal/CMakeFiles/__idf_hal.dir/hal_utils.c.obj\x1b[0m\n'}
[29.243576] (Ros2_esp32) StdoutLine: {'line': b'[ 54%] \x1b[32mBuilding C object esp-idf/hal/CMakeFiles/__idf_hal.dir/systimer_hal.c.obj\x1b[0m\n'}
[29.243648] (Ros2_esp32) StdoutLine: {'line': b'[ 54%] \x1b[32mBuilding C object esp-idf/hal/CMakeFiles/__idf_hal.dir/esp32s3/clk_tree_hal.c.obj\x1b[0m\n'}
[29.298420] (Ros2_esp32) StdoutLine: {'line': b'[ 55%] \x1b[32mBuilding C object esp-idf/hal/CMakeFiles/__idf_hal.dir/uart_hal.c.obj\x1b[0m\n'}
[29.316444] (-) TimerEvent: {}
[29.321935] (Ros2_esp32) StdoutLine: {'line': b'[ 55%] \x1b[32mBuilding C object esp-idf/hal/CMakeFiles/__idf_hal.dir/uart_hal_iram.c.obj\x1b[0m\n'}
[29.324355] (Ros2_esp32) StdoutLine: {'line': b'[ 55%] \x1b[32mBuilding C object esp-idf/hal/CMakeFiles/__idf_hal.dir/gpio_hal.c.obj\x1b[0m\n'}
[29.330509] (Ros2_esp32) StdoutLine: {'line': b'[ 55%] \x1b[32mBuilding C object esp-idf/hal/CMakeFiles/__idf_hal.dir/timer_hal.c.obj\x1b[0m\n'}
[29.334972] (Ros2_esp32) StdoutLine: {'line': b'[ 55%] \x1b[32mBuilding C object esp-idf/hal/CMakeFiles/__idf_hal.dir/rtc_io_hal.c.obj\x1b[0m\n'}
[29.358997] (Ros2_esp32) StdoutLine: {'line': b'[ 55%] \x1b[32mBuilding C object esp-idf/hal/CMakeFiles/__idf_hal.dir/ledc_hal.c.obj\x1b[0m\n'}
[29.366624] (Ros2_esp32) StdoutLine: {'line': b'[ 55%] \x1b[32mBuilding C object esp-idf/hal/CMakeFiles/__idf_hal.dir/ledc_hal_iram.c.obj\x1b[0m\n'}
[29.394720] (Ros2_esp32) StdoutLine: {'line': b'[ 55%] \x1b[32mBuilding C object esp-idf/hal/CMakeFiles/__idf_hal.dir/i2c_hal.c.obj\x1b[0m\n'}
[29.394968] (Ros2_esp32) StdoutLine: {'line': b'[ 55%] \x1b[32mBuilding C object esp-idf/hal/CMakeFiles/__idf_hal.dir/i2c_hal_iram.c.obj\x1b[0m\n'}
[29.403297] (Ros2_esp32) StdoutLine: {'line': b'[ 55%] \x1b[32mBuilding C object esp-idf/hal/CMakeFiles/__idf_hal.dir/rmt_hal.c.obj\x1b[0m\n'}
[29.412715] (Ros2_esp32) StdoutLine: {'line': b'[ 55%] \x1b[32mBuilding C object esp-idf/hal/CMakeFiles/__idf_hal.dir/pcnt_hal.c.obj\x1b[0m\n'}
[29.418132] (-) TimerEvent: {}
[29.418757] (Ros2_esp32) StdoutLine: {'line': b'[ 56%] \x1b[32mBuilding C object esp-idf/hal/CMakeFiles/__idf_hal.dir/mcpwm_hal.c.obj\x1b[0m\n'}
[29.428584] (Ros2_esp32) StdoutLine: {'line': b'[ 56%] \x1b[32mBuilding C object esp-idf/hal/CMakeFiles/__idf_hal.dir/uhci_hal.c.obj\x1b[0m\n'}
[29.446733] (Ros2_esp32) StdoutLine: {'line': b'[ 56%] \x1b[32mBuilding C object esp-idf/hal/CMakeFiles/__idf_hal.dir/twai_hal_v1.c.obj\x1b[0m\n'}
[29.449637] (Ros2_esp32) StdoutLine: {'line': b'[ 56%] \x1b[32mBuilding C object esp-idf/hal/CMakeFiles/__idf_hal.dir/gdma_hal_top.c.obj\x1b[0m\n'}
[29.477782] (Ros2_esp32) StdoutLine: {'line': b'[ 56%] \x1b[32mBuilding C object esp-idf/hal/CMakeFiles/__idf_hal.dir/gdma_hal_ahb_v1.c.obj\x1b[0m\n'}
[29.478667] (Ros2_esp32) StdoutLine: {'line': b'[ 56%] \x1b[32mBuilding C object esp-idf/hal/CMakeFiles/__idf_hal.dir/i2s_hal.c.obj\x1b[0m\n'}
[29.480728] (Ros2_esp32) StdoutLine: {'line': b'[ 56%] \x1b[32mBuilding C object esp-idf/hal/CMakeFiles/__idf_hal.dir/sdm_hal.c.obj\x1b[0m\n'}
[29.485883] (Ros2_esp32) StdoutLine: {'line': b'[ 56%] \x1b[32mBuilding C object esp-idf/hal/CMakeFiles/__idf_hal.dir/sdmmc_hal.c.obj\x1b[0m\n'}
[29.489356] (Ros2_esp32) StdoutLine: {'line': b'[ 56%] \x1b[32mBuilding C object esp-idf/hal/CMakeFiles/__idf_hal.dir/adc_hal_common.c.obj\x1b[0m\n'}
[29.493152] (Ros2_esp32) StdoutLine: {'line': b'[ 56%] \x1b[32mBuilding C object esp-idf/hal/CMakeFiles/__idf_hal.dir/adc_oneshot_hal.c.obj\x1b[0m\n'}
[29.493487] (Ros2_esp32) StdoutLine: {'line': b'[ 56%] \x1b[32mBuilding C object esp-idf/hal/CMakeFiles/__idf_hal.dir/adc_hal.c.obj\x1b[0m\n'}
[29.518253] (-) TimerEvent: {}
[29.528388] (Ros2_esp32) StdoutLine: {'line': b'[ 57%] \x1b[32mBuilding C object esp-idf/hal/CMakeFiles/__idf_hal.dir/lcd_hal.c.obj\x1b[0m\n'}
[29.545652] (Ros2_esp32) StdoutLine: {'line': b'[ 57%] \x1b[32mBuilding C object esp-idf/hal/CMakeFiles/__idf_hal.dir/mpi_hal.c.obj\x1b[0m\n'}
[29.546346] (Ros2_esp32) StdoutLine: {'line': b'[ 57%] \x1b[32mBuilding C object esp-idf/hal/CMakeFiles/__idf_hal.dir/aes_hal.c.obj\x1b[0m\n'}
[29.546550] (Ros2_esp32) StdoutLine: {'line': b'[ 57%] \x1b[32mBuilding C object esp-idf/hal/CMakeFiles/__idf_hal.dir/sha_hal.c.obj\x1b[0m\n'}
[29.550747] (Ros2_esp32) StdoutLine: {'line': b'[ 57%] \x1b[32mBuilding C object esp-idf/hal/CMakeFiles/__idf_hal.dir/brownout_hal.c.obj\x1b[0m\n'}
[29.575163] (Ros2_esp32) StdoutLine: {'line': b'[ 57%] \x1b[32mBuilding C object esp-idf/hal/CMakeFiles/__idf_hal.dir/spi_hal.c.obj\x1b[0m\n'}
[29.618437] (-) TimerEvent: {}
[29.624227] (Ros2_esp32) StdoutLine: {'line': b'[ 57%] \x1b[32mBuilding C object esp-idf/hal/CMakeFiles/__idf_hal.dir/spi_hal_iram.c.obj\x1b[0m\n'}
[29.646587] (Ros2_esp32) StdoutLine: {'line': b'[ 57%] \x1b[32mBuilding C object esp-idf/hal/CMakeFiles/__idf_hal.dir/spi_slave_hal.c.obj\x1b[0m\n'}
[29.651957] (Ros2_esp32) StdoutLine: {'line': b'[ 57%] \x1b[32mBuilding C object esp-idf/hal/CMakeFiles/__idf_hal.dir/spi_slave_hal_iram.c.obj\x1b[0m\n'}
[29.654643] (Ros2_esp32) StdoutLine: {'line': b'[ 57%] \x1b[32mBuilding C object esp-idf/hal/CMakeFiles/__idf_hal.dir/spi_slave_hd_hal.c.obj\x1b[0m\n'}
[29.654912] (Ros2_esp32) StdoutLine: {'line': b'[ 58%] \x1b[32mBuilding C object esp-idf/hal/CMakeFiles/__idf_hal.dir/spi_flash_hal_gpspi.c.obj\x1b[0m\n'}
[29.658409] (Ros2_esp32) StdoutLine: {'line': b'[ 58%] \x1b[32mBuilding C object esp-idf/hal/CMakeFiles/__idf_hal.dir/hmac_hal.c.obj\x1b[0m\n'}
[29.666924] (Ros2_esp32) StdoutLine: {'line': b'[ 58%] \x1b[32mBuilding C object esp-idf/hal/CMakeFiles/__idf_hal.dir/ds_hal.c.obj\x1b[0m\n'}
[29.679701] (Ros2_esp32) StdoutLine: {'line': b'[ 58%] \x1b[32mBuilding C object esp-idf/hal/CMakeFiles/__idf_hal.dir/usb_serial_jtag_hal.c.obj\x1b[0m\n'}
[29.680614] (Ros2_esp32) StdoutLine: {'line': b'[ 58%] \x1b[32mBuilding C object esp-idf/hal/CMakeFiles/__idf_hal.dir/cam_hal.c.obj\x1b[0m\n'}
[29.715057] (Ros2_esp32) StdoutLine: {'line': b'[ 58%] \x1b[32mBuilding C object esp-idf/hal/CMakeFiles/__idf_hal.dir/usb_dwc_hal.c.obj\x1b[0m\n'}
[29.718689] (-) TimerEvent: {}
[29.732504] (Ros2_esp32) StdoutLine: {'line': b'[ 58%] \x1b[32mBuilding C object esp-idf/hal/CMakeFiles/__idf_hal.dir/usb_wrap_hal.c.obj\x1b[0m\n'}
[29.745099] (Ros2_esp32) StdoutLine: {'line': b'[ 58%] \x1b[32mBuilding C object esp-idf/hal/CMakeFiles/__idf_hal.dir/esp32s3/touch_sensor_hal.c.obj\x1b[0m\n'}
[29.765601] (Ros2_esp32) StdoutLine: {'line': b'[ 58%] \x1b[32mBuilding C object esp-idf/hal/CMakeFiles/__idf_hal.dir/touch_sensor_hal.c.obj\x1b[0m\n'}
[29.769659] (Ros2_esp32) StdoutLine: {'line': b'[ 58%] \x1b[32mBuilding C object esp-idf/hal/CMakeFiles/__idf_hal.dir/xt_wdt_hal.c.obj\x1b[0m\n'}
[29.773274] (Ros2_esp32) StdoutLine: {'line': b'[ 58%] \x1b[32mBuilding C object esp-idf/hal/CMakeFiles/__idf_hal.dir/touch_sens_hal.c.obj\x1b[0m\n'}
[29.804763] (Ros2_esp32) StdoutLine: {'line': b'[ 59%] \x1b[32mBuilding C object esp-idf/hal/CMakeFiles/__idf_hal.dir/esp32s3/rtc_cntl_hal.c.obj\x1b[0m\n'}
[29.818845] (-) TimerEvent: {}
[29.912749] (Ros2_esp32) StdoutLine: {'line': b'[ 59%] \x1b[32m\x1b[1mLinking C static library libhal.a\x1b[0m\n'}
[29.918940] (-) TimerEvent: {}
[29.995799] (Ros2_esp32) StdoutLine: {'line': b'[ 59%] Built target __idf_hal\n'}
[30.005865] (Ros2_esp32) StdoutLine: {'line': b'\x1b[35m\x1b[1mScanning dependencies of target __idf_esp_rom\x1b[0m\n'}
[30.022670] (Ros2_esp32) StdoutLine: {'line': b'[ 59%] \x1b[32mBuilding C object esp-idf/esp_rom/CMakeFiles/__idf_esp_rom.dir/patches/esp_rom_uart.c.obj\x1b[0m\n'}
[30.023003] (-) TimerEvent: {}
[30.023506] (Ros2_esp32) StdoutLine: {'line': b'[ 60%] \x1b[32mBuilding C object esp-idf/esp_rom/CMakeFiles/__idf_esp_rom.dir/patches/esp_rom_sys.c.obj\x1b[0m\n'}
[30.024028] (Ros2_esp32) StdoutLine: {'line': b'[ 59%] \x1b[32mBuilding C object esp-idf/esp_rom/CMakeFiles/__idf_esp_rom.dir/patches/esp_rom_crc.c.obj\x1b[0m\n'}
[30.024126] (Ros2_esp32) StdoutLine: {'line': b'[ 59%] \x1b[32mBuilding C object esp-idf/esp_rom/CMakeFiles/__idf_esp_rom.dir/patches/esp_rom_print.c.obj\x1b[0m\n'}
[30.024199] (Ros2_esp32) StdoutLine: {'line': b'[ 60%] \x1b[32mBuilding C object esp-idf/esp_rom/CMakeFiles/__idf_esp_rom.dir/patches/esp_rom_spiflash.c.obj\x1b[0m\n'}
[30.024275] (Ros2_esp32) StdoutLine: {'line': b'[ 60%] \x1b[32mBuilding C object esp-idf/esp_rom/CMakeFiles/__idf_esp_rom.dir/patches/esp_rom_gpio.c.obj\x1b[0m\n'}
[30.024347] (Ros2_esp32) StdoutLine: {'line': b'[ 60%] \x1b[32mBuilding C object esp-idf/esp_rom/CMakeFiles/__idf_esp_rom.dir/patches/esp_rom_wdt.c.obj\x1b[0m\n'}
[30.024419] (Ros2_esp32) StdoutLine: {'line': b'[ 60%] \x1b[32mBuilding C object esp-idf/esp_rom/CMakeFiles/__idf_esp_rom.dir/patches/esp_rom_efuse.c.obj\x1b[0m\n'}
[30.024493] (Ros2_esp32) StdoutLine: {'line': b'[ 60%] \x1b[32mBuilding ASM object esp-idf/esp_rom/CMakeFiles/__idf_esp_rom.dir/patches/esp_rom_longjmp.S.obj\x1b[0m\n'}
[30.026055] (<colcon_parallel_executor.executor.parallel.ParallelExecutorExtension object at 0x787922b7f8b0>) ParallelStatus: {'processing': ('Ros2_esp32',)}
[30.026844] (Ros2_esp32) StdoutLine: {'line': b'[ 60%] \x1b[32mBuilding C object esp-idf/esp_rom/CMakeFiles/__idf_esp_rom.dir/patches/esp_rom_systimer.c.obj\x1b[0m\n'}
[30.027123] (Ros2_esp32) StdoutLine: {'line': b'[ 60%] \x1b[32mBuilding C object esp-idf/esp_rom/CMakeFiles/__idf_esp_rom.dir/patches/esp_rom_cache_esp32s2_esp32s3.c.obj\x1b[0m\n'}
[30.030607] (Ros2_esp32) StdoutLine: {'line': b'[ 61%] \x1b[32mBuilding ASM object esp-idf/esp_rom/CMakeFiles/__idf_esp_rom.dir/patches/esp_rom_cache_writeback_esp32s3.S.obj\x1b[0m\n'}
[30.108504] (Ros2_esp32) StdoutLine: {'line': b'[ 61%] \x1b[32m\x1b[1mLinking C static library libesp_rom.a\x1b[0m\n'}
[30.123120] (-) TimerEvent: {}
[30.149247] (Ros2_esp32) StdoutLine: {'line': b'[ 61%] Built target __idf_esp_rom\n'}
[30.168931] (Ros2_esp32) StdoutLine: {'line': b'[ 61%] \x1b[32mBuilding C object esp-idf/esp_common/CMakeFiles/__idf_esp_common.dir/src/esp_err_to_name.c.obj\x1b[0m\n'}
[30.223244] (-) TimerEvent: {}
[30.323566] (-) TimerEvent: {}
[30.352191] (Ros2_esp32) StdoutLine: {'line': b'[ 61%] \x1b[32m\x1b[1mLinking C static library libesp_common.a\x1b[0m\n'}
[30.386238] (Ros2_esp32) StdoutLine: {'line': b'[ 61%] Built target __idf_esp_common\n'}
[30.397047] (Ros2_esp32) StdoutLine: {'line': b'\x1b[35m\x1b[1mScanning dependencies of target __idf_esp_system\x1b[0m\n'}
[30.424512] (Ros2_esp32) StdoutLine: {'line': b'[ 61%] \x1b[32mBuilding C object esp-idf/esp_system/CMakeFiles/__idf_esp_system.dir/crosscore_int.c.obj\x1b[0m\n'}
[30.424816] (-) TimerEvent: {}
[30.424999] (Ros2_esp32) StdoutLine: {'line': b'[ 61%] \x1b[32mBuilding C object esp-idf/esp_system/CMakeFiles/__idf_esp_system.dir/esp_ipc.c.obj\x1b[0m\n'}
[30.425130] (Ros2_esp32) StdoutLine: {'line': b'[ 61%] \x1b[32mBuilding C object esp-idf/esp_system/CMakeFiles/__idf_esp_system.dir/esp_err.c.obj\x1b[0m\n'}
[30.425193] (Ros2_esp32) StdoutLine: {'line': b'[ 62%] \x1b[32mBuilding C object esp-idf/esp_system/CMakeFiles/__idf_esp_system.dir/int_wdt.c.obj\x1b[0m\n'}
[30.425251] (Ros2_esp32) StdoutLine: {'line': b'[ 62%] \x1b[32mBuilding C object esp-idf/esp_system/CMakeFiles/__idf_esp_system.dir/esp_system_console.c.obj\x1b[0m\n'}
[30.425305] (Ros2_esp32) StdoutLine: {'line': b'[ 62%] \x1b[32mBuilding C object esp-idf/esp_system/CMakeFiles/__idf_esp_system.dir/freertos_hooks.c.obj\x1b[0m\n'}
[30.425365] (Ros2_esp32) StdoutLine: {'line': b'[ 62%] \x1b[32mBuilding C object esp-idf/esp_system/CMakeFiles/__idf_esp_system.dir/startup.c.obj\x1b[0m\n'}
[30.425429] (Ros2_esp32) StdoutLine: {'line': b'[ 62%] \x1b[32mBuilding C object esp-idf/esp_system/CMakeFiles/__idf_esp_system.dir/esp_system.c.obj\x1b[0m\n'}
[30.425485] (Ros2_esp32) StdoutLine: {'line': b'[ 62%] \x1b[32mBuilding C object esp-idf/esp_system/CMakeFiles/__idf_esp_system.dir/panic.c.obj\x1b[0m\n'}
[30.426045] (Ros2_esp32) StdoutLine: {'line': b'[ 62%] \x1b[32mBuilding C object esp-idf/esp_system/CMakeFiles/__idf_esp_system.dir/startup_funcs.c.obj\x1b[0m\n'}
[30.428990] (Ros2_esp32) StdoutLine: {'line': b'[ 62%] \x1b[32mBuilding C object esp-idf/esp_system/CMakeFiles/__idf_esp_system.dir/stack_check.c.obj\x1b[0m\n'}
[30.434684] (Ros2_esp32) StdoutLine: {'line': b'[ 62%] \x1b[32mBuilding C object esp-idf/esp_system/CMakeFiles/__idf_esp_system.dir/system_time.c.obj\x1b[0m\n'}
[30.502647] (Ros2_esp32) StdoutLine: {'line': b'[ 62%] \x1b[32mBuilding C object esp-idf/esp_system/CMakeFiles/__idf_esp_system.dir/ubsan.c.obj\x1b[0m\n'}
[30.508431] (Ros2_esp32) StdoutLine: {'line': b'[ 62%] \x1b[32mBuilding C object esp-idf/esp_system/CMakeFiles/__idf_esp_system.dir/xt_wdt.c.obj\x1b[0m\n'}
[30.523256] (Ros2_esp32) StdoutLine: {'line': b'[ 63%] \x1b[32mBuilding C object esp-idf/esp_system/CMakeFiles/__idf_esp_system.dir/task_wdt/task_wdt.c.obj\x1b[0m\n'}
[30.525070] (-) TimerEvent: {}
[30.530679] (Ros2_esp32) StdoutLine: {'line': b'[ 63%] \x1b[32mBuilding C object esp-idf/esp_system/CMakeFiles/__idf_esp_system.dir/task_wdt/task_wdt_impl_timergroup.c.obj\x1b[0m\n'}
[30.531091] (Ros2_esp32) StdoutLine: {'line': b'[ 63%] \x1b[32mBuilding C object esp-idf/esp_system/CMakeFiles/__idf_esp_system.dir/port/cpu_start.c.obj\x1b[0m\n'}
[30.535715] (Ros2_esp32) StdoutLine: {'line': b'[ 63%] \x1b[32mBuilding C object esp-idf/esp_system/CMakeFiles/__idf_esp_system.dir/port/panic_handler.c.obj\x1b[0m\n'}
[30.546738] (Ros2_esp32) StdoutLine: {'line': b'[ 63%] \x1b[32mBuilding C object esp-idf/esp_system/CMakeFiles/__idf_esp_system.dir/port/esp_system_chip.c.obj\x1b[0m\n'}
[30.562078] (Ros2_esp32) StdoutLine: {'line': b'[ 63%] \x1b[32mBuilding C object esp-idf/esp_system/CMakeFiles/__idf_esp_system.dir/port/image_process.c.obj\x1b[0m\n'}
[30.563442] (Ros2_esp32) StdoutLine: {'line': b'[ 63%] \x1b[32mBuilding C object esp-idf/esp_system/CMakeFiles/__idf_esp_system.dir/port/esp_ipc_isr.c.obj\x1b[0m\n'}
[30.625206] (-) TimerEvent: {}
[30.633175] (Ros2_esp32) StdoutLine: {'line': b'[ 63%] \x1b[32mBuilding C object esp-idf/esp_system/CMakeFiles/__idf_esp_system.dir/port/arch/xtensa/esp_ipc_isr_port.c.obj\x1b[0m\n'}
[30.653726] (Ros2_esp32) StdoutLine: {'line': b'[ 63%] \x1b[32mBuilding ASM object esp-idf/esp_system/CMakeFiles/__idf_esp_system.dir/port/arch/xtensa/esp_ipc_isr_handler.S.obj\x1b[0m\n'}
[30.654893] (Ros2_esp32) StdoutLine: {'line': b'[ 63%] \x1b[32mBuilding ASM object esp-idf/esp_system/CMakeFiles/__idf_esp_system.dir/port/arch/xtensa/esp_ipc_isr_routines.S.obj\x1b[0m\n'}
[30.660268] (Ros2_esp32) StdoutLine: {'line': b'[ 64%] \x1b[32mBuilding C object esp-idf/esp_system/CMakeFiles/__idf_esp_system.dir/port/arch/xtensa/panic_arch.c.obj\x1b[0m\n'}
[30.665873] (Ros2_esp32) StdoutLine: {'line': b'[ 64%] \x1b[32mBuilding ASM object esp-idf/esp_system/CMakeFiles/__idf_esp_system.dir/port/arch/xtensa/panic_handler_asm.S.obj\x1b[0m\n'}
[30.677137] (Ros2_esp32) StdoutLine: {'line': b'[ 64%] \x1b[32mBuilding C object esp-idf/esp_system/CMakeFiles/__idf_esp_system.dir/port/arch/xtensa/expression_with_stack.c.obj\x1b[0m\n'}
[30.704641] (Ros2_esp32) StdoutLine: {'line': b'[ 64%] \x1b[32mBuilding ASM object esp-idf/esp_system/CMakeFiles/__idf_esp_system.dir/port/arch/xtensa/expression_with_stack_asm.S.obj\x1b[0m\n'}
[30.706179] (Ros2_esp32) StdoutLine: {'line': b'[ 64%] \x1b[32mBuilding C object esp-idf/esp_system/CMakeFiles/__idf_esp_system.dir/port/arch/xtensa/debug_helpers.c.obj\x1b[0m\n'}
[30.716742] (Ros2_esp32) StdoutLine: {'line': b'[ 64%] \x1b[32mBuilding ASM object esp-idf/esp_system/CMakeFiles/__idf_esp_system.dir/port/arch/xtensa/debug_helpers_asm.S.obj\x1b[0m\n'}
[30.717776] (Ros2_esp32) StdoutLine: {'line': b'[ 64%] \x1b[32mBuilding ASM object esp-idf/esp_system/CMakeFiles/__idf_esp_system.dir/port/soc/esp32s3/highint_hdl.S.obj\x1b[0m\n'}
[30.718697] (Ros2_esp32) StdoutLine: {'line': b'[ 64%] \x1b[32mBuilding C object esp-idf/esp_system/CMakeFiles/__idf_esp_system.dir/port/soc/esp32s3/clk.c.obj\x1b[0m\n'}
[30.719592] (Ros2_esp32) StdoutLine: {'line': b'[ 64%] \x1b[32mBuilding C object esp-idf/esp_system/CMakeFiles/__idf_esp_system.dir/port/arch/xtensa/trax.c.obj\x1b[0m\n'}
[30.722717] (Ros2_esp32) StdoutLine: {'line': b'[ 64%] \x1b[32mBuilding C object esp-idf/esp_system/CMakeFiles/__idf_esp_system.dir/port/arch/xtensa/debug_stubs.c.obj\x1b[0m\n'}
[30.725354] (-) TimerEvent: {}
[30.734908] (Ros2_esp32) StdoutLine: {'line': b'[ 64%] \x1b[32mBuilding C object esp-idf/esp_system/CMakeFiles/__idf_esp_system.dir/port/soc/esp32s3/reset_reason.c.obj\x1b[0m\n'}
[30.759674] (Ros2_esp32) StdoutLine: {'line': b'[ 65%] \x1b[32mBuilding C object esp-idf/esp_system/CMakeFiles/__idf_esp_system.dir/port/soc/esp32s3/system_internal.c.obj\x1b[0m\n'}
[30.766629] (Ros2_esp32) StdoutLine: {'line': b'[ 65%] \x1b[32mBuilding C object esp-idf/esp_system/CMakeFiles/__idf_esp_system.dir/port/soc/esp32s3/cache_err_int.c.obj\x1b[0m\n'}
[30.775493] (Ros2_esp32) StdoutLine: {'line': b'[ 65%] \x1b[32mBuilding C object esp-idf/esp_system/CMakeFiles/__idf_esp_system.dir/port/soc/esp32s3/apb_backup_dma.c.obj\x1b[0m\n'}
[30.825476] (-) TimerEvent: {}
[30.906793] (Ros2_esp32) StdoutLine: {'line': b'[ 65%] \x1b[32m\x1b[1mLinking C static library libesp_system.a\x1b[0m\n'}
[30.925591] (-) TimerEvent: {}
[30.969547] (Ros2_esp32) StdoutLine: {'line': b'[ 65%] Built target __idf_esp_system\n'}
[30.995429] (Ros2_esp32) StdoutLine: {'line': b'[ 66%] \x1b[32mBuilding C object esp-idf/spi_flash/CMakeFiles/__idf_spi_flash.dir/spi_flash_chip_issi.c.obj\x1b[0m\n'}
[30.995873] (Ros2_esp32) StdoutLine: {'line': b'[ 66%] \x1b[32mBuilding C object esp-idf/spi_flash/CMakeFiles/__idf_spi_flash.dir/flash_brownout_hook.c.obj\x1b[0m\n'}
[30.995960] (Ros2_esp32) StdoutLine: {'line': b'[ 66%] \x1b[32mBuilding C object esp-idf/spi_flash/CMakeFiles/__idf_spi_flash.dir/spi_flash_chip_mxic.c.obj\x1b[0m\n'}
[30.996031] (Ros2_esp32) StdoutLine: {'line': b'[ 66%] \x1b[32mBuilding C object esp-idf/spi_flash/CMakeFiles/__idf_spi_flash.dir/spi_flash_hpm_enable.c.obj\x1b[0m\n'}
[30.996102] (Ros2_esp32) StdoutLine: {'line': b'[ 66%] \x1b[32mBuilding C object esp-idf/spi_flash/CMakeFiles/__idf_spi_flash.dir/spi_flash_chip_drivers.c.obj\x1b[0m\n'}
[30.996168] (Ros2_esp32) StdoutLine: {'line': b'[ 66%] \x1b[32mBuilding C object esp-idf/spi_flash/CMakeFiles/__idf_spi_flash.dir/spi_flash_chip_winbond.c.obj\x1b[0m\n'}
[30.996335] (Ros2_esp32) StdoutLine: {'line': b'[ 66%] \x1b[32mBuilding C object esp-idf/spi_flash/CMakeFiles/__idf_spi_flash.dir/spi_flash_chip_gd.c.obj\x1b[0m\n'}
[30.996427] (Ros2_esp32) StdoutLine: {'line': b'[ 66%] \x1b[32mBuilding C object esp-idf/spi_flash/CMakeFiles/__idf_spi_flash.dir/esp32s3/spi_flash_oct_flash_init.c.obj\x1b[0m\n'}
[30.996584] (Ros2_esp32) StdoutLine: {'line': b'[ 66%] \x1b[32mBuilding C object esp-idf/spi_flash/CMakeFiles/__idf_spi_flash.dir/spi_flash_chip_boya.c.obj\x1b[0m\n'}
[30.996660] (Ros2_esp32) StdoutLine: {'line': b'[ 66%] \x1b[32mBuilding C object esp-idf/spi_flash/CMakeFiles/__idf_spi_flash.dir/spi_flash_chip_generic.c.obj\x1b[0m\n'}
[31.000004] (Ros2_esp32) StdoutLine: {'line': b'[ 66%] \x1b[32mBuilding C object esp-idf/spi_flash/CMakeFiles/__idf_spi_flash.dir/spi_flash_chip_mxic_opi.c.obj\x1b[0m\n'}
[31.006102] (Ros2_esp32) StdoutLine: {'line': b'[ 66%] \x1b[32mBuilding C object esp-idf/spi_flash/CMakeFiles/__idf_spi_flash.dir/spi_flash_chip_th.c.obj\x1b[0m\n'}
[31.026305] (-) TimerEvent: {}
[31.043062] (Ros2_esp32) StdoutLine: {'line': b'[ 66%] \x1b[32mBuilding C object esp-idf/spi_flash/CMakeFiles/__idf_spi_flash.dir/memspi_host_driver.c.obj\x1b[0m\n'}
[31.070970] (Ros2_esp32) StdoutLine: {'line': b'[ 67%] \x1b[32mBuilding C object esp-idf/spi_flash/CMakeFiles/__idf_spi_flash.dir/cache_utils.c.obj\x1b[0m\n'}
[31.079475] (Ros2_esp32) StdoutLine: {'line': b'[ 67%] \x1b[32mBuilding C object esp-idf/spi_flash/CMakeFiles/__idf_spi_flash.dir/flash_mmap.c.obj\x1b[0m\n'}
[31.084030] (Ros2_esp32) StdoutLine: {'line': b'[ 67%] \x1b[32mBuilding C object esp-idf/spi_flash/CMakeFiles/__idf_spi_flash.dir/spi_flash_wrap.c.obj\x1b[0m\n'}
[31.086196] (Ros2_esp32) StdoutLine: {'line': b'[ 67%] \x1b[32mBuilding C object esp-idf/spi_flash/CMakeFiles/__idf_spi_flash.dir/flash_ops.c.obj\x1b[0m\n'}
[31.093413] (Ros2_esp32) StdoutLine: {'line': b'[ 67%] \x1b[32mBuilding C object esp-idf/spi_flash/CMakeFiles/__idf_spi_flash.dir/esp_flash_api.c.obj\x1b[0m\n'}
[31.111698] (Ros2_esp32) StdoutLine: {'line': b'[ 67%] \x1b[32mBuilding C object esp-idf/spi_flash/CMakeFiles/__idf_spi_flash.dir/esp_flash_spi_init.c.obj\x1b[0m\n'}
[31.116438] (Ros2_esp32) StdoutLine: {'line': b'[ 67%] \x1b[32mBuilding C object esp-idf/spi_flash/CMakeFiles/__idf_spi_flash.dir/spi_flash_os_func_app.c.obj\x1b[0m\n'}
[31.123184] (Ros2_esp32) StdoutLine: {'line': b'[ 67%] \x1b[32mBuilding C object esp-idf/spi_flash/CMakeFiles/__idf_spi_flash.dir/spi_flash_os_func_noos.c.obj\x1b[0m\n'}
[31.126446] (-) TimerEvent: {}
[31.227139] (-) TimerEvent: {}
[31.327508] (-) TimerEvent: {}
[31.374149] (Ros2_esp32) StdoutLine: {'line': b'[ 67%] \x1b[32m\x1b[1mLinking C static library libspi_flash.a\x1b[0m\n'}
[31.425165] (Ros2_esp32) StdoutLine: {'line': b'[ 67%] Built target __idf_spi_flash\n'}
[31.427590] (-) TimerEvent: {}
[31.445679] (Ros2_esp32) StdoutLine: {'line': b'[ 67%] \x1b[32mBuilding C object esp-idf/esp_mm/CMakeFiles/__idf_esp_mm.dir/heap_align_hw.c.obj\x1b[0m\n'}
[31.445927] (Ros2_esp32) StdoutLine: {'line': b'[ 67%] \x1b[32mBuilding C object esp-idf/esp_mm/CMakeFiles/__idf_esp_mm.dir/esp_mmu_map.c.obj\x1b[0m\n'}
[31.446017] (Ros2_esp32) StdoutLine: {'line': b'[ 67%] \x1b[32mBuilding C object esp-idf/esp_mm/CMakeFiles/__idf_esp_mm.dir/esp_cache_utils.c.obj\x1b[0m\n'}
[31.446087] (Ros2_esp32) StdoutLine: {'line': b'[ 67%] \x1b[32mBuilding C object esp-idf/esp_mm/CMakeFiles/__idf_esp_mm.dir/port/esp32s3/ext_mem_layout.c.obj\x1b[0m\n'}
[31.446157] (Ros2_esp32) StdoutLine: {'line': b'[ 68%] \x1b[32mBuilding C object esp-idf/esp_mm/CMakeFiles/__idf_esp_mm.dir/esp_cache_msync.c.obj\x1b[0m\n'}
[31.527708] (-) TimerEvent: {}
[31.622148] (Ros2_esp32) StdoutLine: {'line': b'[ 68%] \x1b[32m\x1b[1mLinking C static library libesp_mm.a\x1b[0m\n'}
[31.627833] (-) TimerEvent: {}
[31.661278] (Ros2_esp32) StdoutLine: {'line': b'[ 68%] Built target __idf_esp_mm\n'}
[31.686655] (Ros2_esp32) StdoutLine: {'line': b'[ 68%] \x1b[32mBuilding C object esp-idf/bootloader_support/CMakeFiles/__idf_bootloader_support.dir/src/bootloader_random.c.obj\x1b[0m\n'}
[31.686938] (Ros2_esp32) StdoutLine: {'line': b'[ 68%] \x1b[32mBuilding C object esp-idf/bootloader_support/CMakeFiles/__idf_bootloader_support.dir/src/bootloader_common_loader.c.obj\x1b[0m\n'}
[31.687025] (Ros2_esp32) StdoutLine: {'line': b'[ 68%] \x1b[32mBuilding C object esp-idf/bootloader_support/CMakeFiles/__idf_bootloader_support.dir/src/bootloader_clock_init.c.obj\x1b[0m\n'}
[31.687101] (Ros2_esp32) StdoutLine: {'line': b'[ 68%] \x1b[32mBuilding C object esp-idf/bootloader_support/CMakeFiles/__idf_bootloader_support.dir/src/bootloader_common.c.obj\x1b[0m\n'}
[31.687176] (Ros2_esp32) StdoutLine: {'line': b'[ 68%] \x1b[32mBuilding C object esp-idf/bootloader_support/CMakeFiles/__idf_bootloader_support.dir/src/bootloader_mem.c.obj\x1b[0m\n'}
[31.687250] (Ros2_esp32) StdoutLine: {'line': b'[ 68%] \x1b[32mBuilding C object esp-idf/bootloader_support/CMakeFiles/__idf_bootloader_support.dir/src/flash_encrypt.c.obj\x1b[0m\n'}
[31.687321] (Ros2_esp32) StdoutLine: {'line': b'[ 68%] \x1b[32mBuilding C object esp-idf/bootloader_support/CMakeFiles/__idf_bootloader_support.dir/src/bootloader_efuse.c.obj\x1b[0m\n'}
[31.688283] (Ros2_esp32) StdoutLine: {'line': b'[ 68%] \x1b[32mBuilding C object esp-idf/bootloader_support/CMakeFiles/__idf_bootloader_support.dir/src/secure_boot.c.obj\x1b[0m\n'}
[31.688561] (Ros2_esp32) StdoutLine: {'line': b'[ 68%] \x1b[32mBuilding C object esp-idf/bootloader_support/CMakeFiles/__idf_bootloader_support.dir/src/bootloader_random_esp32s3.c.obj\x1b[0m\n'}
[31.688651] (Ros2_esp32) StdoutLine: {'line': b'[ 68%] \x1b[32mBuilding C object esp-idf/bootloader_support/CMakeFiles/__idf_bootloader_support.dir/bootloader_flash/src/bootloader_flash.c.obj\x1b[0m\n'}
[31.689151] (Ros2_esp32) StdoutLine: {'line': b'[ 69%] \x1b[32mBuilding C object esp-idf/bootloader_support/CMakeFiles/__idf_bootloader_support.dir/bootloader_flash/src/flash_qio_mode.c.obj\x1b[0m\n'}
[31.691368] (Ros2_esp32) StdoutLine: {'line': b'[ 69%] \x1b[32mBuilding C object esp-idf/bootloader_support/CMakeFiles/__idf_bootloader_support.dir/bootloader_flash/src/bootloader_flash_config_esp32s3.c.obj\x1b[0m\n'}
[31.728628] (-) TimerEvent: {}
[31.763787] (Ros2_esp32) StdoutLine: {'line': b'[ 69%] \x1b[32mBuilding C object esp-idf/bootloader_support/CMakeFiles/__idf_bootloader_support.dir/src/bootloader_utility.c.obj\x1b[0m\n'}
[31.773739] (Ros2_esp32) StdoutLine: {'line': b'[ 69%] \x1b[32mBuilding C object esp-idf/bootloader_support/CMakeFiles/__idf_bootloader_support.dir/src/flash_partitions.c.obj\x1b[0m\n'}
[31.776455] (Ros2_esp32) StdoutLine: {'line': b'[ 69%] \x1b[32mBuilding C object esp-idf/bootloader_support/CMakeFiles/__idf_bootloader_support.dir/src/esp_image_format.c.obj\x1b[0m\n'}
[31.795224] (Ros2_esp32) StdoutLine: {'line': b'[ 69%] \x1b[32mBuilding C object esp-idf/bootloader_support/CMakeFiles/__idf_bootloader_support.dir/src/bootloader_sha.c.obj\x1b[0m\n'}
[31.799157] (Ros2_esp32) StdoutLine: {'line': b'[ 69%] \x1b[32mBuilding C object esp-idf/bootloader_support/CMakeFiles/__idf_bootloader_support.dir/src/esp32s3/secure_boot_secure_features.c.obj\x1b[0m\n'}
[31.828775] (-) TimerEvent: {}
[31.929301] (-) TimerEvent: {}
[32.013510] (Ros2_esp32) StdoutLine: {'line': b'[ 69%] \x1b[32m\x1b[1mLinking C static library libbootloader_support.a\x1b[0m\n'}
[32.029413] (-) TimerEvent: {}
[32.060971] (Ros2_esp32) StdoutLine: {'line': b'[ 69%] Built target __idf_bootloader_support\n'}
[32.083162] (Ros2_esp32) StdoutLine: {'line': b'[ 70%] \x1b[32mBuilding C object esp-idf/efuse/CMakeFiles/__idf_efuse.dir/esp32s3/esp_efuse_fields.c.obj\x1b[0m\n'}
[32.083431] (Ros2_esp32) StdoutLine: {'line': b'[ 70%] \x1b[32mBuilding C object esp-idf/efuse/CMakeFiles/__idf_efuse.dir/esp32s3/esp_efuse_table.c.obj\x1b[0m\n'}
[32.083530] (Ros2_esp32) StdoutLine: {'line': b'[ 70%] \x1b[32mBuilding C object esp-idf/efuse/CMakeFiles/__idf_efuse.dir/src/esp_efuse_fields.c.obj\x1b[0m\n'}
[32.084681] (Ros2_esp32) StdoutLine: {'line': b'[ 70%] \x1b[32mBuilding C object esp-idf/efuse/CMakeFiles/__idf_efuse.dir/esp32s3/esp_efuse_utility.c.obj\x1b[0m\n'}
[32.084882] (Ros2_esp32) StdoutLine: {'line': b'[ 70%] \x1b[32mBuilding C object esp-idf/efuse/CMakeFiles/__idf_efuse.dir/esp32s3/esp_efuse_rtc_calib.c.obj\x1b[0m\n'}
[32.084948] (Ros2_esp32) StdoutLine: {'line': b'[ 70%] \x1b[32mBuilding C object esp-idf/efuse/CMakeFiles/__idf_efuse.dir/src/esp_efuse_api.c.obj\x1b[0m\n'}
[32.085076] (Ros2_esp32) StdoutLine: {'line': b'[ 70%] \x1b[32mBuilding C object esp-idf/efuse/CMakeFiles/__idf_efuse.dir/src/esp_efuse_startup.c.obj\x1b[0m\n'}
[32.085165] (Ros2_esp32) StdoutLine: {'line': b'[ 70%] \x1b[32mBuilding C object esp-idf/efuse/CMakeFiles/__idf_efuse.dir/src/esp_efuse_utility.c.obj\x1b[0m\n'}
[32.085240] (Ros2_esp32) StdoutLine: {'line': b'[ 70%] \x1b[32mBuilding C object esp-idf/efuse/CMakeFiles/__idf_efuse.dir/src/efuse_controller/keys/with_key_purposes/esp_efuse_api_key.c.obj\x1b[0m\n'}
[32.129598] (-) TimerEvent: {}
[32.215161] (Ros2_esp32) StdoutLine: {'line': b'[ 70%] \x1b[32m\x1b[1mLinking C static library libefuse.a\x1b[0m\n'}
[32.229666] (-) TimerEvent: {}
[32.257791] (Ros2_esp32) StdoutLine: {'line': b'[ 70%] Built target __idf_efuse\n'}
[32.277811] (Ros2_esp32) StdoutLine: {'line': b'[ 70%] \x1b[32mBuilding C object esp-idf/esp_partition/CMakeFiles/__idf_esp_partition.dir/partition_target.c.obj\x1b[0m\n'}
[32.278016] (Ros2_esp32) StdoutLine: {'line': b'[ 70%] \x1b[32mBuilding C object esp-idf/esp_partition/CMakeFiles/__idf_esp_partition.dir/partition.c.obj\x1b[0m\n'}
[32.329774] (-) TimerEvent: {}
[32.388595] (Ros2_esp32) StdoutLine: {'line': b'[ 70%] \x1b[32m\x1b[1mLinking C static library libesp_partition.a\x1b[0m\n'}
[32.424624] (Ros2_esp32) StdoutLine: {'line': b'[ 70%] Built target __idf_esp_partition\n'}
[32.429878] (-) TimerEvent: {}
[32.444348] (Ros2_esp32) StdoutLine: {'line': b'[ 70%] \x1b[32mBuilding C object esp-idf/app_update/CMakeFiles/__idf_app_update.dir/esp_ota_app_desc.c.obj\x1b[0m\n'}
[32.444535] (Ros2_esp32) StdoutLine: {'line': b'[ 70%] \x1b[32mBuilding C object esp-idf/app_update/CMakeFiles/__idf_app_update.dir/esp_ota_ops.c.obj\x1b[0m\n'}
[32.529994] (-) TimerEvent: {}
[32.630284] (-) TimerEvent: {}
[32.647708] (Ros2_esp32) StdoutLine: {'line': b'[ 71%] \x1b[32m\x1b[1mLinking C static library libapp_update.a\x1b[0m\n'}
[32.685819] (Ros2_esp32) StdoutLine: {'line': b'[ 71%] Built target __idf_app_update\n'}
[32.705387] (Ros2_esp32) StdoutLine: {'line': b'[ 71%] \x1b[32mBuilding C object esp-idf/esp_bootloader_format/CMakeFiles/__idf_esp_bootloader_format.dir/esp_bootloader_desc.c.obj\x1b[0m\n'}
[32.730386] (-) TimerEvent: {}
[32.744914] (Ros2_esp32) StdoutLine: {'line': b'[ 71%] \x1b[32m\x1b[1mLinking C static library libesp_bootloader_format.a\x1b[0m\n'}
[32.778674] (Ros2_esp32) StdoutLine: {'line': b'[ 71%] Built target __idf_esp_bootloader_format\n'}
[32.798681] (Ros2_esp32) StdoutLine: {'line': b'[ 71%] \x1b[32mBuilding C object esp-idf/esp_app_format/CMakeFiles/__idf_esp_app_format.dir/esp_app_desc.c.obj\x1b[0m\n'}
[32.830493] (-) TimerEvent: {}
[32.863218] (Ros2_esp32) StdoutLine: {'line': b'[ 71%] \x1b[32m\x1b[1mLinking C static library libesp_app_format.a\x1b[0m\n'}
[32.896782] (Ros2_esp32) StdoutLine: {'line': b'[ 71%] Built target __idf_esp_app_format\n'}
[32.922332] (Ros2_esp32) StdoutLine: {'line': b'[ 71%] \x1b[32mBuilding C object esp-idf/mbedtls/mbedtls/library/CMakeFiles/mbedtls.dir/mps_reader.c.obj\x1b[0m\n'}
[32.922679] (Ros2_esp32) StdoutLine: {'line': b'[ 71%] \x1b[32mBuilding C object esp-idf/mbedtls/mbedtls/library/CMakeFiles/mbedtls.dir/mps_trace.c.obj\x1b[0m\n'}
[32.922822] (Ros2_esp32) StdoutLine: {'line': b'[ 71%] \x1b[32mBuilding C object esp-idf/mbedtls/mbedtls/library/CMakeFiles/mbedtls.dir/debug.c.obj\x1b[0m\n'}
[32.922895] (Ros2_esp32) StdoutLine: {'line': b'[ 71%] \x1b[32mBuilding C object esp-idf/mbedtls/mbedtls/library/CMakeFiles/mbedtls.dir/ssl_ciphersuites.c.obj\x1b[0m\n'}
[32.923030] (Ros2_esp32) StdoutLine: {'line': b'[ 71%] \x1b[32mBuilding C object esp-idf/mbedtls/mbedtls/library/CMakeFiles/mbedtls.dir/ssl_client.c.obj\x1b[0m\n'}
[32.926504] (Ros2_esp32) StdoutLine: {'line': b'[ 72%] \x1b[32mBuilding C object esp-idf/mbedtls/mbedtls/library/CMakeFiles/mbedtls.dir/ssl_cookie.c.obj\x1b[0m\n'}
[32.926813] (Ros2_esp32) StdoutLine: {'line': b'[ 72%] \x1b[32mBuilding C object esp-idf/mbedtls/mbedtls/library/CMakeFiles/mbedtls.dir/ssl_debug_helpers_generated.c.obj\x1b[0m\n'}
[32.926896] (Ros2_esp32) StdoutLine: {'line': b'[ 72%] \x1b[32mBuilding C object esp-idf/mbedtls/mbedtls/library/CMakeFiles/mbedtls.dir/ssl_cache.c.obj\x1b[0m\n'}
[32.929026] (Ros2_esp32) StdoutLine: {'line': b'[ 72%] \x1b[32mBuilding C object esp-idf/mbedtls/mbedtls/library/CMakeFiles/mbedtls.dir/ssl_msg.c.obj\x1b[0m\n'}
[32.929295] (Ros2_esp32) StdoutLine: {'line': b'[ 72%] \x1b[32mBuilding C object esp-idf/mbedtls/mbedtls/library/CMakeFiles/mbedtls.dir/ssl_ticket.c.obj\x1b[0m\n'}
[32.930460] (Ros2_esp32) StdoutLine: {'line': b'[ 72%] \x1b[32mBuilding C object esp-idf/mbedtls/mbedtls/library/CMakeFiles/mbedtls.dir/ssl_tls.c.obj\x1b[0m\n'}
[32.930783] (-) TimerEvent: {}
[32.933691] (Ros2_esp32) StdoutLine: {'line': b'[ 72%] \x1b[32mBuilding C object esp-idf/mbedtls/mbedtls/library/CMakeFiles/mbedtls.dir/ssl_tls12_client.c.obj\x1b[0m\n'}
[32.988616] (Ros2_esp32) StdoutLine: {'line': b'[ 72%] \x1b[32mBuilding C object esp-idf/mbedtls/mbedtls/library/CMakeFiles/mbedtls.dir/ssl_tls12_server.c.obj\x1b[0m\n'}
[32.990204] (Ros2_esp32) StdoutLine: {'line': b'[ 72%] \x1b[32mBuilding C object esp-idf/mbedtls/mbedtls/library/CMakeFiles/mbedtls.dir/ssl_tls13_keys.c.obj\x1b[0m\n'}
[32.998627] (Ros2_esp32) StdoutLine: {'line': b'[ 72%] \x1b[32mBuilding C object esp-idf/mbedtls/mbedtls/library/CMakeFiles/mbedtls.dir/ssl_tls13_server.c.obj\x1b[0m\n'}
[33.030968] (-) TimerEvent: {}
[33.067770] (Ros2_esp32) StdoutLine: {'line': b'[ 72%] \x1b[32mBuilding C object esp-idf/mbedtls/mbedtls/library/CMakeFiles/mbedtls.dir/ssl_tls13_client.c.obj\x1b[0m\n'}
[33.070017] (Ros2_esp32) StdoutLine: {'line': b'[ 72%] \x1b[32mBuilding C object esp-idf/mbedtls/mbedtls/library/CMakeFiles/mbedtls.dir/ssl_tls13_generic.c.obj\x1b[0m\n'}
[33.078244] (Ros2_esp32) StdoutLine: {'line': b'[ 72%] \x1b[32mBuilding C object esp-idf/mbedtls/mbedtls/library/CMakeFiles/mbedtls.dir/home/diego/.espressif/v5.5/esp-idf/components/mbedtls/port/mbedtls_debug.c.obj\x1b[0m\n'}
[33.090945] (Ros2_esp32) StdoutLine: {'line': b'[ 73%] \x1b[32mBuilding C object esp-idf/mbedtls/mbedtls/library/CMakeFiles/mbedtls.dir/home/diego/.espressif/v5.5/esp-idf/components/mbedtls/port/esp_platform_time.c.obj\x1b[0m\n'}
[33.094394] (Ros2_esp32) StdoutLine: {'line': b'[ 73%] \x1b[32mBuilding C object esp-idf/mbedtls/mbedtls/library/CMakeFiles/mbedtls.dir/home/diego/.espressif/v5.5/esp-idf/components/mbedtls/port/net_sockets.c.obj\x1b[0m\n'}
[33.131085] (-) TimerEvent: {}
[33.231431] (-) TimerEvent: {}
[33.331808] (-) TimerEvent: {}
[33.432156] (-) TimerEvent: {}
[33.491034] (Ros2_esp32) StdoutLine: {'line': b'[ 73%] \x1b[32m\x1b[1mLinking CXX static library libmbedtls.a\x1b[0m\n'}
[33.532258] (-) TimerEvent: {}
[33.543956] (Ros2_esp32) StdoutLine: {'line': b'[ 73%] Built target mbedtls\n'}
[33.566443] (Ros2_esp32) StdoutLine: {'line': b'[ 73%] \x1b[32mBuilding C object esp-idf/mbedtls/mbedtls/library/CMakeFiles/mbedx509.dir/pkcs7.c.obj\x1b[0m\n'}
[33.566741] (Ros2_esp32) StdoutLine: {'line': b'[ 73%] \x1b[32mBuilding C object esp-idf/mbedtls/mbedtls/library/CMakeFiles/mbedx509.dir/x509_crl.c.obj\x1b[0m\n'}
[33.568465] (Ros2_esp32) StdoutLine: {'line': b'[ 73%] \x1b[32mBuilding C object esp-idf/mbedtls/mbedtls/library/CMakeFiles/mbedx509.dir/x509_create.c.obj\x1b[0m\n'}
[33.568970] (Ros2_esp32) StdoutLine: {'line': b'[ 73%] \x1b[32mBuilding C object esp-idf/mbedtls/mbedtls/library/CMakeFiles/mbedx509.dir/x509.c.obj\x1b[0m\n'}
[33.569071] (Ros2_esp32) StdoutLine: {'line': b'[ 73%] \x1b[32mBuilding C object esp-idf/mbedtls/mbedtls/library/CMakeFiles/mbedx509.dir/x509_crt.c.obj\x1b[0m\n'}
[33.569147] (Ros2_esp32) StdoutLine: {'line': b'[ 73%] \x1b[32mBuilding C object esp-idf/mbedtls/mbedtls/library/CMakeFiles/mbedx509.dir/x509_csr.c.obj\x1b[0m\n'}
[33.569219] (Ros2_esp32) StdoutLine: {'line': b'[ 74%] \x1b[32mBuilding C object esp-idf/mbedtls/mbedtls/library/CMakeFiles/mbedx509.dir/x509write_csr.c.obj\x1b[0m\n'}
[33.569290] (Ros2_esp32) StdoutLine: {'line': b'[ 74%] \x1b[32mBuilding C object esp-idf/mbedtls/mbedtls/library/CMakeFiles/mbedx509.dir/x509write.c.obj\x1b[0m\n'}
[33.569362] (Ros2_esp32) StdoutLine: {'line': b'[ 74%] \x1b[32mBuilding C object esp-idf/mbedtls/mbedtls/library/CMakeFiles/mbedx509.dir/x509write_crt.c.obj\x1b[0m\n'}
[33.632395] (-) TimerEvent: {}
[33.733031] (-) TimerEvent: {}
[33.833380] (-) TimerEvent: {}
[33.933715] (-) TimerEvent: {}
[33.945813] (Ros2_esp32) StdoutLine: {'line': b'[ 74%] \x1b[32m\x1b[1mLinking CXX static library libmbedx509.a\x1b[0m\n'}
[33.990257] (Ros2_esp32) StdoutLine: {'line': b'[ 74%] Built target mbedx509\n'}
[34.017805] (Ros2_esp32) StdoutLine: {'line': b'[ 74%] \x1b[32mBuilding C object esp-idf/mbedtls/mbedtls/library/CMakeFiles/mbedcrypto.dir/aes.c.obj\x1b[0m\n'}
[34.020100] (Ros2_esp32) StdoutLine: {'line': b'[ 74%] \x1b[32mBuilding C object esp-idf/mbedtls/mbedtls/library/CMakeFiles/mbedcrypto.dir/asn1parse.c.obj\x1b[0m\n'}
[34.020219] (Ros2_esp32) StdoutLine: {'line': b'[ 74%] \x1b[32mBuilding C object esp-idf/mbedtls/mbedtls/library/CMakeFiles/mbedcrypto.dir/aesce.c.obj\x1b[0m\n'}
[34.020296] (Ros2_esp32) StdoutLine: {'line': b'[ 74%] \x1b[32mBuilding C object esp-idf/mbedtls/mbedtls/library/CMakeFiles/mbedcrypto.dir/aesni.c.obj\x1b[0m\n'}
[34.020379] (Ros2_esp32) StdoutLine: {'line': b'[ 74%] \x1b[32mBuilding C object esp-idf/mbedtls/mbedtls/library/CMakeFiles/mbedcrypto.dir/aria.c.obj\x1b[0m\n'}
[34.020452] (Ros2_esp32) StdoutLine: {'line': b'[ 74%] \x1b[32mBuilding C object esp-idf/mbedtls/mbedtls/library/CMakeFiles/mbedcrypto.dir/base64.c.obj\x1b[0m\n'}
[34.020544] (Ros2_esp32) StdoutLine: {'line': b'[ 75%] \x1b[32mBuilding C object esp-idf/mbedtls/mbedtls/library/CMakeFiles/mbedcrypto.dir/asn1write.c.obj\x1b[0m\n'}
[34.020627] (Ros2_esp32) StdoutLine: {'line': b'[ 75%] \x1b[32mBuilding C object esp-idf/mbedtls/mbedtls/library/CMakeFiles/mbedcrypto.dir/bignum.c.obj\x1b[0m\n'}
[34.021348] (Ros2_esp32) StdoutLine: {'line': b'[ 75%] \x1b[32mBuilding C object esp-idf/mbedtls/mbedtls/library/CMakeFiles/mbedcrypto.dir/bignum_mod.c.obj\x1b[0m\n'}
[34.021694] (Ros2_esp32) StdoutLine: {'line': b'[ 75%] \x1b[32mBuilding C object esp-idf/mbedtls/mbedtls/library/CMakeFiles/mbedcrypto.dir/bignum_mod_raw.c.obj\x1b[0m\n'}
[34.021833] (Ros2_esp32) StdoutLine: {'line': b'[ 75%] \x1b[32mBuilding C object esp-idf/mbedtls/mbedtls/library/CMakeFiles/mbedcrypto.dir/bignum_core.c.obj\x1b[0m\n'}
[34.023709] (Ros2_esp32) StdoutLine: {'line': b'[ 75%] \x1b[32mBuilding C object esp-idf/mbedtls/mbedtls/library/CMakeFiles/mbedcrypto.dir/block_cipher.c.obj\x1b[0m\n'}
[34.035648] (-) TimerEvent: {}
[34.082936] (Ros2_esp32) StdoutLine: {'line': b'[ 75%] \x1b[32mBuilding C object esp-idf/mbedtls/mbedtls/library/CMakeFiles/mbedcrypto.dir/camellia.c.obj\x1b[0m\n'}
[34.086349] (Ros2_esp32) StdoutLine: {'line': b'[ 75%] \x1b[32mBuilding C object esp-idf/mbedtls/mbedtls/library/CMakeFiles/mbedcrypto.dir/chacha20.c.obj\x1b[0m\n'}
[34.086638] (Ros2_esp32) StdoutLine: {'line': b'[ 75%] \x1b[32mBuilding C object esp-idf/mbedtls/mbedtls/library/CMakeFiles/mbedcrypto.dir/ccm.c.obj\x1b[0m\n'}
[34.093703] (Ros2_esp32) StdoutLine: {'line': b'[ 75%] \x1b[32mBuilding C object esp-idf/mbedtls/mbedtls/library/CMakeFiles/mbedcrypto.dir/chachapoly.c.obj\x1b[0m\n'}
[34.096719] (Ros2_esp32) StdoutLine: {'line': b'[ 76%] \x1b[32mBuilding C object esp-idf/mbedtls/mbedtls/library/CMakeFiles/mbedcrypto.dir/cipher.c.obj\x1b[0m\n'}
[34.135797] (-) TimerEvent: {}
[34.149752] (Ros2_esp32) StdoutLine: {'line': b'[ 76%] \x1b[32mBuilding C object esp-idf/mbedtls/mbedtls/library/CMakeFiles/mbedcrypto.dir/cipher_wrap.c.obj\x1b[0m\n'}
[34.158872] (Ros2_esp32) StdoutLine: {'line': b'[ 76%] \x1b[32mBuilding C object esp-idf/mbedtls/mbedtls/library/CMakeFiles/mbedcrypto.dir/constant_time.c.obj\x1b[0m\n'}
[34.160065] (Ros2_esp32) StdoutLine: {'line': b'[ 76%] \x1b[32mBuilding C object esp-idf/mbedtls/mbedtls/library/CMakeFiles/mbedcrypto.dir/cmac.c.obj\x1b[0m\n'}
[34.163581] (Ros2_esp32) StdoutLine: {'line': b'[ 76%] \x1b[32mBuilding C object esp-idf/mbedtls/mbedtls/library/CMakeFiles/mbedcrypto.dir/ctr_drbg.c.obj\x1b[0m\n'}
[34.167329] (Ros2_esp32) StdoutLine: {'line': b'[ 76%] \x1b[32mBuilding C object esp-idf/mbedtls/mbedtls/library/CMakeFiles/mbedcrypto.dir/des.c.obj\x1b[0m\n'}
[34.173903] (Ros2_esp32) StdoutLine: {'line': b'[ 76%] \x1b[32mBuilding C object esp-idf/mbedtls/mbedtls/library/CMakeFiles/mbedcrypto.dir/dhm.c.obj\x1b[0m\n'}
[34.180049] (Ros2_esp32) StdoutLine: {'line': b'[ 76%] \x1b[32mBuilding C object esp-idf/mbedtls/mbedtls/library/CMakeFiles/mbedcrypto.dir/ecdh.c.obj\x1b[0m\n'}
[34.235954] (-) TimerEvent: {}
[34.248380] (Ros2_esp32) StdoutLine: {'line': b'[ 76%] \x1b[32mBuilding C object esp-idf/mbedtls/mbedtls/library/CMakeFiles/mbedcrypto.dir/ecdsa.c.obj\x1b[0m\n'}
[34.254750] (Ros2_esp32) StdoutLine: {'line': b'[ 76%] \x1b[32mBuilding C object esp-idf/mbedtls/mbedtls/library/CMakeFiles/mbedcrypto.dir/ecjpake.c.obj\x1b[0m\n'}
[34.255547] (Ros2_esp32) StdoutLine: {'line': b'[ 77%] \x1b[32mBuilding C object esp-idf/mbedtls/mbedtls/library/CMakeFiles/mbedcrypto.dir/ecp.c.obj\x1b[0m\n'}
[34.276692] (Ros2_esp32) StdoutLine: {'line': b'[ 77%] \x1b[32mBuilding C object esp-idf/mbedtls/mbedtls/library/CMakeFiles/mbedcrypto.dir/ecp_curves.c.obj\x1b[0m\n'}
[34.295004] (Ros2_esp32) StdoutLine: {'line': b'[ 77%] \x1b[32mBuilding C object esp-idf/mbedtls/mbedtls/library/CMakeFiles/mbedcrypto.dir/ecp_curves_new.c.obj\x1b[0m\n'}
[34.317716] (Ros2_esp32) StdoutLine: {'line': b'[ 77%] \x1b[32mBuilding C object esp-idf/mbedtls/mbedtls/library/CMakeFiles/mbedcrypto.dir/entropy.c.obj\x1b[0m\n'}
[34.324259] (Ros2_esp32) StdoutLine: {'line': b'[ 77%] \x1b[32mBuilding C object esp-idf/mbedtls/mbedtls/library/CMakeFiles/mbedcrypto.dir/error.c.obj\x1b[0m\n'}
[34.326125] (Ros2_esp32) StdoutLine: {'line': b'[ 77%] \x1b[32mBuilding C object esp-idf/mbedtls/mbedtls/library/CMakeFiles/mbedcrypto.dir/entropy_poll.c.obj\x1b[0m\n'}
[34.329366] (Ros2_esp32) StdoutLine: {'line': b'[ 77%] \x1b[32mBuilding C object esp-idf/mbedtls/mbedtls/library/CMakeFiles/mbedcrypto.dir/gcm.c.obj\x1b[0m\n'}
[34.343356] (-) TimerEvent: {}
[34.367731] (Ros2_esp32) StdoutLine: {'line': b'[ 77%] \x1b[32mBuilding C object esp-idf/mbedtls/mbedtls/library/CMakeFiles/mbedcrypto.dir/hkdf.c.obj\x1b[0m\n'}
[34.373417] (Ros2_esp32) StdoutLine: {'line': b'[ 77%] \x1b[32mBuilding C object esp-idf/mbedtls/mbedtls/library/CMakeFiles/mbedcrypto.dir/hmac_drbg.c.obj\x1b[0m\n'}
[34.374300] (Ros2_esp32) StdoutLine: {'line': b'[ 77%] \x1b[32mBuilding C object esp-idf/mbedtls/mbedtls/library/CMakeFiles/mbedcrypto.dir/lmots.c.obj\x1b[0m\n'}
[34.398119] (Ros2_esp32) StdoutLine: {'line': b'[ 77%] \x1b[32mBuilding C object esp-idf/mbedtls/mbedtls/library/CMakeFiles/mbedcrypto.dir/lms.c.obj\x1b[0m\n'}
[34.406078] (Ros2_esp32) StdoutLine: {'line': b'[ 78%] \x1b[32mBuilding C object esp-idf/mbedtls/mbedtls/library/CMakeFiles/mbedcrypto.dir/md.c.obj\x1b[0m\n'}
[34.419783] (Ros2_esp32) StdoutLine: {'line': b'[ 78%] \x1b[32mBuilding C object esp-idf/mbedtls/mbedtls/library/CMakeFiles/mbedcrypto.dir/md5.c.obj\x1b[0m\n'}
[34.439513] (Ros2_esp32) StdoutLine: {'line': b'[ 78%] \x1b[32mBuilding C object esp-idf/mbedtls/mbedtls/library/CMakeFiles/mbedcrypto.dir/memory_buffer_alloc.c.obj\x1b[0m\n'}
[34.443507] (-) TimerEvent: {}
[34.493049] (Ros2_esp32) StdoutLine: {'line': b'[ 78%] \x1b[32mBuilding C object esp-idf/mbedtls/mbedtls/library/CMakeFiles/mbedcrypto.dir/nist_kw.c.obj\x1b[0m\n'}
[34.501307] (Ros2_esp32) StdoutLine: {'line': b'[ 78%] \x1b[32mBuilding C object esp-idf/mbedtls/mbedtls/library/CMakeFiles/mbedcrypto.dir/oid.c.obj\x1b[0m\n'}
[34.516489] (Ros2_esp32) StdoutLine: {'line': b'[ 78%] \x1b[32mBuilding C object esp-idf/mbedtls/mbedtls/library/CMakeFiles/mbedcrypto.dir/pem.c.obj\x1b[0m\n'}
[34.520316] (Ros2_esp32) StdoutLine: {'line': b'[ 78%] \x1b[32mBuilding C object esp-idf/mbedtls/mbedtls/library/CMakeFiles/mbedcrypto.dir/padlock.c.obj\x1b[0m\n'}
[34.533927] (Ros2_esp32) StdoutLine: {'line': b'[ 78%] \x1b[32mBuilding C object esp-idf/mbedtls/mbedtls/library/CMakeFiles/mbedcrypto.dir/pk.c.obj\x1b[0m\n'}
[34.546636] (-) TimerEvent: {}
[34.565722] (Ros2_esp32) StdoutLine: {'line': b'[ 78%] \x1b[32mBuilding C object esp-idf/mbedtls/mbedtls/library/CMakeFiles/mbedcrypto.dir/pk_ecc.c.obj\x1b[0m\n'}
[34.576439] (Ros2_esp32) StdoutLine: {'line': b'[ 78%] \x1b[32mBuilding C object esp-idf/mbedtls/mbedtls/library/CMakeFiles/mbedcrypto.dir/pk_wrap.c.obj\x1b[0m\n'}
[34.579251] (Ros2_esp32) StdoutLine: {'line': b'[ 78%] \x1b[32mBuilding C object esp-idf/mbedtls/mbedtls/library/CMakeFiles/mbedcrypto.dir/pkcs12.c.obj\x1b[0m\n'}
[34.579716] (Ros2_esp32) StdoutLine: {'line': b'[ 79%] \x1b[32mBuilding C object esp-idf/mbedtls/mbedtls/library/CMakeFiles/mbedcrypto.dir/pkcs5.c.obj\x1b[0m\n'}
[34.599865] (Ros2_esp32) StdoutLine: {'line': b'[ 79%] \x1b[32mBuilding C object esp-idf/mbedtls/mbedtls/library/CMakeFiles/mbedcrypto.dir/pkparse.c.obj\x1b[0m\n'}
[34.642658] (Ros2_esp32) StdoutLine: {'line': b'[ 79%] \x1b[32mBuilding C object esp-idf/mbedtls/mbedtls/library/CMakeFiles/mbedcrypto.dir/pkwrite.c.obj\x1b[0m\n'}
[34.646792] (-) TimerEvent: {}
[34.648328] (Ros2_esp32) StdoutLine: {'line': b'[ 79%] \x1b[32mBuilding C object esp-idf/mbedtls/mbedtls/library/CMakeFiles/mbedcrypto.dir/platform.c.obj\x1b[0m\n'}
[34.693632] (Ros2_esp32) StdoutLine: {'line': b'[ 79%] \x1b[32mBuilding C object esp-idf/mbedtls/mbedtls/library/CMakeFiles/mbedcrypto.dir/platform_util.c.obj\x1b[0m\n'}
[34.700436] (Ros2_esp32) StdoutLine: {'line': b'[ 79%] \x1b[32mBuilding C object esp-idf/mbedtls/mbedtls/library/CMakeFiles/mbedcrypto.dir/poly1305.c.obj\x1b[0m\n'}
[34.703923] (Ros2_esp32) StdoutLine: {'line': b'[ 79%] \x1b[32mBuilding C object esp-idf/mbedtls/mbedtls/library/CMakeFiles/mbedcrypto.dir/psa_crypto.c.obj\x1b[0m\n'}
[34.747079] (-) TimerEvent: {}
[34.749161] (Ros2_esp32) StdoutLine: {'line': b'[ 79%] \x1b[32mBuilding C object esp-idf/mbedtls/mbedtls/library/CMakeFiles/mbedcrypto.dir/psa_crypto_aead.c.obj\x1b[0m\n'}
[34.764136] (Ros2_esp32) StdoutLine: {'line': b'[ 79%] \x1b[32mBuilding C object esp-idf/mbedtls/mbedtls/library/CMakeFiles/mbedcrypto.dir/psa_crypto_client.c.obj\x1b[0m\n'}
[34.766402] (Ros2_esp32) StdoutLine: {'line': b'[ 79%] \x1b[32mBuilding C object esp-idf/mbedtls/mbedtls/library/CMakeFiles/mbedcrypto.dir/psa_crypto_cipher.c.obj\x1b[0m\n'}
[34.768804] (Ros2_esp32) StdoutLine: {'line': b'[ 80%] \x1b[32mBuilding C object esp-idf/mbedtls/mbedtls/library/CMakeFiles/mbedcrypto.dir/psa_crypto_ecp.c.obj\x1b[0m\n'}
[34.770612] (Ros2_esp32) StdoutLine: {'line': b'[ 80%] \x1b[32mBuilding C object esp-idf/mbedtls/mbedtls/library/CMakeFiles/mbedcrypto.dir/psa_crypto_driver_wrappers_no_static.c.obj\x1b[0m\n'}
[34.772144] (Ros2_esp32) StdoutLine: {'line': b'[ 80%] \x1b[32mBuilding C object esp-idf/mbedtls/mbedtls/library/CMakeFiles/mbedcrypto.dir/psa_crypto_hash.c.obj\x1b[0m\n'}
[34.776092] (Ros2_esp32) StdoutLine: {'line': b'[ 80%] \x1b[32mBuilding C object esp-idf/mbedtls/mbedtls/library/CMakeFiles/mbedcrypto.dir/psa_crypto_ffdh.c.obj\x1b[0m\n'}
[34.847335] (-) TimerEvent: {}
[34.879208] (Ros2_esp32) StdoutLine: {'line': b'[ 80%] \x1b[32mBuilding C object esp-idf/mbedtls/mbedtls/library/CMakeFiles/mbedcrypto.dir/psa_crypto_pake.c.obj\x1b[0m\n'}
[34.880092] (Ros2_esp32) StdoutLine: {'line': b'[ 80%] \x1b[32mBuilding C object esp-idf/mbedtls/mbedtls/library/CMakeFiles/mbedcrypto.dir/psa_crypto_mac.c.obj\x1b[0m\n'}
[34.894998] (Ros2_esp32) StdoutLine: {'line': b'[ 80%] \x1b[32mBuilding C object esp-idf/mbedtls/mbedtls/library/CMakeFiles/mbedcrypto.dir/psa_crypto_rsa.c.obj\x1b[0m\n'}
[34.925188] (Ros2_esp32) StdoutLine: {'line': b'[ 80%] \x1b[32mBuilding C object esp-idf/mbedtls/mbedtls/library/CMakeFiles/mbedcrypto.dir/psa_crypto_random.c.obj\x1b[0m\n'}
[34.935106] (Ros2_esp32) StdoutLine: {'line': b'[ 80%] \x1b[32mBuilding C object esp-idf/mbedtls/mbedtls/library/CMakeFiles/mbedcrypto.dir/psa_crypto_se.c.obj\x1b[0m\n'}
[34.939146] (Ros2_esp32) StdoutLine: {'line': b'[ 80%] \x1b[32mBuilding C object esp-idf/mbedtls/mbedtls/library/CMakeFiles/mbedcrypto.dir/psa_crypto_slot_management.c.obj\x1b[0m\n'}
[34.948257] (-) TimerEvent: {}
[34.954741] (Ros2_esp32) StdoutLine: {'line': b'[ 81%] \x1b[32mBuilding C object esp-idf/mbedtls/mbedtls/library/CMakeFiles/mbedcrypto.dir/psa_util.c.obj\x1b[0m\n'}
[34.955051] (Ros2_esp32) StdoutLine: {'line': b'[ 81%] \x1b[32mBuilding C object esp-idf/mbedtls/mbedtls/library/CMakeFiles/mbedcrypto.dir/psa_its_file.c.obj\x1b[0m\n'}
[34.957573] (Ros2_esp32) StdoutLine: {'line': b'[ 81%] \x1b[32mBuilding C object esp-idf/mbedtls/mbedtls/library/CMakeFiles/mbedcrypto.dir/psa_crypto_storage.c.obj\x1b[0m\n'}
[34.972494] (Ros2_esp32) StdoutLine: {'line': b'[ 81%] \x1b[32mBuilding C object esp-idf/mbedtls/mbedtls/library/CMakeFiles/mbedcrypto.dir/ripemd160.c.obj\x1b[0m\n'}
[34.989344] (Ros2_esp32) StdoutLine: {'line': b'[ 81%] \x1b[32mBuilding C object esp-idf/mbedtls/mbedtls/library/CMakeFiles/mbedcrypto.dir/rsa.c.obj\x1b[0m\n'}
[35.003575] (Ros2_esp32) StdoutLine: {'line': b'[ 81%] \x1b[32mBuilding C object esp-idf/mbedtls/mbedtls/library/CMakeFiles/mbedcrypto.dir/rsa_alt_helpers.c.obj\x1b[0m\n'}
[35.014805] (Ros2_esp32) StdoutLine: {'line': b'[ 81%] \x1b[32mBuilding C object esp-idf/mbedtls/mbedtls/library/CMakeFiles/mbedcrypto.dir/sha1.c.obj\x1b[0m\n'}
[35.048475] (-) TimerEvent: {}
[35.057915] (Ros2_esp32) StdoutLine: {'line': b'[ 81%] \x1b[32mBuilding C object esp-idf/mbedtls/mbedtls/library/CMakeFiles/mbedcrypto.dir/sha256.c.obj\x1b[0m\n'}
[35.079431] (Ros2_esp32) StdoutLine: {'line': b'[ 81%] \x1b[32mBuilding C object esp-idf/mbedtls/mbedtls/library/CMakeFiles/mbedcrypto.dir/sha3.c.obj\x1b[0m\n'}
[35.081223] (Ros2_esp32) StdoutLine: {'line': b'[ 81%] \x1b[32mBuilding C object esp-idf/mbedtls/mbedtls/library/CMakeFiles/mbedcrypto.dir/sha512.c.obj\x1b[0m\n'}
[35.093830] (Ros2_esp32) StdoutLine: {'line': b'[ 81%] \x1b[32mBuilding C object esp-idf/mbedtls/mbedtls/library/CMakeFiles/mbedcrypto.dir/threading.c.obj\x1b[0m\n'}
[35.131758] (Ros2_esp32) StdoutLine: {'line': b'[ 81%] \x1b[32mBuilding C object esp-idf/mbedtls/mbedtls/library/CMakeFiles/mbedcrypto.dir/timing.c.obj\x1b[0m\n'}
[35.140007] (Ros2_esp32) StdoutLine: {'line': b'[ 82%] \x1b[32mBuilding C object esp-idf/mbedtls/mbedtls/library/CMakeFiles/mbedcrypto.dir/version_features.c.obj\x1b[0m\n'}
[35.142303] (Ros2_esp32) StdoutLine: {'line': b'[ 82%] \x1b[32mBuilding C object esp-idf/mbedtls/mbedtls/library/CMakeFiles/mbedcrypto.dir/version.c.obj\x1b[0m\n'}
[35.142933] (Ros2_esp32) StdoutLine: {'line': b'[ 82%] \x1b[32mBuilding C object esp-idf/mbedtls/mbedtls/library/CMakeFiles/mbedcrypto.dir/home/diego/.espressif/v5.5/esp-idf/components/mbedtls/port/aes/dma/esp_aes_gdma_impl.c.obj\x1b[0m\n'}
[35.146918] (Ros2_esp32) StdoutLine: {'line': b'[ 82%] \x1b[32mBuilding C object esp-idf/mbedtls/mbedtls/library/CMakeFiles/mbedcrypto.dir/home/diego/.espressif/v5.5/esp-idf/components/mbedtls/port/sha/core/esp_sha_gdma_impl.c.obj\x1b[0m\n'}
[35.148642] (-) TimerEvent: {}
[35.159010] (Ros2_esp32) StdoutLine: {'line': b'[ 82%] \x1b[32mBuilding C object esp-idf/mbedtls/mbedtls/library/CMakeFiles/mbedcrypto.dir/home/diego/.espressif/v5.5/esp-idf/components/mbedtls/port/aes/dma/esp_aes_dma_core.c.obj\x1b[0m\n'}
[35.179984] (Ros2_esp32) StdoutLine: {'line': b'[ 82%] \x1b[32mBuilding C object esp-idf/mbedtls/mbedtls/library/CMakeFiles/mbedcrypto.dir/home/diego/.espressif/v5.5/esp-idf/components/mbedtls/port/crypto_shared_gdma/esp_crypto_shared_gdma.c.obj\x1b[0m\n'}
[35.185074] (Ros2_esp32) StdoutLine: {'line': b'[ 82%] \x1b[32mBuilding C object esp-idf/mbedtls/mbedtls/library/CMakeFiles/mbedcrypto.dir/home/diego/.espressif/v5.5/esp-idf/components/mbedtls/port/esp_hardware.c.obj\x1b[0m\n'}
[35.208703] (Ros2_esp32) StdoutLine: {'line': b'[ 82%] \x1b[32mBuilding C object esp-idf/mbedtls/mbedtls/library/CMakeFiles/mbedcrypto.dir/home/diego/.espressif/v5.5/esp-idf/components/mbedtls/port/esp_timing.c.obj\x1b[0m\n'}
[35.210813] (Ros2_esp32) StdoutLine: {'line': b'[ 82%] \x1b[32mBuilding C object esp-idf/mbedtls/mbedtls/library/CMakeFiles/mbedcrypto.dir/home/diego/.espressif/v5.5/esp-idf/components/mbedtls/port/esp_mem.c.obj\x1b[0m\n'}
[35.218649] (Ros2_esp32) StdoutLine: {'line': b'[ 82%] \x1b[32mBuilding C object esp-idf/mbedtls/mbedtls/library/CMakeFiles/mbedcrypto.dir/home/diego/.espressif/v5.5/esp-idf/components/mbedtls/port/aes/esp_aes_xts.c.obj\x1b[0m\n'}
[35.237720] (Ros2_esp32) StdoutLine: {'line': b'[ 82%] \x1b[32mBuilding C object esp-idf/mbedtls/mbedtls/library/CMakeFiles/mbedcrypto.dir/home/diego/.espressif/v5.5/esp-idf/components/mbedtls/port/aes/esp_aes_common.c.obj\x1b[0m\n'}
[35.245099] (Ros2_esp32) StdoutLine: {'line': b'[ 83%] \x1b[32mBuilding C object esp-idf/mbedtls/mbedtls/library/CMakeFiles/mbedcrypto.dir/home/diego/.espressif/v5.5/esp-idf/components/mbedtls/port/aes/dma/esp_aes.c.obj\x1b[0m\n'}
[35.248790] (-) TimerEvent: {}
[35.258654] (Ros2_esp32) StdoutLine: {'line': b'[ 83%] \x1b[32mBuilding C object esp-idf/mbedtls/mbedtls/library/CMakeFiles/mbedcrypto.dir/home/diego/.espressif/v5.5/esp-idf/components/mbedtls/port/sha/core/sha.c.obj\x1b[0m\n'}
[35.260758] (Ros2_esp32) StdoutLine: {'line': b'[ 83%] \x1b[32mBuilding C object esp-idf/mbedtls/mbedtls/library/CMakeFiles/mbedcrypto.dir/home/diego/.espressif/v5.5/esp-idf/components/mbedtls/port/sha/esp_sha.c.obj\x1b[0m\n'}
[35.280717] (Ros2_esp32) StdoutLine: {'line': b'[ 83%] \x1b[32mBuilding C object esp-idf/mbedtls/mbedtls/library/CMakeFiles/mbedcrypto.dir/home/diego/.espressif/v5.5/esp-idf/components/mbedtls/port/esp_ds/esp_rsa_sign_alt.c.obj\x1b[0m\n'}
[35.292203] (Ros2_esp32) StdoutLine: {'line': b'[ 83%] \x1b[32mBuilding C object esp-idf/mbedtls/mbedtls/library/CMakeFiles/mbedcrypto.dir/home/diego/.espressif/v5.5/esp-idf/components/mbedtls/port/esp_ds/esp_rsa_dec_alt.c.obj\x1b[0m\n'}
[35.308701] (Ros2_esp32) StdoutLine: {'line': b'[ 83%] \x1b[32mBuilding C object esp-idf/mbedtls/mbedtls/library/CMakeFiles/mbedcrypto.dir/home/diego/.espressif/v5.5/esp-idf/components/mbedtls/port/esp_ds/esp_ds_common.c.obj\x1b[0m\n'}
[35.351956] (-) TimerEvent: {}
[35.356453] (Ros2_esp32) StdoutLine: {'line': b'[ 83%] \x1b[32mBuilding C object esp-idf/mbedtls/mbedtls/library/CMakeFiles/mbedcrypto.dir/home/diego/.espressif/v5.5/esp-idf/components/mbedtls/port/esp_hmac_pbkdf2.c.obj\x1b[0m\n'}
[35.377948] (Ros2_esp32) StdoutLine: {'line': b'[ 83%] \x1b[32mBuilding C object esp-idf/mbedtls/mbedtls/library/CMakeFiles/mbedcrypto.dir/home/diego/.espressif/v5.5/esp-idf/components/mbedtls/port/bignum/esp_bignum.c.obj\x1b[0m\n'}
[35.379918] (Ros2_esp32) StdoutLine: {'line': b'[ 83%] \x1b[32mBuilding C object esp-idf/mbedtls/mbedtls/library/CMakeFiles/mbedcrypto.dir/home/diego/.espressif/v5.5/esp-idf/components/mbedtls/port/bignum/bignum_alt.c.obj\x1b[0m\n'}
[35.393493] (Ros2_esp32) StdoutLine: {'line': b'[ 83%] \x1b[32mBuilding C object esp-idf/mbedtls/mbedtls/library/CMakeFiles/mbedcrypto.dir/home/diego/.espressif/v5.5/esp-idf/components/mbedtls/port/sha/core/esp_sha1.c.obj\x1b[0m\n'}
[35.397658] (Ros2_esp32) StdoutLine: {'line': b'[ 83%] \x1b[32mBuilding C object esp-idf/mbedtls/mbedtls/library/CMakeFiles/mbedcrypto.dir/home/diego/.espressif/v5.5/esp-idf/components/mbedtls/port/sha/core/esp_sha256.c.obj\x1b[0m\n'}
[35.451414] (Ros2_esp32) StdoutLine: {'line': b'[ 84%] \x1b[32mBuilding C object esp-idf/mbedtls/mbedtls/library/CMakeFiles/mbedcrypto.dir/home/diego/.espressif/v5.5/esp-idf/components/mbedtls/port/sha/core/esp_sha512.c.obj\x1b[0m\n'}
[35.453083] (-) TimerEvent: {}
[35.455589] (Ros2_esp32) StdoutLine: {'line': b'[ 84%] \x1b[32mBuilding C object esp-idf/mbedtls/mbedtls/library/CMakeFiles/mbedcrypto.dir/home/diego/.espressif/v5.5/esp-idf/components/mbedtls/port/aes/esp_aes_gcm.c.obj\x1b[0m\n'}
[35.464607] (Ros2_esp32) StdoutLine: {'line': b'[ 84%] \x1b[32mBuilding C object esp-idf/mbedtls/mbedtls/library/CMakeFiles/mbedcrypto.dir/home/diego/.espressif/v5.5/esp-idf/components/mbedtls/port/md/esp_md.c.obj\x1b[0m\n'}
[35.553259] (-) TimerEvent: {}
[35.653668] (-) TimerEvent: {}
[35.753990] (-) TimerEvent: {}
[35.820630] (Ros2_esp32) StdoutLine: {'line': b'[ 84%] \x1b[32m\x1b[1mLinking CXX static library libmbedcrypto.a\x1b[0m\n'}
[35.854105] (-) TimerEvent: {}
[35.952830] (Ros2_esp32) StdoutLine: {'line': b'[ 84%] Built target mbedcrypto\n'}
[35.954175] (-) TimerEvent: {}
[35.973108] (Ros2_esp32) StdoutLine: {'line': b'[ 84%] \x1b[32mBuilding C object esp-idf/mbedtls/mbedtls/3rdparty/p256-m/CMakeFiles/p256m.dir/p256-m/p256-m.c.obj\x1b[0m\n'}
[35.973338] (Ros2_esp32) StdoutLine: {'line': b'[ 84%] \x1b[32mBuilding C object esp-idf/mbedtls/mbedtls/3rdparty/p256-m/CMakeFiles/p256m.dir/p256-m_driver_entrypoints.c.obj\x1b[0m\n'}
[36.038599] (Ros2_esp32) StdoutLine: {'line': b'[ 84%] \x1b[32m\x1b[1mLinking CXX static library libp256m.a\x1b[0m\n'}
[36.054307] (-) TimerEvent: {}
[36.074236] (Ros2_esp32) StdoutLine: {'line': b'[ 84%] Built target p256m\n'}
[36.095262] (Ros2_esp32) StdoutLine: {'line': b'[ 84%] \x1b[32mBuilding C object esp-idf/mbedtls/mbedtls/3rdparty/everest/CMakeFiles/everest.dir/library/Hacl_Curve25519_joined.c.obj\x1b[0m\n'}
[36.095471] (Ros2_esp32) StdoutLine: {'line': b'[ 84%] \x1b[32mBuilding C object esp-idf/mbedtls/mbedtls/3rdparty/everest/CMakeFiles/everest.dir/library/everest.c.obj\x1b[0m\n'}
[36.095566] (Ros2_esp32) StdoutLine: {'line': b'[ 84%] \x1b[32mBuilding C object esp-idf/mbedtls/mbedtls/3rdparty/everest/CMakeFiles/everest.dir/library/x25519.c.obj\x1b[0m\n'}
[36.147619] (Ros2_esp32) StdoutLine: {'line': b'[ 84%] \x1b[32m\x1b[1mLinking CXX static library libeverest.a\x1b[0m\n'}
[36.154423] (-) TimerEvent: {}
[36.183602] (Ros2_esp32) StdoutLine: {'line': b'[ 84%] Built target everest\n'}
[36.193606] (Ros2_esp32) StdoutLine: {'line': b'[ 84%] \x1b[34m\x1b[1mGenerating x509_crt_bundle\x1b[0m\n'}
[36.254548] (-) TimerEvent: {}
[36.304754] (Ros2_esp32) StdoutLine: {'line': b'[ 84%] \x1b[34m\x1b[1mGenerating ../../x509_crt_bundle.S\x1b[0m\n'}
[36.354661] (-) TimerEvent: {}
[36.410181] (Ros2_esp32) StdoutLine: {'line': b'\x1b[35m\x1b[1mScanning dependencies of target __idf_mbedtls\x1b[0m\n'}
[36.421231] (Ros2_esp32) StdoutLine: {'line': b'[ 85%] \x1b[32mBuilding C object esp-idf/mbedtls/CMakeFiles/__idf_mbedtls.dir/esp_crt_bundle/esp_crt_bundle.c.obj\x1b[0m\n'}
[36.421438] (Ros2_esp32) StdoutLine: {'line': b'[ 85%] \x1b[32mBuilding ASM object esp-idf/mbedtls/CMakeFiles/__idf_mbedtls.dir/__/__/x509_crt_bundle.S.obj\x1b[0m\n'}
[36.454784] (-) TimerEvent: {}
[36.536991] (Ros2_esp32) StdoutLine: {'line': b'[ 85%] \x1b[32m\x1b[1mLinking C static library libmbedtls.a\x1b[0m\n'}
[36.554896] (-) TimerEvent: {}
[36.572079] (Ros2_esp32) StdoutLine: {'line': b'[ 85%] Built target __idf_mbedtls\n'}
[36.595650] (Ros2_esp32) StdoutLine: {'line': b'[ 85%] \x1b[32mBuilding C object esp-idf/esp_pm/CMakeFiles/__idf_esp_pm.dir/pm_trace.c.obj\x1b[0m\n'}
[36.595828] (Ros2_esp32) StdoutLine: {'line': b'[ 85%] \x1b[32mBuilding C object esp-idf/esp_pm/CMakeFiles/__idf_esp_pm.dir/pm_locks.c.obj\x1b[0m\n'}
[36.595890] (Ros2_esp32) StdoutLine: {'line': b'[ 85%] \x1b[32mBuilding C object esp-idf/esp_pm/CMakeFiles/__idf_esp_pm.dir/pm_impl.c.obj\x1b[0m\n'}
[36.655035] (-) TimerEvent: {}
[36.736692] (Ros2_esp32) StdoutLine: {'line': b'[ 85%] \x1b[32m\x1b[1mLinking C static library libesp_pm.a\x1b[0m\n'}
[36.755138] (-) TimerEvent: {}
[36.772203] (Ros2_esp32) StdoutLine: {'line': b'[ 85%] Built target __idf_esp_pm\n'}
[36.793332] (Ros2_esp32) StdoutLine: {'line': b'[ 85%] \x1b[32mBuilding C object esp-idf/esp_driver_gpio/CMakeFiles/__idf_esp_driver_gpio.dir/src/gpio_pin_glitch_filter.c.obj\x1b[0m\n'}
[36.793619] (Ros2_esp32) StdoutLine: {'line': b'[ 85%] \x1b[32mBuilding C object esp-idf/esp_driver_gpio/CMakeFiles/__idf_esp_driver_gpio.dir/src/dedic_gpio.c.obj\x1b[0m\n'}
[36.793706] (Ros2_esp32) StdoutLine: {'line': b'[ 85%] \x1b[32mBuilding C object esp-idf/esp_driver_gpio/CMakeFiles/__idf_esp_driver_gpio.dir/src/gpio.c.obj\x1b[0m\n'}
[36.793773] (Ros2_esp32) StdoutLine: {'line': b'[ 85%] \x1b[32mBuilding C object esp-idf/esp_driver_gpio/CMakeFiles/__idf_esp_driver_gpio.dir/src/rtc_io.c.obj\x1b[0m\n'}
[36.793839] (Ros2_esp32) StdoutLine: {'line': b'[ 85%] \x1b[32mBuilding C object esp-idf/esp_driver_gpio/CMakeFiles/__idf_esp_driver_gpio.dir/src/gpio_glitch_filter_ops.c.obj\x1b[0m\n'}
[36.855274] (-) TimerEvent: {}
[36.955609] (-) TimerEvent: {}
[37.055936] (-) TimerEvent: {}
[37.138898] (Ros2_esp32) StdoutLine: {'line': b'[ 85%] \x1b[32m\x1b[1mLinking C static library libesp_driver_gpio.a\x1b[0m\n'}
[37.156043] (-) TimerEvent: {}
[37.178450] (Ros2_esp32) StdoutLine: {'line': b'[ 85%] Built target __idf_esp_driver_gpio\n'}
[37.188955] (Ros2_esp32) StdoutLine: {'line': b'\x1b[35m\x1b[1mScanning dependencies of target __idf_xtensa\x1b[0m\n'}
[37.205828] (Ros2_esp32) StdoutLine: {'line': b'[ 85%] \x1b[32mBuilding ASM object esp-idf/xtensa/CMakeFiles/__idf_xtensa.dir/xtensa_intr_asm.S.obj\x1b[0m\n'}
[37.206080] (Ros2_esp32) StdoutLine: {'line': b'[ 85%] \x1b[32mBuilding C object esp-idf/xtensa/CMakeFiles/__idf_xtensa.dir/xtensa_intr.c.obj\x1b[0m\n'}
[37.206155] (Ros2_esp32) StdoutLine: {'line': b'[ 85%] \x1b[32mBuilding ASM object esp-idf/xtensa/CMakeFiles/__idf_xtensa.dir/xtensa_context.S.obj\x1b[0m\n'}
[37.206222] (Ros2_esp32) StdoutLine: {'line': b'[ 85%] \x1b[32mBuilding C object esp-idf/xtensa/CMakeFiles/__idf_xtensa.dir/eri.c.obj\x1b[0m\n'}
[37.206290] (Ros2_esp32) StdoutLine: {'line': b'[ 85%] \x1b[32mBuilding C object esp-idf/xtensa/CMakeFiles/__idf_xtensa.dir/xt_trax.c.obj\x1b[0m\n'}
[37.208400] (Ros2_esp32) StdoutLine: {'line': b'[ 85%] \x1b[32mBuilding ASM object esp-idf/xtensa/CMakeFiles/__idf_xtensa.dir/xtensa_vectors.S.obj\x1b[0m\n'}
[37.256163] (-) TimerEvent: {}
[37.275864] (Ros2_esp32) StdoutLine: {'line': b'[ 85%] \x1b[32m\x1b[1mLinking C static library libxtensa.a\x1b[0m\n'}
[37.313530] (Ros2_esp32) StdoutLine: {'line': b'[ 85%] Built target __idf_xtensa\n'}
[37.330383] (Ros2_esp32) StdoutLine: {'line': b'\x1b[35m\x1b[1mScanning dependencies of target __idf_espcoredump\x1b[0m\n'}
[37.345462] (Ros2_esp32) StdoutLine: {'line': b'[ 85%] \x1b[32mBuilding C object esp-idf/app_trace/CMakeFiles/__idf_app_trace.dir/app_trace.c.obj\x1b[0m\n'}
[37.346506] (Ros2_esp32) StdoutLine: {'line': b'[ 85%] \x1b[32mBuilding C object esp-idf/esp_https_server/CMakeFiles/__idf_esp_https_server.dir/src/https_server.c.obj\x1b[0m\n'}
[37.350657] (Ros2_esp32) StdoutLine: {'line': b'[ 85%] \x1b[32mBuilding C object esp-idf/console/CMakeFiles/__idf_console.dir/commands.c.obj\x1b[0m\n'}
[37.351200] (Ros2_esp32) StdoutLine: {'line': b'[ 85%] \x1b[32mBuilding C object esp-idf/esp_driver_touch_sens/CMakeFiles/__idf_esp_driver_touch_sens.dir/common/touch_sens_common.c.obj\x1b[0m\n'}
[37.351399] (Ros2_esp32) StdoutLine: {'line': b'[ 85%] \x1b[32mBuilding C object esp-idf/esp_lcd/CMakeFiles/__idf_esp_lcd.dir/src/esp_lcd_common.c.obj\x1b[0m\n'}
[37.351483] (Ros2_esp32) StdoutLine: {'line': b'[ 85%] \x1b[32mBuilding C object esp-idf/esp_hid/CMakeFiles/__idf_esp_hid.dir/src/esp_hidd.c.obj\x1b[0m\n'}
[37.351605] (Ros2_esp32) StdoutLine: {'line': b'[ 86%] \x1b[32mBuilding C object esp-idf/esp_driver_cam/CMakeFiles/__idf_esp_driver_cam.dir/esp_cam_ctlr.c.obj\x1b[0m\n'}
[37.351686] (Ros2_esp32) StdoutLine: {'line': b'[ 86%] \x1b[32mBuilding C object esp-idf/unity/CMakeFiles/__idf_unity.dir/unity/src/unity.c.obj\x1b[0m\n'}
[37.351762] (Ros2_esp32) StdoutLine: {'line': b'[ 86%] \x1b[32mBuilding C object esp-idf/protobuf-c/CMakeFiles/__idf_protobuf-c.dir/protobuf-c/protobuf-c/protobuf-c.c.obj\x1b[0m\n'}
[37.351852] (Ros2_esp32) StdoutLine: {'line': b'[ 86%] \x1b[32mBuilding C object esp-idf/esp_eth/CMakeFiles/__idf_esp_eth.dir/src/esp_eth.c.obj\x1b[0m\n'}
[37.356458] (-) TimerEvent: {}
[37.358197] (Ros2_esp32) StdoutLine: {'line': b'[ 86%] \x1b[32mBuilding CXX object esp-idf/wear_levelling/CMakeFiles/__idf_wear_levelling.dir/Partition.cpp.obj\x1b[0m\n'}
[37.360741] (Ros2_esp32) StdoutLine: {'line': b'[ 86%] \x1b[32mBuilding C object esp-idf/espcoredump/CMakeFiles/__idf_espcoredump.dir/src/core_dump_init.c.obj\x1b[0m\n'}
[37.405715] (Ros2_esp32) StdoutLine: {'line': b'[ 86%] \x1b[32mBuilding C object esp-idf/espcoredump/CMakeFiles/__idf_espcoredump.dir/src/core_dump_common.c.obj\x1b[0m\n'}
[37.458649] (-) TimerEvent: {}
[37.467901] (Ros2_esp32) StdoutLine: {'line': b'[ 86%] \x1b[32mBuilding C object esp-idf/esp_hid/CMakeFiles/__idf_esp_hid.dir/src/esp_hidh.c.obj\x1b[0m\n'}
[37.500773] (Ros2_esp32) StdoutLine: {'line': b'[ 86%] \x1b[32mBuilding CXX object esp-idf/wear_levelling/CMakeFiles/__idf_wear_levelling.dir/SPI_Flash.cpp.obj\x1b[0m\n'}
[37.505010] (Ros2_esp32) StdoutLine: {'line': b'[ 86%] \x1b[32mBuilding C object esp-idf/esp_lcd/CMakeFiles/__idf_esp_lcd.dir/src/esp_lcd_panel_io.c.obj\x1b[0m\n'}
[37.512199] (Ros2_esp32) StdoutLine: {'line': b'[ 86%] \x1b[32mBuilding C object esp-idf/espcoredump/CMakeFiles/__idf_espcoredump.dir/src/core_dump_flash.c.obj\x1b[0m\n'}
[37.512471] (Ros2_esp32) StdoutLine: {'line': b'[ 86%] \x1b[32mBuilding C object esp-idf/esp_driver_cam/CMakeFiles/__idf_esp_driver_cam.dir/dvp_share_ctrl.c.obj\x1b[0m\n'}
[37.550718] (Ros2_esp32) StdoutLine: {'line': b'[ 87%] \x1b[32mBuilding C object esp-idf/console/CMakeFiles/__idf_console.dir/esp_console_common.c.obj\x1b[0m\n'}
[37.555830] (Ros2_esp32) StdoutLine: {'line': b'[ 87%] \x1b[32mBuilding C object esp-idf/app_trace/CMakeFiles/__idf_app_trace.dir/app_trace_util.c.obj\x1b[0m\n'}
[37.559251] (-) TimerEvent: {}
[37.618241] (Ros2_esp32) StdoutLine: {'line': b'[ 87%] \x1b[32mBuilding C object esp-idf/esp_driver_cam/CMakeFiles/__idf_esp_driver_cam.dir/dvp/src/esp_cam_ctlr_dvp_gdma.c.obj\x1b[0m\n'}
[37.631339] (Ros2_esp32) StdoutLine: {'line': b'[ 87%] \x1b[32m\x1b[1mLinking C static library libesp_https_server.a\x1b[0m\n'}
[37.646660] (Ros2_esp32) StdoutLine: {'line': b'[ 87%] \x1b[32mBuilding CXX object esp-idf/wear_levelling/CMakeFiles/__idf_wear_levelling.dir/WL_Ext_Perf.cpp.obj\x1b[0m\n'}
[37.659418] (-) TimerEvent: {}
[37.663694] (Ros2_esp32) StdoutLine: {'line': b'[ 87%] \x1b[32mBuilding C object esp-idf/esp_lcd/CMakeFiles/__idf_esp_lcd.dir/src/esp_lcd_panel_nt35510.c.obj\x1b[0m\n'}
[37.707723] (Ros2_esp32) StdoutLine: {'line': b'[ 87%] \x1b[32mBuilding C object esp-idf/app_trace/CMakeFiles/__idf_app_trace.dir/host_file_io.c.obj\x1b[0m\n'}
[37.710948] (Ros2_esp32) StdoutLine: {'line': b'[ 87%] \x1b[32mBuilding C object esp-idf/espcoredump/CMakeFiles/__idf_espcoredump.dir/src/core_dump_uart.c.obj\x1b[0m\n'}
[37.719596] (Ros2_esp32) StdoutLine: {'line': b'[ 87%] Built target __idf_esp_https_server\n'}
[37.725330] (Ros2_esp32) StdoutLine: {'line': b'[ 87%] \x1b[32mBuilding C object esp-idf/console/CMakeFiles/__idf_console.dir/esp_console_repl_internal.c.obj\x1b[0m\n'}
[37.725970] (Ros2_esp32) StdoutLine: {'line': b'[ 87%] \x1b[32mBuilding C object esp-idf/esp_driver_touch_sens/CMakeFiles/__idf_esp_driver_touch_sens.dir/hw_ver2/touch_version_specific.c.obj\x1b[0m\n'}
[37.734336] (Ros2_esp32) StdoutLine: {'line': b'[ 87%] \x1b[32mBuilding C object esp-idf/console/CMakeFiles/__idf_console.dir/split_argv.c.obj\x1b[0m\n'}
[37.739648] (Ros2_esp32) StdoutLine: {'line': b'[ 87%] \x1b[32mBuilding C object esp-idf/esp_hid/CMakeFiles/__idf_esp_hid.dir/src/esp_hid_common.c.obj\x1b[0m\n'}
[37.748720] (Ros2_esp32) StdoutLine: {'line': b'[ 87%] \x1b[32mBuilding C object esp-idf/unity/CMakeFiles/__idf_unity.dir/unity_compat.c.obj\x1b[0m\n'}
[37.750221] (Ros2_esp32) StdoutLine: {'line': b'[ 87%] \x1b[32mBuilding C object esp-idf/esp_driver_cam/CMakeFiles/__idf_esp_driver_cam.dir/dvp/src/esp_cam_ctlr_dvp_cam.c.obj\x1b[0m\n'}
[37.759594] (-) TimerEvent: {}
[37.772754] (Ros2_esp32) StdoutLine: {'line': b'[ 87%] \x1b[32mBuilding C object esp-idf/esp_eth/CMakeFiles/__idf_esp_eth.dir/src/phy/esp_eth_phy_802_3.c.obj\x1b[0m\n'}
[37.811543] (Ros2_esp32) StdoutLine: {'line': b'[ 87%] \x1b[32mBuilding C object esp-idf/app_trace/CMakeFiles/__idf_app_trace.dir/port/port_uart.c.obj\x1b[0m\n'}
[37.812332] (Ros2_esp32) StdoutLine: {'line': b'[ 88%] \x1b[32mBuilding CXX object esp-idf/wear_levelling/CMakeFiles/__idf_wear_levelling.dir/WL_Ext_Safe.cpp.obj\x1b[0m\n'}
[37.828392] (Ros2_esp32) StdoutLine: {'line': b'[ 88%] \x1b[32mBuilding C object esp-idf/console/CMakeFiles/__idf_console.dir/linenoise/linenoise.c.obj\x1b[0m\n'}
[37.831851] (Ros2_esp32) StdoutLine: {'line': b'[ 88%] \x1b[32mBuilding C object esp-idf/unity/CMakeFiles/__idf_unity.dir/unity_runner.c.obj\x1b[0m\n'}
[37.848114] (Ros2_esp32) StdoutLine: {'line': b'[ 88%] \x1b[32mBuilding C object esp-idf/espcoredump/CMakeFiles/__idf_espcoredump.dir/src/core_dump_elf.c.obj\x1b[0m\n'}
[37.859757] (-) TimerEvent: {}
[37.892775] (Ros2_esp32) StdoutLine: {'line': b'[ 88%] \x1b[32mBuilding CXX object esp-idf/wear_levelling/CMakeFiles/__idf_wear_levelling.dir/WL_Flash.cpp.obj\x1b[0m\n'}
[37.917676] (Ros2_esp32) StdoutLine: {'line': b'[ 88%] \x1b[32mBuilding C object esp-idf/esp_lcd/CMakeFiles/__idf_esp_lcd.dir/src/esp_lcd_panel_ssd1306.c.obj\x1b[0m\n'}
[37.928461] (Ros2_esp32) StdoutLine: {'line': b'[ 88%] \x1b[32m\x1b[1mLinking C static library libesp_hid.a\x1b[0m\n'}
[37.959900] (-) TimerEvent: {}
[37.984716] (Ros2_esp32) StdoutLine: {'line': b'[ 88%] \x1b[32mBuilding C object esp-idf/unity/CMakeFiles/__idf_unity.dir/unity_utils_freertos.c.obj\x1b[0m\n'}
[37.985598] (Ros2_esp32) StdoutLine: {'line': b'[ 88%] \x1b[32mBuilding C object esp-idf/espcoredump/CMakeFiles/__idf_espcoredump.dir/src/core_dump_binary.c.obj\x1b[0m\n'}
[38.001534] (Ros2_esp32) StdoutLine: {'line': b'[ 88%] \x1b[32m\x1b[1mLinking C static library libapp_trace.a\x1b[0m\n'}
[38.021748] (Ros2_esp32) StdoutLine: {'line': b'[ 88%] \x1b[32mBuilding C object esp-idf/console/CMakeFiles/__idf_console.dir/esp_console_repl_chip.c.obj\x1b[0m\n'}
[38.032716] (Ros2_esp32) StdoutLine: {'line': b'[ 88%] Built target __idf_esp_hid\n'}
[38.050074] (Ros2_esp32) StdoutLine: {'line': b'[ 88%] \x1b[32mBuilding C object esp-idf/espcoredump/CMakeFiles/__idf_espcoredump.dir/src/core_dump_sha.c.obj\x1b[0m\n'}
[38.053707] (Ros2_esp32) StdoutLine: {'line': b'[ 88%] \x1b[32m\x1b[1mLinking C static library libprotobuf-c.a\x1b[0m\n'}
[38.060061] (-) TimerEvent: {}
[38.084625] (Ros2_esp32) StdoutLine: {'line': b'[ 88%] \x1b[32m\x1b[1mLinking C static library libesp_driver_touch_sens.a\x1b[0m\n'}
[38.090876] (Ros2_esp32) StdoutLine: {'line': b'[ 88%] \x1b[32mBuilding C object esp-idf/espcoredump/CMakeFiles/__idf_espcoredump.dir/src/core_dump_crc.c.obj\x1b[0m\n'}
[38.103500] (Ros2_esp32) StdoutLine: {'line': b'[ 88%] Built target __idf_app_trace\n'}
[38.121331] (Ros2_esp32) StdoutLine: {'line': b'[ 88%] \x1b[32mBuilding C object esp-idf/esp_lcd/CMakeFiles/__idf_esp_lcd.dir/src/esp_lcd_panel_st7789.c.obj\x1b[0m\n'}
[38.125121] (Ros2_esp32) StdoutLine: {'line': b'[ 89%] \x1b[32mBuilding C object esp-idf/unity/CMakeFiles/__idf_unity.dir/unity_utils_cache.c.obj\x1b[0m\n'}
[38.134672] (Ros2_esp32) StdoutLine: {'line': b'[ 89%] Built target __idf_protobuf-c\n'}
[38.134975] (Ros2_esp32) StdoutLine: {'line': b'[ 89%] \x1b[32mBuilding C object esp-idf/espcoredump/CMakeFiles/__idf_espcoredump.dir/src/port/xtensa/core_dump_port.c.obj\x1b[0m\n'}
[38.144360] (Ros2_esp32) StdoutLine: {'line': b'[ 89%] \x1b[32mBuilding C object esp-idf/json/CMakeFiles/__idf_json.dir/cJSON/cJSON.c.obj\x1b[0m\n'}
[38.154989] (Ros2_esp32) StdoutLine: {'line': b'[ 89%] \x1b[32mBuilding C object esp-idf/unity/CMakeFiles/__idf_unity.dir/unity_utils_memory.c.obj\x1b[0m\n'}
[38.155353] (Ros2_esp32) StdoutLine: {'line': b'[ 89%] \x1b[32m\x1b[1mLinking C static library libesp_driver_cam.a\x1b[0m\n'}
[38.160731] (Ros2_esp32) StdoutLine: {'line': b'[ 89%] Built target __idf_esp_driver_touch_sens\n'}
[38.161045] (-) TimerEvent: {}
[38.167023] (Ros2_esp32) StdoutLine: {'line': b'[ 89%] \x1b[32mBuilding C object esp-idf/json/CMakeFiles/__idf_json.dir/cJSON/cJSON_Utils.c.obj\x1b[0m\n'}
[38.175034] (Ros2_esp32) StdoutLine: {'line': b'[ 89%] \x1b[32mBuilding CXX object esp-idf/wear_levelling/CMakeFiles/__idf_wear_levelling.dir/crc32.cpp.obj\x1b[0m\n'}
[38.175298] (Ros2_esp32) StdoutLine: {'line': b'[ 89%] \x1b[32mBuilding C object esp-idf/esp_lcd/CMakeFiles/__idf_esp_lcd.dir/src/esp_lcd_panel_ops.c.obj\x1b[0m\n'}
[38.190001] (Ros2_esp32) StdoutLine: {'line': b'[ 89%] \x1b[32mBuilding C object esp-idf/esp_eth/CMakeFiles/__idf_esp_eth.dir/src/esp_eth_netif_glue.c.obj\x1b[0m\n'}
[38.196253] (Ros2_esp32) StdoutLine: {'line': b'[ 89%] \x1b[32mBuilding C object esp-idf/console/CMakeFiles/__idf_console.dir/argtable3/arg_cmd.c.obj\x1b[0m\n'}
[38.221436] (Ros2_esp32) StdoutLine: {'line': b'[ 89%] Built target __idf_esp_driver_cam\n'}
[38.226688] (Ros2_esp32) StdoutLine: {'line': b'[ 89%] \x1b[32mBuilding CXX object esp-idf/wear_levelling/CMakeFiles/__idf_wear_levelling.dir/wear_levelling.cpp.obj\x1b[0m\n'}
[38.239439] (Ros2_esp32) StdoutLine: {'line': b'[ 90%] \x1b[32mBuilding ASM object esp-idf/espcoredump/CMakeFiles/__idf_espcoredump.dir/src/port/xtensa/core_dump_stack_switch.S.obj\x1b[0m\n'}
[38.253610] (Ros2_esp32) StdoutLine: {'line': b'[ 90%] \x1b[32mBuilding C object esp-idf/unity/CMakeFiles/__idf_unity.dir/unity_port_esp32.c.obj\x1b[0m\n'}
[38.258566] (Ros2_esp32) StdoutLine: {'line': b'[ 90%] \x1b[32mBuilding C object esp-idf/esp_lcd/CMakeFiles/__idf_esp_lcd.dir/i2c/esp_lcd_panel_io_i2c_v1.c.obj\x1b[0m\n'}
[38.261211] (-) TimerEvent: {}
[38.273308] (Ros2_esp32) StdoutLine: {'line': b'[ 90%] \x1b[32mBuilding C object esp-idf/console/CMakeFiles/__idf_console.dir/argtable3/arg_date.c.obj\x1b[0m\n'}
[38.292714] (Ros2_esp32) StdoutLine: {'line': b'[ 90%] \x1b[32m\x1b[1mLinking C static library libespcoredump.a\x1b[0m\n'}
[38.325105] (Ros2_esp32) StdoutLine: {'line': b'[ 90%] \x1b[32mBuilding C object esp-idf/esp_lcd/CMakeFiles/__idf_esp_lcd.dir/i2c/esp_lcd_panel_io_i2c_v2.c.obj\x1b[0m\n'}
[38.346653] (Ros2_esp32) StdoutLine: {'line': b'[ 90%] \x1b[32mBuilding C object esp-idf/unity/CMakeFiles/__idf_unity.dir/port/esp/unity_utils_memory_esp.c.obj\x1b[0m\n'}
[38.361365] (-) TimerEvent: {}
[38.365893] (Ros2_esp32) StdoutLine: {'line': b'[ 90%] \x1b[32mBuilding C object esp-idf/console/CMakeFiles/__idf_console.dir/argtable3/arg_dbl.c.obj\x1b[0m\n'}
[38.370680] (Ros2_esp32) StdoutLine: {'line': b'[ 90%] \x1b[32m\x1b[1mLinking C static library libesp_eth.a\x1b[0m\n'}
[38.370996] (Ros2_esp32) StdoutLine: {'line': b'[ 90%] Built target __idf_espcoredump\n'}
[38.385252] (Ros2_esp32) StdoutLine: {'line': b'[ 91%] \x1b[32mBuilding C object esp-idf/esp_lcd/CMakeFiles/__idf_esp_lcd.dir/spi/esp_lcd_panel_io_spi.c.obj\x1b[0m\n'}
[38.400751] (Ros2_esp32) StdoutLine: {'line': b'[ 91%] \x1b[32mBuilding C object esp-idf/console/CMakeFiles/__idf_console.dir/argtable3/arg_dstr.c.obj\x1b[0m\n'}
[38.413940] (Ros2_esp32) StdoutLine: {'line': b'[ 91%] \x1b[32mBuilding C object esp-idf/mqtt/CMakeFiles/__idf_mqtt.dir/esp-mqtt/mqtt_client.c.obj\x1b[0m\n'}
[38.422771] (Ros2_esp32) StdoutLine: {'line': b'[ 91%] \x1b[32m\x1b[1mLinking C static library libwear_levelling.a\x1b[0m\n'}
[38.445119] (Ros2_esp32) StdoutLine: {'line': b'[ 91%] Built target __idf_esp_eth\n'}
[38.454107] (Ros2_esp32) StdoutLine: {'line': b'[ 91%] \x1b[32m\x1b[1mLinking C static library libunity.a\x1b[0m\n'}
[38.462935] (-) TimerEvent: {}
[38.463284] (Ros2_esp32) StdoutLine: {'line': b'[ 91%] \x1b[32mBuilding C object esp-idf/esp_lcd/CMakeFiles/__idf_esp_lcd.dir/i80/esp_lcd_panel_io_i80.c.obj\x1b[0m\n'}
[38.468675] (Ros2_esp32) StdoutLine: {'line': b'[ 91%] \x1b[32mBuilding C object esp-idf/console/CMakeFiles/__idf_console.dir/argtable3/arg_end.c.obj\x1b[0m\n'}
[38.478996] (Ros2_esp32) StdoutLine: {'line': b'[ 91%] \x1b[32mBuilding C object esp-idf/nvs_sec_provider/CMakeFiles/__idf_nvs_sec_provider.dir/nvs_sec_provider.c.obj\x1b[0m\n'}
[38.498199] (Ros2_esp32) StdoutLine: {'line': b'[ 91%] Built target __idf_wear_levelling\n'}
[38.498502] (Ros2_esp32) StdoutLine: {'line': b'[ 91%] \x1b[32mBuilding C object esp-idf/console/CMakeFiles/__idf_console.dir/argtable3/arg_file.c.obj\x1b[0m\n'}
[38.516651] (Ros2_esp32) StdoutLine: {'line': b'[ 91%] \x1b[32mBuilding C object esp-idf/esp_lcd/CMakeFiles/__idf_esp_lcd.dir/rgb/esp_lcd_panel_rgb.c.obj\x1b[0m\n'}
[38.528975] (Ros2_esp32) StdoutLine: {'line': b'[ 91%] \x1b[32mBuilding C object esp-idf/mqtt/CMakeFiles/__idf_mqtt.dir/esp-mqtt/lib/mqtt_msg.c.obj\x1b[0m\n'}
[38.538711] (Ros2_esp32) StdoutLine: {'line': b'[ 92%] \x1b[32mBuilding C object esp-idf/console/CMakeFiles/__idf_console.dir/argtable3/arg_hashtable.c.obj\x1b[0m\n'}
[38.548702] (Ros2_esp32) StdoutLine: {'line': b'[ 92%] Built target __idf_unity\n'}
[38.550271] (Ros2_esp32) StdoutLine: {'line': b'[ 92%] \x1b[32mBuilding C object esp-idf/perfmon/CMakeFiles/__idf_perfmon.dir/xtensa_perfmon_access.c.obj\x1b[0m\n'}
[38.563104] (-) TimerEvent: {}
[38.571907] (Ros2_esp32) StdoutLine: {'line': b'[ 92%] \x1b[32mBuilding C object esp-idf/perfmon/CMakeFiles/__idf_perfmon.dir/xtensa_perfmon_apis.c.obj\x1b[0m\n'}
[38.591037] (Ros2_esp32) StdoutLine: {'line': b'[ 92%] \x1b[32mBuilding C object esp-idf/rt/CMakeFiles/__idf_rt.dir/FreeRTOS_POSIX_mqueue.c.obj\x1b[0m\n'}
[38.615970] (Ros2_esp32) StdoutLine: {'line': b'[ 92%] \x1b[32m\x1b[1mLinking C static library libnvs_sec_provider.a\x1b[0m\n'}
[38.636973] (Ros2_esp32) StdoutLine: {'line': b'[ 92%] \x1b[32mBuilding C object esp-idf/console/CMakeFiles/__idf_console.dir/argtable3/arg_int.c.obj\x1b[0m\n'}
[38.648900] (Ros2_esp32) StdoutLine: {'line': b'[ 92%] \x1b[32mBuilding C object esp-idf/mqtt/CMakeFiles/__idf_mqtt.dir/esp-mqtt/lib/mqtt_outbox.c.obj\x1b[0m\n'}
[38.663380] (-) TimerEvent: {}
[38.679187] (Ros2_esp32) StdoutLine: {'line': b'[ 92%] \x1b[32mBuilding C object esp-idf/rt/CMakeFiles/__idf_rt.dir/FreeRTOS_POSIX_utils.c.obj\x1b[0m\n'}
[38.682689] (Ros2_esp32) StdoutLine: {'line': b'[ 92%] \x1b[32mBuilding C object esp-idf/console/CMakeFiles/__idf_console.dir/argtable3/arg_lit.c.obj\x1b[0m\n'}
[38.686193] (Ros2_esp32) StdoutLine: {'line': b'[ 92%] \x1b[32mBuilding C object esp-idf/perfmon/CMakeFiles/__idf_perfmon.dir/xtensa_perfmon_masks.c.obj\x1b[0m\n'}
[38.687027] (Ros2_esp32) StdoutLine: {'line': b'[ 92%] Built target __idf_nvs_sec_provider\n'}
[38.727669] (Ros2_esp32) StdoutLine: {'line': b'[ 92%] \x1b[32mBuilding C object esp-idf/spiffs/CMakeFiles/__idf_spiffs.dir/spiffs_api.c.obj\x1b[0m\n'}
[38.728249] (Ros2_esp32) StdoutLine: {'line': b'[ 92%] \x1b[32m\x1b[1mLinking C static library libjson.a\x1b[0m\n'}
[38.745813] (Ros2_esp32) StdoutLine: {'line': b'[ 93%] \x1b[32m\x1b[1mLinking C static library libperfmon.a\x1b[0m\n'}
[38.761694] (Ros2_esp32) StdoutLine: {'line': b'[ 93%] \x1b[32mBuilding C object esp-idf/mqtt/CMakeFiles/__idf_mqtt.dir/esp-mqtt/lib/platform_esp32_idf.c.obj\x1b[0m\n'}
[38.765684] (-) TimerEvent: {}
[38.791350] (Ros2_esp32) StdoutLine: {'line': b'[ 93%] \x1b[32mBuilding C object esp-idf/console/CMakeFiles/__idf_console.dir/argtable3/arg_rem.c.obj\x1b[0m\n'}
[38.804397] (Ros2_esp32) StdoutLine: {'line': b'[ 93%] Built target __idf_json\n'}
[38.812643] (Ros2_esp32) StdoutLine: {'line': b'[ 93%] Built target __idf_perfmon\n'}
[38.812927] (Ros2_esp32) StdoutLine: {'line': b'[ 93%] \x1b[32mBuilding C object esp-idf/spiffs/CMakeFiles/__idf_spiffs.dir/spiffs/src/spiffs_cache.c.obj\x1b[0m\n'}
[38.815713] (Ros2_esp32) StdoutLine: {'line': b'[ 93%] \x1b[32mBuilding C object esp-idf/console/CMakeFiles/__idf_console.dir/argtable3/arg_rex.c.obj\x1b[0m\n'}
[38.833255] (Ros2_esp32) StdoutLine: {'line': b'[ 93%] \x1b[32mBuilding C object esp-idf/console/CMakeFiles/__idf_console.dir/argtable3/arg_str.c.obj\x1b[0m\n'}
[38.845256] (Ros2_esp32) StdoutLine: {'line': b'[ 93%] \x1b[32mBuilding C object esp-idf/touch_element/CMakeFiles/__idf_touch_element.dir/touch_element.c.obj\x1b[0m\n'}
[38.846156] (Ros2_esp32) StdoutLine: {'line': b'[ 93%] \x1b[32m\x1b[1mLinking C static library librt.a\x1b[0m\n'}
[38.866069] (-) TimerEvent: {}
[38.871103] (Ros2_esp32) StdoutLine: {'line': b'[ 94%] \x1b[32mBuilding C object esp-idf/spiffs/CMakeFiles/__idf_spiffs.dir/spiffs/src/spiffs_check.c.obj\x1b[0m\n'}
[38.879005] (Ros2_esp32) StdoutLine: {'line': b'[ 94%] \x1b[32mBuilding C object esp-idf/spiffs/CMakeFiles/__idf_spiffs.dir/spiffs/src/spiffs_gc.c.obj\x1b[0m\n'}
[38.888710] (Ros2_esp32) StdoutLine: {'line': b'[ 94%] \x1b[32mBuilding C object esp-idf/touch_element/CMakeFiles/__idf_touch_element.dir/touch_button.c.obj\x1b[0m\n'}
[38.911177] (Ros2_esp32) StdoutLine: {'line': b'[ 94%] \x1b[32mBuilding C object esp-idf/usb/CMakeFiles/__idf_usb.dir/hcd_dwc.c.obj\x1b[0m\n'}
[38.923972] (Ros2_esp32) StdoutLine: {'line': b'[ 94%] Built target __idf_rt\n'}
[38.948638] (Ros2_esp32) StdoutLine: {'line': b'[ 94%] \x1b[32mBuilding C object esp-idf/touch_element/CMakeFiles/__idf_touch_element.dir/touch_slider.c.obj\x1b[0m\n'}
[38.951798] (Ros2_esp32) StdoutLine: {'line': b'[ 94%] \x1b[32mBuilding C object esp-idf/usb/CMakeFiles/__idf_usb.dir/enum.c.obj\x1b[0m\n'}
[38.968734] (Ros2_esp32) StdoutLine: {'line': b'[ 94%] \x1b[32mBuilding C object esp-idf/micro_ros_espidf_component/CMakeFiles/__idf_micro_ros_espidf_component.dir/network_interfaces/uros_wlan_netif.c.obj\x1b[0m\n'}
[38.968978] (-) TimerEvent: {}
[38.972719] (Ros2_esp32) StdoutLine: {'line': b'[ 94%] \x1b[32mBuilding C object esp-idf/console/CMakeFiles/__idf_console.dir/argtable3/arg_utils.c.obj\x1b[0m\n'}
[39.069125] (-) TimerEvent: {}
[39.091377] (Ros2_esp32) StdoutLine: {'line': b'[ 94%] \x1b[32mBuilding C object esp-idf/usb/CMakeFiles/__idf_usb.dir/hub.c.obj\x1b[0m\n'}
[39.107194] (Ros2_esp32) StdoutLine: {'line': b'[ 94%] \x1b[32mBuilding C object esp-idf/spiffs/CMakeFiles/__idf_spiffs.dir/spiffs/src/spiffs_hydrogen.c.obj\x1b[0m\n'}
[39.115405] (Ros2_esp32) StdoutLine: {'line': b'[ 94%] \x1b[32mBuilding C object esp-idf/console/CMakeFiles/__idf_console.dir/argtable3/argtable3.c.obj\x1b[0m\n'}
[39.159870] (Ros2_esp32) StdoutLine: {'line': b'[ 94%] \x1b[32mBuilding C object esp-idf/touch_element/CMakeFiles/__idf_touch_element.dir/touch_matrix.c.obj\x1b[0m\n'}
[39.169290] (-) TimerEvent: {}
[39.178857] (Ros2_esp32) StdoutLine: {'line': b'[ 94%] \x1b[32m\x1b[1mLinking C static library libmicro_ros_espidf_component.a\x1b[0m\n'}
[39.208469] (Ros2_esp32) StdoutLine: {'line': b'[ 94%] \x1b[32mBuilding C object esp-idf/usb/CMakeFiles/__idf_usb.dir/usb_helpers.c.obj\x1b[0m\n'}
[39.242681] (Ros2_esp32) StdoutLine: {'line': b'[ 94%] \x1b[32m\x1b[1mLinking C static library libmqtt.a\x1b[0m\n'}
[39.255066] (Ros2_esp32) StdoutLine: {'line': b'[ 94%] Built target __idf_micro_ros_espidf_component\n'}
[39.255392] (Ros2_esp32) StdoutLine: {'line': b'[ 94%] \x1b[32m\x1b[1mLinking C static library libesp_lcd.a\x1b[0m\n'}
[39.269450] (-) TimerEvent: {}
[39.271468] (Ros2_esp32) StdoutLine: {'line': b'[ 94%] \x1b[32mBuilding C object esp-idf/usb/CMakeFiles/__idf_usb.dir/usb_host.c.obj\x1b[0m\n'}
[39.305713] (Ros2_esp32) StdoutLine: {'line': b'[ 94%] \x1b[32mBuilding C object esp-idf/usb/CMakeFiles/__idf_usb.dir/usb_private.c.obj\x1b[0m\n'}
[39.316495] (Ros2_esp32) StdoutLine: {'line': b'[ 94%] \x1b[32mBuilding C object esp-idf/cmock/CMakeFiles/__idf_cmock.dir/CMock/src/cmock.c.obj\x1b[0m\n'}
[39.329266] (Ros2_esp32) StdoutLine: {'line': b'[ 94%] \x1b[32mBuilding C object esp-idf/spiffs/CMakeFiles/__idf_spiffs.dir/spiffs/src/spiffs_nucleus.c.obj\x1b[0m\n'}
[39.331429] (Ros2_esp32) StdoutLine: {'line': b'[ 94%] Built target __idf_mqtt\n'}
[39.345344] (Ros2_esp32) StdoutLine: {'line': b'[ 94%] \x1b[32mBuilding C object esp-idf/fatfs/CMakeFiles/__idf_fatfs.dir/diskio/diskio.c.obj\x1b[0m\n'}
[39.362814] (Ros2_esp32) StdoutLine: {'line': b'[ 94%] Built target __idf_esp_lcd\n'}
[39.369612] (-) TimerEvent: {}
[39.374353] (Ros2_esp32) StdoutLine: {'line': b'[ 94%] \x1b[32mBuilding CXX object esp-idf/main/CMakeFiles/__idf_main.dir/micro-ros-esp32.cpp.obj\x1b[0m\n'}
[39.382721] (Ros2_esp32) StdoutLine: {'line': b'[ 94%] \x1b[32mBuilding C object esp-idf/main/CMakeFiles/__idf_main.dir/esp32_serial_transport.c.obj\x1b[0m\n'}
[39.390672] (Ros2_esp32) StdoutLine: {'line': b'[ 94%] \x1b[32mBuilding C object esp-idf/fatfs/CMakeFiles/__idf_fatfs.dir/diskio/diskio_rawflash.c.obj\x1b[0m\n'}
[39.393824] (Ros2_esp32) StdoutLine: {'line': b'[ 94%] \x1b[32m\x1b[1mLinking C static library libconsole.a\x1b[0m\n'}
[39.427726] (Ros2_esp32) StdoutLine: {'line': b'[ 94%] \x1b[32m\x1b[1mLinking C static library libcmock.a\x1b[0m\n'}
[39.433256] (Ros2_esp32) StdoutLine: {'line': b'[ 94%] \x1b[32mBuilding C object esp-idf/spiffs/CMakeFiles/__idf_spiffs.dir/esp_spiffs.c.obj\x1b[0m\n'}
[39.467179] (Ros2_esp32) StdoutLine: {'line': b'[ 94%] \x1b[32m\x1b[1mLinking C static library libtouch_element.a\x1b[0m\n'}
[39.469749] (-) TimerEvent: {}
[39.494881] (Ros2_esp32) StdoutLine: {'line': b'[ 94%] \x1b[32mBuilding C object esp-idf/fatfs/CMakeFiles/__idf_fatfs.dir/diskio/diskio_wl.c.obj\x1b[0m\n'}
[39.509673] (Ros2_esp32) StdoutLine: {'line': b'[ 95%] \x1b[32mBuilding C object esp-idf/usb/CMakeFiles/__idf_usb.dir/usbh.c.obj\x1b[0m\n'}
[39.515694] (Ros2_esp32) StdoutLine: {'line': b'[ 95%] Built target __idf_console\n'}
[39.526302] (Ros2_esp32) StdoutLine: {'line': b'[ 95%] Built target __idf_cmock\n'}
[39.536163] (Ros2_esp32) StdoutLine: {'line': b'[ 95%] \x1b[32mBuilding C object esp-idf/usb/CMakeFiles/__idf_usb.dir/usb_phy.c.obj\x1b[0m\n'}
[39.551281] (Ros2_esp32) StdoutLine: {'line': b'[ 95%] \x1b[32mBuilding C object esp-idf/fatfs/CMakeFiles/__idf_fatfs.dir/src/ff.c.obj\x1b[0m\n'}
[39.561996] (Ros2_esp32) StdoutLine: {'line': b'[ 95%] Built target __idf_touch_element\n'}
[39.569280] (Ros2_esp32) StdoutLine: {'line': b'[ 95%] \x1b[32mBuilding C object esp-idf/fatfs/CMakeFiles/__idf_fatfs.dir/src/ffunicode.c.obj\x1b[0m\n'}
[39.570054] (-) TimerEvent: {}
[39.578693] (Ros2_esp32) StdoutLine: {'line': b'[ 95%] \x1b[32mBuilding C object esp-idf/protocomm/CMakeFiles/__idf_protocomm.dir/src/common/protocomm.c.obj\x1b[0m\n'}
[39.583927] (Ros2_esp32) StdoutLine: {'line': b'[ 95%] \x1b[32mBuilding C object esp-idf/fatfs/CMakeFiles/__idf_fatfs.dir/port/freertos/ffsystem.c.obj\x1b[0m\n'}
[39.670208] (-) TimerEvent: {}
[39.674248] (Ros2_esp32) StdoutLine: {'line': b'[ 95%] \x1b[32mBuilding C object esp-idf/fatfs/CMakeFiles/__idf_fatfs.dir/diskio/diskio_sdmmc.c.obj\x1b[0m\n'}
[39.680621] (Ros2_esp32) StdoutLine: {'line': b'[ 95%] \x1b[32mBuilding C object esp-idf/protocomm/CMakeFiles/__idf_protocomm.dir/proto-c/constants.pb-c.c.obj\x1b[0m\n'}
[39.715700] (Ros2_esp32) StdoutLine: {'line': b'[ 95%] \x1b[32mBuilding C object esp-idf/fatfs/CMakeFiles/__idf_fatfs.dir/vfs/vfs_fat.c.obj\x1b[0m\n'}
[39.723684] (Ros2_esp32) StdoutLine: {'line': b'[ 96%] \x1b[32mBuilding C object esp-idf/fatfs/CMakeFiles/__idf_fatfs.dir/vfs/vfs_fat_sdmmc.c.obj\x1b[0m\n'}
[39.736713] (Ros2_esp32) StderrLine: {'line': b"\x1b[01m\x1b[K/home/diego/Ros2_esp32/main/micro-ros-esp32.cpp:\x1b[m\x1b[K In function '\x1b[01m\x1b[Kvoid\x1b[01;32m\x1b[K init_servo\x1b[m\x1b[K()\x1b[m\x1b[K':\n"}
[39.737023] (Ros2_esp32) StderrLine: {'line': b"\x1b[01m\x1b[K/home/diego/Ros2_esp32/main/micro-ros-esp32.cpp:54:61:\x1b[m\x1b[K \x1b[01;35m\x1b[Kwarning: \x1b[m\x1b[Kmissing initializer for member '\x1b[01m\x1b[Kledc_timer_config_t::deconfigure\x1b[m\x1b[K' [\x1b[01;35m\x1b[K\x1b]8;;https://gcc.gnu.org/onlinedocs/gcc-14.2.0/gcc/Warning-Options.html#index-Wmissing-field-initializers\x07-Wmissing-field-initializers\x1b]8;;\x07\x1b[m\x1b[K]\n"}
[39.737117] (Ros2_esp32) StderrLine: {'line': b'   54 |                                     .clk_cfg = LEDC_AUTO_CLK\x1b[01;35m\x1b[K}\x1b[m\x1b[K;\n'}
[39.737193] (Ros2_esp32) StderrLine: {'line': b'      |                                                             \x1b[01;35m\x1b[K^\x1b[m\x1b[K\n'}
[39.737267] (Ros2_esp32) StderrLine: {'line': b"\x1b[01m\x1b[K/home/diego/Ros2_esp32/main/micro-ros-esp32.cpp:63:52:\x1b[m\x1b[K \x1b[01;35m\x1b[Kwarning: \x1b[m\x1b[Kmissing initializer for member '\x1b[01m\x1b[Kledc_channel_config_t::sleep_mode\x1b[m\x1b[K' [\x1b[01;35m\x1b[K\x1b]8;;https://gcc.gnu.org/onlinedocs/gcc-14.2.0/gcc/Warning-Options.html#index-Wmissing-field-initializers\x07-Wmissing-field-initializers\x1b]8;;\x07\x1b[m\x1b[K]\n"}
[39.737362] (Ros2_esp32) StderrLine: {'line': b'   63 |                                         .hpoint = 0\x1b[01;35m\x1b[K}\x1b[m\x1b[K;\n'}
[39.737437] (Ros2_esp32) StderrLine: {'line': b'      |                                                    \x1b[01;35m\x1b[K^\x1b[m\x1b[K\n'}
[39.737507] (Ros2_esp32) StderrLine: {'line': b"\x1b[01m\x1b[K/home/diego/Ros2_esp32/main/micro-ros-esp32.cpp:63:52:\x1b[m\x1b[K \x1b[01;35m\x1b[Kwarning: \x1b[m\x1b[Kmissing initializer for member '\x1b[01m\x1b[Kledc_channel_config_t::flags\x1b[m\x1b[K' [\x1b[01;35m\x1b[K\x1b]8;;https://gcc.gnu.org/onlinedocs/gcc-14.2.0/gcc/Warning-Options.html#index-Wmissing-field-initializers\x07-Wmissing-field-initializers\x1b]8;;\x07\x1b[m\x1b[K]\n"}
[39.740717] (Ros2_esp32) StderrLine: {'line': b"\x1b[01m\x1b[K/home/diego/Ros2_esp32/main/micro-ros-esp32.cpp:\x1b[m\x1b[K In function '\x1b[01m\x1b[Kvoid\x1b[01;32m\x1b[K app_main\x1b[m\x1b[K()\x1b[m\x1b[K':\n"}
[39.741611] (Ros2_esp32) StderrLine: {'line': b"\x1b[01m\x1b[K/home/diego/Ros2_esp32/main/micro-ros-esp32.cpp:266:32:\x1b[m\x1b[K \x1b[01;31m\x1b[Kerror: \x1b[m\x1b[Ka function-definition is not allowed here before '\x1b[01m\x1b[K{\x1b[m\x1b[K' token\n"}
[39.741865] (Ros2_esp32) StderrLine: {'line': b'  266 |   static void init_servo(void) \x1b[01;31m\x1b[K{\x1b[m\x1b[K\n'}
[39.741934] (Ros2_esp32) StderrLine: {'line': b'      |                                \x1b[01;31m\x1b[K^\x1b[m\x1b[K\n'}
[39.745630] (Ros2_esp32) StderrLine: {'line': b'\x1b[01m\x1b[K/home/diego/Ros2_esp32/main/micro-ros-esp32.cpp:\x1b[m\x1b[K At global scope:\n'}
[39.745893] (Ros2_esp32) StderrLine: {'line': b"\x1b[01m\x1b[K/home/diego/Ros2_esp32/main/micro-ros-esp32.cpp:48:13:\x1b[m\x1b[K \x1b[01;35m\x1b[Kwarning: \x1b[m\x1b[K'\x1b[01m\x1b[Kvoid\x1b[01;32m\x1b[K init_servo\x1b[m\x1b[K()\x1b[m\x1b[K' defined but not used [\x1b[01;35m\x1b[K\x1b]8;;https://gcc.gnu.org/onlinedocs/gcc-14.2.0/gcc/Warning-Options.html#index-Wno-unused-function\x07-Wunused-function\x1b]8;;\x07\x1b[m\x1b[K]\n"}
[39.745970] (Ros2_esp32) StderrLine: {'line': b'   48 | static void \x1b[01;35m\x1b[Kinit_servo\x1b[m\x1b[K(void) {\n'}
[39.746036] (Ros2_esp32) StderrLine: {'line': b'      |             \x1b[01;35m\x1b[K^~~~~~~~~~\x1b[m\x1b[K\n'}
[39.750828] (Ros2_esp32) StdoutLine: {'line': b'[ 96%] \x1b[32mBuilding C object esp-idf/fatfs/CMakeFiles/__idf_fatfs.dir/vfs/vfs_fat_spiflash.c.obj\x1b[0m\n'}
[39.753213] (Ros2_esp32) StderrLine: {'line': b'gmake[2]: *** [esp-idf/main/CMakeFiles/__idf_main.dir/build.make:76: esp-idf/main/CMakeFiles/__idf_main.dir/micro-ros-esp32.cpp.obj] Error 1\n'}
[39.754452] (Ros2_esp32) StderrLine: {'line': b'gmake[1]: *** [CMakeFiles/Makefile2:6034: esp-idf/main/CMakeFiles/__idf_main.dir/all] Error 2\n'}
[39.754704] (Ros2_esp32) StderrLine: {'line': b'gmake[1]: *** Waiting for unfinished jobs....\n'}
[39.769341] (Ros2_esp32) StdoutLine: {'line': b'[ 96%] \x1b[32mBuilding C object esp-idf/protocomm/CMakeFiles/__idf_protocomm.dir/proto-c/sec0.pb-c.c.obj\x1b[0m\n'}
[39.770317] (-) TimerEvent: {}
[39.781277] (Ros2_esp32) StdoutLine: {'line': b'[ 96%] \x1b[32mBuilding C object esp-idf/protocomm/CMakeFiles/__idf_protocomm.dir/proto-c/sec1.pb-c.c.obj\x1b[0m\n'}
[39.822204] (Ros2_esp32) StdoutLine: {'line': b'[ 96%] \x1b[32mBuilding C object esp-idf/protocomm/CMakeFiles/__idf_protocomm.dir/proto-c/sec2.pb-c.c.obj\x1b[0m\n'}
[39.822549] (Ros2_esp32) StdoutLine: {'line': b'[ 96%] \x1b[32mBuilding C object esp-idf/protocomm/CMakeFiles/__idf_protocomm.dir/proto-c/session.pb-c.c.obj\x1b[0m\n'}
[39.833835] (Ros2_esp32) StdoutLine: {'line': b'[ 96%] \x1b[32mBuilding C object esp-idf/protocomm/CMakeFiles/__idf_protocomm.dir/src/transports/protocomm_console.c.obj\x1b[0m\n'}
[39.859108] (Ros2_esp32) StdoutLine: {'line': b'[ 96%] \x1b[32mBuilding C object esp-idf/protocomm/CMakeFiles/__idf_protocomm.dir/src/transports/protocomm_httpd.c.obj\x1b[0m\n'}
[39.870504] (-) TimerEvent: {}
[39.884132] (Ros2_esp32) StdoutLine: {'line': b'[ 97%] \x1b[32mBuilding C object esp-idf/protocomm/CMakeFiles/__idf_protocomm.dir/src/security/security0.c.obj\x1b[0m\n'}
[39.913971] (Ros2_esp32) StdoutLine: {'line': b'[ 97%] \x1b[32mBuilding C object esp-idf/protocomm/CMakeFiles/__idf_protocomm.dir/src/security/security1.c.obj\x1b[0m\n'}
[39.942727] (Ros2_esp32) StdoutLine: {'line': b'[ 97%] \x1b[32mBuilding C object esp-idf/protocomm/CMakeFiles/__idf_protocomm.dir/src/security/security2.c.obj\x1b[0m\n'}
[39.970635] (-) TimerEvent: {}
[39.983602] (Ros2_esp32) StdoutLine: {'line': b'[ 97%] \x1b[32m\x1b[1mLinking C static library libusb.a\x1b[0m\n'}
[39.992269] (Ros2_esp32) StdoutLine: {'line': b'[ 97%] \x1b[32mBuilding C object esp-idf/protocomm/CMakeFiles/__idf_protocomm.dir/src/crypto/srp6a/esp_srp.c.obj\x1b[0m\n'}
[40.007634] (Ros2_esp32) StdoutLine: {'line': b'[ 97%] \x1b[32mBuilding C object esp-idf/protocomm/CMakeFiles/__idf_protocomm.dir/src/crypto/srp6a/esp_srp_mpi.c.obj\x1b[0m\n'}
[40.017168] (Ros2_esp32) StdoutLine: {'line': b'[ 97%] \x1b[32m\x1b[1mLinking C static library libspiffs.a\x1b[0m\n'}
[40.064917] (Ros2_esp32) StdoutLine: {'line': b'[ 97%] Built target __idf_usb\n'}
[40.070768] (-) TimerEvent: {}
[40.085698] (Ros2_esp32) StdoutLine: {'line': b'[ 97%] Built target __idf_spiffs\n'}
[40.170889] (-) TimerEvent: {}
[40.187644] (Ros2_esp32) StdoutLine: {'line': b'[ 97%] \x1b[32m\x1b[1mLinking C static library libprotocomm.a\x1b[0m\n'}
[40.187837] (Ros2_esp32) StdoutLine: {'line': b'[ 97%] \x1b[32m\x1b[1mLinking C static library libfatfs.a\x1b[0m\n'}
[40.233570] (Ros2_esp32) StdoutLine: {'line': b'[ 97%] Built target __idf_fatfs\n'}
[40.234090] (Ros2_esp32) StdoutLine: {'line': b'[ 97%] Built target __idf_protocomm\n'}
[40.235846] (Ros2_esp32) StderrLine: {'line': b'gmake: *** [Makefile:136: all] Error 2\n'}
[40.238079] (Ros2_esp32) CommandEnded: {'returncode': 2}
[40.238432] (Ros2_esp32) JobEnded: {'identifier': 'Ros2_esp32', 'rc': 2}
[40.248585] (-) EventReactorShutdown: {}
