The target system is: Generic -  - 
The host system is: Linux - 6.8.0-138-generic - x86_64
Compiling the C compiler identification source file "CMakeCCompilerId.c" succeeded.
Compiler: /home/diego/.espressif/tools/xtensa-esp-elf/esp-14.2.0_20260121/xtensa-esp-elf/bin/xtensa-esp32s3-elf-gcc 
Build flags: 
Id flags:  

The output was:
0


Compilation of the C compiler identification source "CMakeCCompilerId.c" produced "a.out"

The C compiler identification is GNU, found in "/home/diego/Ros2_esp32/build/CMakeFiles/3.22.1/CompilerIdC/a.out"

Compiling the CXX compiler identification source file "CMakeCXXCompilerId.cpp" succeeded.
Compiler: /home/diego/.espressif/tools/xtensa-esp-elf/esp-14.2.0_20260121/xtensa-esp-elf/bin/xtensa-esp32s3-elf-g++ 
Build flags: 
Id flags:  

The output was:
0


Compilation of the CXX compiler identification source "CMakeCXXCompilerId.cpp" produced "a.out"

The CXX compiler identification is GNU, found in "/home/diego/Ros2_esp32/build/CMakeFiles/3.22.1/CompilerIdCXX/a.out"

Checking whether the ASM compiler is GNU using "--version" matched "(GNU assembler)|(GCC)|(Free Software Foundation)":
xtensa-esp-elf-gcc (crosstool-NG esp-14.2.0_20260121) 14.2.0
Copyright (C) 2024 Free Software Foundation, Inc.
This is free software; see the source for copying conditions.  There is NO
warranty; not even for MERCHANTABILITY or FITNESS FOR A PARTICULAR PURPOSE.

Detecting C compiler ABI info compiled with the following output:
Change Dir: /home/diego/Ros2_esp32/build/CMakeFiles/CMakeTmp

Run Build Command(s):/home/diego/.espressif/tools/ninja/1.12.1/ninja cmTC_0386a && [1/2] Building C object CMakeFiles/cmTC_0386a.dir/CMakeCCompilerABI.c.obj
Using built-in specs.
COLLECT_GCC=/home/diego/.espressif/tools/xtensa-esp-elf/esp-14.2.0_20260121/xtensa-esp-elf/bin/xtensa-esp-elf-gcc
Target: xtensa-esp-elf
Configured with: /builds/idf/crosstool-NG/.build/xtensa-esp-elf/src/gcc/configure --build=x86_64-build_pc-linux-gnu --host=x86_64-build_pc-linux-gnu --target=xtensa-esp-elf --prefix=/builds/idf/crosstool-NG/builds/xtensa-esp-elf --exec_prefix=/builds/idf/crosstool-NG/builds/xtensa-esp-elf --with-local-prefix=/builds/idf/crosstool-NG/builds/xtensa-esp-elf/xtensa-esp-elf --with-sysroot=/builds/idf/crosstool-NG/builds/xtensa-esp-elf/xtensa-esp-elf --with-native-system-header-dir=/include --with-headers=/builds/idf/crosstool-NG/builds/xtensa-esp-elf/xtensa-esp-elf/include --with-newlib --enable-threads=no --disable-shared --with-pkgversion='crosstool-NG esp-14.2.0_20260121' --disable-__cxa_atexit --enable-cxx-flags='-ffunction-sections -fdata-sections' --disable-libgomp --disable-libmudflap --disable-libmpx --disable-libssp --disable-libquadmath --disable-libquadmath-support --disable-libstdcxx-verbose --with-gmp=/builds/idf/crosstool-NG/.build/xtensa-esp-elf/buildtools --with-mpfr=/builds/idf/crosstool-NG/.build/xtensa-esp-elf/buildtools --with-mpc=/builds/idf/crosstool-NG/.build/xtensa-esp-elf/buildtools --with-isl=/builds/idf/crosstool-NG/.build/xtensa-esp-elf/buildtools --enable-lto --enable-target-optspace --without-long-double-128 --enable-plugin --disable-nls --enable-multiarch --enable-languages=c,c++ --disable-libstdcxx-verbose --enable-threads=posix --enable-libstdcxx-time=yes --disable-win32-utf8-manifest
Thread model: posix
Supported LTO compression algorithms: zlib zstd
gcc version 14.2.0 (crosstool-NG esp-14.2.0_20260121) 
COLLECT_GCC_OPTIONS='-mdynconfig=xtensa_esp32s3.so' '-v' '-o' 'CMakeFiles/cmTC_0386a.dir/CMakeCCompilerABI.c.obj' '-c' '-dumpdir' 'CMakeFiles/cmTC_0386a.dir/'
 /home/diego/.espressif/tools/xtensa-esp-elf/esp-14.2.0_20260121/xtensa-esp-elf/bin/../libexec/gcc/xtensa-esp-elf/14.2.0/cc1 -quiet -v -imultilib esp32s3 -iprefix /home/diego/.espressif/tools/xtensa-esp-elf/esp-14.2.0_20260121/xtensa-esp-elf/bin/../lib/gcc/xtensa-esp-elf/14.2.0/ -isysroot /home/diego/.espressif/tools/xtensa-esp-elf/esp-14.2.0_20260121/xtensa-esp-elf/bin/../xtensa-esp-elf /usr/share/cmake-3.22/Modules/CMakeCCompilerABI.c -quiet -dumpdir CMakeFiles/cmTC_0386a.dir/ -dumpbase CMakeCCompilerABI.c.c -dumpbase-ext .c -mdynconfig=xtensa_esp32s3.so -version -o /tmp/ccvcDbHk.s
GNU C17 (crosstool-NG esp-14.2.0_20260121) version 14.2.0 (xtensa-esp-elf)
	compiled by GNU C version 6.3.0, GMP version 6.3.0, MPFR version 4.2.1, MPC version 1.3.1, isl version isl-0.26-GMP

GGC heuristics: --param ggc-min-expand=100 --param ggc-min-heapsize=131072
ignoring duplicate directory "/home/diego/.espressif/tools/xtensa-esp-elf/esp-14.2.0_20260121/xtensa-esp-elf/bin/../lib/gcc/../../lib/gcc/xtensa-esp-elf/14.2.0/include"
ignoring nonexistent directory "/home/diego/.espressif/tools/xtensa-esp-elf/esp-14.2.0_20260121/xtensa-esp-elf/bin/../xtensa-esp-elf/builds/idf/crosstool-NG/builds/xtensa-esp-elf/xtensa-esp-elf/include"
ignoring duplicate directory "/home/diego/.espressif/tools/xtensa-esp-elf/esp-14.2.0_20260121/xtensa-esp-elf/bin/../lib/gcc/../../lib/gcc/xtensa-esp-elf/14.2.0/include-fixed"
ignoring duplicate directory "/home/diego/.espressif/tools/xtensa-esp-elf/esp-14.2.0_20260121/xtensa-esp-elf/bin/../lib/gcc/../../lib/gcc/xtensa-esp-elf/14.2.0/../../../../xtensa-esp-elf/include"
ignoring duplicate directory "/home/diego/.espressif/tools/xtensa-esp-elf/esp-14.2.0_20260121/xtensa-esp-elf/bin/../xtensa-esp-elf/include"
#include "..." search starts here:
#include <...> search starts here:
 /home/diego/.espressif/tools/xtensa-esp-elf/esp-14.2.0_20260121/xtensa-esp-elf/bin/../lib/gcc/xtensa-esp-elf/14.2.0/include
 /home/diego/.espressif/tools/xtensa-esp-elf/esp-14.2.0_20260121/xtensa-esp-elf/bin/../lib/gcc/xtensa-esp-elf/14.2.0/include-fixed
 /home/diego/.espressif/tools/xtensa-esp-elf/esp-14.2.0_20260121/xtensa-esp-elf/bin/../lib/gcc/xtensa-esp-elf/14.2.0/../../../../xtensa-esp-elf/include
End of search list.
Compiler executable checksum: 709abf7e99d4c633116df3b91860509f
COLLECT_GCC_OPTIONS='-mdynconfig=xtensa_esp32s3.so' '-v' '-o' 'CMakeFiles/cmTC_0386a.dir/CMakeCCompilerABI.c.obj' '-c' '-dumpdir' 'CMakeFiles/cmTC_0386a.dir/'
 /home/diego/.espressif/tools/xtensa-esp-elf/esp-14.2.0_20260121/xtensa-esp-elf/bin/../lib/gcc/xtensa-esp-elf/14.2.0/../../../../xtensa-esp-elf/bin/as --traditional-format --dynconfig=xtensa_esp32s3.so -o CMakeFiles/cmTC_0386a.dir/CMakeCCompilerABI.c.obj /tmp/ccvcDbHk.s
COMPILER_PATH=/home/diego/.espressif/tools/xtensa-esp-elf/esp-14.2.0_20260121/xtensa-esp-elf/bin/../libexec/gcc/xtensa-esp-elf/14.2.0/:/home/diego/.espressif/tools/xtensa-esp-elf/esp-14.2.0_20260121/xtensa-esp-elf/bin/../libexec/gcc/:/home/diego/.espressif/tools/xtensa-esp-elf/esp-14.2.0_20260121/xtensa-esp-elf/bin/../lib/gcc/xtensa-esp-elf/14.2.0/../../../../xtensa-esp-elf/bin/
LIBRARY_PATH=/home/diego/.espressif/tools/xtensa-esp-elf/esp-14.2.0_20260121/xtensa-esp-elf/bin/../lib/gcc/xtensa-esp-elf/14.2.0/esp32s3/:/home/diego/.espressif/tools/xtensa-esp-elf/esp-14.2.0_20260121/xtensa-esp-elf/bin/../lib/gcc/xtensa-esp-elf/14.2.0/../../../../xtensa-esp-elf/lib/esp32s3/:/home/diego/.espressif/tools/xtensa-esp-elf/esp-14.2.0_20260121/xtensa-esp-elf/bin/../xtensa-esp-elf/lib/esp32s3/:/home/diego/.espressif/tools/xtensa-esp-elf/esp-14.2.0_20260121/xtensa-esp-elf/bin/../lib/gcc/xtensa-esp-elf/14.2.0/:/home/diego/.espressif/tools/xtensa-esp-elf/esp-14.2.0_20260121/xtensa-esp-elf/bin/../lib/gcc/:/home/diego/.espressif/tools/xtensa-esp-elf/esp-14.2.0_20260121/xtensa-esp-elf/bin/../lib/gcc/xtensa-esp-elf/14.2.0/../../../../xtensa-esp-elf/lib/:/home/diego/.espressif/tools/xtensa-esp-elf/esp-14.2.0_20260121/xtensa-esp-elf/bin/../xtensa-esp-elf/lib/:/home/diego/.espressif/tools/xtensa-esp-elf/esp-14.2.0_20260121/xtensa-esp-elf/bin/../xtensa-esp-elf/usr/lib/
COLLECT_GCC_OPTIONS='-mdynconfig=xtensa_esp32s3.so' '-v' '-o' 'CMakeFiles/cmTC_0386a.dir/CMakeCCompilerABI.c.obj' '-c' '-dumpdir' 'CMakeFiles/cmTC_0386a.dir/CMakeCCompilerABI.c.'
[2/2] Linking C executable cmTC_0386a
Using built-in specs.
COLLECT_GCC=/home/diego/.espressif/tools/xtensa-esp-elf/esp-14.2.0_20260121/xtensa-esp-elf/bin/xtensa-esp-elf-gcc
COLLECT_LTO_WRAPPER=/home/diego/.espressif/tools/xtensa-esp-elf/esp-14.2.0_20260121/xtensa-esp-elf/bin/../libexec/gcc/xtensa-esp-elf/14.2.0/lto-wrapper
Target: xtensa-esp-elf
Configured with: /builds/idf/crosstool-NG/.build/xtensa-esp-elf/src/gcc/configure --build=x86_64-build_pc-linux-gnu --host=x86_64-build_pc-linux-gnu --target=xtensa-esp-elf --prefix=/builds/idf/crosstool-NG/builds/xtensa-esp-elf --exec_prefix=/builds/idf/crosstool-NG/builds/xtensa-esp-elf --with-local-prefix=/builds/idf/crosstool-NG/builds/xtensa-esp-elf/xtensa-esp-elf --with-sysroot=/builds/idf/crosstool-NG/builds/xtensa-esp-elf/xtensa-esp-elf --with-native-system-header-dir=/include --with-headers=/builds/idf/crosstool-NG/builds/xtensa-esp-elf/xtensa-esp-elf/include --with-newlib --enable-threads=no --disable-shared --with-pkgversion='crosstool-NG esp-14.2.0_20260121' --disable-__cxa_atexit --enable-cxx-flags='-ffunction-sections -fdata-sections' --disable-libgomp --disable-libmudflap --disable-libmpx --disable-libssp --disable-libquadmath --disable-libquadmath-support --disable-libstdcxx-verbose --with-gmp=/builds/idf/crosstool-NG/.build/xtensa-esp-elf/buildtools --with-mpfr=/builds/idf/crosstool-NG/.build/xtensa-esp-elf/buildtools --with-mpc=/builds/idf/crosstool-NG/.build/xtensa-esp-elf/buildtools --with-isl=/builds/idf/crosstool-NG/.build/xtensa-esp-elf/buildtools --enable-lto --enable-target-optspace --without-long-double-128 --enable-plugin --disable-nls --enable-multiarch --enable-languages=c,c++ --disable-libstdcxx-verbose --enable-threads=posix --enable-libstdcxx-time=yes --disable-win32-utf8-manifest
Thread model: posix
Supported LTO compression algorithms: zlib zstd
gcc version 14.2.0 (crosstool-NG esp-14.2.0_20260121) 
COMPILER_PATH=/home/diego/.espressif/tools/xtensa-esp-elf/esp-14.2.0_20260121/xtensa-esp-elf/bin/../libexec/gcc/xtensa-esp-elf/14.2.0/:/home/diego/.espressif/tools/xtensa-esp-elf/esp-14.2.0_20260121/xtensa-esp-elf/bin/../libexec/gcc/:/home/diego/.espressif/tools/xtensa-esp-elf/esp-14.2.0_20260121/xtensa-esp-elf/bin/../lib/gcc/xtensa-esp-elf/14.2.0/../../../../xtensa-esp-elf/bin/
LIBRARY_PATH=/home/diego/.espressif/tools/xtensa-esp-elf/esp-14.2.0_20260121/xtensa-esp-elf/bin/../lib/gcc/xtensa-esp-elf/14.2.0/esp32s3/:/home/diego/.espressif/tools/xtensa-esp-elf/esp-14.2.0_20260121/xtensa-esp-elf/bin/../lib/gcc/xtensa-esp-elf/14.2.0/../../../../xtensa-esp-elf/lib/esp32s3/:/home/diego/.espressif/tools/xtensa-esp-elf/esp-14.2.0_20260121/xtensa-esp-elf/bin/../xtensa-esp-elf/lib/esp32s3/:/home/diego/.espressif/tools/xtensa-esp-elf/esp-14.2.0_20260121/xtensa-esp-elf/bin/../lib/gcc/xtensa-esp-elf/14.2.0/:/home/diego/.espressif/tools/xtensa-esp-elf/esp-14.2.0_20260121/xtensa-esp-elf/bin/../lib/gcc/:/home/diego/.espressif/tools/xtensa-esp-elf/esp-14.2.0_20260121/xtensa-esp-elf/bin/../lib/gcc/xtensa-esp-elf/14.2.0/../../../../xtensa-esp-elf/lib/:/home/diego/.espressif/tools/xtensa-esp-elf/esp-14.2.0_20260121/xtensa-esp-elf/bin/../xtensa-esp-elf/lib/:/home/diego/.espressif/tools/xtensa-esp-elf/esp-14.2.0_20260121/xtensa-esp-elf/bin/../xtensa-esp-elf/usr/lib/
COLLECT_GCC_OPTIONS='-mdynconfig=xtensa_esp32s3.so' '-v' '-o' 'cmTC_0386a' '-dumpdir' 'cmTC_0386a.'
 /home/diego/.espressif/tools/xtensa-esp-elf/esp-14.2.0_20260121/xtensa-esp-elf/bin/../libexec/gcc/xtensa-esp-elf/14.2.0/collect2 -plugin /home/diego/.espressif/tools/xtensa-esp-elf/esp-14.2.0_20260121/xtensa-esp-elf/bin/../libexec/gcc/xtensa-esp-elf/14.2.0/liblto_plugin.so -plugin-opt=/home/diego/.espressif/tools/xtensa-esp-elf/esp-14.2.0_20260121/xtensa-esp-elf/bin/../libexec/gcc/xtensa-esp-elf/14.2.0/lto-wrapper -plugin-opt=-fresolution=/tmp/ccCSTB5R.res -plugin-opt=-pass-through=-lgcc -plugin-opt=-pass-through=-lc -plugin-opt=-pass-through=-lnosys -plugin-opt=-pass-through=-lc -plugin-opt=-pass-through=-lgcc --sysroot=/home/diego/.espressif/tools/xtensa-esp-elf/esp-14.2.0_20260121/xtensa-esp-elf/bin/../xtensa-esp-elf --dynconfig=xtensa_esp32s3.so -o cmTC_0386a /home/diego/.espressif/tools/xtensa-esp-elf/esp-14.2.0_20260121/xtensa-esp-elf/bin/../lib/gcc/xtensa-esp-elf/14.2.0/../../../../xtensa-esp-elf/lib/esp32s3/crt0.o /home/diego/.espressif/tools/xtensa-esp-elf/esp-14.2.0_20260121/xtensa-esp-elf/bin/../lib/gcc/xtensa-esp-elf/14.2.0/esp32s3/crti.o /home/diego/.espressif/tools/xtensa-esp-elf/esp-14.2.0_20260121/xtensa-esp-elf/bin/../lib/gcc/xtensa-esp-elf/14.2.0/esp32s3/crtbegin.o -L/home/diego/.espressif/tools/xtensa-esp-elf/esp-14.2.0_20260121/xtensa-esp-elf/bin/../lib/gcc/xtensa-esp-elf/14.2.0/esp32s3 -L/home/diego/.espressif/tools/xtensa-esp-elf/esp-14.2.0_20260121/xtensa-esp-elf/bin/../lib/gcc/xtensa-esp-elf/14.2.0/../../../../xtensa-esp-elf/lib/esp32s3 -L/home/diego/.espressif/tools/xtensa-esp-elf/esp-14.2.0_20260121/xtensa-esp-elf/bin/../xtensa-esp-elf/lib/esp32s3 -L/home/diego/.espressif/tools/xtensa-esp-elf/esp-14.2.0_20260121/xtensa-esp-elf/bin/../lib/gcc/xtensa-esp-elf/14.2.0 -L/home/diego/.espressif/tools/xtensa-esp-elf/esp-14.2.0_20260121/xtensa-esp-elf/bin/../lib/gcc -L/home/diego/.espressif/tools/xtensa-esp-elf/esp-14.2.0_20260121/xtensa-esp-elf/bin/../lib/gcc/xtensa-esp-elf/14.2.0/../../../../xtensa-esp-elf/lib -L/home/diego/.espressif/tools/xtensa-esp-elf/esp-14.2.0_20260121/xtensa-esp-elf/bin/../xtensa-esp-elf/lib -L/home/diego/.espressif/tools/xtensa-esp-elf/esp-14.2.0_20260121/xtensa-esp-elf/bin/../xtensa-esp-elf/usr/lib @/tmp/ccpj75gA -lgcc -lc -lnosys -lc -lgcc /home/diego/.espressif/tools/xtensa-esp-elf/esp-14.2.0_20260121/xtensa-esp-elf/bin/../lib/gcc/xtensa-esp-elf/14.2.0/esp32s3/crtend.o /home/diego/.espressif/tools/xtensa-esp-elf/esp-14.2.0_20260121/xtensa-esp-elf/bin/../lib/gcc/xtensa-esp-elf/14.2.0/esp32s3/crtn.o
COLLECT_GCC_OPTIONS='-mdynconfig=xtensa_esp32s3.so' '-v' '-o' 'cmTC_0386a' '-dumpdir' 'cmTC_0386a.'



Parsed C implicit include dir info from above output: rv=done
  found start of include info
  found start of implicit include info
    add: [/home/diego/.espressif/tools/xtensa-esp-elf/esp-14.2.0_20260121/xtensa-esp-elf/bin/../lib/gcc/xtensa-esp-elf/14.2.0/include]
    add: [/home/diego/.espressif/tools/xtensa-esp-elf/esp-14.2.0_20260121/xtensa-esp-elf/bin/../lib/gcc/xtensa-esp-elf/14.2.0/include-fixed]
    add: [/home/diego/.espressif/tools/xtensa-esp-elf/esp-14.2.0_20260121/xtensa-esp-elf/bin/../lib/gcc/xtensa-esp-elf/14.2.0/../../../../xtensa-esp-elf/include]
  end of search list found
  collapse include dir [/home/diego/.espressif/tools/xtensa-esp-elf/esp-14.2.0_20260121/xtensa-esp-elf/bin/../lib/gcc/xtensa-esp-elf/14.2.0/include] ==> [/home/diego/.espressif/tools/xtensa-esp-elf/esp-14.2.0_20260121/xtensa-esp-elf/lib/gcc/xtensa-esp-elf/14.2.0/include]
  collapse include dir [/home/diego/.espressif/tools/xtensa-esp-elf/esp-14.2.0_20260121/xtensa-esp-elf/bin/../lib/gcc/xtensa-esp-elf/14.2.0/include-fixed] ==> [/home/diego/.espressif/tools/xtensa-esp-elf/esp-14.2.0_20260121/xtensa-esp-elf/lib/gcc/xtensa-esp-elf/14.2.0/include-fixed]
  collapse include dir [/home/diego/.espressif/tools/xtensa-esp-elf/esp-14.2.0_20260121/xtensa-esp-elf/bin/../lib/gcc/xtensa-esp-elf/14.2.0/../../../../xtensa-esp-elf/include] ==> [/home/diego/.espressif/tools/xtensa-esp-elf/esp-14.2.0_20260121/xtensa-esp-elf/xtensa-esp-elf/include]
  implicit include dirs: [/home/diego/.espressif/tools/xtensa-esp-elf/esp-14.2.0_20260121/xtensa-esp-elf/lib/gcc/xtensa-esp-elf/14.2.0/include;/home/diego/.espressif/tools/xtensa-esp-elf/esp-14.2.0_20260121/xtensa-esp-elf/lib/gcc/xtensa-esp-elf/14.2.0/include-fixed;/home/diego/.espressif/tools/xtensa-esp-elf/esp-14.2.0_20260121/xtensa-esp-elf/xtensa-esp-elf/include]


Parsed C implicit link information from above output:
  link line regex: [^( *|.*[/\])(xtensa-esp32s3-elf-ld|CMAKE_LINK_STARTFILE-NOTFOUND|([^/\]+-)?ld|collect2)[^/\]*( |$)]
  ignore line: [Change Dir: /home/diego/Ros2_esp32/build/CMakeFiles/CMakeTmp]
  ignore line: []
  ignore line: [Run Build Command(s):/home/diego/.espressif/tools/ninja/1.12.1/ninja cmTC_0386a && [1/2] Building C object CMakeFiles/cmTC_0386a.dir/CMakeCCompilerABI.c.obj]
  ignore line: [Using built-in specs.]
  ignore line: [COLLECT_GCC=/home/diego/.espressif/tools/xtensa-esp-elf/esp-14.2.0_20260121/xtensa-esp-elf/bin/xtensa-esp-elf-gcc]
  ignore line: [Target: xtensa-esp-elf]
  ignore line: [Configured with: /builds/idf/crosstool-NG/.build/xtensa-esp-elf/src/gcc/configure --build=x86_64-build_pc-linux-gnu --host=x86_64-build_pc-linux-gnu --target=xtensa-esp-elf --prefix=/builds/idf/crosstool-NG/builds/xtensa-esp-elf --exec_prefix=/builds/idf/crosstool-NG/builds/xtensa-esp-elf --with-local-prefix=/builds/idf/crosstool-NG/builds/xtensa-esp-elf/xtensa-esp-elf --with-sysroot=/builds/idf/crosstool-NG/builds/xtensa-esp-elf/xtensa-esp-elf --with-native-system-header-dir=/include --with-headers=/builds/idf/crosstool-NG/builds/xtensa-esp-elf/xtensa-esp-elf/include --with-newlib --enable-threads=no --disable-shared --with-pkgversion='crosstool-NG esp-14.2.0_20260121' --disable-__cxa_atexit --enable-cxx-flags='-ffunction-sections -fdata-sections' --disable-libgomp --disable-libmudflap --disable-libmpx --disable-libssp --disable-libquadmath --disable-libquadmath-support --disable-libstdcxx-verbose --with-gmp=/builds/idf/crosstool-NG/.build/xtensa-esp-elf/buildtools --with-mpfr=/builds/idf/crosstool-NG/.build/xtensa-esp-elf/buildtools --with-mpc=/builds/idf/crosstool-NG/.build/xtensa-esp-elf/buildtools --with-isl=/builds/idf/crosstool-NG/.build/xtensa-esp-elf/buildtools --enable-lto --enable-target-optspace --without-long-double-128 --enable-plugin --disable-nls --enable-multiarch --enable-languages=c c++ --disable-libstdcxx-verbose --enable-threads=posix --enable-libstdcxx-time=yes --disable-win32-utf8-manifest]
  ignore line: [Thread model: posix]
  ignore line: [Supported LTO compression algorithms: zlib zstd]
  ignore line: [gcc version 14.2.0 (crosstool-NG esp-14.2.0_20260121) ]
  ignore line: [COLLECT_GCC_OPTIONS='-mdynconfig=xtensa_esp32s3.so' '-v' '-o' 'CMakeFiles/cmTC_0386a.dir/CMakeCCompilerABI.c.obj' '-c' '-dumpdir' 'CMakeFiles/cmTC_0386a.dir/']
  ignore line: [ /home/diego/.espressif/tools/xtensa-esp-elf/esp-14.2.0_20260121/xtensa-esp-elf/bin/../libexec/gcc/xtensa-esp-elf/14.2.0/cc1 -quiet -v -imultilib esp32s3 -iprefix /home/diego/.espressif/tools/xtensa-esp-elf/esp-14.2.0_20260121/xtensa-esp-elf/bin/../lib/gcc/xtensa-esp-elf/14.2.0/ -isysroot /home/diego/.espressif/tools/xtensa-esp-elf/esp-14.2.0_20260121/xtensa-esp-elf/bin/../xtensa-esp-elf /usr/share/cmake-3.22/Modules/CMakeCCompilerABI.c -quiet -dumpdir CMakeFiles/cmTC_0386a.dir/ -dumpbase CMakeCCompilerABI.c.c -dumpbase-ext .c -mdynconfig=xtensa_esp32s3.so -version -o /tmp/ccvcDbHk.s]
  ignore line: [GNU C17 (crosstool-NG esp-14.2.0_20260121) version 14.2.0 (xtensa-esp-elf)]
  ignore line: [	compiled by GNU C version 6.3.0  GMP version 6.3.0  MPFR version 4.2.1  MPC version 1.3.1  isl version isl-0.26-GMP]
  ignore line: []
  ignore line: [GGC heuristics: --param ggc-min-expand=100 --param ggc-min-heapsize=131072]
  ignore line: [ignoring duplicate directory "/home/diego/.espressif/tools/xtensa-esp-elf/esp-14.2.0_20260121/xtensa-esp-elf/bin/../lib/gcc/../../lib/gcc/xtensa-esp-elf/14.2.0/include"]
  ignore line: [ignoring nonexistent directory "/home/diego/.espressif/tools/xtensa-esp-elf/esp-14.2.0_20260121/xtensa-esp-elf/bin/../xtensa-esp-elf/builds/idf/crosstool-NG/builds/xtensa-esp-elf/xtensa-esp-elf/include"]
  ignore line: [ignoring duplicate directory "/home/diego/.espressif/tools/xtensa-esp-elf/esp-14.2.0_20260121/xtensa-esp-elf/bin/../lib/gcc/../../lib/gcc/xtensa-esp-elf/14.2.0/include-fixed"]
  ignore line: [ignoring duplicate directory "/home/diego/.espressif/tools/xtensa-esp-elf/esp-14.2.0_20260121/xtensa-esp-elf/bin/../lib/gcc/../../lib/gcc/xtensa-esp-elf/14.2.0/../../../../xtensa-esp-elf/include"]
  ignore line: [ignoring duplicate directory "/home/diego/.espressif/tools/xtensa-esp-elf/esp-14.2.0_20260121/xtensa-esp-elf/bin/../xtensa-esp-elf/include"]
  ignore line: [#include "..." search starts here:]
  ignore line: [#include <...> search starts here:]
  ignore line: [ /home/diego/.espressif/tools/xtensa-esp-elf/esp-14.2.0_20260121/xtensa-esp-elf/bin/../lib/gcc/xtensa-esp-elf/14.2.0/include]
  ignore line: [ /home/diego/.espressif/tools/xtensa-esp-elf/esp-14.2.0_20260121/xtensa-esp-elf/bin/../lib/gcc/xtensa-esp-elf/14.2.0/include-fixed]
  ignore line: [ /home/diego/.espressif/tools/xtensa-esp-elf/esp-14.2.0_20260121/xtensa-esp-elf/bin/../lib/gcc/xtensa-esp-elf/14.2.0/../../../../xtensa-esp-elf/include]
  ignore line: [End of search list.]
  ignore line: [Compiler executable checksum: 709abf7e99d4c633116df3b91860509f]
  ignore line: [COLLECT_GCC_OPTIONS='-mdynconfig=xtensa_esp32s3.so' '-v' '-o' 'CMakeFiles/cmTC_0386a.dir/CMakeCCompilerABI.c.obj' '-c' '-dumpdir' 'CMakeFiles/cmTC_0386a.dir/']
  ignore line: [ /home/diego/.espressif/tools/xtensa-esp-elf/esp-14.2.0_20260121/xtensa-esp-elf/bin/../lib/gcc/xtensa-esp-elf/14.2.0/../../../../xtensa-esp-elf/bin/as --traditional-format --dynconfig=xtensa_esp32s3.so -o CMakeFiles/cmTC_0386a.dir/CMakeCCompilerABI.c.obj /tmp/ccvcDbHk.s]
  ignore line: [COMPILER_PATH=/home/diego/.espressif/tools/xtensa-esp-elf/esp-14.2.0_20260121/xtensa-esp-elf/bin/../libexec/gcc/xtensa-esp-elf/14.2.0/:/home/diego/.espressif/tools/xtensa-esp-elf/esp-14.2.0_20260121/xtensa-esp-elf/bin/../libexec/gcc/:/home/diego/.espressif/tools/xtensa-esp-elf/esp-14.2.0_20260121/xtensa-esp-elf/bin/../lib/gcc/xtensa-esp-elf/14.2.0/../../../../xtensa-esp-elf/bin/]
  ignore line: [LIBRARY_PATH=/home/diego/.espressif/tools/xtensa-esp-elf/esp-14.2.0_20260121/xtensa-esp-elf/bin/../lib/gcc/xtensa-esp-elf/14.2.0/esp32s3/:/home/diego/.espressif/tools/xtensa-esp-elf/esp-14.2.0_20260121/xtensa-esp-elf/bin/../lib/gcc/xtensa-esp-elf/14.2.0/../../../../xtensa-esp-elf/lib/esp32s3/:/home/diego/.espressif/tools/xtensa-esp-elf/esp-14.2.0_20260121/xtensa-esp-elf/bin/../xtensa-esp-elf/lib/esp32s3/:/home/diego/.espressif/tools/xtensa-esp-elf/esp-14.2.0_20260121/xtensa-esp-elf/bin/../lib/gcc/xtensa-esp-elf/14.2.0/:/home/diego/.espressif/tools/xtensa-esp-elf/esp-14.2.0_20260121/xtensa-esp-elf/bin/../lib/gcc/:/home/diego/.espressif/tools/xtensa-esp-elf/esp-14.2.0_20260121/xtensa-esp-elf/bin/../lib/gcc/xtensa-esp-elf/14.2.0/../../../../xtensa-esp-elf/lib/:/home/diego/.espressif/tools/xtensa-esp-elf/esp-14.2.0_20260121/xtensa-esp-elf/bin/../xtensa-esp-elf/lib/:/home/diego/.espressif/tools/xtensa-esp-elf/esp-14.2.0_20260121/xtensa-esp-elf/bin/../xtensa-esp-elf/usr/lib/]
  ignore line: [COLLECT_GCC_OPTIONS='-mdynconfig=xtensa_esp32s3.so' '-v' '-o' 'CMakeFiles/cmTC_0386a.dir/CMakeCCompilerABI.c.obj' '-c' '-dumpdir' 'CMakeFiles/cmTC_0386a.dir/CMakeCCompilerABI.c.']
  ignore line: [[2/2] Linking C executable cmTC_0386a]
  ignore line: [Using built-in specs.]
  ignore line: [COLLECT_GCC=/home/diego/.espressif/tools/xtensa-esp-elf/esp-14.2.0_20260121/xtensa-esp-elf/bin/xtensa-esp-elf-gcc]
  ignore line: [COLLECT_LTO_WRAPPER=/home/diego/.espressif/tools/xtensa-esp-elf/esp-14.2.0_20260121/xtensa-esp-elf/bin/../libexec/gcc/xtensa-esp-elf/14.2.0/lto-wrapper]
  ignore line: [Target: xtensa-esp-elf]
  ignore line: [Configured with: /builds/idf/crosstool-NG/.build/xtensa-esp-elf/src/gcc/configure --build=x86_64-build_pc-linux-gnu --host=x86_64-build_pc-linux-gnu --target=xtensa-esp-elf --prefix=/builds/idf/crosstool-NG/builds/xtensa-esp-elf --exec_prefix=/builds/idf/crosstool-NG/builds/xtensa-esp-elf --with-local-prefix=/builds/idf/crosstool-NG/builds/xtensa-esp-elf/xtensa-esp-elf --with-sysroot=/builds/idf/crosstool-NG/builds/xtensa-esp-elf/xtensa-esp-elf --with-native-system-header-dir=/include --with-headers=/builds/idf/crosstool-NG/builds/xtensa-esp-elf/xtensa-esp-elf/include --with-newlib --enable-threads=no --disable-shared --with-pkgversion='crosstool-NG esp-14.2.0_20260121' --disable-__cxa_atexit --enable-cxx-flags='-ffunction-sections -fdata-sections' --disable-libgomp --disable-libmudflap --disable-libmpx --disable-libssp --disable-libquadmath --disable-libquadmath-support --disable-libstdcxx-verbose --with-gmp=/builds/idf/crosstool-NG/.build/xtensa-esp-elf/buildtools --with-mpfr=/builds/idf/crosstool-NG/.build/xtensa-esp-elf/buildtools --with-mpc=/builds/idf/crosstool-NG/.build/xtensa-esp-elf/buildtools --with-isl=/builds/idf/crosstool-NG/.build/xtensa-esp-elf/buildtools --enable-lto --enable-target-optspace --without-long-double-128 --enable-plugin --disable-nls --enable-multiarch --enable-languages=c c++ --disable-libstdcxx-verbose --enable-threads=posix --enable-libstdcxx-time=yes --disable-win32-utf8-manifest]
  ignore line: [Thread model: posix]
  ignore line: [Supported LTO compression algorithms: zlib zstd]
  ignore line: [gcc version 14.2.0 (crosstool-NG esp-14.2.0_20260121) ]
  ignore line: [COMPILER_PATH=/home/diego/.espressif/tools/xtensa-esp-elf/esp-14.2.0_20260121/xtensa-esp-elf/bin/../libexec/gcc/xtensa-esp-elf/14.2.0/:/home/diego/.espressif/tools/xtensa-esp-elf/esp-14.2.0_20260121/xtensa-esp-elf/bin/../libexec/gcc/:/home/diego/.espressif/tools/xtensa-esp-elf/esp-14.2.0_20260121/xtensa-esp-elf/bin/../lib/gcc/xtensa-esp-elf/14.2.0/../../../../xtensa-esp-elf/bin/]
  ignore line: [LIBRARY_PATH=/home/diego/.espressif/tools/xtensa-esp-elf/esp-14.2.0_20260121/xtensa-esp-elf/bin/../lib/gcc/xtensa-esp-elf/14.2.0/esp32s3/:/home/diego/.espressif/tools/xtensa-esp-elf/esp-14.2.0_20260121/xtensa-esp-elf/bin/../lib/gcc/xtensa-esp-elf/14.2.0/../../../../xtensa-esp-elf/lib/esp32s3/:/home/diego/.espressif/tools/xtensa-esp-elf/esp-14.2.0_20260121/xtensa-esp-elf/bin/../xtensa-esp-elf/lib/esp32s3/:/home/diego/.espressif/tools/xtensa-esp-elf/esp-14.2.0_20260121/xtensa-esp-elf/bin/../lib/gcc/xtensa-esp-elf/14.2.0/:/home/diego/.espressif/tools/xtensa-esp-elf/esp-14.2.0_20260121/xtensa-esp-elf/bin/../lib/gcc/:/home/diego/.espressif/tools/xtensa-esp-elf/esp-14.2.0_20260121/xtensa-esp-elf/bin/../lib/gcc/xtensa-esp-elf/14.2.0/../../../../xtensa-esp-elf/lib/:/home/diego/.espressif/tools/xtensa-esp-elf/esp-14.2.0_20260121/xtensa-esp-elf/bin/../xtensa-esp-elf/lib/:/home/diego/.espressif/tools/xtensa-esp-elf/esp-14.2.0_20260121/xtensa-esp-elf/bin/../xtensa-esp-elf/usr/lib/]
  ignore line: [COLLECT_GCC_OPTIONS='-mdynconfig=xtensa_esp32s3.so' '-v' '-o' 'cmTC_0386a' '-dumpdir' 'cmTC_0386a.']
  link line: [ /home/diego/.espressif/tools/xtensa-esp-elf/esp-14.2.0_20260121/xtensa-esp-elf/bin/../libexec/gcc/xtensa-esp-elf/14.2.0/collect2 -plugin /home/diego/.espressif/tools/xtensa-esp-elf/esp-14.2.0_20260121/xtensa-esp-elf/bin/../libexec/gcc/xtensa-esp-elf/14.2.0/liblto_plugin.so -plugin-opt=/home/diego/.espressif/tools/xtensa-esp-elf/esp-14.2.0_20260121/xtensa-esp-elf/bin/../libexec/gcc/xtensa-esp-elf/14.2.0/lto-wrapper -plugin-opt=-fresolution=/tmp/ccCSTB5R.res -plugin-opt=-pass-through=-lgcc -plugin-opt=-pass-through=-lc -plugin-opt=-pass-through=-lnosys -plugin-opt=-pass-through=-lc -plugin-opt=-pass-through=-lgcc --sysroot=/home/diego/.espressif/tools/xtensa-esp-elf/esp-14.2.0_20260121/xtensa-esp-elf/bin/../xtensa-esp-elf --dynconfig=xtensa_esp32s3.so -o cmTC_0386a /home/diego/.espressif/tools/xtensa-esp-elf/esp-14.2.0_20260121/xtensa-esp-elf/bin/../lib/gcc/xtensa-esp-elf/14.2.0/../../../../xtensa-esp-elf/lib/esp32s3/crt0.o /home/diego/.espressif/tools/xtensa-esp-elf/esp-14.2.0_20260121/xtensa-esp-elf/bin/../lib/gcc/xtensa-esp-elf/14.2.0/esp32s3/crti.o /home/diego/.espressif/tools/xtensa-esp-elf/esp-14.2.0_20260121/xtensa-esp-elf/bin/../lib/gcc/xtensa-esp-elf/14.2.0/esp32s3/crtbegin.o -L/home/diego/.espressif/tools/xtensa-esp-elf/esp-14.2.0_20260121/xtensa-esp-elf/bin/../lib/gcc/xtensa-esp-elf/14.2.0/esp32s3 -L/home/diego/.espressif/tools/xtensa-esp-elf/esp-14.2.0_20260121/xtensa-esp-elf/bin/../lib/gcc/xtensa-esp-elf/14.2.0/../../../../xtensa-esp-elf/lib/esp32s3 -L/home/diego/.espressif/tools/xtensa-esp-elf/esp-14.2.0_20260121/xtensa-esp-elf/bin/../xtensa-esp-elf/lib/esp32s3 -L/home/diego/.espressif/tools/xtensa-esp-elf/esp-14.2.0_20260121/xtensa-esp-elf/bin/../lib/gcc/xtensa-esp-elf/14.2.0 -L/home/diego/.espressif/tools/xtensa-esp-elf/esp-14.2.0_20260121/xtensa-esp-elf/bin/../lib/gcc -L/home/diego/.espressif/tools/xtensa-esp-elf/esp-14.2.0_20260121/xtensa-esp-elf/bin/../lib/gcc/xtensa-esp-elf/14.2.0/../../../../xtensa-esp-elf/lib -L/home/diego/.espressif/tools/xtensa-esp-elf/esp-14.2.0_20260121/xtensa-esp-elf/bin/../xtensa-esp-elf/lib -L/home/diego/.espressif/tools/xtensa-esp-elf/esp-14.2.0_20260121/xtensa-esp-elf/bin/../xtensa-esp-elf/usr/lib @/tmp/ccpj75gA -lgcc -lc -lnosys -lc -lgcc /home/diego/.espressif/tools/xtensa-esp-elf/esp-14.2.0_20260121/xtensa-esp-elf/bin/../lib/gcc/xtensa-esp-elf/14.2.0/esp32s3/crtend.o /home/diego/.espressif/tools/xtensa-esp-elf/esp-14.2.0_20260121/xtensa-esp-elf/bin/../lib/gcc/xtensa-esp-elf/14.2.0/esp32s3/crtn.o]
    arg [/home/diego/.espressif/tools/xtensa-esp-elf/esp-14.2.0_20260121/xtensa-esp-elf/bin/../libexec/gcc/xtensa-esp-elf/14.2.0/collect2] ==> ignore
    arg [-plugin] ==> ignore
    arg [/home/diego/.espressif/tools/xtensa-esp-elf/esp-14.2.0_20260121/xtensa-esp-elf/bin/../libexec/gcc/xtensa-esp-elf/14.2.0/liblto_plugin.so] ==> ignore
    arg [-plugin-opt=/home/diego/.espressif/tools/xtensa-esp-elf/esp-14.2.0_20260121/xtensa-esp-elf/bin/../libexec/gcc/xtensa-esp-elf/14.2.0/lto-wrapper] ==> ignore
    arg [-plugin-opt=-fresolution=/tmp/ccCSTB5R.res] ==> ignore
    arg [-plugin-opt=-pass-through=-lgcc] ==> ignore
    arg [-plugin-opt=-pass-through=-lc] ==> ignore
    arg [-plugin-opt=-pass-through=-lnosys] ==> ignore
    arg [-plugin-opt=-pass-through=-lc] ==> ignore
    arg [-plugin-opt=-pass-through=-lgcc] ==> ignore
    arg [--sysroot=/home/diego/.espressif/tools/xtensa-esp-elf/esp-14.2.0_20260121/xtensa-esp-elf/bin/../xtensa-esp-elf] ==> ignore
    arg [--dynconfig=xtensa_esp32s3.so] ==> ignore
    arg [-o] ==> ignore
    arg [cmTC_0386a] ==> ignore
    arg [/home/diego/.espressif/tools/xtensa-esp-elf/esp-14.2.0_20260121/xtensa-esp-elf/bin/../lib/gcc/xtensa-esp-elf/14.2.0/../../../../xtensa-esp-elf/lib/esp32s3/crt0.o] ==> obj [/home/diego/.espressif/tools/xtensa-esp-elf/esp-14.2.0_20260121/xtensa-esp-elf/bin/../lib/gcc/xtensa-esp-elf/14.2.0/../../../../xtensa-esp-elf/lib/esp32s3/crt0.o]
    arg [/home/diego/.espressif/tools/xtensa-esp-elf/esp-14.2.0_20260121/xtensa-esp-elf/bin/../lib/gcc/xtensa-esp-elf/14.2.0/esp32s3/crti.o] ==> obj [/home/diego/.espressif/tools/xtensa-esp-elf/esp-14.2.0_20260121/xtensa-esp-elf/bin/../lib/gcc/xtensa-esp-elf/14.2.0/esp32s3/crti.o]
    arg [/home/diego/.espressif/tools/xtensa-esp-elf/esp-14.2.0_20260121/xtensa-esp-elf/bin/../lib/gcc/xtensa-esp-elf/14.2.0/esp32s3/crtbegin.o] ==> obj [/home/diego/.espressif/tools/xtensa-esp-elf/esp-14.2.0_20260121/xtensa-esp-elf/bin/../lib/gcc/xtensa-esp-elf/14.2.0/esp32s3/crtbegin.o]
    arg [-L/home/diego/.espressif/tools/xtensa-esp-elf/esp-14.2.0_20260121/xtensa-esp-elf/bin/../lib/gcc/xtensa-esp-elf/14.2.0/esp32s3] ==> dir [/home/diego/.espressif/tools/xtensa-esp-elf/esp-14.2.0_20260121/xtensa-esp-elf/bin/../lib/gcc/xtensa-esp-elf/14.2.0/esp32s3]
    arg [-L/home/diego/.espressif/tools/xtensa-esp-elf/esp-14.2.0_20260121/xtensa-esp-elf/bin/../lib/gcc/xtensa-esp-elf/14.2.0/../../../../xtensa-esp-elf/lib/esp32s3] ==> dir [/home/diego/.espressif/tools/xtensa-esp-elf/esp-14.2.0_20260121/xtensa-esp-elf/bin/../lib/gcc/xtensa-esp-elf/14.2.0/../../../../xtensa-esp-elf/lib/esp32s3]
    arg [-L/home/diego/.espressif/tools/xtensa-esp-elf/esp-14.2.0_20260121/xtensa-esp-elf/bin/../xtensa-esp-elf/lib/esp32s3] ==> dir [/home/diego/.espressif/tools/xtensa-esp-elf/esp-14.2.0_20260121/xtensa-esp-elf/bin/../xtensa-esp-elf/lib/esp32s3]
    arg [-L/home/diego/.espressif/tools/xtensa-esp-elf/esp-14.2.0_20260121/xtensa-esp-elf/bin/../lib/gcc/xtensa-esp-elf/14.2.0] ==> dir [/home/diego/.espressif/tools/xtensa-esp-elf/esp-14.2.0_20260121/xtensa-esp-elf/bin/../lib/gcc/xtensa-esp-elf/14.2.0]
    arg [-L/home/diego/.espressif/tools/xtensa-esp-elf/esp-14.2.0_20260121/xtensa-esp-elf/bin/../lib/gcc] ==> dir [/home/diego/.espressif/tools/xtensa-esp-elf/esp-14.2.0_20260121/xtensa-esp-elf/bin/../lib/gcc]
    arg [-L/home/diego/.espressif/tools/xtensa-esp-elf/esp-14.2.0_20260121/xtensa-esp-elf/bin/../lib/gcc/xtensa-esp-elf/14.2.0/../../../../xtensa-esp-elf/lib] ==> dir [/home/diego/.espressif/tools/xtensa-esp-elf/esp-14.2.0_20260121/xtensa-esp-elf/bin/../lib/gcc/xtensa-esp-elf/14.2.0/../../../../xtensa-esp-elf/lib]
    arg [-L/home/diego/.espressif/tools/xtensa-esp-elf/esp-14.2.0_20260121/xtensa-esp-elf/bin/../xtensa-esp-elf/lib] ==> dir [/home/diego/.espressif/tools/xtensa-esp-elf/esp-14.2.0_20260121/xtensa-esp-elf/bin/../xtensa-esp-elf/lib]
    arg [-L/home/diego/.espressif/tools/xtensa-esp-elf/esp-14.2.0_20260121/xtensa-esp-elf/bin/../xtensa-esp-elf/usr/lib] ==> dir [/home/diego/.espressif/tools/xtensa-esp-elf/esp-14.2.0_20260121/xtensa-esp-elf/bin/../xtensa-esp-elf/usr/lib]
    arg [@/tmp/ccpj75gA] ==> ignore
    arg [-lgcc] ==> lib [gcc]
    arg [-lc] ==> lib [c]
    arg [-lnosys] ==> lib [nosys]
    arg [-lc] ==> lib [c]
    arg [-lgcc] ==> lib [gcc]
    arg [/home/diego/.espressif/tools/xtensa-esp-elf/esp-14.2.0_20260121/xtensa-esp-elf/bin/../lib/gcc/xtensa-esp-elf/14.2.0/esp32s3/crtend.o] ==> obj [/home/diego/.espressif/tools/xtensa-esp-elf/esp-14.2.0_20260121/xtensa-esp-elf/bin/../lib/gcc/xtensa-esp-elf/14.2.0/esp32s3/crtend.o]
    arg [/home/diego/.espressif/tools/xtensa-esp-elf/esp-14.2.0_20260121/xtensa-esp-elf/bin/../lib/gcc/xtensa-esp-elf/14.2.0/esp32s3/crtn.o] ==> obj [/home/diego/.espressif/tools/xtensa-esp-elf/esp-14.2.0_20260121/xtensa-esp-elf/bin/../lib/gcc/xtensa-esp-elf/14.2.0/esp32s3/crtn.o]
  collapse obj [/home/diego/.espressif/tools/xtensa-esp-elf/esp-14.2.0_20260121/xtensa-esp-elf/bin/../lib/gcc/xtensa-esp-elf/14.2.0/../../../../xtensa-esp-elf/lib/esp32s3/crt0.o] ==> [/home/diego/.espressif/tools/xtensa-esp-elf/esp-14.2.0_20260121/xtensa-esp-elf/xtensa-esp-elf/lib/esp32s3/crt0.o]
  collapse obj [/home/diego/.espressif/tools/xtensa-esp-elf/esp-14.2.0_20260121/xtensa-esp-elf/bin/../lib/gcc/xtensa-esp-elf/14.2.0/esp32s3/crti.o] ==> [/home/diego/.espressif/tools/xtensa-esp-elf/esp-14.2.0_20260121/xtensa-esp-elf/lib/gcc/xtensa-esp-elf/14.2.0/esp32s3/crti.o]
  collapse obj [/home/diego/.espressif/tools/xtensa-esp-elf/esp-14.2.0_20260121/xtensa-esp-elf/bin/../lib/gcc/xtensa-esp-elf/14.2.0/esp32s3/crtbegin.o] ==> [/home/diego/.espressif/tools/xtensa-esp-elf/esp-14.2.0_20260121/xtensa-esp-elf/lib/gcc/xtensa-esp-elf/14.2.0/esp32s3/crtbegin.o]
  collapse obj [/home/diego/.espressif/tools/xtensa-esp-elf/esp-14.2.0_20260121/xtensa-esp-elf/bin/../lib/gcc/xtensa-esp-elf/14.2.0/esp32s3/crtend.o] ==> [/home/diego/.espressif/tools/xtensa-esp-elf/esp-14.2.0_20260121/xtensa-esp-elf/lib/gcc/xtensa-esp-elf/14.2.0/esp32s3/crtend.o]
  collapse obj [/home/diego/.espressif/tools/xtensa-esp-elf/esp-14.2.0_20260121/xtensa-esp-elf/bin/../lib/gcc/xtensa-esp-elf/14.2.0/esp32s3/crtn.o] ==> [/home/diego/.espressif/tools/xtensa-esp-elf/esp-14.2.0_20260121/xtensa-esp-elf/lib/gcc/xtensa-esp-elf/14.2.0/esp32s3/crtn.o]
  collapse library dir [/home/diego/.espressif/tools/xtensa-esp-elf/esp-14.2.0_20260121/xtensa-esp-elf/bin/../lib/gcc/xtensa-esp-elf/14.2.0/esp32s3] ==> [/home/diego/.espressif/tools/xtensa-esp-elf/esp-14.2.0_20260121/xtensa-esp-elf/lib/gcc/xtensa-esp-elf/14.2.0/esp32s3]
  collapse library dir [/home/diego/.espressif/tools/xtensa-esp-elf/esp-14.2.0_20260121/xtensa-esp-elf/bin/../lib/gcc/xtensa-esp-elf/14.2.0/../../../../xtensa-esp-elf/lib/esp32s3] ==> [/home/diego/.espressif/tools/xtensa-esp-elf/esp-14.2.0_20260121/xtensa-esp-elf/xtensa-esp-elf/lib/esp32s3]
  collapse library dir [/home/diego/.espressif/tools/xtensa-esp-elf/esp-14.2.0_20260121/xtensa-esp-elf/bin/../xtensa-esp-elf/lib/esp32s3] ==> [/home/diego/.espressif/tools/xtensa-esp-elf/esp-14.2.0_20260121/xtensa-esp-elf/xtensa-esp-elf/lib/esp32s3]
  collapse library dir [/home/diego/.espressif/tools/xtensa-esp-elf/esp-14.2.0_20260121/xtensa-esp-elf/bin/../lib/gcc/xtensa-esp-elf/14.2.0] ==> [/home/diego/.espressif/tools/xtensa-esp-elf/esp-14.2.0_20260121/xtensa-esp-elf/lib/gcc/xtensa-esp-elf/14.2.0]
  collapse library dir [/home/diego/.espressif/tools/xtensa-esp-elf/esp-14.2.0_20260121/xtensa-esp-elf/bin/../lib/gcc] ==> [/home/diego/.espressif/tools/xtensa-esp-elf/esp-14.2.0_20260121/xtensa-esp-elf/lib/gcc]
  collapse library dir [/home/diego/.espressif/tools/xtensa-esp-elf/esp-14.2.0_20260121/xtensa-esp-elf/bin/../lib/gcc/xtensa-esp-elf/14.2.0/../../../../xtensa-esp-elf/lib] ==> [/home/diego/.espressif/tools/xtensa-esp-elf/esp-14.2.0_20260121/xtensa-esp-elf/xtensa-esp-elf/lib]
  collapse library dir [/home/diego/.espressif/tools/xtensa-esp-elf/esp-14.2.0_20260121/xtensa-esp-elf/bin/../xtensa-esp-elf/lib] ==> [/home/diego/.espressif/tools/xtensa-esp-elf/esp-14.2.0_20260121/xtensa-esp-elf/xtensa-esp-elf/lib]
  collapse library dir [/home/diego/.espressif/tools/xtensa-esp-elf/esp-14.2.0_20260121/xtensa-esp-elf/bin/../xtensa-esp-elf/usr/lib] ==> [/home/diego/.espressif/tools/xtensa-esp-elf/esp-14.2.0_20260121/xtensa-esp-elf/xtensa-esp-elf/usr/lib]
  implicit libs: [gcc;c;nosys;c;gcc]
  implicit objs: [/home/diego/.espressif/tools/xtensa-esp-elf/esp-14.2.0_20260121/xtensa-esp-elf/xtensa-esp-elf/lib/esp32s3/crt0.o;/home/diego/.espressif/tools/xtensa-esp-elf/esp-14.2.0_20260121/xtensa-esp-elf/lib/gcc/xtensa-esp-elf/14.2.0/esp32s3/crti.o;/home/diego/.espressif/tools/xtensa-esp-elf/esp-14.2.0_20260121/xtensa-esp-elf/lib/gcc/xtensa-esp-elf/14.2.0/esp32s3/crtbegin.o;/home/diego/.espressif/tools/xtensa-esp-elf/esp-14.2.0_20260121/xtensa-esp-elf/lib/gcc/xtensa-esp-elf/14.2.0/esp32s3/crtend.o;/home/diego/.espressif/tools/xtensa-esp-elf/esp-14.2.0_20260121/xtensa-esp-elf/lib/gcc/xtensa-esp-elf/14.2.0/esp32s3/crtn.o]
  implicit dirs: [/home/diego/.espressif/tools/xtensa-esp-elf/esp-14.2.0_20260121/xtensa-esp-elf/lib/gcc/xtensa-esp-elf/14.2.0/esp32s3;/home/diego/.espressif/tools/xtensa-esp-elf/esp-14.2.0_20260121/xtensa-esp-elf/xtensa-esp-elf/lib/esp32s3;/home/diego/.espressif/tools/xtensa-esp-elf/esp-14.2.0_20260121/xtensa-esp-elf/lib/gcc/xtensa-esp-elf/14.2.0;/home/diego/.espressif/tools/xtensa-esp-elf/esp-14.2.0_20260121/xtensa-esp-elf/lib/gcc;/home/diego/.espressif/tools/xtensa-esp-elf/esp-14.2.0_20260121/xtensa-esp-elf/xtensa-esp-elf/lib;/home/diego/.espressif/tools/xtensa-esp-elf/esp-14.2.0_20260121/xtensa-esp-elf/xtensa-esp-elf/usr/lib]
  implicit fwks: []


Detecting CXX compiler ABI info compiled with the following output:
Change Dir: /home/diego/Ros2_esp32/build/CMakeFiles/CMakeTmp

Run Build Command(s):/home/diego/.espressif/tools/ninja/1.12.1/ninja cmTC_d1958 && [1/2] Building CXX object CMakeFiles/cmTC_d1958.dir/CMakeCXXCompilerABI.cpp.obj
Using built-in specs.
COLLECT_GCC=/home/diego/.espressif/tools/xtensa-esp-elf/esp-14.2.0_20260121/xtensa-esp-elf/bin/xtensa-esp-elf-g++
Target: xtensa-esp-elf
Configured with: /builds/idf/crosstool-NG/.build/xtensa-esp-elf/src/gcc/configure --build=x86_64-build_pc-linux-gnu --host=x86_64-build_pc-linux-gnu --target=xtensa-esp-elf --prefix=/builds/idf/crosstool-NG/builds/xtensa-esp-elf --exec_prefix=/builds/idf/crosstool-NG/builds/xtensa-esp-elf --with-local-prefix=/builds/idf/crosstool-NG/builds/xtensa-esp-elf/xtensa-esp-elf --with-sysroot=/builds/idf/crosstool-NG/builds/xtensa-esp-elf/xtensa-esp-elf --with-native-system-header-dir=/include --with-headers=/builds/idf/crosstool-NG/builds/xtensa-esp-elf/xtensa-esp-elf/include --with-newlib --enable-threads=no --disable-shared --with-pkgversion='crosstool-NG esp-14.2.0_20260121' --disable-__cxa_atexit --enable-cxx-flags='-ffunction-sections -fdata-sections' --disable-libgomp --disable-libmudflap --disable-libmpx --disable-libssp --disable-libquadmath --disable-libquadmath-support --disable-libstdcxx-verbose --with-gmp=/builds/idf/crosstool-NG/.build/xtensa-esp-elf/buildtools --with-mpfr=/builds/idf/crosstool-NG/.build/xtensa-esp-elf/buildtools --with-mpc=/builds/idf/crosstool-NG/.build/xtensa-esp-elf/buildtools --with-isl=/builds/idf/crosstool-NG/.build/xtensa-esp-elf/buildtools --enable-lto --enable-target-optspace --without-long-double-128 --enable-plugin --disable-nls --enable-multiarch --enable-languages=c,c++ --disable-libstdcxx-verbose --enable-threads=posix --enable-libstdcxx-time=yes --disable-win32-utf8-manifest
Thread model: posix
Supported LTO compression algorithms: zlib zstd
gcc version 14.2.0 (crosstool-NG esp-14.2.0_20260121) 
COLLECT_GCC_OPTIONS='-mdynconfig=xtensa_esp32s3.so' '-v' '-o' 'CMakeFiles/cmTC_d1958.dir/CMakeCXXCompilerABI.cpp.obj' '-c' '-dumpdir' 'CMakeFiles/cmTC_d1958.dir/'
 /home/diego/.espressif/tools/xtensa-esp-elf/esp-14.2.0_20260121/xtensa-esp-elf/bin/../libexec/gcc/xtensa-esp-elf/14.2.0/cc1plus -quiet -v -imultilib esp32s3 -iprefix /home/diego/.espressif/tools/xtensa-esp-elf/esp-14.2.0_20260121/xtensa-esp-elf/bin/../lib/gcc/xtensa-esp-elf/14.2.0/ -isysroot /home/diego/.espressif/tools/xtensa-esp-elf/esp-14.2.0_20260121/xtensa-esp-elf/bin/../xtensa-esp-elf /usr/share/cmake-3.22/Modules/CMakeCXXCompilerABI.cpp -quiet -dumpdir CMakeFiles/cmTC_d1958.dir/ -dumpbase CMakeCXXCompilerABI.cpp.cpp -dumpbase-ext .cpp -mdynconfig=xtensa_esp32s3.so -version -o /tmp/ccA8cSAv.s
GNU C++17 (crosstool-NG esp-14.2.0_20260121) version 14.2.0 (xtensa-esp-elf)
	compiled by GNU C version 6.3.0, GMP version 6.3.0, MPFR version 4.2.1, MPC version 1.3.1, isl version isl-0.26-GMP

GGC heuristics: --param ggc-min-expand=100 --param ggc-min-heapsize=131072
ignoring duplicate directory "/home/diego/.espressif/tools/xtensa-esp-elf/esp-14.2.0_20260121/xtensa-esp-elf/bin/../lib/gcc/../../lib/gcc/xtensa-esp-elf/14.2.0/../../../../xtensa-esp-elf/include/c++/14.2.0"
ignoring duplicate directory "/home/diego/.espressif/tools/xtensa-esp-elf/esp-14.2.0_20260121/xtensa-esp-elf/bin/../lib/gcc/../../lib/gcc/xtensa-esp-elf/14.2.0/../../../../xtensa-esp-elf/include/c++/14.2.0/xtensa-esp-elf/esp32s3"
ignoring duplicate directory "/home/diego/.espressif/tools/xtensa-esp-elf/esp-14.2.0_20260121/xtensa-esp-elf/bin/../lib/gcc/../../lib/gcc/xtensa-esp-elf/14.2.0/../../../../xtensa-esp-elf/include/c++/14.2.0/backward"
ignoring duplicate directory "/home/diego/.espressif/tools/xtensa-esp-elf/esp-14.2.0_20260121/xtensa-esp-elf/bin/../lib/gcc/../../lib/gcc/xtensa-esp-elf/14.2.0/include"
ignoring nonexistent directory "/home/diego/.espressif/tools/xtensa-esp-elf/esp-14.2.0_20260121/xtensa-esp-elf/bin/../xtensa-esp-elf/builds/idf/crosstool-NG/builds/xtensa-esp-elf/xtensa-esp-elf/include"
ignoring duplicate directory "/home/diego/.espressif/tools/xtensa-esp-elf/esp-14.2.0_20260121/xtensa-esp-elf/bin/../lib/gcc/../../lib/gcc/xtensa-esp-elf/14.2.0/include-fixed"
ignoring duplicate directory "/home/diego/.espressif/tools/xtensa-esp-elf/esp-14.2.0_20260121/xtensa-esp-elf/bin/../lib/gcc/../../lib/gcc/xtensa-esp-elf/14.2.0/../../../../xtensa-esp-elf/include"
ignoring duplicate directory "/home/diego/.espressif/tools/xtensa-esp-elf/esp-14.2.0_20260121/xtensa-esp-elf/bin/../xtensa-esp-elf/include"
#include "..." search starts here:
#include <...> search starts here:
 /home/diego/.espressif/tools/xtensa-esp-elf/esp-14.2.0_20260121/xtensa-esp-elf/bin/../lib/gcc/xtensa-esp-elf/14.2.0/../../../../xtensa-esp-elf/include/c++/14.2.0
 /home/diego/.espressif/tools/xtensa-esp-elf/esp-14.2.0_20260121/xtensa-esp-elf/bin/../lib/gcc/xtensa-esp-elf/14.2.0/../../../../xtensa-esp-elf/include/c++/14.2.0/xtensa-esp-elf/esp32s3
 /home/diego/.espressif/tools/xtensa-esp-elf/esp-14.2.0_20260121/xtensa-esp-elf/bin/../lib/gcc/xtensa-esp-elf/14.2.0/../../../../xtensa-esp-elf/include/c++/14.2.0/backward
 /home/diego/.espressif/tools/xtensa-esp-elf/esp-14.2.0_20260121/xtensa-esp-elf/bin/../lib/gcc/xtensa-esp-elf/14.2.0/include
 /home/diego/.espressif/tools/xtensa-esp-elf/esp-14.2.0_20260121/xtensa-esp-elf/bin/../lib/gcc/xtensa-esp-elf/14.2.0/include-fixed
 /home/diego/.espressif/tools/xtensa-esp-elf/esp-14.2.0_20260121/xtensa-esp-elf/bin/../lib/gcc/xtensa-esp-elf/14.2.0/../../../../xtensa-esp-elf/include
End of search list.
Compiler executable checksum: a254981dd59757a59628c9ca49d36a87
COLLECT_GCC_OPTIONS='-mdynconfig=xtensa_esp32s3.so' '-v' '-o' 'CMakeFiles/cmTC_d1958.dir/CMakeCXXCompilerABI.cpp.obj' '-c' '-dumpdir' 'CMakeFiles/cmTC_d1958.dir/'
 /home/diego/.espressif/tools/xtensa-esp-elf/esp-14.2.0_20260121/xtensa-esp-elf/bin/../lib/gcc/xtensa-esp-elf/14.2.0/../../../../xtensa-esp-elf/bin/as --traditional-format --dynconfig=xtensa_esp32s3.so -o CMakeFiles/cmTC_d1958.dir/CMakeCXXCompilerABI.cpp.obj /tmp/ccA8cSAv.s
COMPILER_PATH=/home/diego/.espressif/tools/xtensa-esp-elf/esp-14.2.0_20260121/xtensa-esp-elf/bin/../libexec/gcc/xtensa-esp-elf/14.2.0/:/home/diego/.espressif/tools/xtensa-esp-elf/esp-14.2.0_20260121/xtensa-esp-elf/bin/../libexec/gcc/:/home/diego/.espressif/tools/xtensa-esp-elf/esp-14.2.0_20260121/xtensa-esp-elf/bin/../lib/gcc/xtensa-esp-elf/14.2.0/../../../../xtensa-esp-elf/bin/
LIBRARY_PATH=/home/diego/.espressif/tools/xtensa-esp-elf/esp-14.2.0_20260121/xtensa-esp-elf/bin/../lib/gcc/xtensa-esp-elf/14.2.0/esp32s3/:/home/diego/.espressif/tools/xtensa-esp-elf/esp-14.2.0_20260121/xtensa-esp-elf/bin/../lib/gcc/xtensa-esp-elf/14.2.0/../../../../xtensa-esp-elf/lib/esp32s3/:/home/diego/.espressif/tools/xtensa-esp-elf/esp-14.2.0_20260121/xtensa-esp-elf/bin/../xtensa-esp-elf/lib/esp32s3/:/home/diego/.espressif/tools/xtensa-esp-elf/esp-14.2.0_20260121/xtensa-esp-elf/bin/../lib/gcc/xtensa-esp-elf/14.2.0/:/home/diego/.espressif/tools/xtensa-esp-elf/esp-14.2.0_20260121/xtensa-esp-elf/bin/../lib/gcc/:/home/diego/.espressif/tools/xtensa-esp-elf/esp-14.2.0_20260121/xtensa-esp-elf/bin/../lib/gcc/xtensa-esp-elf/14.2.0/../../../../xtensa-esp-elf/lib/:/home/diego/.espressif/tools/xtensa-esp-elf/esp-14.2.0_20260121/xtensa-esp-elf/bin/../xtensa-esp-elf/lib/:/home/diego/.espressif/tools/xtensa-esp-elf/esp-14.2.0_20260121/xtensa-esp-elf/bin/../xtensa-esp-elf/usr/lib/
COLLECT_GCC_OPTIONS='-mdynconfig=xtensa_esp32s3.so' '-v' '-o' 'CMakeFiles/cmTC_d1958.dir/CMakeCXXCompilerABI.cpp.obj' '-c' '-dumpdir' 'CMakeFiles/cmTC_d1958.dir/CMakeCXXCompilerABI.cpp.'
[2/2] Linking CXX executable cmTC_d1958
Using built-in specs.
COLLECT_GCC=/home/diego/.espressif/tools/xtensa-esp-elf/esp-14.2.0_20260121/xtensa-esp-elf/bin/xtensa-esp-elf-g++
COLLECT_LTO_WRAPPER=/home/diego/.espressif/tools/xtensa-esp-elf/esp-14.2.0_20260121/xtensa-esp-elf/bin/../libexec/gcc/xtensa-esp-elf/14.2.0/lto-wrapper
Target: xtensa-esp-elf
Configured with: /builds/idf/crosstool-NG/.build/xtensa-esp-elf/src/gcc/configure --build=x86_64-build_pc-linux-gnu --host=x86_64-build_pc-linux-gnu --target=xtensa-esp-elf --prefix=/builds/idf/crosstool-NG/builds/xtensa-esp-elf --exec_prefix=/builds/idf/crosstool-NG/builds/xtensa-esp-elf --with-local-prefix=/builds/idf/crosstool-NG/builds/xtensa-esp-elf/xtensa-esp-elf --with-sysroot=/builds/idf/crosstool-NG/builds/xtensa-esp-elf/xtensa-esp-elf --with-native-system-header-dir=/include --with-headers=/builds/idf/crosstool-NG/builds/xtensa-esp-elf/xtensa-esp-elf/include --with-newlib --enable-threads=no --disable-shared --with-pkgversion='crosstool-NG esp-14.2.0_20260121' --disable-__cxa_atexit --enable-cxx-flags='-ffunction-sections -fdata-sections' --disable-libgomp --disable-libmudflap --disable-libmpx --disable-libssp --disable-libquadmath --disable-libquadmath-support --disable-libstdcxx-verbose --with-gmp=/builds/idf/crosstool-NG/.build/xtensa-esp-elf/buildtools --with-mpfr=/builds/idf/crosstool-NG/.build/xtensa-esp-elf/buildtools --with-mpc=/builds/idf/crosstool-NG/.build/xtensa-esp-elf/buildtools --with-isl=/builds/idf/crosstool-NG/.build/xtensa-esp-elf/buildtools --enable-lto --enable-target-optspace --without-long-double-128 --enable-plugin --disable-nls --enable-multiarch --enable-languages=c,c++ --disable-libstdcxx-verbose --enable-threads=posix --enable-libstdcxx-time=yes --disable-win32-utf8-manifest
Thread model: posix
Supported LTO compression algorithms: zlib zstd
gcc version 14.2.0 (crosstool-NG esp-14.2.0_20260121) 
COMPILER_PATH=/home/diego/.espressif/tools/xtensa-esp-elf/esp-14.2.0_20260121/xtensa-esp-elf/bin/../libexec/gcc/xtensa-esp-elf/14.2.0/:/home/diego/.espressif/tools/xtensa-esp-elf/esp-14.2.0_20260121/xtensa-esp-elf/bin/../libexec/gcc/:/home/diego/.espressif/tools/xtensa-esp-elf/esp-14.2.0_20260121/xtensa-esp-elf/bin/../lib/gcc/xtensa-esp-elf/14.2.0/../../../../xtensa-esp-elf/bin/
LIBRARY_PATH=/home/diego/.espressif/tools/xtensa-esp-elf/esp-14.2.0_20260121/xtensa-esp-elf/bin/../lib/gcc/xtensa-esp-elf/14.2.0/esp32s3/:/home/diego/.espressif/tools/xtensa-esp-elf/esp-14.2.0_20260121/xtensa-esp-elf/bin/../lib/gcc/xtensa-esp-elf/14.2.0/../../../../xtensa-esp-elf/lib/esp32s3/:/home/diego/.espressif/tools/xtensa-esp-elf/esp-14.2.0_20260121/xtensa-esp-elf/bin/../xtensa-esp-elf/lib/esp32s3/:/home/diego/.espressif/tools/xtensa-esp-elf/esp-14.2.0_20260121/xtensa-esp-elf/bin/../lib/gcc/xtensa-esp-elf/14.2.0/:/home/diego/.espressif/tools/xtensa-esp-elf/esp-14.2.0_20260121/xtensa-esp-elf/bin/../lib/gcc/:/home/diego/.espressif/tools/xtensa-esp-elf/esp-14.2.0_20260121/xtensa-esp-elf/bin/../lib/gcc/xtensa-esp-elf/14.2.0/../../../../xtensa-esp-elf/lib/:/home/diego/.espressif/tools/xtensa-esp-elf/esp-14.2.0_20260121/xtensa-esp-elf/bin/../xtensa-esp-elf/lib/:/home/diego/.espressif/tools/xtensa-esp-elf/esp-14.2.0_20260121/xtensa-esp-elf/bin/../xtensa-esp-elf/usr/lib/
COLLECT_GCC_OPTIONS='-mdynconfig=xtensa_esp32s3.so' '-v' '-o' 'cmTC_d1958' '-dumpdir' 'cmTC_d1958.'
 /home/diego/.espressif/tools/xtensa-esp-elf/esp-14.2.0_20260121/xtensa-esp-elf/bin/../libexec/gcc/xtensa-esp-elf/14.2.0/collect2 -plugin /home/diego/.espressif/tools/xtensa-esp-elf/esp-14.2.0_20260121/xtensa-esp-elf/bin/../libexec/gcc/xtensa-esp-elf/14.2.0/liblto_plugin.so -plugin-opt=/home/diego/.espressif/tools/xtensa-esp-elf/esp-14.2.0_20260121/xtensa-esp-elf/bin/../libexec/gcc/xtensa-esp-elf/14.2.0/lto-wrapper -plugin-opt=-fresolution=/tmp/ccC6Rhgu.res -plugin-opt=-pass-through=-lgcc -plugin-opt=-pass-through=-lc -plugin-opt=-pass-through=-lnosys -plugin-opt=-pass-through=-lc -plugin-opt=-pass-through=-lgcc --sysroot=/home/diego/.espressif/tools/xtensa-esp-elf/esp-14.2.0_20260121/xtensa-esp-elf/bin/../xtensa-esp-elf --dynconfig=xtensa_esp32s3.so -o cmTC_d1958 /home/diego/.espressif/tools/xtensa-esp-elf/esp-14.2.0_20260121/xtensa-esp-elf/bin/../lib/gcc/xtensa-esp-elf/14.2.0/../../../../xtensa-esp-elf/lib/esp32s3/crt0.o /home/diego/.espressif/tools/xtensa-esp-elf/esp-14.2.0_20260121/xtensa-esp-elf/bin/../lib/gcc/xtensa-esp-elf/14.2.0/esp32s3/crti.o /home/diego/.espressif/tools/xtensa-esp-elf/esp-14.2.0_20260121/xtensa-esp-elf/bin/../lib/gcc/xtensa-esp-elf/14.2.0/esp32s3/crtbegin.o -L/home/diego/.espressif/tools/xtensa-esp-elf/esp-14.2.0_20260121/xtensa-esp-elf/bin/../lib/gcc/xtensa-esp-elf/14.2.0/esp32s3 -L/home/diego/.espressif/tools/xtensa-esp-elf/esp-14.2.0_20260121/xtensa-esp-elf/bin/../lib/gcc/xtensa-esp-elf/14.2.0/../../../../xtensa-esp-elf/lib/esp32s3 -L/home/diego/.espressif/tools/xtensa-esp-elf/esp-14.2.0_20260121/xtensa-esp-elf/bin/../xtensa-esp-elf/lib/esp32s3 -L/home/diego/.espressif/tools/xtensa-esp-elf/esp-14.2.0_20260121/xtensa-esp-elf/bin/../lib/gcc/xtensa-esp-elf/14.2.0 -L/home/diego/.espressif/tools/xtensa-esp-elf/esp-14.2.0_20260121/xtensa-esp-elf/bin/../lib/gcc -L/home/diego/.espressif/tools/xtensa-esp-elf/esp-14.2.0_20260121/xtensa-esp-elf/bin/../lib/gcc/xtensa-esp-elf/14.2.0/../../../../xtensa-esp-elf/lib -L/home/diego/.espressif/tools/xtensa-esp-elf/esp-14.2.0_20260121/xtensa-esp-elf/bin/../xtensa-esp-elf/lib -L/home/diego/.espressif/tools/xtensa-esp-elf/esp-14.2.0_20260121/xtensa-esp-elf/bin/../xtensa-esp-elf/usr/lib @/tmp/cc0u4Uqb -lgcc -lc -lnosys -lc -lgcc /home/diego/.espressif/tools/xtensa-esp-elf/esp-14.2.0_20260121/xtensa-esp-elf/bin/../lib/gcc/xtensa-esp-elf/14.2.0/esp32s3/crtend.o /home/diego/.espressif/tools/xtensa-esp-elf/esp-14.2.0_20260121/xtensa-esp-elf/bin/../lib/gcc/xtensa-esp-elf/14.2.0/esp32s3/crtn.o
COLLECT_GCC_OPTIONS='-mdynconfig=xtensa_esp32s3.so' '-v' '-o' 'cmTC_d1958' '-dumpdir' 'cmTC_d1958.'



Parsed CXX implicit include dir info from above output: rv=done
  found start of include info
  found start of implicit include info
    add: [/home/diego/.espressif/tools/xtensa-esp-elf/esp-14.2.0_20260121/xtensa-esp-elf/bin/../lib/gcc/xtensa-esp-elf/14.2.0/../../../../xtensa-esp-elf/include/c++/14.2.0]
    add: [/home/diego/.espressif/tools/xtensa-esp-elf/esp-14.2.0_20260121/xtensa-esp-elf/bin/../lib/gcc/xtensa-esp-elf/14.2.0/../../../../xtensa-esp-elf/include/c++/14.2.0/xtensa-esp-elf/esp32s3]
    add: [/home/diego/.espressif/tools/xtensa-esp-elf/esp-14.2.0_20260121/xtensa-esp-elf/bin/../lib/gcc/xtensa-esp-elf/14.2.0/../../../../xtensa-esp-elf/include/c++/14.2.0/backward]
    add: [/home/diego/.espressif/tools/xtensa-esp-elf/esp-14.2.0_20260121/xtensa-esp-elf/bin/../lib/gcc/xtensa-esp-elf/14.2.0/include]
    add: [/home/diego/.espressif/tools/xtensa-esp-elf/esp-14.2.0_20260121/xtensa-esp-elf/bin/../lib/gcc/xtensa-esp-elf/14.2.0/include-fixed]
    add: [/home/diego/.espressif/tools/xtensa-esp-elf/esp-14.2.0_20260121/xtensa-esp-elf/bin/../lib/gcc/xtensa-esp-elf/14.2.0/../../../../xtensa-esp-elf/include]
  end of search list found
  collapse include dir [/home/diego/.espressif/tools/xtensa-esp-elf/esp-14.2.0_20260121/xtensa-esp-elf/bin/../lib/gcc/xtensa-esp-elf/14.2.0/../../../../xtensa-esp-elf/include/c++/14.2.0] ==> [/home/diego/.espressif/tools/xtensa-esp-elf/esp-14.2.0_20260121/xtensa-esp-elf/xtensa-esp-elf/include/c++/14.2.0]
  collapse include dir [/home/diego/.espressif/tools/xtensa-esp-elf/esp-14.2.0_20260121/xtensa-esp-elf/bin/../lib/gcc/xtensa-esp-elf/14.2.0/../../../../xtensa-esp-elf/include/c++/14.2.0/xtensa-esp-elf/esp32s3] ==> [/home/diego/.espressif/tools/xtensa-esp-elf/esp-14.2.0_20260121/xtensa-esp-elf/xtensa-esp-elf/include/c++/14.2.0/xtensa-esp-elf/esp32s3]
  collapse include dir [/home/diego/.espressif/tools/xtensa-esp-elf/esp-14.2.0_20260121/xtensa-esp-elf/bin/../lib/gcc/xtensa-esp-elf/14.2.0/../../../../xtensa-esp-elf/include/c++/14.2.0/backward] ==> [/home/diego/.espressif/tools/xtensa-esp-elf/esp-14.2.0_20260121/xtensa-esp-elf/xtensa-esp-elf/include/c++/14.2.0/backward]
  collapse include dir [/home/diego/.espressif/tools/xtensa-esp-elf/esp-14.2.0_20260121/xtensa-esp-elf/bin/../lib/gcc/xtensa-esp-elf/14.2.0/include] ==> [/home/diego/.espressif/tools/xtensa-esp-elf/esp-14.2.0_20260121/xtensa-esp-elf/lib/gcc/xtensa-esp-elf/14.2.0/include]
  collapse include dir [/home/diego/.espressif/tools/xtensa-esp-elf/esp-14.2.0_20260121/xtensa-esp-elf/bin/../lib/gcc/xtensa-esp-elf/14.2.0/include-fixed] ==> [/home/diego/.espressif/tools/xtensa-esp-elf/esp-14.2.0_20260121/xtensa-esp-elf/lib/gcc/xtensa-esp-elf/14.2.0/include-fixed]
  collapse include dir [/home/diego/.espressif/tools/xtensa-esp-elf/esp-14.2.0_20260121/xtensa-esp-elf/bin/../lib/gcc/xtensa-esp-elf/14.2.0/../../../../xtensa-esp-elf/include] ==> [/home/diego/.espressif/tools/xtensa-esp-elf/esp-14.2.0_20260121/xtensa-esp-elf/xtensa-esp-elf/include]
  implicit include dirs: [/home/diego/.espressif/tools/xtensa-esp-elf/esp-14.2.0_20260121/xtensa-esp-elf/xtensa-esp-elf/include/c++/14.2.0;/home/diego/.espressif/tools/xtensa-esp-elf/esp-14.2.0_20260121/xtensa-esp-elf/xtensa-esp-elf/include/c++/14.2.0/xtensa-esp-elf/esp32s3;/home/diego/.espressif/tools/xtensa-esp-elf/esp-14.2.0_20260121/xtensa-esp-elf/xtensa-esp-elf/include/c++/14.2.0/backward;/home/diego/.espressif/tools/xtensa-esp-elf/esp-14.2.0_20260121/xtensa-esp-elf/lib/gcc/xtensa-esp-elf/14.2.0/include;/home/diego/.espressif/tools/xtensa-esp-elf/esp-14.2.0_20260121/xtensa-esp-elf/lib/gcc/xtensa-esp-elf/14.2.0/include-fixed;/home/diego/.espressif/tools/xtensa-esp-elf/esp-14.2.0_20260121/xtensa-esp-elf/xtensa-esp-elf/include]


Parsed CXX implicit link information from above output:
  link line regex: [^( *|.*[/\])(xtensa-esp32s3-elf-ld|CMAKE_LINK_STARTFILE-NOTFOUND|([^/\]+-)?ld|collect2)[^/\]*( |$)]
  ignore line: [Change Dir: /home/diego/Ros2_esp32/build/CMakeFiles/CMakeTmp]
  ignore line: []
  ignore line: [Run Build Command(s):/home/diego/.espressif/tools/ninja/1.12.1/ninja cmTC_d1958 && [1/2] Building CXX object CMakeFiles/cmTC_d1958.dir/CMakeCXXCompilerABI.cpp.obj]
  ignore line: [Using built-in specs.]
  ignore line: [COLLECT_GCC=/home/diego/.espressif/tools/xtensa-esp-elf/esp-14.2.0_20260121/xtensa-esp-elf/bin/xtensa-esp-elf-g++]
  ignore line: [Target: xtensa-esp-elf]
  ignore line: [Configured with: /builds/idf/crosstool-NG/.build/xtensa-esp-elf/src/gcc/configure --build=x86_64-build_pc-linux-gnu --host=x86_64-build_pc-linux-gnu --target=xtensa-esp-elf --prefix=/builds/idf/crosstool-NG/builds/xtensa-esp-elf --exec_prefix=/builds/idf/crosstool-NG/builds/xtensa-esp-elf --with-local-prefix=/builds/idf/crosstool-NG/builds/xtensa-esp-elf/xtensa-esp-elf --with-sysroot=/builds/idf/crosstool-NG/builds/xtensa-esp-elf/xtensa-esp-elf --with-native-system-header-dir=/include --with-headers=/builds/idf/crosstool-NG/builds/xtensa-esp-elf/xtensa-esp-elf/include --with-newlib --enable-threads=no --disable-shared --with-pkgversion='crosstool-NG esp-14.2.0_20260121' --disable-__cxa_atexit --enable-cxx-flags='-ffunction-sections -fdata-sections' --disable-libgomp --disable-libmudflap --disable-libmpx --disable-libssp --disable-libquadmath --disable-libquadmath-support --disable-libstdcxx-verbose --with-gmp=/builds/idf/crosstool-NG/.build/xtensa-esp-elf/buildtools --with-mpfr=/builds/idf/crosstool-NG/.build/xtensa-esp-elf/buildtools --with-mpc=/builds/idf/crosstool-NG/.build/xtensa-esp-elf/buildtools --with-isl=/builds/idf/crosstool-NG/.build/xtensa-esp-elf/buildtools --enable-lto --enable-target-optspace --without-long-double-128 --enable-plugin --disable-nls --enable-multiarch --enable-languages=c c++ --disable-libstdcxx-verbose --enable-threads=posix --enable-libstdcxx-time=yes --disable-win32-utf8-manifest]
  ignore line: [Thread model: posix]
  ignore line: [Supported LTO compression algorithms: zlib zstd]
  ignore line: [gcc version 14.2.0 (crosstool-NG esp-14.2.0_20260121) ]
  ignore line: [COLLECT_GCC_OPTIONS='-mdynconfig=xtensa_esp32s3.so' '-v' '-o' 'CMakeFiles/cmTC_d1958.dir/CMakeCXXCompilerABI.cpp.obj' '-c' '-dumpdir' 'CMakeFiles/cmTC_d1958.dir/']
  ignore line: [ /home/diego/.espressif/tools/xtensa-esp-elf/esp-14.2.0_20260121/xtensa-esp-elf/bin/../libexec/gcc/xtensa-esp-elf/14.2.0/cc1plus -quiet -v -imultilib esp32s3 -iprefix /home/diego/.espressif/tools/xtensa-esp-elf/esp-14.2.0_20260121/xtensa-esp-elf/bin/../lib/gcc/xtensa-esp-elf/14.2.0/ -isysroot /home/diego/.espressif/tools/xtensa-esp-elf/esp-14.2.0_20260121/xtensa-esp-elf/bin/../xtensa-esp-elf /usr/share/cmake-3.22/Modules/CMakeCXXCompilerABI.cpp -quiet -dumpdir CMakeFiles/cmTC_d1958.dir/ -dumpbase CMakeCXXCompilerABI.cpp.cpp -dumpbase-ext .cpp -mdynconfig=xtensa_esp32s3.so -version -o /tmp/ccA8cSAv.s]
  ignore line: [GNU C++17 (crosstool-NG esp-14.2.0_20260121) version 14.2.0 (xtensa-esp-elf)]
  ignore line: [	compiled by GNU C version 6.3.0  GMP version 6.3.0  MPFR version 4.2.1  MPC version 1.3.1  isl version isl-0.26-GMP]
  ignore line: []
  ignore line: [GGC heuristics: --param ggc-min-expand=100 --param ggc-min-heapsize=131072]
  ignore line: [ignoring duplicate directory "/home/diego/.espressif/tools/xtensa-esp-elf/esp-14.2.0_20260121/xtensa-esp-elf/bin/../lib/gcc/../../lib/gcc/xtensa-esp-elf/14.2.0/../../../../xtensa-esp-elf/include/c++/14.2.0"]
  ignore line: [ignoring duplicate directory "/home/diego/.espressif/tools/xtensa-esp-elf/esp-14.2.0_20260121/xtensa-esp-elf/bin/../lib/gcc/../../lib/gcc/xtensa-esp-elf/14.2.0/../../../../xtensa-esp-elf/include/c++/14.2.0/xtensa-esp-elf/esp32s3"]
  ignore line: [ignoring duplicate directory "/home/diego/.espressif/tools/xtensa-esp-elf/esp-14.2.0_20260121/xtensa-esp-elf/bin/../lib/gcc/../../lib/gcc/xtensa-esp-elf/14.2.0/../../../../xtensa-esp-elf/include/c++/14.2.0/backward"]
  ignore line: [ignoring duplicate directory "/home/diego/.espressif/tools/xtensa-esp-elf/esp-14.2.0_20260121/xtensa-esp-elf/bin/../lib/gcc/../../lib/gcc/xtensa-esp-elf/14.2.0/include"]
  ignore line: [ignoring nonexistent directory "/home/diego/.espressif/tools/xtensa-esp-elf/esp-14.2.0_20260121/xtensa-esp-elf/bin/../xtensa-esp-elf/builds/idf/crosstool-NG/builds/xtensa-esp-elf/xtensa-esp-elf/include"]
  ignore line: [ignoring duplicate directory "/home/diego/.espressif/tools/xtensa-esp-elf/esp-14.2.0_20260121/xtensa-esp-elf/bin/../lib/gcc/../../lib/gcc/xtensa-esp-elf/14.2.0/include-fixed"]
  ignore line: [ignoring duplicate directory "/home/diego/.espressif/tools/xtensa-esp-elf/esp-14.2.0_20260121/xtensa-esp-elf/bin/../lib/gcc/../../lib/gcc/xtensa-esp-elf/14.2.0/../../../../xtensa-esp-elf/include"]
  ignore line: [ignoring duplicate directory "/home/diego/.espressif/tools/xtensa-esp-elf/esp-14.2.0_20260121/xtensa-esp-elf/bin/../xtensa-esp-elf/include"]
  ignore line: [#include "..." search starts here:]
  ignore line: [#include <...> search starts here:]
  ignore line: [ /home/diego/.espressif/tools/xtensa-esp-elf/esp-14.2.0_20260121/xtensa-esp-elf/bin/../lib/gcc/xtensa-esp-elf/14.2.0/../../../../xtensa-esp-elf/include/c++/14.2.0]
  ignore line: [ /home/diego/.espressif/tools/xtensa-esp-elf/esp-14.2.0_20260121/xtensa-esp-elf/bin/../lib/gcc/xtensa-esp-elf/14.2.0/../../../../xtensa-esp-elf/include/c++/14.2.0/xtensa-esp-elf/esp32s3]
  ignore line: [ /home/diego/.espressif/tools/xtensa-esp-elf/esp-14.2.0_20260121/xtensa-esp-elf/bin/../lib/gcc/xtensa-esp-elf/14.2.0/../../../../xtensa-esp-elf/include/c++/14.2.0/backward]
  ignore line: [ /home/diego/.espressif/tools/xtensa-esp-elf/esp-14.2.0_20260121/xtensa-esp-elf/bin/../lib/gcc/xtensa-esp-elf/14.2.0/include]
  ignore line: [ /home/diego/.espressif/tools/xtensa-esp-elf/esp-14.2.0_20260121/xtensa-esp-elf/bin/../lib/gcc/xtensa-esp-elf/14.2.0/include-fixed]
  ignore line: [ /home/diego/.espressif/tools/xtensa-esp-elf/esp-14.2.0_20260121/xtensa-esp-elf/bin/../lib/gcc/xtensa-esp-elf/14.2.0/../../../../xtensa-esp-elf/include]
  ignore line: [End of search list.]
  ignore line: [Compiler executable checksum: a254981dd59757a59628c9ca49d36a87]
  ignore line: [COLLECT_GCC_OPTIONS='-mdynconfig=xtensa_esp32s3.so' '-v' '-o' 'CMakeFiles/cmTC_d1958.dir/CMakeCXXCompilerABI.cpp.obj' '-c' '-dumpdir' 'CMakeFiles/cmTC_d1958.dir/']
  ignore line: [ /home/diego/.espressif/tools/xtensa-esp-elf/esp-14.2.0_20260121/xtensa-esp-elf/bin/../lib/gcc/xtensa-esp-elf/14.2.0/../../../../xtensa-esp-elf/bin/as --traditional-format --dynconfig=xtensa_esp32s3.so -o CMakeFiles/cmTC_d1958.dir/CMakeCXXCompilerABI.cpp.obj /tmp/ccA8cSAv.s]
  ignore line: [COMPILER_PATH=/home/diego/.espressif/tools/xtensa-esp-elf/esp-14.2.0_20260121/xtensa-esp-elf/bin/../libexec/gcc/xtensa-esp-elf/14.2.0/:/home/diego/.espressif/tools/xtensa-esp-elf/esp-14.2.0_20260121/xtensa-esp-elf/bin/../libexec/gcc/:/home/diego/.espressif/tools/xtensa-esp-elf/esp-14.2.0_20260121/xtensa-esp-elf/bin/../lib/gcc/xtensa-esp-elf/14.2.0/../../../../xtensa-esp-elf/bin/]
  ignore line: [LIBRARY_PATH=/home/diego/.espressif/tools/xtensa-esp-elf/esp-14.2.0_20260121/xtensa-esp-elf/bin/../lib/gcc/xtensa-esp-elf/14.2.0/esp32s3/:/home/diego/.espressif/tools/xtensa-esp-elf/esp-14.2.0_20260121/xtensa-esp-elf/bin/../lib/gcc/xtensa-esp-elf/14.2.0/../../../../xtensa-esp-elf/lib/esp32s3/:/home/diego/.espressif/tools/xtensa-esp-elf/esp-14.2.0_20260121/xtensa-esp-elf/bin/../xtensa-esp-elf/lib/esp32s3/:/home/diego/.espressif/tools/xtensa-esp-elf/esp-14.2.0_20260121/xtensa-esp-elf/bin/../lib/gcc/xtensa-esp-elf/14.2.0/:/home/diego/.espressif/tools/xtensa-esp-elf/esp-14.2.0_20260121/xtensa-esp-elf/bin/../lib/gcc/:/home/diego/.espressif/tools/xtensa-esp-elf/esp-14.2.0_20260121/xtensa-esp-elf/bin/../lib/gcc/xtensa-esp-elf/14.2.0/../../../../xtensa-esp-elf/lib/:/home/diego/.espressif/tools/xtensa-esp-elf/esp-14.2.0_20260121/xtensa-esp-elf/bin/../xtensa-esp-elf/lib/:/home/diego/.espressif/tools/xtensa-esp-elf/esp-14.2.0_20260121/xtensa-esp-elf/bin/../xtensa-esp-elf/usr/lib/]
  ignore line: [COLLECT_GCC_OPTIONS='-mdynconfig=xtensa_esp32s3.so' '-v' '-o' 'CMakeFiles/cmTC_d1958.dir/CMakeCXXCompilerABI.cpp.obj' '-c' '-dumpdir' 'CMakeFiles/cmTC_d1958.dir/CMakeCXXCompilerABI.cpp.']
  ignore line: [[2/2] Linking CXX executable cmTC_d1958]
  ignore line: [Using built-in specs.]
  ignore line: [COLLECT_GCC=/home/diego/.espressif/tools/xtensa-esp-elf/esp-14.2.0_20260121/xtensa-esp-elf/bin/xtensa-esp-elf-g++]
  ignore line: [COLLECT_LTO_WRAPPER=/home/diego/.espressif/tools/xtensa-esp-elf/esp-14.2.0_20260121/xtensa-esp-elf/bin/../libexec/gcc/xtensa-esp-elf/14.2.0/lto-wrapper]
  ignore line: [Target: xtensa-esp-elf]
  ignore line: [Configured with: /builds/idf/crosstool-NG/.build/xtensa-esp-elf/src/gcc/configure --build=x86_64-build_pc-linux-gnu --host=x86_64-build_pc-linux-gnu --target=xtensa-esp-elf --prefix=/builds/idf/crosstool-NG/builds/xtensa-esp-elf --exec_prefix=/builds/idf/crosstool-NG/builds/xtensa-esp-elf --with-local-prefix=/builds/idf/crosstool-NG/builds/xtensa-esp-elf/xtensa-esp-elf --with-sysroot=/builds/idf/crosstool-NG/builds/xtensa-esp-elf/xtensa-esp-elf --with-native-system-header-dir=/include --with-headers=/builds/idf/crosstool-NG/builds/xtensa-esp-elf/xtensa-esp-elf/include --with-newlib --enable-threads=no --disable-shared --with-pkgversion='crosstool-NG esp-14.2.0_20260121' --disable-__cxa_atexit --enable-cxx-flags='-ffunction-sections -fdata-sections' --disable-libgomp --disable-libmudflap --disable-libmpx --disable-libssp --disable-libquadmath --disable-libquadmath-support --disable-libstdcxx-verbose --with-gmp=/builds/idf/crosstool-NG/.build/xtensa-esp-elf/buildtools --with-mpfr=/builds/idf/crosstool-NG/.build/xtensa-esp-elf/buildtools --with-mpc=/builds/idf/crosstool-NG/.build/xtensa-esp-elf/buildtools --with-isl=/builds/idf/crosstool-NG/.build/xtensa-esp-elf/buildtools --enable-lto --enable-target-optspace --without-long-double-128 --enable-plugin --disable-nls --enable-multiarch --enable-languages=c c++ --disable-libstdcxx-verbose --enable-threads=posix --enable-libstdcxx-time=yes --disable-win32-utf8-manifest]
  ignore line: [Thread model: posix]
  ignore line: [Supported LTO compression algorithms: zlib zstd]
  ignore line: [gcc version 14.2.0 (crosstool-NG esp-14.2.0_20260121) ]
  ignore line: [COMPILER_PATH=/home/diego/.espressif/tools/xtensa-esp-elf/esp-14.2.0_20260121/xtensa-esp-elf/bin/../libexec/gcc/xtensa-esp-elf/14.2.0/:/home/diego/.espressif/tools/xtensa-esp-elf/esp-14.2.0_20260121/xtensa-esp-elf/bin/../libexec/gcc/:/home/diego/.espressif/tools/xtensa-esp-elf/esp-14.2.0_20260121/xtensa-esp-elf/bin/../lib/gcc/xtensa-esp-elf/14.2.0/../../../../xtensa-esp-elf/bin/]
  ignore line: [LIBRARY_PATH=/home/diego/.espressif/tools/xtensa-esp-elf/esp-14.2.0_20260121/xtensa-esp-elf/bin/../lib/gcc/xtensa-esp-elf/14.2.0/esp32s3/:/home/diego/.espressif/tools/xtensa-esp-elf/esp-14.2.0_20260121/xtensa-esp-elf/bin/../lib/gcc/xtensa-esp-elf/14.2.0/../../../../xtensa-esp-elf/lib/esp32s3/:/home/diego/.espressif/tools/xtensa-esp-elf/esp-14.2.0_20260121/xtensa-esp-elf/bin/../xtensa-esp-elf/lib/esp32s3/:/home/diego/.espressif/tools/xtensa-esp-elf/esp-14.2.0_20260121/xtensa-esp-elf/bin/../lib/gcc/xtensa-esp-elf/14.2.0/:/home/diego/.espressif/tools/xtensa-esp-elf/esp-14.2.0_20260121/xtensa-esp-elf/bin/../lib/gcc/:/home/diego/.espressif/tools/xtensa-esp-elf/esp-14.2.0_20260121/xtensa-esp-elf/bin/../lib/gcc/xtensa-esp-elf/14.2.0/../../../../xtensa-esp-elf/lib/:/home/diego/.espressif/tools/xtensa-esp-elf/esp-14.2.0_20260121/xtensa-esp-elf/bin/../xtensa-esp-elf/lib/:/home/diego/.espressif/tools/xtensa-esp-elf/esp-14.2.0_20260121/xtensa-esp-elf/bin/../xtensa-esp-elf/usr/lib/]
  ignore line: [COLLECT_GCC_OPTIONS='-mdynconfig=xtensa_esp32s3.so' '-v' '-o' 'cmTC_d1958' '-dumpdir' 'cmTC_d1958.']
  link line: [ /home/diego/.espressif/tools/xtensa-esp-elf/esp-14.2.0_20260121/xtensa-esp-elf/bin/../libexec/gcc/xtensa-esp-elf/14.2.0/collect2 -plugin /home/diego/.espressif/tools/xtensa-esp-elf/esp-14.2.0_20260121/xtensa-esp-elf/bin/../libexec/gcc/xtensa-esp-elf/14.2.0/liblto_plugin.so -plugin-opt=/home/diego/.espressif/tools/xtensa-esp-elf/esp-14.2.0_20260121/xtensa-esp-elf/bin/../libexec/gcc/xtensa-esp-elf/14.2.0/lto-wrapper -plugin-opt=-fresolution=/tmp/ccC6Rhgu.res -plugin-opt=-pass-through=-lgcc -plugin-opt=-pass-through=-lc -plugin-opt=-pass-through=-lnosys -plugin-opt=-pass-through=-lc -plugin-opt=-pass-through=-lgcc --sysroot=/home/diego/.espressif/tools/xtensa-esp-elf/esp-14.2.0_20260121/xtensa-esp-elf/bin/../xtensa-esp-elf --dynconfig=xtensa_esp32s3.so -o cmTC_d1958 /home/diego/.espressif/tools/xtensa-esp-elf/esp-14.2.0_20260121/xtensa-esp-elf/bin/../lib/gcc/xtensa-esp-elf/14.2.0/../../../../xtensa-esp-elf/lib/esp32s3/crt0.o /home/diego/.espressif/tools/xtensa-esp-elf/esp-14.2.0_20260121/xtensa-esp-elf/bin/../lib/gcc/xtensa-esp-elf/14.2.0/esp32s3/crti.o /home/diego/.espressif/tools/xtensa-esp-elf/esp-14.2.0_20260121/xtensa-esp-elf/bin/../lib/gcc/xtensa-esp-elf/14.2.0/esp32s3/crtbegin.o -L/home/diego/.espressif/tools/xtensa-esp-elf/esp-14.2.0_20260121/xtensa-esp-elf/bin/../lib/gcc/xtensa-esp-elf/14.2.0/esp32s3 -L/home/diego/.espressif/tools/xtensa-esp-elf/esp-14.2.0_20260121/xtensa-esp-elf/bin/../lib/gcc/xtensa-esp-elf/14.2.0/../../../../xtensa-esp-elf/lib/esp32s3 -L/home/diego/.espressif/tools/xtensa-esp-elf/esp-14.2.0_20260121/xtensa-esp-elf/bin/../xtensa-esp-elf/lib/esp32s3 -L/home/diego/.espressif/tools/xtensa-esp-elf/esp-14.2.0_20260121/xtensa-esp-elf/bin/../lib/gcc/xtensa-esp-elf/14.2.0 -L/home/diego/.espressif/tools/xtensa-esp-elf/esp-14.2.0_20260121/xtensa-esp-elf/bin/../lib/gcc -L/home/diego/.espressif/tools/xtensa-esp-elf/esp-14.2.0_20260121/xtensa-esp-elf/bin/../lib/gcc/xtensa-esp-elf/14.2.0/../../../../xtensa-esp-elf/lib -L/home/diego/.espressif/tools/xtensa-esp-elf/esp-14.2.0_20260121/xtensa-esp-elf/bin/../xtensa-esp-elf/lib -L/home/diego/.espressif/tools/xtensa-esp-elf/esp-14.2.0_20260121/xtensa-esp-elf/bin/../xtensa-esp-elf/usr/lib @/tmp/cc0u4Uqb -lgcc -lc -lnosys -lc -lgcc /home/diego/.espressif/tools/xtensa-esp-elf/esp-14.2.0_20260121/xtensa-esp-elf/bin/../lib/gcc/xtensa-esp-elf/14.2.0/esp32s3/crtend.o /home/diego/.espressif/tools/xtensa-esp-elf/esp-14.2.0_20260121/xtensa-esp-elf/bin/../lib/gcc/xtensa-esp-elf/14.2.0/esp32s3/crtn.o]
    arg [/home/diego/.espressif/tools/xtensa-esp-elf/esp-14.2.0_20260121/xtensa-esp-elf/bin/../libexec/gcc/xtensa-esp-elf/14.2.0/collect2] ==> ignore
    arg [-plugin] ==> ignore
    arg [/home/diego/.espressif/tools/xtensa-esp-elf/esp-14.2.0_20260121/xtensa-esp-elf/bin/../libexec/gcc/xtensa-esp-elf/14.2.0/liblto_plugin.so] ==> ignore
    arg [-plugin-opt=/home/diego/.espressif/tools/xtensa-esp-elf/esp-14.2.0_20260121/xtensa-esp-elf/bin/../libexec/gcc/xtensa-esp-elf/14.2.0/lto-wrapper] ==> ignore
    arg [-plugin-opt=-fresolution=/tmp/ccC6Rhgu.res] ==> ignore
    arg [-plugin-opt=-pass-through=-lgcc] ==> ignore
    arg [-plugin-opt=-pass-through=-lc] ==> ignore
    arg [-plugin-opt=-pass-through=-lnosys] ==> ignore
    arg [-plugin-opt=-pass-through=-lc] ==> ignore
    arg [-plugin-opt=-pass-through=-lgcc] ==> ignore
    arg [--sysroot=/home/diego/.espressif/tools/xtensa-esp-elf/esp-14.2.0_20260121/xtensa-esp-elf/bin/../xtensa-esp-elf] ==> ignore
    arg [--dynconfig=xtensa_esp32s3.so] ==> ignore
    arg [-o] ==> ignore
    arg [cmTC_d1958] ==> ignore
    arg [/home/diego/.espressif/tools/xtensa-esp-elf/esp-14.2.0_20260121/xtensa-esp-elf/bin/../lib/gcc/xtensa-esp-elf/14.2.0/../../../../xtensa-esp-elf/lib/esp32s3/crt0.o] ==> obj [/home/diego/.espressif/tools/xtensa-esp-elf/esp-14.2.0_20260121/xtensa-esp-elf/bin/../lib/gcc/xtensa-esp-elf/14.2.0/../../../../xtensa-esp-elf/lib/esp32s3/crt0.o]
    arg [/home/diego/.espressif/tools/xtensa-esp-elf/esp-14.2.0_20260121/xtensa-esp-elf/bin/../lib/gcc/xtensa-esp-elf/14.2.0/esp32s3/crti.o] ==> obj [/home/diego/.espressif/tools/xtensa-esp-elf/esp-14.2.0_20260121/xtensa-esp-elf/bin/../lib/gcc/xtensa-esp-elf/14.2.0/esp32s3/crti.o]
    arg [/home/diego/.espressif/tools/xtensa-esp-elf/esp-14.2.0_20260121/xtensa-esp-elf/bin/../lib/gcc/xtensa-esp-elf/14.2.0/esp32s3/crtbegin.o] ==> obj [/home/diego/.espressif/tools/xtensa-esp-elf/esp-14.2.0_20260121/xtensa-esp-elf/bin/../lib/gcc/xtensa-esp-elf/14.2.0/esp32s3/crtbegin.o]
    arg [-L/home/diego/.espressif/tools/xtensa-esp-elf/esp-14.2.0_20260121/xtensa-esp-elf/bin/../lib/gcc/xtensa-esp-elf/14.2.0/esp32s3] ==> dir [/home/diego/.espressif/tools/xtensa-esp-elf/esp-14.2.0_20260121/xtensa-esp-elf/bin/../lib/gcc/xtensa-esp-elf/14.2.0/esp32s3]
    arg [-L/home/diego/.espressif/tools/xtensa-esp-elf/esp-14.2.0_20260121/xtensa-esp-elf/bin/../lib/gcc/xtensa-esp-elf/14.2.0/../../../../xtensa-esp-elf/lib/esp32s3] ==> dir [/home/diego/.espressif/tools/xtensa-esp-elf/esp-14.2.0_20260121/xtensa-esp-elf/bin/../lib/gcc/xtensa-esp-elf/14.2.0/../../../../xtensa-esp-elf/lib/esp32s3]
    arg [-L/home/diego/.espressif/tools/xtensa-esp-elf/esp-14.2.0_20260121/xtensa-esp-elf/bin/../xtensa-esp-elf/lib/esp32s3] ==> dir [/home/diego/.espressif/tools/xtensa-esp-elf/esp-14.2.0_20260121/xtensa-esp-elf/bin/../xtensa-esp-elf/lib/esp32s3]
    arg [-L/home/diego/.espressif/tools/xtensa-esp-elf/esp-14.2.0_20260121/xtensa-esp-elf/bin/../lib/gcc/xtensa-esp-elf/14.2.0] ==> dir [/home/diego/.espressif/tools/xtensa-esp-elf/esp-14.2.0_20260121/xtensa-esp-elf/bin/../lib/gcc/xtensa-esp-elf/14.2.0]
    arg [-L/home/diego/.espressif/tools/xtensa-esp-elf/esp-14.2.0_20260121/xtensa-esp-elf/bin/../lib/gcc] ==> dir [/home/diego/.espressif/tools/xtensa-esp-elf/esp-14.2.0_20260121/xtensa-esp-elf/bin/../lib/gcc]
    arg [-L/home/diego/.espressif/tools/xtensa-esp-elf/esp-14.2.0_20260121/xtensa-esp-elf/bin/../lib/gcc/xtensa-esp-elf/14.2.0/../../../../xtensa-esp-elf/lib] ==> dir [/home/diego/.espressif/tools/xtensa-esp-elf/esp-14.2.0_20260121/xtensa-esp-elf/bin/../lib/gcc/xtensa-esp-elf/14.2.0/../../../../xtensa-esp-elf/lib]
    arg [-L/home/diego/.espressif/tools/xtensa-esp-elf/esp-14.2.0_20260121/xtensa-esp-elf/bin/../xtensa-esp-elf/lib] ==> dir [/home/diego/.espressif/tools/xtensa-esp-elf/esp-14.2.0_20260121/xtensa-esp-elf/bin/../xtensa-esp-elf/lib]
    arg [-L/home/diego/.espressif/tools/xtensa-esp-elf/esp-14.2.0_20260121/xtensa-esp-elf/bin/../xtensa-esp-elf/usr/lib] ==> dir [/home/diego/.espressif/tools/xtensa-esp-elf/esp-14.2.0_20260121/xtensa-esp-elf/bin/../xtensa-esp-elf/usr/lib]
    arg [@/tmp/cc0u4Uqb] ==> ignore
    arg [-lgcc] ==> lib [gcc]
    arg [-lc] ==> lib [c]
    arg [-lnosys] ==> lib [nosys]
    arg [-lc] ==> lib [c]
    arg [-lgcc] ==> lib [gcc]
    arg [/home/diego/.espressif/tools/xtensa-esp-elf/esp-14.2.0_20260121/xtensa-esp-elf/bin/../lib/gcc/xtensa-esp-elf/14.2.0/esp32s3/crtend.o] ==> obj [/home/diego/.espressif/tools/xtensa-esp-elf/esp-14.2.0_20260121/xtensa-esp-elf/bin/../lib/gcc/xtensa-esp-elf/14.2.0/esp32s3/crtend.o]
    arg [/home/diego/.espressif/tools/xtensa-esp-elf/esp-14.2.0_20260121/xtensa-esp-elf/bin/../lib/gcc/xtensa-esp-elf/14.2.0/esp32s3/crtn.o] ==> obj [/home/diego/.espressif/tools/xtensa-esp-elf/esp-14.2.0_20260121/xtensa-esp-elf/bin/../lib/gcc/xtensa-esp-elf/14.2.0/esp32s3/crtn.o]
  collapse obj [/home/diego/.espressif/tools/xtensa-esp-elf/esp-14.2.0_20260121/xtensa-esp-elf/bin/../lib/gcc/xtensa-esp-elf/14.2.0/../../../../xtensa-esp-elf/lib/esp32s3/crt0.o] ==> [/home/diego/.espressif/tools/xtensa-esp-elf/esp-14.2.0_20260121/xtensa-esp-elf/xtensa-esp-elf/lib/esp32s3/crt0.o]
  collapse obj [/home/diego/.espressif/tools/xtensa-esp-elf/esp-14.2.0_20260121/xtensa-esp-elf/bin/../lib/gcc/xtensa-esp-elf/14.2.0/esp32s3/crti.o] ==> [/home/diego/.espressif/tools/xtensa-esp-elf/esp-14.2.0_20260121/xtensa-esp-elf/lib/gcc/xtensa-esp-elf/14.2.0/esp32s3/crti.o]
  collapse obj [/home/diego/.espressif/tools/xtensa-esp-elf/esp-14.2.0_20260121/xtensa-esp-elf/bin/../lib/gcc/xtensa-esp-elf/14.2.0/esp32s3/crtbegin.o] ==> [/home/diego/.espressif/tools/xtensa-esp-elf/esp-14.2.0_20260121/xtensa-esp-elf/lib/gcc/xtensa-esp-elf/14.2.0/esp32s3/crtbegin.o]
  collapse obj [/home/diego/.espressif/tools/xtensa-esp-elf/esp-14.2.0_20260121/xtensa-esp-elf/bin/../lib/gcc/xtensa-esp-elf/14.2.0/esp32s3/crtend.o] ==> [/home/diego/.espressif/tools/xtensa-esp-elf/esp-14.2.0_20260121/xtensa-esp-elf/lib/gcc/xtensa-esp-elf/14.2.0/esp32s3/crtend.o]
  collapse obj [/home/diego/.espressif/tools/xtensa-esp-elf/esp-14.2.0_20260121/xtensa-esp-elf/bin/../lib/gcc/xtensa-esp-elf/14.2.0/esp32s3/crtn.o] ==> [/home/diego/.espressif/tools/xtensa-esp-elf/esp-14.2.0_20260121/xtensa-esp-elf/lib/gcc/xtensa-esp-elf/14.2.0/esp32s3/crtn.o]
  collapse library dir [/home/diego/.espressif/tools/xtensa-esp-elf/esp-14.2.0_20260121/xtensa-esp-elf/bin/../lib/gcc/xtensa-esp-elf/14.2.0/esp32s3] ==> [/home/diego/.espressif/tools/xtensa-esp-elf/esp-14.2.0_20260121/xtensa-esp-elf/lib/gcc/xtensa-esp-elf/14.2.0/esp32s3]
  collapse library dir [/home/diego/.espressif/tools/xtensa-esp-elf/esp-14.2.0_20260121/xtensa-esp-elf/bin/../lib/gcc/xtensa-esp-elf/14.2.0/../../../../xtensa-esp-elf/lib/esp32s3] ==> [/home/diego/.espressif/tools/xtensa-esp-elf/esp-14.2.0_20260121/xtensa-esp-elf/xtensa-esp-elf/lib/esp32s3]
  collapse library dir [/home/diego/.espressif/tools/xtensa-esp-elf/esp-14.2.0_20260121/xtensa-esp-elf/bin/../xtensa-esp-elf/lib/esp32s3] ==> [/home/diego/.espressif/tools/xtensa-esp-elf/esp-14.2.0_20260121/xtensa-esp-elf/xtensa-esp-elf/lib/esp32s3]
  collapse library dir [/home/diego/.espressif/tools/xtensa-esp-elf/esp-14.2.0_20260121/xtensa-esp-elf/bin/../lib/gcc/xtensa-esp-elf/14.2.0] ==> [/home/diego/.espressif/tools/xtensa-esp-elf/esp-14.2.0_20260121/xtensa-esp-elf/lib/gcc/xtensa-esp-elf/14.2.0]
  collapse library dir [/home/diego/.espressif/tools/xtensa-esp-elf/esp-14.2.0_20260121/xtensa-esp-elf/bin/../lib/gcc] ==> [/home/diego/.espressif/tools/xtensa-esp-elf/esp-14.2.0_20260121/xtensa-esp-elf/lib/gcc]
  collapse library dir [/home/diego/.espressif/tools/xtensa-esp-elf/esp-14.2.0_20260121/xtensa-esp-elf/bin/../lib/gcc/xtensa-esp-elf/14.2.0/../../../../xtensa-esp-elf/lib] ==> [/home/diego/.espressif/tools/xtensa-esp-elf/esp-14.2.0_20260121/xtensa-esp-elf/xtensa-esp-elf/lib]
  collapse library dir [/home/diego/.espressif/tools/xtensa-esp-elf/esp-14.2.0_20260121/xtensa-esp-elf/bin/../xtensa-esp-elf/lib] ==> [/home/diego/.espressif/tools/xtensa-esp-elf/esp-14.2.0_20260121/xtensa-esp-elf/xtensa-esp-elf/lib]
  collapse library dir [/home/diego/.espressif/tools/xtensa-esp-elf/esp-14.2.0_20260121/xtensa-esp-elf/bin/../xtensa-esp-elf/usr/lib] ==> [/home/diego/.espressif/tools/xtensa-esp-elf/esp-14.2.0_20260121/xtensa-esp-elf/xtensa-esp-elf/usr/lib]
  implicit libs: [gcc;c;nosys;c;gcc]
  implicit objs: [/home/diego/.espressif/tools/xtensa-esp-elf/esp-14.2.0_20260121/xtensa-esp-elf/xtensa-esp-elf/lib/esp32s3/crt0.o;/home/diego/.espressif/tools/xtensa-esp-elf/esp-14.2.0_20260121/xtensa-esp-elf/lib/gcc/xtensa-esp-elf/14.2.0/esp32s3/crti.o;/home/diego/.espressif/tools/xtensa-esp-elf/esp-14.2.0_20260121/xtensa-esp-elf/lib/gcc/xtensa-esp-elf/14.2.0/esp32s3/crtbegin.o;/home/diego/.espressif/tools/xtensa-esp-elf/esp-14.2.0_20260121/xtensa-esp-elf/lib/gcc/xtensa-esp-elf/14.2.0/esp32s3/crtend.o;/home/diego/.espressif/tools/xtensa-esp-elf/esp-14.2.0_20260121/xtensa-esp-elf/lib/gcc/xtensa-esp-elf/14.2.0/esp32s3/crtn.o]
  implicit dirs: [/home/diego/.espressif/tools/xtensa-esp-elf/esp-14.2.0_20260121/xtensa-esp-elf/lib/gcc/xtensa-esp-elf/14.2.0/esp32s3;/home/diego/.espressif/tools/xtensa-esp-elf/esp-14.2.0_20260121/xtensa-esp-elf/xtensa-esp-elf/lib/esp32s3;/home/diego/.espressif/tools/xtensa-esp-elf/esp-14.2.0_20260121/xtensa-esp-elf/lib/gcc/xtensa-esp-elf/14.2.0;/home/diego/.espressif/tools/xtensa-esp-elf/esp-14.2.0_20260121/xtensa-esp-elf/lib/gcc;/home/diego/.espressif/tools/xtensa-esp-elf/esp-14.2.0_20260121/xtensa-esp-elf/xtensa-esp-elf/lib;/home/diego/.espressif/tools/xtensa-esp-elf/esp-14.2.0_20260121/xtensa-esp-elf/xtensa-esp-elf/usr/lib]
  implicit fwks: []


Detecting C compiler ABI info compiled with the following output:
Change Dir: /home/diego/Ros2_esp32/build/CMakeFiles/CMakeTmp

Run Build Command(s):/home/diego/.espressif/tools/ninja/1.12.1/ninja cmTC_a600b && [1/2] Building C object CMakeFiles/cmTC_a600b.dir/CMakeCCompilerABI.c.obj
Using built-in specs.
COLLECT_GCC=/home/diego/.espressif/tools/xtensa-esp-elf/esp-14.2.0_20260121/xtensa-esp-elf/bin/xtensa-esp-elf-gcc
Target: xtensa-esp-elf
Configured with: /builds/idf/crosstool-NG/.build/xtensa-esp-elf/src/gcc/configure --build=x86_64-build_pc-linux-gnu --host=x86_64-build_pc-linux-gnu --target=xtensa-esp-elf --prefix=/builds/idf/crosstool-NG/builds/xtensa-esp-elf --exec_prefix=/builds/idf/crosstool-NG/builds/xtensa-esp-elf --with-local-prefix=/builds/idf/crosstool-NG/builds/xtensa-esp-elf/xtensa-esp-elf --with-sysroot=/builds/idf/crosstool-NG/builds/xtensa-esp-elf/xtensa-esp-elf --with-native-system-header-dir=/include --with-headers=/builds/idf/crosstool-NG/builds/xtensa-esp-elf/xtensa-esp-elf/include --with-newlib --enable-threads=no --disable-shared --with-pkgversion='crosstool-NG esp-14.2.0_20260121' --disable-__cxa_atexit --enable-cxx-flags='-ffunction-sections -fdata-sections' --disable-libgomp --disable-libmudflap --disable-libmpx --disable-libssp --disable-libquadmath --disable-libquadmath-support --disable-libstdcxx-verbose --with-gmp=/builds/idf/crosstool-NG/.build/xtensa-esp-elf/buildtools --with-mpfr=/builds/idf/crosstool-NG/.build/xtensa-esp-elf/buildtools --with-mpc=/builds/idf/crosstool-NG/.build/xtensa-esp-elf/buildtools --with-isl=/builds/idf/crosstool-NG/.build/xtensa-esp-elf/buildtools --enable-lto --enable-target-optspace --without-long-double-128 --enable-plugin --disable-nls --enable-multiarch --enable-languages=c,c++ --disable-libstdcxx-verbose --enable-threads=posix --enable-libstdcxx-time=yes --disable-win32-utf8-manifest
Thread model: posix
Supported LTO compression algorithms: zlib zstd
gcc version 14.2.0 (crosstool-NG esp-14.2.0_20260121) 
COLLECT_GCC_OPTIONS='-mdynconfig=xtensa_esp32s3.so' '-mlongcalls' '-fno-builtin-memcpy' '-fno-builtin-memset' '-fno-builtin-bzero' '-v' '-o' 'CMakeFiles/cmTC_a600b.dir/CMakeCCompilerABI.c.obj' '-c' '-dumpdir' 'CMakeFiles/cmTC_a600b.dir/'
 /home/diego/.espressif/tools/xtensa-esp-elf/esp-14.2.0_20260121/xtensa-esp-elf/bin/../libexec/gcc/xtensa-esp-elf/14.2.0/cc1 -quiet -v -imultilib esp32s3 -iprefix /home/diego/.espressif/tools/xtensa-esp-elf/esp-14.2.0_20260121/xtensa-esp-elf/bin/../lib/gcc/xtensa-esp-elf/14.2.0/ -isysroot /home/diego/.espressif/tools/xtensa-esp-elf/esp-14.2.0_20260121/xtensa-esp-elf/bin/../xtensa-esp-elf /usr/share/cmake-3.22/Modules/CMakeCCompilerABI.c -quiet -dumpdir CMakeFiles/cmTC_a600b.dir/ -dumpbase CMakeCCompilerABI.c.c -dumpbase-ext .c -mdynconfig=xtensa_esp32s3.so -mlongcalls -version -fno-builtin-memcpy -fno-builtin-memset -fno-builtin-bzero -o /tmp/ccCIioIq.s
GNU C17 (crosstool-NG esp-14.2.0_20260121) version 14.2.0 (xtensa-esp-elf)
	compiled by GNU C version 6.3.0, GMP version 6.3.0, MPFR version 4.2.1, MPC version 1.3.1, isl version isl-0.26-GMP

GGC heuristics: --param ggc-min-expand=100 --param ggc-min-heapsize=131072
ignoring duplicate directory "/home/diego/.espressif/tools/xtensa-esp-elf/esp-14.2.0_20260121/xtensa-esp-elf/bin/../lib/gcc/../../lib/gcc/xtensa-esp-elf/14.2.0/include"
ignoring nonexistent directory "/home/diego/.espressif/tools/xtensa-esp-elf/esp-14.2.0_20260121/xtensa-esp-elf/bin/../xtensa-esp-elf/builds/idf/crosstool-NG/builds/xtensa-esp-elf/xtensa-esp-elf/include"
ignoring duplicate directory "/home/diego/.espressif/tools/xtensa-esp-elf/esp-14.2.0_20260121/xtensa-esp-elf/bin/../lib/gcc/../../lib/gcc/xtensa-esp-elf/14.2.0/include-fixed"
ignoring duplicate directory "/home/diego/.espressif/tools/xtensa-esp-elf/esp-14.2.0_20260121/xtensa-esp-elf/bin/../lib/gcc/../../lib/gcc/xtensa-esp-elf/14.2.0/../../../../xtensa-esp-elf/include"
ignoring duplicate directory "/home/diego/.espressif/tools/xtensa-esp-elf/esp-14.2.0_20260121/xtensa-esp-elf/bin/../xtensa-esp-elf/include"
#include "..." search starts here:
#include <...> search starts here:
 /home/diego/.espressif/tools/xtensa-esp-elf/esp-14.2.0_20260121/xtensa-esp-elf/bin/../lib/gcc/xtensa-esp-elf/14.2.0/include
 /home/diego/.espressif/tools/xtensa-esp-elf/esp-14.2.0_20260121/xtensa-esp-elf/bin/../lib/gcc/xtensa-esp-elf/14.2.0/include-fixed
 /home/diego/.espressif/tools/xtensa-esp-elf/esp-14.2.0_20260121/xtensa-esp-elf/bin/../lib/gcc/xtensa-esp-elf/14.2.0/../../../../xtensa-esp-elf/include
End of search list.
Compiler executable checksum: 709abf7e99d4c633116df3b91860509f
COLLECT_GCC_OPTIONS='-mdynconfig=xtensa_esp32s3.so' '-mlongcalls' '-fno-builtin-memcpy' '-fno-builtin-memset' '-fno-builtin-bzero' '-v' '-o' 'CMakeFiles/cmTC_a600b.dir/CMakeCCompilerABI.c.obj' '-c' '-dumpdir' 'CMakeFiles/cmTC_a600b.dir/'
 /home/diego/.espressif/tools/xtensa-esp-elf/esp-14.2.0_20260121/xtensa-esp-elf/bin/../lib/gcc/xtensa-esp-elf/14.2.0/../../../../xtensa-esp-elf/bin/as --traditional-format --longcalls --dynconfig=xtensa_esp32s3.so -o CMakeFiles/cmTC_a600b.dir/CMakeCCompilerABI.c.obj /tmp/ccCIioIq.s
COMPILER_PATH=/home/diego/.espressif/tools/xtensa-esp-elf/esp-14.2.0_20260121/xtensa-esp-elf/bin/../libexec/gcc/xtensa-esp-elf/14.2.0/:/home/diego/.espressif/tools/xtensa-esp-elf/esp-14.2.0_20260121/xtensa-esp-elf/bin/../libexec/gcc/:/home/diego/.espressif/tools/xtensa-esp-elf/esp-14.2.0_20260121/xtensa-esp-elf/bin/../lib/gcc/xtensa-esp-elf/14.2.0/../../../../xtensa-esp-elf/bin/
LIBRARY_PATH=/home/diego/.espressif/tools/xtensa-esp-elf/esp-14.2.0_20260121/xtensa-esp-elf/bin/../lib/gcc/xtensa-esp-elf/14.2.0/esp32s3/:/home/diego/.espressif/tools/xtensa-esp-elf/esp-14.2.0_20260121/xtensa-esp-elf/bin/../lib/gcc/xtensa-esp-elf/14.2.0/../../../../xtensa-esp-elf/lib/esp32s3/:/home/diego/.espressif/tools/xtensa-esp-elf/esp-14.2.0_20260121/xtensa-esp-elf/bin/../xtensa-esp-elf/lib/esp32s3/:/home/diego/.espressif/tools/xtensa-esp-elf/esp-14.2.0_20260121/xtensa-esp-elf/bin/../lib/gcc/xtensa-esp-elf/14.2.0/:/home/diego/.espressif/tools/xtensa-esp-elf/esp-14.2.0_20260121/xtensa-esp-elf/bin/../lib/gcc/:/home/diego/.espressif/tools/xtensa-esp-elf/esp-14.2.0_20260121/xtensa-esp-elf/bin/../lib/gcc/xtensa-esp-elf/14.2.0/../../../../xtensa-esp-elf/lib/:/home/diego/.espressif/tools/xtensa-esp-elf/esp-14.2.0_20260121/xtensa-esp-elf/bin/../xtensa-esp-elf/lib/:/home/diego/.espressif/tools/xtensa-esp-elf/esp-14.2.0_20260121/xtensa-esp-elf/bin/../xtensa-esp-elf/usr/lib/
COLLECT_GCC_OPTIONS='-mdynconfig=xtensa_esp32s3.so' '-mlongcalls' '-fno-builtin-memcpy' '-fno-builtin-memset' '-fno-builtin-bzero' '-v' '-o' 'CMakeFiles/cmTC_a600b.dir/CMakeCCompilerABI.c.obj' '-c' '-dumpdir' 'CMakeFiles/cmTC_a600b.dir/CMakeCCompilerABI.c.'
[2/2] Linking C executable cmTC_a600b
Using built-in specs.
COLLECT_GCC=/home/diego/.espressif/tools/xtensa-esp-elf/esp-14.2.0_20260121/xtensa-esp-elf/bin/xtensa-esp-elf-gcc
COLLECT_LTO_WRAPPER=/home/diego/.espressif/tools/xtensa-esp-elf/esp-14.2.0_20260121/xtensa-esp-elf/bin/../libexec/gcc/xtensa-esp-elf/14.2.0/lto-wrapper
Target: xtensa-esp-elf
Configured with: /builds/idf/crosstool-NG/.build/xtensa-esp-elf/src/gcc/configure --build=x86_64-build_pc-linux-gnu --host=x86_64-build_pc-linux-gnu --target=xtensa-esp-elf --prefix=/builds/idf/crosstool-NG/builds/xtensa-esp-elf --exec_prefix=/builds/idf/crosstool-NG/builds/xtensa-esp-elf --with-local-prefix=/builds/idf/crosstool-NG/builds/xtensa-esp-elf/xtensa-esp-elf --with-sysroot=/builds/idf/crosstool-NG/builds/xtensa-esp-elf/xtensa-esp-elf --with-native-system-header-dir=/include --with-headers=/builds/idf/crosstool-NG/builds/xtensa-esp-elf/xtensa-esp-elf/include --with-newlib --enable-threads=no --disable-shared --with-pkgversion='crosstool-NG esp-14.2.0_20260121' --disable-__cxa_atexit --enable-cxx-flags='-ffunction-sections -fdata-sections' --disable-libgomp --disable-libmudflap --disable-libmpx --disable-libssp --disable-libquadmath --disable-libquadmath-support --disable-libstdcxx-verbose --with-gmp=/builds/idf/crosstool-NG/.build/xtensa-esp-elf/buildtools --with-mpfr=/builds/idf/crosstool-NG/.build/xtensa-esp-elf/buildtools --with-mpc=/builds/idf/crosstool-NG/.build/xtensa-esp-elf/buildtools --with-isl=/builds/idf/crosstool-NG/.build/xtensa-esp-elf/buildtools --enable-lto --enable-target-optspace --without-long-double-128 --enable-plugin --disable-nls --enable-multiarch --enable-languages=c,c++ --disable-libstdcxx-verbose --enable-threads=posix --enable-libstdcxx-time=yes --disable-win32-utf8-manifest
Thread model: posix
Supported LTO compression algorithms: zlib zstd
gcc version 14.2.0 (crosstool-NG esp-14.2.0_20260121) 
COMPILER_PATH=/home/diego/.espressif/tools/xtensa-esp-elf/esp-14.2.0_20260121/xtensa-esp-elf/bin/../libexec/gcc/xtensa-esp-elf/14.2.0/:/home/diego/.espressif/tools/xtensa-esp-elf/esp-14.2.0_20260121/xtensa-esp-elf/bin/../libexec/gcc/:/home/diego/.espressif/tools/xtensa-esp-elf/esp-14.2.0_20260121/xtensa-esp-elf/bin/../lib/gcc/xtensa-esp-elf/14.2.0/../../../../xtensa-esp-elf/bin/
LIBRARY_PATH=/home/diego/.espressif/tools/xtensa-esp-elf/esp-14.2.0_20260121/xtensa-esp-elf/bin/../lib/gcc/xtensa-esp-elf/14.2.0/esp32s3/:/home/diego/.espressif/tools/xtensa-esp-elf/esp-14.2.0_20260121/xtensa-esp-elf/bin/../lib/gcc/xtensa-esp-elf/14.2.0/../../../../xtensa-esp-elf/lib/esp32s3/:/home/diego/.espressif/tools/xtensa-esp-elf/esp-14.2.0_20260121/xtensa-esp-elf/bin/../xtensa-esp-elf/lib/esp32s3/:/home/diego/.espressif/tools/xtensa-esp-elf/esp-14.2.0_20260121/xtensa-esp-elf/bin/../lib/gcc/xtensa-esp-elf/14.2.0/:/home/diego/.espressif/tools/xtensa-esp-elf/esp-14.2.0_20260121/xtensa-esp-elf/bin/../lib/gcc/:/home/diego/.espressif/tools/xtensa-esp-elf/esp-14.2.0_20260121/xtensa-esp-elf/bin/../lib/gcc/xtensa-esp-elf/14.2.0/../../../../xtensa-esp-elf/lib/:/home/diego/.espressif/tools/xtensa-esp-elf/esp-14.2.0_20260121/xtensa-esp-elf/bin/../xtensa-esp-elf/lib/:/home/diego/.espressif/tools/xtensa-esp-elf/esp-14.2.0_20260121/xtensa-esp-elf/bin/../xtensa-esp-elf/usr/lib/
COLLECT_GCC_OPTIONS='-mdynconfig=xtensa_esp32s3.so' '-mlongcalls' '-fno-builtin-memcpy' '-fno-builtin-memset' '-fno-builtin-bzero' '-nostartfiles' '-v' '-o' 'cmTC_a600b' '-dumpdir' 'cmTC_a600b.'
 /home/diego/.espressif/tools/xtensa-esp-elf/esp-14.2.0_20260121/xtensa-esp-elf/bin/../libexec/gcc/xtensa-esp-elf/14.2.0/collect2 -plugin /home/diego/.espressif/tools/xtensa-esp-elf/esp-14.2.0_20260121/xtensa-esp-elf/bin/../libexec/gcc/xtensa-esp-elf/14.2.0/liblto_plugin.so -plugin-opt=/home/diego/.espressif/tools/xtensa-esp-elf/esp-14.2.0_20260121/xtensa-esp-elf/bin/../libexec/gcc/xtensa-esp-elf/14.2.0/lto-wrapper -plugin-opt=-fresolution=/tmp/ccPcsnky.res -plugin-opt=-pass-through=-lgcc -plugin-opt=-pass-through=-lc -plugin-opt=-pass-through=-lnosys -plugin-opt=-pass-through=-lc -plugin-opt=-pass-through=-lgcc --sysroot=/home/diego/.espressif/tools/xtensa-esp-elf/esp-14.2.0_20260121/xtensa-esp-elf/bin/../xtensa-esp-elf --dynconfig=xtensa_esp32s3.so -o cmTC_a600b -L/home/diego/.espressif/tools/xtensa-esp-elf/esp-14.2.0_20260121/xtensa-esp-elf/bin/../lib/gcc/xtensa-esp-elf/14.2.0/esp32s3 -L/home/diego/.espressif/tools/xtensa-esp-elf/esp-14.2.0_20260121/xtensa-esp-elf/bin/../lib/gcc/xtensa-esp-elf/14.2.0/../../../../xtensa-esp-elf/lib/esp32s3 -L/home/diego/.espressif/tools/xtensa-esp-elf/esp-14.2.0_20260121/xtensa-esp-elf/bin/../xtensa-esp-elf/lib/esp32s3 -L/home/diego/.espressif/tools/xtensa-esp-elf/esp-14.2.0_20260121/xtensa-esp-elf/bin/../lib/gcc/xtensa-esp-elf/14.2.0 -L/home/diego/.espressif/tools/xtensa-esp-elf/esp-14.2.0_20260121/xtensa-esp-elf/bin/../lib/gcc -L/home/diego/.espressif/tools/xtensa-esp-elf/esp-14.2.0_20260121/xtensa-esp-elf/bin/../lib/gcc/xtensa-esp-elf/14.2.0/../../../../xtensa-esp-elf/lib -L/home/diego/.espressif/tools/xtensa-esp-elf/esp-14.2.0_20260121/xtensa-esp-elf/bin/../xtensa-esp-elf/lib -L/home/diego/.espressif/tools/xtensa-esp-elf/esp-14.2.0_20260121/xtensa-esp-elf/bin/../xtensa-esp-elf/usr/lib @/tmp/ccQ1aKqg -lgcc -lc -lnosys -lc -lgcc
/home/diego/.espressif/tools/xtensa-esp-elf/esp-14.2.0_20260121/xtensa-esp-elf/bin/../lib/gcc/xtensa-esp-elf/14.2.0/../../../../xtensa-esp-elf/bin/ld: warning: cannot find entry symbol _start; defaulting to 00400054
COLLECT_GCC_OPTIONS='-mdynconfig=xtensa_esp32s3.so' '-mlongcalls' '-fno-builtin-memcpy' '-fno-builtin-memset' '-fno-builtin-bzero' '-nostartfiles' '-v' '-o' 'cmTC_a600b' '-dumpdir' 'cmTC_a600b.'



Parsed C implicit include dir info from above output: rv=done
  found start of include info
  found start of implicit include info
    add: [/home/diego/.espressif/tools/xtensa-esp-elf/esp-14.2.0_20260121/xtensa-esp-elf/bin/../lib/gcc/xtensa-esp-elf/14.2.0/include]
    add: [/home/diego/.espressif/tools/xtensa-esp-elf/esp-14.2.0_20260121/xtensa-esp-elf/bin/../lib/gcc/xtensa-esp-elf/14.2.0/include-fixed]
    add: [/home/diego/.espressif/tools/xtensa-esp-elf/esp-14.2.0_20260121/xtensa-esp-elf/bin/../lib/gcc/xtensa-esp-elf/14.2.0/../../../../xtensa-esp-elf/include]
  end of search list found
  collapse include dir [/home/diego/.espressif/tools/xtensa-esp-elf/esp-14.2.0_20260121/xtensa-esp-elf/bin/../lib/gcc/xtensa-esp-elf/14.2.0/include] ==> [/home/diego/.espressif/tools/xtensa-esp-elf/esp-14.2.0_20260121/xtensa-esp-elf/lib/gcc/xtensa-esp-elf/14.2.0/include]
  collapse include dir [/home/diego/.espressif/tools/xtensa-esp-elf/esp-14.2.0_20260121/xtensa-esp-elf/bin/../lib/gcc/xtensa-esp-elf/14.2.0/include-fixed] ==> [/home/diego/.espressif/tools/xtensa-esp-elf/esp-14.2.0_20260121/xtensa-esp-elf/lib/gcc/xtensa-esp-elf/14.2.0/include-fixed]
  collapse include dir [/home/diego/.espressif/tools/xtensa-esp-elf/esp-14.2.0_20260121/xtensa-esp-elf/bin/../lib/gcc/xtensa-esp-elf/14.2.0/../../../../xtensa-esp-elf/include] ==> [/home/diego/.espressif/tools/xtensa-esp-elf/esp-14.2.0_20260121/xtensa-esp-elf/xtensa-esp-elf/include]
  implicit include dirs: [/home/diego/.espressif/tools/xtensa-esp-elf/esp-14.2.0_20260121/xtensa-esp-elf/lib/gcc/xtensa-esp-elf/14.2.0/include;/home/diego/.espressif/tools/xtensa-esp-elf/esp-14.2.0_20260121/xtensa-esp-elf/lib/gcc/xtensa-esp-elf/14.2.0/include-fixed;/home/diego/.espressif/tools/xtensa-esp-elf/esp-14.2.0_20260121/xtensa-esp-elf/xtensa-esp-elf/include]


Parsed C implicit link information from above output:
  link line regex: [^( *|.*[/\])(xtensa-esp32s3-elf-ld|CMAKE_LINK_STARTFILE-NOTFOUND|([^/\]+-)?ld|collect2)[^/\]*( |$)]
  ignore line: [Change Dir: /home/diego/Ros2_esp32/build/CMakeFiles/CMakeTmp]
  ignore line: []
  ignore line: [Run Build Command(s):/home/diego/.espressif/tools/ninja/1.12.1/ninja cmTC_a600b && [1/2] Building C object CMakeFiles/cmTC_a600b.dir/CMakeCCompilerABI.c.obj]
  ignore line: [Using built-in specs.]
  ignore line: [COLLECT_GCC=/home/diego/.espressif/tools/xtensa-esp-elf/esp-14.2.0_20260121/xtensa-esp-elf/bin/xtensa-esp-elf-gcc]
  ignore line: [Target: xtensa-esp-elf]
  ignore line: [Configured with: /builds/idf/crosstool-NG/.build/xtensa-esp-elf/src/gcc/configure --build=x86_64-build_pc-linux-gnu --host=x86_64-build_pc-linux-gnu --target=xtensa-esp-elf --prefix=/builds/idf/crosstool-NG/builds/xtensa-esp-elf --exec_prefix=/builds/idf/crosstool-NG/builds/xtensa-esp-elf --with-local-prefix=/builds/idf/crosstool-NG/builds/xtensa-esp-elf/xtensa-esp-elf --with-sysroot=/builds/idf/crosstool-NG/builds/xtensa-esp-elf/xtensa-esp-elf --with-native-system-header-dir=/include --with-headers=/builds/idf/crosstool-NG/builds/xtensa-esp-elf/xtensa-esp-elf/include --with-newlib --enable-threads=no --disable-shared --with-pkgversion='crosstool-NG esp-14.2.0_20260121' --disable-__cxa_atexit --enable-cxx-flags='-ffunction-sections -fdata-sections' --disable-libgomp --disable-libmudflap --disable-libmpx --disable-libssp --disable-libquadmath --disable-libquadmath-support --disable-libstdcxx-verbose --with-gmp=/builds/idf/crosstool-NG/.build/xtensa-esp-elf/buildtools --with-mpfr=/builds/idf/crosstool-NG/.build/xtensa-esp-elf/buildtools --with-mpc=/builds/idf/crosstool-NG/.build/xtensa-esp-elf/buildtools --with-isl=/builds/idf/crosstool-NG/.build/xtensa-esp-elf/buildtools --enable-lto --enable-target-optspace --without-long-double-128 --enable-plugin --disable-nls --enable-multiarch --enable-languages=c c++ --disable-libstdcxx-verbose --enable-threads=posix --enable-libstdcxx-time=yes --disable-win32-utf8-manifest]
  ignore line: [Thread model: posix]
  ignore line: [Supported LTO compression algorithms: zlib zstd]
  ignore line: [gcc version 14.2.0 (crosstool-NG esp-14.2.0_20260121) ]
  ignore line: [COLLECT_GCC_OPTIONS='-mdynconfig=xtensa_esp32s3.so' '-mlongcalls' '-fno-builtin-memcpy' '-fno-builtin-memset' '-fno-builtin-bzero' '-v' '-o' 'CMakeFiles/cmTC_a600b.dir/CMakeCCompilerABI.c.obj' '-c' '-dumpdir' 'CMakeFiles/cmTC_a600b.dir/']
  ignore line: [ /home/diego/.espressif/tools/xtensa-esp-elf/esp-14.2.0_20260121/xtensa-esp-elf/bin/../libexec/gcc/xtensa-esp-elf/14.2.0/cc1 -quiet -v -imultilib esp32s3 -iprefix /home/diego/.espressif/tools/xtensa-esp-elf/esp-14.2.0_20260121/xtensa-esp-elf/bin/../lib/gcc/xtensa-esp-elf/14.2.0/ -isysroot /home/diego/.espressif/tools/xtensa-esp-elf/esp-14.2.0_20260121/xtensa-esp-elf/bin/../xtensa-esp-elf /usr/share/cmake-3.22/Modules/CMakeCCompilerABI.c -quiet -dumpdir CMakeFiles/cmTC_a600b.dir/ -dumpbase CMakeCCompilerABI.c.c -dumpbase-ext .c -mdynconfig=xtensa_esp32s3.so -mlongcalls -version -fno-builtin-memcpy -fno-builtin-memset -fno-builtin-bzero -o /tmp/ccCIioIq.s]
  ignore line: [GNU C17 (crosstool-NG esp-14.2.0_20260121) version 14.2.0 (xtensa-esp-elf)]
  ignore line: [	compiled by GNU C version 6.3.0  GMP version 6.3.0  MPFR version 4.2.1  MPC version 1.3.1  isl version isl-0.26-GMP]
  ignore line: []
  ignore line: [GGC heuristics: --param ggc-min-expand=100 --param ggc-min-heapsize=131072]
  ignore line: [ignoring duplicate directory "/home/diego/.espressif/tools/xtensa-esp-elf/esp-14.2.0_20260121/xtensa-esp-elf/bin/../lib/gcc/../../lib/gcc/xtensa-esp-elf/14.2.0/include"]
  ignore line: [ignoring nonexistent directory "/home/diego/.espressif/tools/xtensa-esp-elf/esp-14.2.0_20260121/xtensa-esp-elf/bin/../xtensa-esp-elf/builds/idf/crosstool-NG/builds/xtensa-esp-elf/xtensa-esp-elf/include"]
  ignore line: [ignoring duplicate directory "/home/diego/.espressif/tools/xtensa-esp-elf/esp-14.2.0_20260121/xtensa-esp-elf/bin/../lib/gcc/../../lib/gcc/xtensa-esp-elf/14.2.0/include-fixed"]
  ignore line: [ignoring duplicate directory "/home/diego/.espressif/tools/xtensa-esp-elf/esp-14.2.0_20260121/xtensa-esp-elf/bin/../lib/gcc/../../lib/gcc/xtensa-esp-elf/14.2.0/../../../../xtensa-esp-elf/include"]
  ignore line: [ignoring duplicate directory "/home/diego/.espressif/tools/xtensa-esp-elf/esp-14.2.0_20260121/xtensa-esp-elf/bin/../xtensa-esp-elf/include"]
  ignore line: [#include "..." search starts here:]
  ignore line: [#include <...> search starts here:]
  ignore line: [ /home/diego/.espressif/tools/xtensa-esp-elf/esp-14.2.0_20260121/xtensa-esp-elf/bin/../lib/gcc/xtensa-esp-elf/14.2.0/include]
  ignore line: [ /home/diego/.espressif/tools/xtensa-esp-elf/esp-14.2.0_20260121/xtensa-esp-elf/bin/../lib/gcc/xtensa-esp-elf/14.2.0/include-fixed]
  ignore line: [ /home/diego/.espressif/tools/xtensa-esp-elf/esp-14.2.0_20260121/xtensa-esp-elf/bin/../lib/gcc/xtensa-esp-elf/14.2.0/../../../../xtensa-esp-elf/include]
  ignore line: [End of search list.]
  ignore line: [Compiler executable checksum: 709abf7e99d4c633116df3b91860509f]
  ignore line: [COLLECT_GCC_OPTIONS='-mdynconfig=xtensa_esp32s3.so' '-mlongcalls' '-fno-builtin-memcpy' '-fno-builtin-memset' '-fno-builtin-bzero' '-v' '-o' 'CMakeFiles/cmTC_a600b.dir/CMakeCCompilerABI.c.obj' '-c' '-dumpdir' 'CMakeFiles/cmTC_a600b.dir/']
  ignore line: [ /home/diego/.espressif/tools/xtensa-esp-elf/esp-14.2.0_20260121/xtensa-esp-elf/bin/../lib/gcc/xtensa-esp-elf/14.2.0/../../../../xtensa-esp-elf/bin/as --traditional-format --longcalls --dynconfig=xtensa_esp32s3.so -o CMakeFiles/cmTC_a600b.dir/CMakeCCompilerABI.c.obj /tmp/ccCIioIq.s]
  ignore line: [COMPILER_PATH=/home/diego/.espressif/tools/xtensa-esp-elf/esp-14.2.0_20260121/xtensa-esp-elf/bin/../libexec/gcc/xtensa-esp-elf/14.2.0/:/home/diego/.espressif/tools/xtensa-esp-elf/esp-14.2.0_20260121/xtensa-esp-elf/bin/../libexec/gcc/:/home/diego/.espressif/tools/xtensa-esp-elf/esp-14.2.0_20260121/xtensa-esp-elf/bin/../lib/gcc/xtensa-esp-elf/14.2.0/../../../../xtensa-esp-elf/bin/]
  ignore line: [LIBRARY_PATH=/home/diego/.espressif/tools/xtensa-esp-elf/esp-14.2.0_20260121/xtensa-esp-elf/bin/../lib/gcc/xtensa-esp-elf/14.2.0/esp32s3/:/home/diego/.espressif/tools/xtensa-esp-elf/esp-14.2.0_20260121/xtensa-esp-elf/bin/../lib/gcc/xtensa-esp-elf/14.2.0/../../../../xtensa-esp-elf/lib/esp32s3/:/home/diego/.espressif/tools/xtensa-esp-elf/esp-14.2.0_20260121/xtensa-esp-elf/bin/../xtensa-esp-elf/lib/esp32s3/:/home/diego/.espressif/tools/xtensa-esp-elf/esp-14.2.0_20260121/xtensa-esp-elf/bin/../lib/gcc/xtensa-esp-elf/14.2.0/:/home/diego/.espressif/tools/xtensa-esp-elf/esp-14.2.0_20260121/xtensa-esp-elf/bin/../lib/gcc/:/home/diego/.espressif/tools/xtensa-esp-elf/esp-14.2.0_20260121/xtensa-esp-elf/bin/../lib/gcc/xtensa-esp-elf/14.2.0/../../../../xtensa-esp-elf/lib/:/home/diego/.espressif/tools/xtensa-esp-elf/esp-14.2.0_20260121/xtensa-esp-elf/bin/../xtensa-esp-elf/lib/:/home/diego/.espressif/tools/xtensa-esp-elf/esp-14.2.0_20260121/xtensa-esp-elf/bin/../xtensa-esp-elf/usr/lib/]
  ignore line: [COLLECT_GCC_OPTIONS='-mdynconfig=xtensa_esp32s3.so' '-mlongcalls' '-fno-builtin-memcpy' '-fno-builtin-memset' '-fno-builtin-bzero' '-v' '-o' 'CMakeFiles/cmTC_a600b.dir/CMakeCCompilerABI.c.obj' '-c' '-dumpdir' 'CMakeFiles/cmTC_a600b.dir/CMakeCCompilerABI.c.']
  ignore line: [[2/2] Linking C executable cmTC_a600b]
  ignore line: [Using built-in specs.]
  ignore line: [COLLECT_GCC=/home/diego/.espressif/tools/xtensa-esp-elf/esp-14.2.0_20260121/xtensa-esp-elf/bin/xtensa-esp-elf-gcc]
  ignore line: [COLLECT_LTO_WRAPPER=/home/diego/.espressif/tools/xtensa-esp-elf/esp-14.2.0_20260121/xtensa-esp-elf/bin/../libexec/gcc/xtensa-esp-elf/14.2.0/lto-wrapper]
  ignore line: [Target: xtensa-esp-elf]
  ignore line: [Configured with: /builds/idf/crosstool-NG/.build/xtensa-esp-elf/src/gcc/configure --build=x86_64-build_pc-linux-gnu --host=x86_64-build_pc-linux-gnu --target=xtensa-esp-elf --prefix=/builds/idf/crosstool-NG/builds/xtensa-esp-elf --exec_prefix=/builds/idf/crosstool-NG/builds/xtensa-esp-elf --with-local-prefix=/builds/idf/crosstool-NG/builds/xtensa-esp-elf/xtensa-esp-elf --with-sysroot=/builds/idf/crosstool-NG/builds/xtensa-esp-elf/xtensa-esp-elf --with-native-system-header-dir=/include --with-headers=/builds/idf/crosstool-NG/builds/xtensa-esp-elf/xtensa-esp-elf/include --with-newlib --enable-threads=no --disable-shared --with-pkgversion='crosstool-NG esp-14.2.0_20260121' --disable-__cxa_atexit --enable-cxx-flags='-ffunction-sections -fdata-sections' --disable-libgomp --disable-libmudflap --disable-libmpx --disable-libssp --disable-libquadmath --disable-libquadmath-support --disable-libstdcxx-verbose --with-gmp=/builds/idf/crosstool-NG/.build/xtensa-esp-elf/buildtools --with-mpfr=/builds/idf/crosstool-NG/.build/xtensa-esp-elf/buildtools --with-mpc=/builds/idf/crosstool-NG/.build/xtensa-esp-elf/buildtools --with-isl=/builds/idf/crosstool-NG/.build/xtensa-esp-elf/buildtools --enable-lto --enable-target-optspace --without-long-double-128 --enable-plugin --disable-nls --enable-multiarch --enable-languages=c c++ --disable-libstdcxx-verbose --enable-threads=posix --enable-libstdcxx-time=yes --disable-win32-utf8-manifest]
  ignore line: [Thread model: posix]
  ignore line: [Supported LTO compression algorithms: zlib zstd]
  ignore line: [gcc version 14.2.0 (crosstool-NG esp-14.2.0_20260121) ]
  ignore line: [COMPILER_PATH=/home/diego/.espressif/tools/xtensa-esp-elf/esp-14.2.0_20260121/xtensa-esp-elf/bin/../libexec/gcc/xtensa-esp-elf/14.2.0/:/home/diego/.espressif/tools/xtensa-esp-elf/esp-14.2.0_20260121/xtensa-esp-elf/bin/../libexec/gcc/:/home/diego/.espressif/tools/xtensa-esp-elf/esp-14.2.0_20260121/xtensa-esp-elf/bin/../lib/gcc/xtensa-esp-elf/14.2.0/../../../../xtensa-esp-elf/bin/]
  ignore line: [LIBRARY_PATH=/home/diego/.espressif/tools/xtensa-esp-elf/esp-14.2.0_20260121/xtensa-esp-elf/bin/../lib/gcc/xtensa-esp-elf/14.2.0/esp32s3/:/home/diego/.espressif/tools/xtensa-esp-elf/esp-14.2.0_20260121/xtensa-esp-elf/bin/../lib/gcc/xtensa-esp-elf/14.2.0/../../../../xtensa-esp-elf/lib/esp32s3/:/home/diego/.espressif/tools/xtensa-esp-elf/esp-14.2.0_20260121/xtensa-esp-elf/bin/../xtensa-esp-elf/lib/esp32s3/:/home/diego/.espressif/tools/xtensa-esp-elf/esp-14.2.0_20260121/xtensa-esp-elf/bin/../lib/gcc/xtensa-esp-elf/14.2.0/:/home/diego/.espressif/tools/xtensa-esp-elf/esp-14.2.0_20260121/xtensa-esp-elf/bin/../lib/gcc/:/home/diego/.espressif/tools/xtensa-esp-elf/esp-14.2.0_20260121/xtensa-esp-elf/bin/../lib/gcc/xtensa-esp-elf/14.2.0/../../../../xtensa-esp-elf/lib/:/home/diego/.espressif/tools/xtensa-esp-elf/esp-14.2.0_20260121/xtensa-esp-elf/bin/../xtensa-esp-elf/lib/:/home/diego/.espressif/tools/xtensa-esp-elf/esp-14.2.0_20260121/xtensa-esp-elf/bin/../xtensa-esp-elf/usr/lib/]
  ignore line: [COLLECT_GCC_OPTIONS='-mdynconfig=xtensa_esp32s3.so' '-mlongcalls' '-fno-builtin-memcpy' '-fno-builtin-memset' '-fno-builtin-bzero' '-nostartfiles' '-v' '-o' 'cmTC_a600b' '-dumpdir' 'cmTC_a600b.']
  link line: [ /home/diego/.espressif/tools/xtensa-esp-elf/esp-14.2.0_20260121/xtensa-esp-elf/bin/../libexec/gcc/xtensa-esp-elf/14.2.0/collect2 -plugin /home/diego/.espressif/tools/xtensa-esp-elf/esp-14.2.0_20260121/xtensa-esp-elf/bin/../libexec/gcc/xtensa-esp-elf/14.2.0/liblto_plugin.so -plugin-opt=/home/diego/.espressif/tools/xtensa-esp-elf/esp-14.2.0_20260121/xtensa-esp-elf/bin/../libexec/gcc/xtensa-esp-elf/14.2.0/lto-wrapper -plugin-opt=-fresolution=/tmp/ccPcsnky.res -plugin-opt=-pass-through=-lgcc -plugin-opt=-pass-through=-lc -plugin-opt=-pass-through=-lnosys -plugin-opt=-pass-through=-lc -plugin-opt=-pass-through=-lgcc --sysroot=/home/diego/.espressif/tools/xtensa-esp-elf/esp-14.2.0_20260121/xtensa-esp-elf/bin/../xtensa-esp-elf --dynconfig=xtensa_esp32s3.so -o cmTC_a600b -L/home/diego/.espressif/tools/xtensa-esp-elf/esp-14.2.0_20260121/xtensa-esp-elf/bin/../lib/gcc/xtensa-esp-elf/14.2.0/esp32s3 -L/home/diego/.espressif/tools/xtensa-esp-elf/esp-14.2.0_20260121/xtensa-esp-elf/bin/../lib/gcc/xtensa-esp-elf/14.2.0/../../../../xtensa-esp-elf/lib/esp32s3 -L/home/diego/.espressif/tools/xtensa-esp-elf/esp-14.2.0_20260121/xtensa-esp-elf/bin/../xtensa-esp-elf/lib/esp32s3 -L/home/diego/.espressif/tools/xtensa-esp-elf/esp-14.2.0_20260121/xtensa-esp-elf/bin/../lib/gcc/xtensa-esp-elf/14.2.0 -L/home/diego/.espressif/tools/xtensa-esp-elf/esp-14.2.0_20260121/xtensa-esp-elf/bin/../lib/gcc -L/home/diego/.espressif/tools/xtensa-esp-elf/esp-14.2.0_20260121/xtensa-esp-elf/bin/../lib/gcc/xtensa-esp-elf/14.2.0/../../../../xtensa-esp-elf/lib -L/home/diego/.espressif/tools/xtensa-esp-elf/esp-14.2.0_20260121/xtensa-esp-elf/bin/../xtensa-esp-elf/lib -L/home/diego/.espressif/tools/xtensa-esp-elf/esp-14.2.0_20260121/xtensa-esp-elf/bin/../xtensa-esp-elf/usr/lib @/tmp/ccQ1aKqg -lgcc -lc -lnosys -lc -lgcc]
    arg [/home/diego/.espressif/tools/xtensa-esp-elf/esp-14.2.0_20260121/xtensa-esp-elf/bin/../libexec/gcc/xtensa-esp-elf/14.2.0/collect2] ==> ignore
    arg [-plugin] ==> ignore
    arg [/home/diego/.espressif/tools/xtensa-esp-elf/esp-14.2.0_20260121/xtensa-esp-elf/bin/../libexec/gcc/xtensa-esp-elf/14.2.0/liblto_plugin.so] ==> ignore
    arg [-plugin-opt=/home/diego/.espressif/tools/xtensa-esp-elf/esp-14.2.0_20260121/xtensa-esp-elf/bin/../libexec/gcc/xtensa-esp-elf/14.2.0/lto-wrapper] ==> ignore
    arg [-plugin-opt=-fresolution=/tmp/ccPcsnky.res] ==> ignore
    arg [-plugin-opt=-pass-through=-lgcc] ==> ignore
    arg [-plugin-opt=-pass-through=-lc] ==> ignore
    arg [-plugin-opt=-pass-through=-lnosys] ==> ignore
    arg [-plugin-opt=-pass-through=-lc] ==> ignore
    arg [-plugin-opt=-pass-through=-lgcc] ==> ignore
    arg [--sysroot=/home/diego/.espressif/tools/xtensa-esp-elf/esp-14.2.0_20260121/xtensa-esp-elf/bin/../xtensa-esp-elf] ==> ignore
    arg [--dynconfig=xtensa_esp32s3.so] ==> ignore
    arg [-o] ==> ignore
    arg [cmTC_a600b] ==> ignore
    arg [-L/home/diego/.espressif/tools/xtensa-esp-elf/esp-14.2.0_20260121/xtensa-esp-elf/bin/../lib/gcc/xtensa-esp-elf/14.2.0/esp32s3] ==> dir [/home/diego/.espressif/tools/xtensa-esp-elf/esp-14.2.0_20260121/xtensa-esp-elf/bin/../lib/gcc/xtensa-esp-elf/14.2.0/esp32s3]
    arg [-L/home/diego/.espressif/tools/xtensa-esp-elf/esp-14.2.0_20260121/xtensa-esp-elf/bin/../lib/gcc/xtensa-esp-elf/14.2.0/../../../../xtensa-esp-elf/lib/esp32s3] ==> dir [/home/diego/.espressif/tools/xtensa-esp-elf/esp-14.2.0_20260121/xtensa-esp-elf/bin/../lib/gcc/xtensa-esp-elf/14.2.0/../../../../xtensa-esp-elf/lib/esp32s3]
    arg [-L/home/diego/.espressif/tools/xtensa-esp-elf/esp-14.2.0_20260121/xtensa-esp-elf/bin/../xtensa-esp-elf/lib/esp32s3] ==> dir [/home/diego/.espressif/tools/xtensa-esp-elf/esp-14.2.0_20260121/xtensa-esp-elf/bin/../xtensa-esp-elf/lib/esp32s3]
    arg [-L/home/diego/.espressif/tools/xtensa-esp-elf/esp-14.2.0_20260121/xtensa-esp-elf/bin/../lib/gcc/xtensa-esp-elf/14.2.0] ==> dir [/home/diego/.espressif/tools/xtensa-esp-elf/esp-14.2.0_20260121/xtensa-esp-elf/bin/../lib/gcc/xtensa-esp-elf/14.2.0]
    arg [-L/home/diego/.espressif/tools/xtensa-esp-elf/esp-14.2.0_20260121/xtensa-esp-elf/bin/../lib/gcc] ==> dir [/home/diego/.espressif/tools/xtensa-esp-elf/esp-14.2.0_20260121/xtensa-esp-elf/bin/../lib/gcc]
    arg [-L/home/diego/.espressif/tools/xtensa-esp-elf/esp-14.2.0_20260121/xtensa-esp-elf/bin/../lib/gcc/xtensa-esp-elf/14.2.0/../../../../xtensa-esp-elf/lib] ==> dir [/home/diego/.espressif/tools/xtensa-esp-elf/esp-14.2.0_20260121/xtensa-esp-elf/bin/../lib/gcc/xtensa-esp-elf/14.2.0/../../../../xtensa-esp-elf/lib]
    arg [-L/home/diego/.espressif/tools/xtensa-esp-elf/esp-14.2.0_20260121/xtensa-esp-elf/bin/../xtensa-esp-elf/lib] ==> dir [/home/diego/.espressif/tools/xtensa-esp-elf/esp-14.2.0_20260121/xtensa-esp-elf/bin/../xtensa-esp-elf/lib]
    arg [-L/home/diego/.espressif/tools/xtensa-esp-elf/esp-14.2.0_20260121/xtensa-esp-elf/bin/../xtensa-esp-elf/usr/lib] ==> dir [/home/diego/.espressif/tools/xtensa-esp-elf/esp-14.2.0_20260121/xtensa-esp-elf/bin/../xtensa-esp-elf/usr/lib]
    arg [@/tmp/ccQ1aKqg] ==> ignore
    arg [-lgcc] ==> lib [gcc]
    arg [-lc] ==> lib [c]
    arg [-lnosys] ==> lib [nosys]
    arg [-lc] ==> lib [c]
    arg [-lgcc] ==> lib [gcc]
  collapse library dir [/home/diego/.espressif/tools/xtensa-esp-elf/esp-14.2.0_20260121/xtensa-esp-elf/bin/../lib/gcc/xtensa-esp-elf/14.2.0/esp32s3] ==> [/home/diego/.espressif/tools/xtensa-esp-elf/esp-14.2.0_20260121/xtensa-esp-elf/lib/gcc/xtensa-esp-elf/14.2.0/esp32s3]
  collapse library dir [/home/diego/.espressif/tools/xtensa-esp-elf/esp-14.2.0_20260121/xtensa-esp-elf/bin/../lib/gcc/xtensa-esp-elf/14.2.0/../../../../xtensa-esp-elf/lib/esp32s3] ==> [/home/diego/.espressif/tools/xtensa-esp-elf/esp-14.2.0_20260121/xtensa-esp-elf/xtensa-esp-elf/lib/esp32s3]
  collapse library dir [/home/diego/.espressif/tools/xtensa-esp-elf/esp-14.2.0_20260121/xtensa-esp-elf/bin/../xtensa-esp-elf/lib/esp32s3] ==> [/home/diego/.espressif/tools/xtensa-esp-elf/esp-14.2.0_20260121/xtensa-esp-elf/xtensa-esp-elf/lib/esp32s3]
  collapse library dir [/home/diego/.espressif/tools/xtensa-esp-elf/esp-14.2.0_20260121/xtensa-esp-elf/bin/../lib/gcc/xtensa-esp-elf/14.2.0] ==> [/home/diego/.espressif/tools/xtensa-esp-elf/esp-14.2.0_20260121/xtensa-esp-elf/lib/gcc/xtensa-esp-elf/14.2.0]
  collapse library dir [/home/diego/.espressif/tools/xtensa-esp-elf/esp-14.2.0_20260121/xtensa-esp-elf/bin/../lib/gcc] ==> [/home/diego/.espressif/tools/xtensa-esp-elf/esp-14.2.0_20260121/xtensa-esp-elf/lib/gcc]
  collapse library dir [/home/diego/.espressif/tools/xtensa-esp-elf/esp-14.2.0_20260121/xtensa-esp-elf/bin/../lib/gcc/xtensa-esp-elf/14.2.0/../../../../xtensa-esp-elf/lib] ==> [/home/diego/.espressif/tools/xtensa-esp-elf/esp-14.2.0_20260121/xtensa-esp-elf/xtensa-esp-elf/lib]
  collapse library dir [/home/diego/.espressif/tools/xtensa-esp-elf/esp-14.2.0_20260121/xtensa-esp-elf/bin/../xtensa-esp-elf/lib] ==> [/home/diego/.espressif/tools/xtensa-esp-elf/esp-14.2.0_20260121/xtensa-esp-elf/xtensa-esp-elf/lib]
  collapse library dir [/home/diego/.espressif/tools/xtensa-esp-elf/esp-14.2.0_20260121/xtensa-esp-elf/bin/../xtensa-esp-elf/usr/lib] ==> [/home/diego/.espressif/tools/xtensa-esp-elf/esp-14.2.0_20260121/xtensa-esp-elf/xtensa-esp-elf/usr/lib]
  implicit libs: [gcc;c;nosys;c;gcc]
  implicit objs: []
  implicit dirs: [/home/diego/.espressif/tools/xtensa-esp-elf/esp-14.2.0_20260121/xtensa-esp-elf/lib/gcc/xtensa-esp-elf/14.2.0/esp32s3;/home/diego/.espressif/tools/xtensa-esp-elf/esp-14.2.0_20260121/xtensa-esp-elf/xtensa-esp-elf/lib/esp32s3;/home/diego/.espressif/tools/xtensa-esp-elf/esp-14.2.0_20260121/xtensa-esp-elf/lib/gcc/xtensa-esp-elf/14.2.0;/home/diego/.espressif/tools/xtensa-esp-elf/esp-14.2.0_20260121/xtensa-esp-elf/lib/gcc;/home/diego/.espressif/tools/xtensa-esp-elf/esp-14.2.0_20260121/xtensa-esp-elf/xtensa-esp-elf/lib;/home/diego/.espressif/tools/xtensa-esp-elf/esp-14.2.0_20260121/xtensa-esp-elf/xtensa-esp-elf/usr/lib]
  implicit fwks: []


Detecting CXX compiler ABI info compiled with the following output:
Change Dir: /home/diego/Ros2_esp32/build/CMakeFiles/CMakeTmp

Run Build Command(s):/home/diego/.espressif/tools/ninja/1.12.1/ninja cmTC_0ed6c && [1/2] Building CXX object CMakeFiles/cmTC_0ed6c.dir/CMakeCXXCompilerABI.cpp.obj
Using built-in specs.
COLLECT_GCC=/home/diego/.espressif/tools/xtensa-esp-elf/esp-14.2.0_20260121/xtensa-esp-elf/bin/xtensa-esp-elf-g++
Target: xtensa-esp-elf
Configured with: /builds/idf/crosstool-NG/.build/xtensa-esp-elf/src/gcc/configure --build=x86_64-build_pc-linux-gnu --host=x86_64-build_pc-linux-gnu --target=xtensa-esp-elf --prefix=/builds/idf/crosstool-NG/builds/xtensa-esp-elf --exec_prefix=/builds/idf/crosstool-NG/builds/xtensa-esp-elf --with-local-prefix=/builds/idf/crosstool-NG/builds/xtensa-esp-elf/xtensa-esp-elf --with-sysroot=/builds/idf/crosstool-NG/builds/xtensa-esp-elf/xtensa-esp-elf --with-native-system-header-dir=/include --with-headers=/builds/idf/crosstool-NG/builds/xtensa-esp-elf/xtensa-esp-elf/include --with-newlib --enable-threads=no --disable-shared --with-pkgversion='crosstool-NG esp-14.2.0_20260121' --disable-__cxa_atexit --enable-cxx-flags='-ffunction-sections -fdata-sections' --disable-libgomp --disable-libmudflap --disable-libmpx --disable-libssp --disable-libquadmath --disable-libquadmath-support --disable-libstdcxx-verbose --with-gmp=/builds/idf/crosstool-NG/.build/xtensa-esp-elf/buildtools --with-mpfr=/builds/idf/crosstool-NG/.build/xtensa-esp-elf/buildtools --with-mpc=/builds/idf/crosstool-NG/.build/xtensa-esp-elf/buildtools --with-isl=/builds/idf/crosstool-NG/.build/xtensa-esp-elf/buildtools --enable-lto --enable-target-optspace --without-long-double-128 --enable-plugin --disable-nls --enable-multiarch --enable-languages=c,c++ --disable-libstdcxx-verbose --enable-threads=posix --enable-libstdcxx-time=yes --disable-win32-utf8-manifest
Thread model: posix
Supported LTO compression algorithms: zlib zstd
gcc version 14.2.0 (crosstool-NG esp-14.2.0_20260121) 
COLLECT_GCC_OPTIONS='-mdynconfig=xtensa_esp32s3.so' '-mlongcalls' '-fno-builtin-memcpy' '-fno-builtin-memset' '-fno-builtin-bzero' '-v' '-o' 'CMakeFiles/cmTC_0ed6c.dir/CMakeCXXCompilerABI.cpp.obj' '-c' '-dumpdir' 'CMakeFiles/cmTC_0ed6c.dir/'
 /home/diego/.espressif/tools/xtensa-esp-elf/esp-14.2.0_20260121/xtensa-esp-elf/bin/../libexec/gcc/xtensa-esp-elf/14.2.0/cc1plus -quiet -v -imultilib esp32s3 -iprefix /home/diego/.espressif/tools/xtensa-esp-elf/esp-14.2.0_20260121/xtensa-esp-elf/bin/../lib/gcc/xtensa-esp-elf/14.2.0/ -isysroot /home/diego/.espressif/tools/xtensa-esp-elf/esp-14.2.0_20260121/xtensa-esp-elf/bin/../xtensa-esp-elf /usr/share/cmake-3.22/Modules/CMakeCXXCompilerABI.cpp -quiet -dumpdir CMakeFiles/cmTC_0ed6c.dir/ -dumpbase CMakeCXXCompilerABI.cpp.cpp -dumpbase-ext .cpp -mdynconfig=xtensa_esp32s3.so -mlongcalls -version -fno-builtin-memcpy -fno-builtin-memset -fno-builtin-bzero -o /tmp/ccYsVvHw.s
GNU C++17 (crosstool-NG esp-14.2.0_20260121) version 14.2.0 (xtensa-esp-elf)
	compiled by GNU C version 6.3.0, GMP version 6.3.0, MPFR version 4.2.1, MPC version 1.3.1, isl version isl-0.26-GMP

GGC heuristics: --param ggc-min-expand=100 --param ggc-min-heapsize=131072
ignoring duplicate directory "/home/diego/.espressif/tools/xtensa-esp-elf/esp-14.2.0_20260121/xtensa-esp-elf/bin/../lib/gcc/../../lib/gcc/xtensa-esp-elf/14.2.0/../../../../xtensa-esp-elf/include/c++/14.2.0"
ignoring duplicate directory "/home/diego/.espressif/tools/xtensa-esp-elf/esp-14.2.0_20260121/xtensa-esp-elf/bin/../lib/gcc/../../lib/gcc/xtensa-esp-elf/14.2.0/../../../../xtensa-esp-elf/include/c++/14.2.0/xtensa-esp-elf/esp32s3"
ignoring duplicate directory "/home/diego/.espressif/tools/xtensa-esp-elf/esp-14.2.0_20260121/xtensa-esp-elf/bin/../lib/gcc/../../lib/gcc/xtensa-esp-elf/14.2.0/../../../../xtensa-esp-elf/include/c++/14.2.0/backward"
ignoring duplicate directory "/home/diego/.espressif/tools/xtensa-esp-elf/esp-14.2.0_20260121/xtensa-esp-elf/bin/../lib/gcc/../../lib/gcc/xtensa-esp-elf/14.2.0/include"
ignoring nonexistent directory "/home/diego/.espressif/tools/xtensa-esp-elf/esp-14.2.0_20260121/xtensa-esp-elf/bin/../xtensa-esp-elf/builds/idf/crosstool-NG/builds/xtensa-esp-elf/xtensa-esp-elf/include"
ignoring duplicate directory "/home/diego/.espressif/tools/xtensa-esp-elf/esp-14.2.0_20260121/xtensa-esp-elf/bin/../lib/gcc/../../lib/gcc/xtensa-esp-elf/14.2.0/include-fixed"
ignoring duplicate directory "/home/diego/.espressif/tools/xtensa-esp-elf/esp-14.2.0_20260121/xtensa-esp-elf/bin/../lib/gcc/../../lib/gcc/xtensa-esp-elf/14.2.0/../../../../xtensa-esp-elf/include"
ignoring duplicate directory "/home/diego/.espressif/tools/xtensa-esp-elf/esp-14.2.0_20260121/xtensa-esp-elf/bin/../xtensa-esp-elf/include"
#include "..." search starts here:
#include <...> search starts here:
 /home/diego/.espressif/tools/xtensa-esp-elf/esp-14.2.0_20260121/xtensa-esp-elf/bin/../lib/gcc/xtensa-esp-elf/14.2.0/../../../../xtensa-esp-elf/include/c++/14.2.0
 /home/diego/.espressif/tools/xtensa-esp-elf/esp-14.2.0_20260121/xtensa-esp-elf/bin/../lib/gcc/xtensa-esp-elf/14.2.0/../../../../xtensa-esp-elf/include/c++/14.2.0/xtensa-esp-elf/esp32s3
 /home/diego/.espressif/tools/xtensa-esp-elf/esp-14.2.0_20260121/xtensa-esp-elf/bin/../lib/gcc/xtensa-esp-elf/14.2.0/../../../../xtensa-esp-elf/include/c++/14.2.0/backward
 /home/diego/.espressif/tools/xtensa-esp-elf/esp-14.2.0_20260121/xtensa-esp-elf/bin/../lib/gcc/xtensa-esp-elf/14.2.0/include
 /home/diego/.espressif/tools/xtensa-esp-elf/esp-14.2.0_20260121/xtensa-esp-elf/bin/../lib/gcc/xtensa-esp-elf/14.2.0/include-fixed
 /home/diego/.espressif/tools/xtensa-esp-elf/esp-14.2.0_20260121/xtensa-esp-elf/bin/../lib/gcc/xtensa-esp-elf/14.2.0/../../../../xtensa-esp-elf/include
End of search list.
Compiler executable checksum: a254981dd59757a59628c9ca49d36a87
COLLECT_GCC_OPTIONS='-mdynconfig=xtensa_esp32s3.so' '-mlongcalls' '-fno-builtin-memcpy' '-fno-builtin-memset' '-fno-builtin-bzero' '-v' '-o' 'CMakeFiles/cmTC_0ed6c.dir/CMakeCXXCompilerABI.cpp.obj' '-c' '-dumpdir' 'CMakeFiles/cmTC_0ed6c.dir/'
 /home/diego/.espressif/tools/xtensa-esp-elf/esp-14.2.0_20260121/xtensa-esp-elf/bin/../lib/gcc/xtensa-esp-elf/14.2.0/../../../../xtensa-esp-elf/bin/as --traditional-format --longcalls --dynconfig=xtensa_esp32s3.so -o CMakeFiles/cmTC_0ed6c.dir/CMakeCXXCompilerABI.cpp.obj /tmp/ccYsVvHw.s
COMPILER_PATH=/home/diego/.espressif/tools/xtensa-esp-elf/esp-14.2.0_20260121/xtensa-esp-elf/bin/../libexec/gcc/xtensa-esp-elf/14.2.0/:/home/diego/.espressif/tools/xtensa-esp-elf/esp-14.2.0_20260121/xtensa-esp-elf/bin/../libexec/gcc/:/home/diego/.espressif/tools/xtensa-esp-elf/esp-14.2.0_20260121/xtensa-esp-elf/bin/../lib/gcc/xtensa-esp-elf/14.2.0/../../../../xtensa-esp-elf/bin/
LIBRARY_PATH=/home/diego/.espressif/tools/xtensa-esp-elf/esp-14.2.0_20260121/xtensa-esp-elf/bin/../lib/gcc/xtensa-esp-elf/14.2.0/esp32s3/:/home/diego/.espressif/tools/xtensa-esp-elf/esp-14.2.0_20260121/xtensa-esp-elf/bin/../lib/gcc/xtensa-esp-elf/14.2.0/../../../../xtensa-esp-elf/lib/esp32s3/:/home/diego/.espressif/tools/xtensa-esp-elf/esp-14.2.0_20260121/xtensa-esp-elf/bin/../xtensa-esp-elf/lib/esp32s3/:/home/diego/.espressif/tools/xtensa-esp-elf/esp-14.2.0_20260121/xtensa-esp-elf/bin/../lib/gcc/xtensa-esp-elf/14.2.0/:/home/diego/.espressif/tools/xtensa-esp-elf/esp-14.2.0_20260121/xtensa-esp-elf/bin/../lib/gcc/:/home/diego/.espressif/tools/xtensa-esp-elf/esp-14.2.0_20260121/xtensa-esp-elf/bin/../lib/gcc/xtensa-esp-elf/14.2.0/../../../../xtensa-esp-elf/lib/:/home/diego/.espressif/tools/xtensa-esp-elf/esp-14.2.0_20260121/xtensa-esp-elf/bin/../xtensa-esp-elf/lib/:/home/diego/.espressif/tools/xtensa-esp-elf/esp-14.2.0_20260121/xtensa-esp-elf/bin/../xtensa-esp-elf/usr/lib/
COLLECT_GCC_OPTIONS='-mdynconfig=xtensa_esp32s3.so' '-mlongcalls' '-fno-builtin-memcpy' '-fno-builtin-memset' '-fno-builtin-bzero' '-v' '-o' 'CMakeFiles/cmTC_0ed6c.dir/CMakeCXXCompilerABI.cpp.obj' '-c' '-dumpdir' 'CMakeFiles/cmTC_0ed6c.dir/CMakeCXXCompilerABI.cpp.'
[2/2] Linking CXX executable cmTC_0ed6c
Using built-in specs.
COLLECT_GCC=/home/diego/.espressif/tools/xtensa-esp-elf/esp-14.2.0_20260121/xtensa-esp-elf/bin/xtensa-esp-elf-g++
COLLECT_LTO_WRAPPER=/home/diego/.espressif/tools/xtensa-esp-elf/esp-14.2.0_20260121/xtensa-esp-elf/bin/../libexec/gcc/xtensa-esp-elf/14.2.0/lto-wrapper
Target: xtensa-esp-elf
Configured with: /builds/idf/crosstool-NG/.build/xtensa-esp-elf/src/gcc/configure --build=x86_64-build_pc-linux-gnu --host=x86_64-build_pc-linux-gnu --target=xtensa-esp-elf --prefix=/builds/idf/crosstool-NG/builds/xtensa-esp-elf --exec_prefix=/builds/idf/crosstool-NG/builds/xtensa-esp-elf --with-local-prefix=/builds/idf/crosstool-NG/builds/xtensa-esp-elf/xtensa-esp-elf --with-sysroot=/builds/idf/crosstool-NG/builds/xtensa-esp-elf/xtensa-esp-elf --with-native-system-header-dir=/include --with-headers=/builds/idf/crosstool-NG/builds/xtensa-esp-elf/xtensa-esp-elf/include --with-newlib --enable-threads=no --disable-shared --with-pkgversion='crosstool-NG esp-14.2.0_20260121' --disable-__cxa_atexit --enable-cxx-flags='-ffunction-sections -fdata-sections' --disable-libgomp --disable-libmudflap --disable-libmpx --disable-libssp --disable-libquadmath --disable-libquadmath-support --disable-libstdcxx-verbose --with-gmp=/builds/idf/crosstool-NG/.build/xtensa-esp-elf/buildtools --with-mpfr=/builds/idf/crosstool-NG/.build/xtensa-esp-elf/buildtools --with-mpc=/builds/idf/crosstool-NG/.build/xtensa-esp-elf/buildtools --with-isl=/builds/idf/crosstool-NG/.build/xtensa-esp-elf/buildtools --enable-lto --enable-target-optspace --without-long-double-128 --enable-plugin --disable-nls --enable-multiarch --enable-languages=c,c++ --disable-libstdcxx-verbose --enable-threads=posix --enable-libstdcxx-time=yes --disable-win32-utf8-manifest
Thread model: posix
Supported LTO compression algorithms: zlib zstd
gcc version 14.2.0 (crosstool-NG esp-14.2.0_20260121) 
COMPILER_PATH=/home/diego/.espressif/tools/xtensa-esp-elf/esp-14.2.0_20260121/xtensa-esp-elf/bin/../libexec/gcc/xtensa-esp-elf/14.2.0/:/home/diego/.espressif/tools/xtensa-esp-elf/esp-14.2.0_20260121/xtensa-esp-elf/bin/../libexec/gcc/:/home/diego/.espressif/tools/xtensa-esp-elf/esp-14.2.0_20260121/xtensa-esp-elf/bin/../lib/gcc/xtensa-esp-elf/14.2.0/../../../../xtensa-esp-elf/bin/
LIBRARY_PATH=/home/diego/.espressif/tools/xtensa-esp-elf/esp-14.2.0_20260121/xtensa-esp-elf/bin/../lib/gcc/xtensa-esp-elf/14.2.0/esp32s3/:/home/diego/.espressif/tools/xtensa-esp-elf/esp-14.2.0_20260121/xtensa-esp-elf/bin/../lib/gcc/xtensa-esp-elf/14.2.0/../../../../xtensa-esp-elf/lib/esp32s3/:/home/diego/.espressif/tools/xtensa-esp-elf/esp-14.2.0_20260121/xtensa-esp-elf/bin/../xtensa-esp-elf/lib/esp32s3/:/home/diego/.espressif/tools/xtensa-esp-elf/esp-14.2.0_20260121/xtensa-esp-elf/bin/../lib/gcc/xtensa-esp-elf/14.2.0/:/home/diego/.espressif/tools/xtensa-esp-elf/esp-14.2.0_20260121/xtensa-esp-elf/bin/../lib/gcc/:/home/diego/.espressif/tools/xtensa-esp-elf/esp-14.2.0_20260121/xtensa-esp-elf/bin/../lib/gcc/xtensa-esp-elf/14.2.0/../../../../xtensa-esp-elf/lib/:/home/diego/.espressif/tools/xtensa-esp-elf/esp-14.2.0_20260121/xtensa-esp-elf/bin/../xtensa-esp-elf/lib/:/home/diego/.espressif/tools/xtensa-esp-elf/esp-14.2.0_20260121/xtensa-esp-elf/bin/../xtensa-esp-elf/usr/lib/
COLLECT_GCC_OPTIONS='-mdynconfig=xtensa_esp32s3.so' '-mlongcalls' '-fno-builtin-memcpy' '-fno-builtin-memset' '-fno-builtin-bzero' '-nostartfiles' '-v' '-o' 'cmTC_0ed6c' '-dumpdir' 'cmTC_0ed6c.'
 /home/diego/.espressif/tools/xtensa-esp-elf/esp-14.2.0_20260121/xtensa-esp-elf/bin/../libexec/gcc/xtensa-esp-elf/14.2.0/collect2 -plugin /home/diego/.espressif/tools/xtensa-esp-elf/esp-14.2.0_20260121/xtensa-esp-elf/bin/../libexec/gcc/xtensa-esp-elf/14.2.0/liblto_plugin.so -plugin-opt=/home/diego/.espressif/tools/xtensa-esp-elf/esp-14.2.0_20260121/xtensa-esp-elf/bin/../libexec/gcc/xtensa-esp-elf/14.2.0/lto-wrapper -plugin-opt=-fresolution=/tmp/ccLeBCCW.res -plugin-opt=-pass-through=-lgcc -plugin-opt=-pass-through=-lc -plugin-opt=-pass-through=-lnosys -plugin-opt=-pass-through=-lc -plugin-opt=-pass-through=-lgcc --sysroot=/home/diego/.espressif/tools/xtensa-esp-elf/esp-14.2.0_20260121/xtensa-esp-elf/bin/../xtensa-esp-elf --dynconfig=xtensa_esp32s3.so -o cmTC_0ed6c -L/home/diego/.espressif/tools/xtensa-esp-elf/esp-14.2.0_20260121/xtensa-esp-elf/bin/../lib/gcc/xtensa-esp-elf/14.2.0/esp32s3 -L/home/diego/.espressif/tools/xtensa-esp-elf/esp-14.2.0_20260121/xtensa-esp-elf/bin/../lib/gcc/xtensa-esp-elf/14.2.0/../../../../xtensa-esp-elf/lib/esp32s3 -L/home/diego/.espressif/tools/xtensa-esp-elf/esp-14.2.0_20260121/xtensa-esp-elf/bin/../xtensa-esp-elf/lib/esp32s3 -L/home/diego/.espressif/tools/xtensa-esp-elf/esp-14.2.0_20260121/xtensa-esp-elf/bin/../lib/gcc/xtensa-esp-elf/14.2.0 -L/home/diego/.espressif/tools/xtensa-esp-elf/esp-14.2.0_20260121/xtensa-esp-elf/bin/../lib/gcc -L/home/diego/.espressif/tools/xtensa-esp-elf/esp-14.2.0_20260121/xtensa-esp-elf/bin/../lib/gcc/xtensa-esp-elf/14.2.0/../../../../xtensa-esp-elf/lib -L/home/diego/.espressif/tools/xtensa-esp-elf/esp-14.2.0_20260121/xtensa-esp-elf/bin/../xtensa-esp-elf/lib -L/home/diego/.espressif/tools/xtensa-esp-elf/esp-14.2.0_20260121/xtensa-esp-elf/bin/../xtensa-esp-elf/usr/lib @/tmp/ccpQRrgv -lgcc -lc -lnosys -lc -lgcc
/home/diego/.espressif/tools/xtensa-esp-elf/esp-14.2.0_20260121/xtensa-esp-elf/bin/../lib/gcc/xtensa-esp-elf/14.2.0/../../../../xtensa-esp-elf/bin/ld: warning: cannot find entry symbol _start; defaulting to 00400054
COLLECT_GCC_OPTIONS='-mdynconfig=xtensa_esp32s3.so' '-mlongcalls' '-fno-builtin-memcpy' '-fno-builtin-memset' '-fno-builtin-bzero' '-nostartfiles' '-v' '-o' 'cmTC_0ed6c' '-dumpdir' 'cmTC_0ed6c.'



Parsed CXX implicit include dir info from above output: rv=done
  found start of include info
  found start of implicit include info
    add: [/home/diego/.espressif/tools/xtensa-esp-elf/esp-14.2.0_20260121/xtensa-esp-elf/bin/../lib/gcc/xtensa-esp-elf/14.2.0/../../../../xtensa-esp-elf/include/c++/14.2.0]
    add: [/home/diego/.espressif/tools/xtensa-esp-elf/esp-14.2.0_20260121/xtensa-esp-elf/bin/../lib/gcc/xtensa-esp-elf/14.2.0/../../../../xtensa-esp-elf/include/c++/14.2.0/xtensa-esp-elf/esp32s3]
    add: [/home/diego/.espressif/tools/xtensa-esp-elf/esp-14.2.0_20260121/xtensa-esp-elf/bin/../lib/gcc/xtensa-esp-elf/14.2.0/../../../../xtensa-esp-elf/include/c++/14.2.0/backward]
    add: [/home/diego/.espressif/tools/xtensa-esp-elf/esp-14.2.0_20260121/xtensa-esp-elf/bin/../lib/gcc/xtensa-esp-elf/14.2.0/include]
    add: [/home/diego/.espressif/tools/xtensa-esp-elf/esp-14.2.0_20260121/xtensa-esp-elf/bin/../lib/gcc/xtensa-esp-elf/14.2.0/include-fixed]
    add: [/home/diego/.espressif/tools/xtensa-esp-elf/esp-14.2.0_20260121/xtensa-esp-elf/bin/../lib/gcc/xtensa-esp-elf/14.2.0/../../../../xtensa-esp-elf/include]
  end of search list found
  collapse include dir [/home/diego/.espressif/tools/xtensa-esp-elf/esp-14.2.0_20260121/xtensa-esp-elf/bin/../lib/gcc/xtensa-esp-elf/14.2.0/../../../../xtensa-esp-elf/include/c++/14.2.0] ==> [/home/diego/.espressif/tools/xtensa-esp-elf/esp-14.2.0_20260121/xtensa-esp-elf/xtensa-esp-elf/include/c++/14.2.0]
  collapse include dir [/home/diego/.espressif/tools/xtensa-esp-elf/esp-14.2.0_20260121/xtensa-esp-elf/bin/../lib/gcc/xtensa-esp-elf/14.2.0/../../../../xtensa-esp-elf/include/c++/14.2.0/xtensa-esp-elf/esp32s3] ==> [/home/diego/.espressif/tools/xtensa-esp-elf/esp-14.2.0_20260121/xtensa-esp-elf/xtensa-esp-elf/include/c++/14.2.0/xtensa-esp-elf/esp32s3]
  collapse include dir [/home/diego/.espressif/tools/xtensa-esp-elf/esp-14.2.0_20260121/xtensa-esp-elf/bin/../lib/gcc/xtensa-esp-elf/14.2.0/../../../../xtensa-esp-elf/include/c++/14.2.0/backward] ==> [/home/diego/.espressif/tools/xtensa-esp-elf/esp-14.2.0_20260121/xtensa-esp-elf/xtensa-esp-elf/include/c++/14.2.0/backward]
  collapse include dir [/home/diego/.espressif/tools/xtensa-esp-elf/esp-14.2.0_20260121/xtensa-esp-elf/bin/../lib/gcc/xtensa-esp-elf/14.2.0/include] ==> [/home/diego/.espressif/tools/xtensa-esp-elf/esp-14.2.0_20260121/xtensa-esp-elf/lib/gcc/xtensa-esp-elf/14.2.0/include]
  collapse include dir [/home/diego/.espressif/tools/xtensa-esp-elf/esp-14.2.0_20260121/xtensa-esp-elf/bin/../lib/gcc/xtensa-esp-elf/14.2.0/include-fixed] ==> [/home/diego/.espressif/tools/xtensa-esp-elf/esp-14.2.0_20260121/xtensa-esp-elf/lib/gcc/xtensa-esp-elf/14.2.0/include-fixed]
  collapse include dir [/home/diego/.espressif/tools/xtensa-esp-elf/esp-14.2.0_20260121/xtensa-esp-elf/bin/../lib/gcc/xtensa-esp-elf/14.2.0/../../../../xtensa-esp-elf/include] ==> [/home/diego/.espressif/tools/xtensa-esp-elf/esp-14.2.0_20260121/xtensa-esp-elf/xtensa-esp-elf/include]
  implicit include dirs: [/home/diego/.espressif/tools/xtensa-esp-elf/esp-14.2.0_20260121/xtensa-esp-elf/xtensa-esp-elf/include/c++/14.2.0;/home/diego/.espressif/tools/xtensa-esp-elf/esp-14.2.0_20260121/xtensa-esp-elf/xtensa-esp-elf/include/c++/14.2.0/xtensa-esp-elf/esp32s3;/home/diego/.espressif/tools/xtensa-esp-elf/esp-14.2.0_20260121/xtensa-esp-elf/xtensa-esp-elf/include/c++/14.2.0/backward;/home/diego/.espressif/tools/xtensa-esp-elf/esp-14.2.0_20260121/xtensa-esp-elf/lib/gcc/xtensa-esp-elf/14.2.0/include;/home/diego/.espressif/tools/xtensa-esp-elf/esp-14.2.0_20260121/xtensa-esp-elf/lib/gcc/xtensa-esp-elf/14.2.0/include-fixed;/home/diego/.espressif/tools/xtensa-esp-elf/esp-14.2.0_20260121/xtensa-esp-elf/xtensa-esp-elf/include]


Parsed CXX implicit link information from above output:
  link line regex: [^( *|.*[/\])(xtensa-esp32s3-elf-ld|CMAKE_LINK_STARTFILE-NOTFOUND|([^/\]+-)?ld|collect2)[^/\]*( |$)]
  ignore line: [Change Dir: /home/diego/Ros2_esp32/build/CMakeFiles/CMakeTmp]
  ignore line: []
  ignore line: [Run Build Command(s):/home/diego/.espressif/tools/ninja/1.12.1/ninja cmTC_0ed6c && [1/2] Building CXX object CMakeFiles/cmTC_0ed6c.dir/CMakeCXXCompilerABI.cpp.obj]
  ignore line: [Using built-in specs.]
  ignore line: [COLLECT_GCC=/home/diego/.espressif/tools/xtensa-esp-elf/esp-14.2.0_20260121/xtensa-esp-elf/bin/xtensa-esp-elf-g++]
  ignore line: [Target: xtensa-esp-elf]
  ignore line: [Configured with: /builds/idf/crosstool-NG/.build/xtensa-esp-elf/src/gcc/configure --build=x86_64-build_pc-linux-gnu --host=x86_64-build_pc-linux-gnu --target=xtensa-esp-elf --prefix=/builds/idf/crosstool-NG/builds/xtensa-esp-elf --exec_prefix=/builds/idf/crosstool-NG/builds/xtensa-esp-elf --with-local-prefix=/builds/idf/crosstool-NG/builds/xtensa-esp-elf/xtensa-esp-elf --with-sysroot=/builds/idf/crosstool-NG/builds/xtensa-esp-elf/xtensa-esp-elf --with-native-system-header-dir=/include --with-headers=/builds/idf/crosstool-NG/builds/xtensa-esp-elf/xtensa-esp-elf/include --with-newlib --enable-threads=no --disable-shared --with-pkgversion='crosstool-NG esp-14.2.0_20260121' --disable-__cxa_atexit --enable-cxx-flags='-ffunction-sections -fdata-sections' --disable-libgomp --disable-libmudflap --disable-libmpx --disable-libssp --disable-libquadmath --disable-libquadmath-support --disable-libstdcxx-verbose --with-gmp=/builds/idf/crosstool-NG/.build/xtensa-esp-elf/buildtools --with-mpfr=/builds/idf/crosstool-NG/.build/xtensa-esp-elf/buildtools --with-mpc=/builds/idf/crosstool-NG/.build/xtensa-esp-elf/buildtools --with-isl=/builds/idf/crosstool-NG/.build/xtensa-esp-elf/buildtools --enable-lto --enable-target-optspace --without-long-double-128 --enable-plugin --disable-nls --enable-multiarch --enable-languages=c c++ --disable-libstdcxx-verbose --enable-threads=posix --enable-libstdcxx-time=yes --disable-win32-utf8-manifest]
  ignore line: [Thread model: posix]
  ignore line: [Supported LTO compression algorithms: zlib zstd]
  ignore line: [gcc version 14.2.0 (crosstool-NG esp-14.2.0_20260121) ]
  ignore line: [COLLECT_GCC_OPTIONS='-mdynconfig=xtensa_esp32s3.so' '-mlongcalls' '-fno-builtin-memcpy' '-fno-builtin-memset' '-fno-builtin-bzero' '-v' '-o' 'CMakeFiles/cmTC_0ed6c.dir/CMakeCXXCompilerABI.cpp.obj' '-c' '-dumpdir' 'CMakeFiles/cmTC_0ed6c.dir/']
  ignore line: [ /home/diego/.espressif/tools/xtensa-esp-elf/esp-14.2.0_20260121/xtensa-esp-elf/bin/../libexec/gcc/xtensa-esp-elf/14.2.0/cc1plus -quiet -v -imultilib esp32s3 -iprefix /home/diego/.espressif/tools/xtensa-esp-elf/esp-14.2.0_20260121/xtensa-esp-elf/bin/../lib/gcc/xtensa-esp-elf/14.2.0/ -isysroot /home/diego/.espressif/tools/xtensa-esp-elf/esp-14.2.0_20260121/xtensa-esp-elf/bin/../xtensa-esp-elf /usr/share/cmake-3.22/Modules/CMakeCXXCompilerABI.cpp -quiet -dumpdir CMakeFiles/cmTC_0ed6c.dir/ -dumpbase CMakeCXXCompilerABI.cpp.cpp -dumpbase-ext .cpp -mdynconfig=xtensa_esp32s3.so -mlongcalls -version -fno-builtin-memcpy -fno-builtin-memset -fno-builtin-bzero -o /tmp/ccYsVvHw.s]
  ignore line: [GNU C++17 (crosstool-NG esp-14.2.0_20260121) version 14.2.0 (xtensa-esp-elf)]
  ignore line: [	compiled by GNU C version 6.3.0  GMP version 6.3.0  MPFR version 4.2.1  MPC version 1.3.1  isl version isl-0.26-GMP]
  ignore line: []
  ignore line: [GGC heuristics: --param ggc-min-expand=100 --param ggc-min-heapsize=131072]
  ignore line: [ignoring duplicate directory "/home/diego/.espressif/tools/xtensa-esp-elf/esp-14.2.0_20260121/xtensa-esp-elf/bin/../lib/gcc/../../lib/gcc/xtensa-esp-elf/14.2.0/../../../../xtensa-esp-elf/include/c++/14.2.0"]
  ignore line: [ignoring duplicate directory "/home/diego/.espressif/tools/xtensa-esp-elf/esp-14.2.0_20260121/xtensa-esp-elf/bin/../lib/gcc/../../lib/gcc/xtensa-esp-elf/14.2.0/../../../../xtensa-esp-elf/include/c++/14.2.0/xtensa-esp-elf/esp32s3"]
  ignore line: [ignoring duplicate directory "/home/diego/.espressif/tools/xtensa-esp-elf/esp-14.2.0_20260121/xtensa-esp-elf/bin/../lib/gcc/../../lib/gcc/xtensa-esp-elf/14.2.0/../../../../xtensa-esp-elf/include/c++/14.2.0/backward"]
  ignore line: [ignoring duplicate directory "/home/diego/.espressif/tools/xtensa-esp-elf/esp-14.2.0_20260121/xtensa-esp-elf/bin/../lib/gcc/../../lib/gcc/xtensa-esp-elf/14.2.0/include"]
  ignore line: [ignoring nonexistent directory "/home/diego/.espressif/tools/xtensa-esp-elf/esp-14.2.0_20260121/xtensa-esp-elf/bin/../xtensa-esp-elf/builds/idf/crosstool-NG/builds/xtensa-esp-elf/xtensa-esp-elf/include"]
  ignore line: [ignoring duplicate directory "/home/diego/.espressif/tools/xtensa-esp-elf/esp-14.2.0_20260121/xtensa-esp-elf/bin/../lib/gcc/../../lib/gcc/xtensa-esp-elf/14.2.0/include-fixed"]
  ignore line: [ignoring duplicate directory "/home/diego/.espressif/tools/xtensa-esp-elf/esp-14.2.0_20260121/xtensa-esp-elf/bin/../lib/gcc/../../lib/gcc/xtensa-esp-elf/14.2.0/../../../../xtensa-esp-elf/include"]
  ignore line: [ignoring duplicate directory "/home/diego/.espressif/tools/xtensa-esp-elf/esp-14.2.0_20260121/xtensa-esp-elf/bin/../xtensa-esp-elf/include"]
  ignore line: [#include "..." search starts here:]
  ignore line: [#include <...> search starts here:]
  ignore line: [ /home/diego/.espressif/tools/xtensa-esp-elf/esp-14.2.0_20260121/xtensa-esp-elf/bin/../lib/gcc/xtensa-esp-elf/14.2.0/../../../../xtensa-esp-elf/include/c++/14.2.0]
  ignore line: [ /home/diego/.espressif/tools/xtensa-esp-elf/esp-14.2.0_20260121/xtensa-esp-elf/bin/../lib/gcc/xtensa-esp-elf/14.2.0/../../../../xtensa-esp-elf/include/c++/14.2.0/xtensa-esp-elf/esp32s3]
  ignore line: [ /home/diego/.espressif/tools/xtensa-esp-elf/esp-14.2.0_20260121/xtensa-esp-elf/bin/../lib/gcc/xtensa-esp-elf/14.2.0/../../../../xtensa-esp-elf/include/c++/14.2.0/backward]
  ignore line: [ /home/diego/.espressif/tools/xtensa-esp-elf/esp-14.2.0_20260121/xtensa-esp-elf/bin/../lib/gcc/xtensa-esp-elf/14.2.0/include]
  ignore line: [ /home/diego/.espressif/tools/xtensa-esp-elf/esp-14.2.0_20260121/xtensa-esp-elf/bin/../lib/gcc/xtensa-esp-elf/14.2.0/include-fixed]
  ignore line: [ /home/diego/.espressif/tools/xtensa-esp-elf/esp-14.2.0_20260121/xtensa-esp-elf/bin/../lib/gcc/xtensa-esp-elf/14.2.0/../../../../xtensa-esp-elf/include]
  ignore line: [End of search list.]
  ignore line: [Compiler executable checksum: a254981dd59757a59628c9ca49d36a87]
  ignore line: [COLLECT_GCC_OPTIONS='-mdynconfig=xtensa_esp32s3.so' '-mlongcalls' '-fno-builtin-memcpy' '-fno-builtin-memset' '-fno-builtin-bzero' '-v' '-o' 'CMakeFiles/cmTC_0ed6c.dir/CMakeCXXCompilerABI.cpp.obj' '-c' '-dumpdir' 'CMakeFiles/cmTC_0ed6c.dir/']
  ignore line: [ /home/diego/.espressif/tools/xtensa-esp-elf/esp-14.2.0_20260121/xtensa-esp-elf/bin/../lib/gcc/xtensa-esp-elf/14.2.0/../../../../xtensa-esp-elf/bin/as --traditional-format --longcalls --dynconfig=xtensa_esp32s3.so -o CMakeFiles/cmTC_0ed6c.dir/CMakeCXXCompilerABI.cpp.obj /tmp/ccYsVvHw.s]
  ignore line: [COMPILER_PATH=/home/diego/.espressif/tools/xtensa-esp-elf/esp-14.2.0_20260121/xtensa-esp-elf/bin/../libexec/gcc/xtensa-esp-elf/14.2.0/:/home/diego/.espressif/tools/xtensa-esp-elf/esp-14.2.0_20260121/xtensa-esp-elf/bin/../libexec/gcc/:/home/diego/.espressif/tools/xtensa-esp-elf/esp-14.2.0_20260121/xtensa-esp-elf/bin/../lib/gcc/xtensa-esp-elf/14.2.0/../../../../xtensa-esp-elf/bin/]
  ignore line: [LIBRARY_PATH=/home/diego/.espressif/tools/xtensa-esp-elf/esp-14.2.0_20260121/xtensa-esp-elf/bin/../lib/gcc/xtensa-esp-elf/14.2.0/esp32s3/:/home/diego/.espressif/tools/xtensa-esp-elf/esp-14.2.0_20260121/xtensa-esp-elf/bin/../lib/gcc/xtensa-esp-elf/14.2.0/../../../../xtensa-esp-elf/lib/esp32s3/:/home/diego/.espressif/tools/xtensa-esp-elf/esp-14.2.0_20260121/xtensa-esp-elf/bin/../xtensa-esp-elf/lib/esp32s3/:/home/diego/.espressif/tools/xtensa-esp-elf/esp-14.2.0_20260121/xtensa-esp-elf/bin/../lib/gcc/xtensa-esp-elf/14.2.0/:/home/diego/.espressif/tools/xtensa-esp-elf/esp-14.2.0_20260121/xtensa-esp-elf/bin/../lib/gcc/:/home/diego/.espressif/tools/xtensa-esp-elf/esp-14.2.0_20260121/xtensa-esp-elf/bin/../lib/gcc/xtensa-esp-elf/14.2.0/../../../../xtensa-esp-elf/lib/:/home/diego/.espressif/tools/xtensa-esp-elf/esp-14.2.0_20260121/xtensa-esp-elf/bin/../xtensa-esp-elf/lib/:/home/diego/.espressif/tools/xtensa-esp-elf/esp-14.2.0_20260121/xtensa-esp-elf/bin/../xtensa-esp-elf/usr/lib/]
  ignore line: [COLLECT_GCC_OPTIONS='-mdynconfig=xtensa_esp32s3.so' '-mlongcalls' '-fno-builtin-memcpy' '-fno-builtin-memset' '-fno-builtin-bzero' '-v' '-o' 'CMakeFiles/cmTC_0ed6c.dir/CMakeCXXCompilerABI.cpp.obj' '-c' '-dumpdir' 'CMakeFiles/cmTC_0ed6c.dir/CMakeCXXCompilerABI.cpp.']
  ignore line: [[2/2] Linking CXX executable cmTC_0ed6c]
  ignore line: [Using built-in specs.]
  ignore line: [COLLECT_GCC=/home/diego/.espressif/tools/xtensa-esp-elf/esp-14.2.0_20260121/xtensa-esp-elf/bin/xtensa-esp-elf-g++]
  ignore line: [COLLECT_LTO_WRAPPER=/home/diego/.espressif/tools/xtensa-esp-elf/esp-14.2.0_20260121/xtensa-esp-elf/bin/../libexec/gcc/xtensa-esp-elf/14.2.0/lto-wrapper]
  ignore line: [Target: xtensa-esp-elf]
  ignore line: [Configured with: /builds/idf/crosstool-NG/.build/xtensa-esp-elf/src/gcc/configure --build=x86_64-build_pc-linux-gnu --host=x86_64-build_pc-linux-gnu --target=xtensa-esp-elf --prefix=/builds/idf/crosstool-NG/builds/xtensa-esp-elf --exec_prefix=/builds/idf/crosstool-NG/builds/xtensa-esp-elf --with-local-prefix=/builds/idf/crosstool-NG/builds/xtensa-esp-elf/xtensa-esp-elf --with-sysroot=/builds/idf/crosstool-NG/builds/xtensa-esp-elf/xtensa-esp-elf --with-native-system-header-dir=/include --with-headers=/builds/idf/crosstool-NG/builds/xtensa-esp-elf/xtensa-esp-elf/include --with-newlib --enable-threads=no --disable-shared --with-pkgversion='crosstool-NG esp-14.2.0_20260121' --disable-__cxa_atexit --enable-cxx-flags='-ffunction-sections -fdata-sections' --disable-libgomp --disable-libmudflap --disable-libmpx --disable-libssp --disable-libquadmath --disable-libquadmath-support --disable-libstdcxx-verbose --with-gmp=/builds/idf/crosstool-NG/.build/xtensa-esp-elf/buildtools --with-mpfr=/builds/idf/crosstool-NG/.build/xtensa-esp-elf/buildtools --with-mpc=/builds/idf/crosstool-NG/.build/xtensa-esp-elf/buildtools --with-isl=/builds/idf/crosstool-NG/.build/xtensa-esp-elf/buildtools --enable-lto --enable-target-optspace --without-long-double-128 --enable-plugin --disable-nls --enable-multiarch --enable-languages=c c++ --disable-libstdcxx-verbose --enable-threads=posix --enable-libstdcxx-time=yes --disable-win32-utf8-manifest]
  ignore line: [Thread model: posix]
  ignore line: [Supported LTO compression algorithms: zlib zstd]
  ignore line: [gcc version 14.2.0 (crosstool-NG esp-14.2.0_20260121) ]
  ignore line: [COMPILER_PATH=/home/diego/.espressif/tools/xtensa-esp-elf/esp-14.2.0_20260121/xtensa-esp-elf/bin/../libexec/gcc/xtensa-esp-elf/14.2.0/:/home/diego/.espressif/tools/xtensa-esp-elf/esp-14.2.0_20260121/xtensa-esp-elf/bin/../libexec/gcc/:/home/diego/.espressif/tools/xtensa-esp-elf/esp-14.2.0_20260121/xtensa-esp-elf/bin/../lib/gcc/xtensa-esp-elf/14.2.0/../../../../xtensa-esp-elf/bin/]
  ignore line: [LIBRARY_PATH=/home/diego/.espressif/tools/xtensa-esp-elf/esp-14.2.0_20260121/xtensa-esp-elf/bin/../lib/gcc/xtensa-esp-elf/14.2.0/esp32s3/:/home/diego/.espressif/tools/xtensa-esp-elf/esp-14.2.0_20260121/xtensa-esp-elf/bin/../lib/gcc/xtensa-esp-elf/14.2.0/../../../../xtensa-esp-elf/lib/esp32s3/:/home/diego/.espressif/tools/xtensa-esp-elf/esp-14.2.0_20260121/xtensa-esp-elf/bin/../xtensa-esp-elf/lib/esp32s3/:/home/diego/.espressif/tools/xtensa-esp-elf/esp-14.2.0_20260121/xtensa-esp-elf/bin/../lib/gcc/xtensa-esp-elf/14.2.0/:/home/diego/.espressif/tools/xtensa-esp-elf/esp-14.2.0_20260121/xtensa-esp-elf/bin/../lib/gcc/:/home/diego/.espressif/tools/xtensa-esp-elf/esp-14.2.0_20260121/xtensa-esp-elf/bin/../lib/gcc/xtensa-esp-elf/14.2.0/../../../../xtensa-esp-elf/lib/:/home/diego/.espressif/tools/xtensa-esp-elf/esp-14.2.0_20260121/xtensa-esp-elf/bin/../xtensa-esp-elf/lib/:/home/diego/.espressif/tools/xtensa-esp-elf/esp-14.2.0_20260121/xtensa-esp-elf/bin/../xtensa-esp-elf/usr/lib/]
  ignore line: [COLLECT_GCC_OPTIONS='-mdynconfig=xtensa_esp32s3.so' '-mlongcalls' '-fno-builtin-memcpy' '-fno-builtin-memset' '-fno-builtin-bzero' '-nostartfiles' '-v' '-o' 'cmTC_0ed6c' '-dumpdir' 'cmTC_0ed6c.']
  link line: [ /home/diego/.espressif/tools/xtensa-esp-elf/esp-14.2.0_20260121/xtensa-esp-elf/bin/../libexec/gcc/xtensa-esp-elf/14.2.0/collect2 -plugin /home/diego/.espressif/tools/xtensa-esp-elf/esp-14.2.0_20260121/xtensa-esp-elf/bin/../libexec/gcc/xtensa-esp-elf/14.2.0/liblto_plugin.so -plugin-opt=/home/diego/.espressif/tools/xtensa-esp-elf/esp-14.2.0_20260121/xtensa-esp-elf/bin/../libexec/gcc/xtensa-esp-elf/14.2.0/lto-wrapper -plugin-opt=-fresolution=/tmp/ccLeBCCW.res -plugin-opt=-pass-through=-lgcc -plugin-opt=-pass-through=-lc -plugin-opt=-pass-through=-lnosys -plugin-opt=-pass-through=-lc -plugin-opt=-pass-through=-lgcc --sysroot=/home/diego/.espressif/tools/xtensa-esp-elf/esp-14.2.0_20260121/xtensa-esp-elf/bin/../xtensa-esp-elf --dynconfig=xtensa_esp32s3.so -o cmTC_0ed6c -L/home/diego/.espressif/tools/xtensa-esp-elf/esp-14.2.0_20260121/xtensa-esp-elf/bin/../lib/gcc/xtensa-esp-elf/14.2.0/esp32s3 -L/home/diego/.espressif/tools/xtensa-esp-elf/esp-14.2.0_20260121/xtensa-esp-elf/bin/../lib/gcc/xtensa-esp-elf/14.2.0/../../../../xtensa-esp-elf/lib/esp32s3 -L/home/diego/.espressif/tools/xtensa-esp-elf/esp-14.2.0_20260121/xtensa-esp-elf/bin/../xtensa-esp-elf/lib/esp32s3 -L/home/diego/.espressif/tools/xtensa-esp-elf/esp-14.2.0_20260121/xtensa-esp-elf/bin/../lib/gcc/xtensa-esp-elf/14.2.0 -L/home/diego/.espressif/tools/xtensa-esp-elf/esp-14.2.0_20260121/xtensa-esp-elf/bin/../lib/gcc -L/home/diego/.espressif/tools/xtensa-esp-elf/esp-14.2.0_20260121/xtensa-esp-elf/bin/../lib/gcc/xtensa-esp-elf/14.2.0/../../../../xtensa-esp-elf/lib -L/home/diego/.espressif/tools/xtensa-esp-elf/esp-14.2.0_20260121/xtensa-esp-elf/bin/../xtensa-esp-elf/lib -L/home/diego/.espressif/tools/xtensa-esp-elf/esp-14.2.0_20260121/xtensa-esp-elf/bin/../xtensa-esp-elf/usr/lib @/tmp/ccpQRrgv -lgcc -lc -lnosys -lc -lgcc]
    arg [/home/diego/.espressif/tools/xtensa-esp-elf/esp-14.2.0_20260121/xtensa-esp-elf/bin/../libexec/gcc/xtensa-esp-elf/14.2.0/collect2] ==> ignore
    arg [-plugin] ==> ignore
    arg [/home/diego/.espressif/tools/xtensa-esp-elf/esp-14.2.0_20260121/xtensa-esp-elf/bin/../libexec/gcc/xtensa-esp-elf/14.2.0/liblto_plugin.so] ==> ignore
    arg [-plugin-opt=/home/diego/.espressif/tools/xtensa-esp-elf/esp-14.2.0_20260121/xtensa-esp-elf/bin/../libexec/gcc/xtensa-esp-elf/14.2.0/lto-wrapper] ==> ignore
    arg [-plugin-opt=-fresolution=/tmp/ccLeBCCW.res] ==> ignore
    arg [-plugin-opt=-pass-through=-lgcc] ==> ignore
    arg [-plugin-opt=-pass-through=-lc] ==> ignore
    arg [-plugin-opt=-pass-through=-lnosys] ==> ignore
    arg [-plugin-opt=-pass-through=-lc] ==> ignore
    arg [-plugin-opt=-pass-through=-lgcc] ==> ignore
    arg [--sysroot=/home/diego/.espressif/tools/xtensa-esp-elf/esp-14.2.0_20260121/xtensa-esp-elf/bin/../xtensa-esp-elf] ==> ignore
    arg [--dynconfig=xtensa_esp32s3.so] ==> ignore
    arg [-o] ==> ignore
    arg [cmTC_0ed6c] ==> ignore
    arg [-L/home/diego/.espressif/tools/xtensa-esp-elf/esp-14.2.0_20260121/xtensa-esp-elf/bin/../lib/gcc/xtensa-esp-elf/14.2.0/esp32s3] ==> dir [/home/diego/.espressif/tools/xtensa-esp-elf/esp-14.2.0_20260121/xtensa-esp-elf/bin/../lib/gcc/xtensa-esp-elf/14.2.0/esp32s3]
    arg [-L/home/diego/.espressif/tools/xtensa-esp-elf/esp-14.2.0_20260121/xtensa-esp-elf/bin/../lib/gcc/xtensa-esp-elf/14.2.0/../../../../xtensa-esp-elf/lib/esp32s3] ==> dir [/home/diego/.espressif/tools/xtensa-esp-elf/esp-14.2.0_20260121/xtensa-esp-elf/bin/../lib/gcc/xtensa-esp-elf/14.2.0/../../../../xtensa-esp-elf/lib/esp32s3]
    arg [-L/home/diego/.espressif/tools/xtensa-esp-elf/esp-14.2.0_20260121/xtensa-esp-elf/bin/../xtensa-esp-elf/lib/esp32s3] ==> dir [/home/diego/.espressif/tools/xtensa-esp-elf/esp-14.2.0_20260121/xtensa-esp-elf/bin/../xtensa-esp-elf/lib/esp32s3]
    arg [-L/home/diego/.espressif/tools/xtensa-esp-elf/esp-14.2.0_20260121/xtensa-esp-elf/bin/../lib/gcc/xtensa-esp-elf/14.2.0] ==> dir [/home/diego/.espressif/tools/xtensa-esp-elf/esp-14.2.0_20260121/xtensa-esp-elf/bin/../lib/gcc/xtensa-esp-elf/14.2.0]
    arg [-L/home/diego/.espressif/tools/xtensa-esp-elf/esp-14.2.0_20260121/xtensa-esp-elf/bin/../lib/gcc] ==> dir [/home/diego/.espressif/tools/xtensa-esp-elf/esp-14.2.0_20260121/xtensa-esp-elf/bin/../lib/gcc]
    arg [-L/home/diego/.espressif/tools/xtensa-esp-elf/esp-14.2.0_20260121/xtensa-esp-elf/bin/../lib/gcc/xtensa-esp-elf/14.2.0/../../../../xtensa-esp-elf/lib] ==> dir [/home/diego/.espressif/tools/xtensa-esp-elf/esp-14.2.0_20260121/xtensa-esp-elf/bin/../lib/gcc/xtensa-esp-elf/14.2.0/../../../../xtensa-esp-elf/lib]
    arg [-L/home/diego/.espressif/tools/xtensa-esp-elf/esp-14.2.0_20260121/xtensa-esp-elf/bin/../xtensa-esp-elf/lib] ==> dir [/home/diego/.espressif/tools/xtensa-esp-elf/esp-14.2.0_20260121/xtensa-esp-elf/bin/../xtensa-esp-elf/lib]
    arg [-L/home/diego/.espressif/tools/xtensa-esp-elf/esp-14.2.0_20260121/xtensa-esp-elf/bin/../xtensa-esp-elf/usr/lib] ==> dir [/home/diego/.espressif/tools/xtensa-esp-elf/esp-14.2.0_20260121/xtensa-esp-elf/bin/../xtensa-esp-elf/usr/lib]
    arg [@/tmp/ccpQRrgv] ==> ignore
    arg [-lgcc] ==> lib [gcc]
    arg [-lc] ==> lib [c]
    arg [-lnosys] ==> lib [nosys]
    arg [-lc] ==> lib [c]
    arg [-lgcc] ==> lib [gcc]
  collapse library dir [/home/diego/.espressif/tools/xtensa-esp-elf/esp-14.2.0_20260121/xtensa-esp-elf/bin/../lib/gcc/xtensa-esp-elf/14.2.0/esp32s3] ==> [/home/diego/.espressif/tools/xtensa-esp-elf/esp-14.2.0_20260121/xtensa-esp-elf/lib/gcc/xtensa-esp-elf/14.2.0/esp32s3]
  collapse library dir [/home/diego/.espressif/tools/xtensa-esp-elf/esp-14.2.0_20260121/xtensa-esp-elf/bin/../lib/gcc/xtensa-esp-elf/14.2.0/../../../../xtensa-esp-elf/lib/esp32s3] ==> [/home/diego/.espressif/tools/xtensa-esp-elf/esp-14.2.0_20260121/xtensa-esp-elf/xtensa-esp-elf/lib/esp32s3]
  collapse library dir [/home/diego/.espressif/tools/xtensa-esp-elf/esp-14.2.0_20260121/xtensa-esp-elf/bin/../xtensa-esp-elf/lib/esp32s3] ==> [/home/diego/.espressif/tools/xtensa-esp-elf/esp-14.2.0_20260121/xtensa-esp-elf/xtensa-esp-elf/lib/esp32s3]
  collapse library dir [/home/diego/.espressif/tools/xtensa-esp-elf/esp-14.2.0_20260121/xtensa-esp-elf/bin/../lib/gcc/xtensa-esp-elf/14.2.0] ==> [/home/diego/.espressif/tools/xtensa-esp-elf/esp-14.2.0_20260121/xtensa-esp-elf/lib/gcc/xtensa-esp-elf/14.2.0]
  collapse library dir [/home/diego/.espressif/tools/xtensa-esp-elf/esp-14.2.0_20260121/xtensa-esp-elf/bin/../lib/gcc] ==> [/home/diego/.espressif/tools/xtensa-esp-elf/esp-14.2.0_20260121/xtensa-esp-elf/lib/gcc]
  collapse library dir [/home/diego/.espressif/tools/xtensa-esp-elf/esp-14.2.0_20260121/xtensa-esp-elf/bin/../lib/gcc/xtensa-esp-elf/14.2.0/../../../../xtensa-esp-elf/lib] ==> [/home/diego/.espressif/tools/xtensa-esp-elf/esp-14.2.0_20260121/xtensa-esp-elf/xtensa-esp-elf/lib]
  collapse library dir [/home/diego/.espressif/tools/xtensa-esp-elf/esp-14.2.0_20260121/xtensa-esp-elf/bin/../xtensa-esp-elf/lib] ==> [/home/diego/.espressif/tools/xtensa-esp-elf/esp-14.2.0_20260121/xtensa-esp-elf/xtensa-esp-elf/lib]
  collapse library dir [/home/diego/.espressif/tools/xtensa-esp-elf/esp-14.2.0_20260121/xtensa-esp-elf/bin/../xtensa-esp-elf/usr/lib] ==> [/home/diego/.espressif/tools/xtensa-esp-elf/esp-14.2.0_20260121/xtensa-esp-elf/xtensa-esp-elf/usr/lib]
  implicit libs: [gcc;c;nosys;c;gcc]
  implicit objs: []
  implicit dirs: [/home/diego/.espressif/tools/xtensa-esp-elf/esp-14.2.0_20260121/xtensa-esp-elf/lib/gcc/xtensa-esp-elf/14.2.0/esp32s3;/home/diego/.espressif/tools/xtensa-esp-elf/esp-14.2.0_20260121/xtensa-esp-elf/xtensa-esp-elf/lib/esp32s3;/home/diego/.espressif/tools/xtensa-esp-elf/esp-14.2.0_20260121/xtensa-esp-elf/lib/gcc/xtensa-esp-elf/14.2.0;/home/diego/.espressif/tools/xtensa-esp-elf/esp-14.2.0_20260121/xtensa-esp-elf/lib/gcc;/home/diego/.espressif/tools/xtensa-esp-elf/esp-14.2.0_20260121/xtensa-esp-elf/xtensa-esp-elf/lib;/home/diego/.espressif/tools/xtensa-esp-elf/esp-14.2.0_20260121/xtensa-esp-elf/xtensa-esp-elf/usr/lib]
  implicit fwks: []


Detecting C compiler ABI info compiled with the following output:
Change Dir: /home/diego/Ros2_esp32/build/CMakeFiles/CMakeTmp

Run Build Command(s):/home/diego/.espressif/tools/ninja/1.12.1/ninja cmTC_45c1f && [1/2] Building C object CMakeFiles/cmTC_45c1f.dir/CMakeCCompilerABI.c.obj
Using built-in specs.
COLLECT_GCC=/home/diego/.espressif/tools/xtensa-esp-elf/esp-14.2.0_20260121/xtensa-esp-elf/bin/xtensa-esp-elf-gcc
Target: xtensa-esp-elf
Configured with: /builds/idf/crosstool-NG/.build/xtensa-esp-elf/src/gcc/configure --build=x86_64-build_pc-linux-gnu --host=x86_64-build_pc-linux-gnu --target=xtensa-esp-elf --prefix=/builds/idf/crosstool-NG/builds/xtensa-esp-elf --exec_prefix=/builds/idf/crosstool-NG/builds/xtensa-esp-elf --with-local-prefix=/builds/idf/crosstool-NG/builds/xtensa-esp-elf/xtensa-esp-elf --with-sysroot=/builds/idf/crosstool-NG/builds/xtensa-esp-elf/xtensa-esp-elf --with-native-system-header-dir=/include --with-headers=/builds/idf/crosstool-NG/builds/xtensa-esp-elf/xtensa-esp-elf/include --with-newlib --enable-threads=no --disable-shared --with-pkgversion='crosstool-NG esp-14.2.0_20260121' --disable-__cxa_atexit --enable-cxx-flags='-ffunction-sections -fdata-sections' --disable-libgomp --disable-libmudflap --disable-libmpx --disable-libssp --disable-libquadmath --disable-libquadmath-support --disable-libstdcxx-verbose --with-gmp=/builds/idf/crosstool-NG/.build/xtensa-esp-elf/buildtools --with-mpfr=/builds/idf/crosstool-NG/.build/xtensa-esp-elf/buildtools --with-mpc=/builds/idf/crosstool-NG/.build/xtensa-esp-elf/buildtools --with-isl=/builds/idf/crosstool-NG/.build/xtensa-esp-elf/buildtools --enable-lto --enable-target-optspace --without-long-double-128 --enable-plugin --disable-nls --enable-multiarch --enable-languages=c,c++ --disable-libstdcxx-verbose --enable-threads=posix --enable-libstdcxx-time=yes --disable-win32-utf8-manifest
Thread model: posix
Supported LTO compression algorithms: zlib zstd
gcc version 14.2.0 (crosstool-NG esp-14.2.0_20260121) 
COLLECT_GCC_OPTIONS='-mdynconfig=xtensa_esp32s3.so' '-mlongcalls' '-fno-builtin-memcpy' '-fno-builtin-memset' '-fno-builtin-bzero' '-v' '-o' 'CMakeFiles/cmTC_45c1f.dir/CMakeCCompilerABI.c.obj' '-c' '-dumpdir' 'CMakeFiles/cmTC_45c1f.dir/'
 /home/diego/.espressif/tools/xtensa-esp-elf/esp-14.2.0_20260121/xtensa-esp-elf/bin/../libexec/gcc/xtensa-esp-elf/14.2.0/cc1 -quiet -v -imultilib esp32s3 -iprefix /home/diego/.espressif/tools/xtensa-esp-elf/esp-14.2.0_20260121/xtensa-esp-elf/bin/../lib/gcc/xtensa-esp-elf/14.2.0/ -isysroot /home/diego/.espressif/tools/xtensa-esp-elf/esp-14.2.0_20260121/xtensa-esp-elf/bin/../xtensa-esp-elf /usr/share/cmake-3.22/Modules/CMakeCCompilerABI.c -quiet -dumpdir CMakeFiles/cmTC_45c1f.dir/ -dumpbase CMakeCCompilerABI.c.c -dumpbase-ext .c -mdynconfig=xtensa_esp32s3.so -mlongcalls -version -fno-builtin-memcpy -fno-builtin-memset -fno-builtin-bzero -o /tmp/ccjIsCfK.s
GNU C17 (crosstool-NG esp-14.2.0_20260121) version 14.2.0 (xtensa-esp-elf)
	compiled by GNU C version 6.3.0, GMP version 6.3.0, MPFR version 4.2.1, MPC version 1.3.1, isl version isl-0.26-GMP

GGC heuristics: --param ggc-min-expand=100 --param ggc-min-heapsize=131072
ignoring duplicate directory "/home/diego/.espressif/tools/xtensa-esp-elf/esp-14.2.0_20260121/xtensa-esp-elf/bin/../lib/gcc/../../lib/gcc/xtensa-esp-elf/14.2.0/include"
ignoring nonexistent directory "/home/diego/.espressif/tools/xtensa-esp-elf/esp-14.2.0_20260121/xtensa-esp-elf/bin/../xtensa-esp-elf/builds/idf/crosstool-NG/builds/xtensa-esp-elf/xtensa-esp-elf/include"
ignoring duplicate directory "/home/diego/.espressif/tools/xtensa-esp-elf/esp-14.2.0_20260121/xtensa-esp-elf/bin/../lib/gcc/../../lib/gcc/xtensa-esp-elf/14.2.0/include-fixed"
ignoring duplicate directory "/home/diego/.espressif/tools/xtensa-esp-elf/esp-14.2.0_20260121/xtensa-esp-elf/bin/../lib/gcc/../../lib/gcc/xtensa-esp-elf/14.2.0/../../../../xtensa-esp-elf/include"
ignoring duplicate directory "/home/diego/.espressif/tools/xtensa-esp-elf/esp-14.2.0_20260121/xtensa-esp-elf/bin/../xtensa-esp-elf/include"
#include "..." search starts here:
#include <...> search starts here:
 /home/diego/.espressif/tools/xtensa-esp-elf/esp-14.2.0_20260121/xtensa-esp-elf/bin/../lib/gcc/xtensa-esp-elf/14.2.0/include
 /home/diego/.espressif/tools/xtensa-esp-elf/esp-14.2.0_20260121/xtensa-esp-elf/bin/../lib/gcc/xtensa-esp-elf/14.2.0/include-fixed
 /home/diego/.espressif/tools/xtensa-esp-elf/esp-14.2.0_20260121/xtensa-esp-elf/bin/../lib/gcc/xtensa-esp-elf/14.2.0/../../../../xtensa-esp-elf/include
End of search list.
Compiler executable checksum: 709abf7e99d4c633116df3b91860509f
COLLECT_GCC_OPTIONS='-mdynconfig=xtensa_esp32s3.so' '-mlongcalls' '-fno-builtin-memcpy' '-fno-builtin-memset' '-fno-builtin-bzero' '-v' '-o' 'CMakeFiles/cmTC_45c1f.dir/CMakeCCompilerABI.c.obj' '-c' '-dumpdir' 'CMakeFiles/cmTC_45c1f.dir/'
 /home/diego/.espressif/tools/xtensa-esp-elf/esp-14.2.0_20260121/xtensa-esp-elf/bin/../lib/gcc/xtensa-esp-elf/14.2.0/../../../../xtensa-esp-elf/bin/as --traditional-format --longcalls --dynconfig=xtensa_esp32s3.so -o CMakeFiles/cmTC_45c1f.dir/CMakeCCompilerABI.c.obj /tmp/ccjIsCfK.s
COMPILER_PATH=/home/diego/.espressif/tools/xtensa-esp-elf/esp-14.2.0_20260121/xtensa-esp-elf/bin/../libexec/gcc/xtensa-esp-elf/14.2.0/:/home/diego/.espressif/tools/xtensa-esp-elf/esp-14.2.0_20260121/xtensa-esp-elf/bin/../libexec/gcc/:/home/diego/.espressif/tools/xtensa-esp-elf/esp-14.2.0_20260121/xtensa-esp-elf/bin/../lib/gcc/xtensa-esp-elf/14.2.0/../../../../xtensa-esp-elf/bin/
LIBRARY_PATH=/home/diego/.espressif/tools/xtensa-esp-elf/esp-14.2.0_20260121/xtensa-esp-elf/bin/../lib/gcc/xtensa-esp-elf/14.2.0/esp32s3/:/home/diego/.espressif/tools/xtensa-esp-elf/esp-14.2.0_20260121/xtensa-esp-elf/bin/../lib/gcc/xtensa-esp-elf/14.2.0/../../../../xtensa-esp-elf/lib/esp32s3/:/home/diego/.espressif/tools/xtensa-esp-elf/esp-14.2.0_20260121/xtensa-esp-elf/bin/../xtensa-esp-elf/lib/esp32s3/:/home/diego/.espressif/tools/xtensa-esp-elf/esp-14.2.0_20260121/xtensa-esp-elf/bin/../lib/gcc/xtensa-esp-elf/14.2.0/:/home/diego/.espressif/tools/xtensa-esp-elf/esp-14.2.0_20260121/xtensa-esp-elf/bin/../lib/gcc/:/home/diego/.espressif/tools/xtensa-esp-elf/esp-14.2.0_20260121/xtensa-esp-elf/bin/../lib/gcc/xtensa-esp-elf/14.2.0/../../../../xtensa-esp-elf/lib/:/home/diego/.espressif/tools/xtensa-esp-elf/esp-14.2.0_20260121/xtensa-esp-elf/bin/../xtensa-esp-elf/lib/:/home/diego/.espressif/tools/xtensa-esp-elf/esp-14.2.0_20260121/xtensa-esp-elf/bin/../xtensa-esp-elf/usr/lib/
COLLECT_GCC_OPTIONS='-mdynconfig=xtensa_esp32s3.so' '-mlongcalls' '-fno-builtin-memcpy' '-fno-builtin-memset' '-fno-builtin-bzero' '-v' '-o' 'CMakeFiles/cmTC_45c1f.dir/CMakeCCompilerABI.c.obj' '-c' '-dumpdir' 'CMakeFiles/cmTC_45c1f.dir/CMakeCCompilerABI.c.'
[2/2] Linking C executable cmTC_45c1f
Using built-in specs.
COLLECT_GCC=/home/diego/.espressif/tools/xtensa-esp-elf/esp-14.2.0_20260121/xtensa-esp-elf/bin/xtensa-esp-elf-gcc
COLLECT_LTO_WRAPPER=/home/diego/.espressif/tools/xtensa-esp-elf/esp-14.2.0_20260121/xtensa-esp-elf/bin/../libexec/gcc/xtensa-esp-elf/14.2.0/lto-wrapper
Target: xtensa-esp-elf
Configured with: /builds/idf/crosstool-NG/.build/xtensa-esp-elf/src/gcc/configure --build=x86_64-build_pc-linux-gnu --host=x86_64-build_pc-linux-gnu --target=xtensa-esp-elf --prefix=/builds/idf/crosstool-NG/builds/xtensa-esp-elf --exec_prefix=/builds/idf/crosstool-NG/builds/xtensa-esp-elf --with-local-prefix=/builds/idf/crosstool-NG/builds/xtensa-esp-elf/xtensa-esp-elf --with-sysroot=/builds/idf/crosstool-NG/builds/xtensa-esp-elf/xtensa-esp-elf --with-native-system-header-dir=/include --with-headers=/builds/idf/crosstool-NG/builds/xtensa-esp-elf/xtensa-esp-elf/include --with-newlib --enable-threads=no --disable-shared --with-pkgversion='crosstool-NG esp-14.2.0_20260121' --disable-__cxa_atexit --enable-cxx-flags='-ffunction-sections -fdata-sections' --disable-libgomp --disable-libmudflap --disable-libmpx --disable-libssp --disable-libquadmath --disable-libquadmath-support --disable-libstdcxx-verbose --with-gmp=/builds/idf/crosstool-NG/.build/xtensa-esp-elf/buildtools --with-mpfr=/builds/idf/crosstool-NG/.build/xtensa-esp-elf/buildtools --with-mpc=/builds/idf/crosstool-NG/.build/xtensa-esp-elf/buildtools --with-isl=/builds/idf/crosstool-NG/.build/xtensa-esp-elf/buildtools --enable-lto --enable-target-optspace --without-long-double-128 --enable-plugin --disable-nls --enable-multiarch --enable-languages=c,c++ --disable-libstdcxx-verbose --enable-threads=posix --enable-libstdcxx-time=yes --disable-win32-utf8-manifest
Thread model: posix
Supported LTO compression algorithms: zlib zstd
gcc version 14.2.0 (crosstool-NG esp-14.2.0_20260121) 
COMPILER_PATH=/home/diego/.espressif/tools/xtensa-esp-elf/esp-14.2.0_20260121/xtensa-esp-elf/bin/../libexec/gcc/xtensa-esp-elf/14.2.0/:/home/diego/.espressif/tools/xtensa-esp-elf/esp-14.2.0_20260121/xtensa-esp-elf/bin/../libexec/gcc/:/home/diego/.espressif/tools/xtensa-esp-elf/esp-14.2.0_20260121/xtensa-esp-elf/bin/../lib/gcc/xtensa-esp-elf/14.2.0/../../../../xtensa-esp-elf/bin/
LIBRARY_PATH=/home/diego/.espressif/tools/xtensa-esp-elf/esp-14.2.0_20260121/xtensa-esp-elf/bin/../lib/gcc/xtensa-esp-elf/14.2.0/esp32s3/no-rtti/:/home/diego/.espressif/tools/xtensa-esp-elf/esp-14.2.0_20260121/xtensa-esp-elf/bin/../lib/gcc/xtensa-esp-elf/14.2.0/../../../../xtensa-esp-elf/lib/esp32s3/no-rtti/:/home/diego/.espressif/tools/xtensa-esp-elf/esp-14.2.0_20260121/xtensa-esp-elf/bin/../xtensa-esp-elf/lib/esp32s3/no-rtti/:/home/diego/.espressif/tools/xtensa-esp-elf/esp-14.2.0_20260121/xtensa-esp-elf/bin/../lib/gcc/xtensa-esp-elf/14.2.0/:/home/diego/.espressif/tools/xtensa-esp-elf/esp-14.2.0_20260121/xtensa-esp-elf/bin/../lib/gcc/:/home/diego/.espressif/tools/xtensa-esp-elf/esp-14.2.0_20260121/xtensa-esp-elf/bin/../lib/gcc/xtensa-esp-elf/14.2.0/../../../../xtensa-esp-elf/lib/:/home/diego/.espressif/tools/xtensa-esp-elf/esp-14.2.0_20260121/xtensa-esp-elf/bin/../xtensa-esp-elf/lib/:/home/diego/.espressif/tools/xtensa-esp-elf/esp-14.2.0_20260121/xtensa-esp-elf/bin/../xtensa-esp-elf/usr/lib/
COLLECT_GCC_OPTIONS='-mdynconfig=xtensa_esp32s3.so' '-mlongcalls' '-fno-builtin-memcpy' '-fno-builtin-memset' '-fno-builtin-bzero' '-nostartfiles' '-fno-rtti' '-v' '-o' 'cmTC_45c1f' '-dumpdir' 'cmTC_45c1f.'
 /home/diego/.espressif/tools/xtensa-esp-elf/esp-14.2.0_20260121/xtensa-esp-elf/bin/../libexec/gcc/xtensa-esp-elf/14.2.0/collect2 -plugin /home/diego/.espressif/tools/xtensa-esp-elf/esp-14.2.0_20260121/xtensa-esp-elf/bin/../libexec/gcc/xtensa-esp-elf/14.2.0/liblto_plugin.so -plugin-opt=/home/diego/.espressif/tools/xtensa-esp-elf/esp-14.2.0_20260121/xtensa-esp-elf/bin/../libexec/gcc/xtensa-esp-elf/14.2.0/lto-wrapper -plugin-opt=-fresolution=/tmp/cctuXVJC.res -plugin-opt=-pass-through=-lgcc -plugin-opt=-pass-through=-lc -plugin-opt=-pass-through=-lnosys -plugin-opt=-pass-through=-lc -plugin-opt=-pass-through=-lgcc --sysroot=/home/diego/.espressif/tools/xtensa-esp-elf/esp-14.2.0_20260121/xtensa-esp-elf/bin/../xtensa-esp-elf --dynconfig=xtensa_esp32s3.so -o cmTC_45c1f -L/home/diego/.espressif/tools/xtensa-esp-elf/esp-14.2.0_20260121/xtensa-esp-elf/bin/../lib/gcc/xtensa-esp-elf/14.2.0/esp32s3/no-rtti -L/home/diego/.espressif/tools/xtensa-esp-elf/esp-14.2.0_20260121/xtensa-esp-elf/bin/../lib/gcc/xtensa-esp-elf/14.2.0/../../../../xtensa-esp-elf/lib/esp32s3/no-rtti -L/home/diego/.espressif/tools/xtensa-esp-elf/esp-14.2.0_20260121/xtensa-esp-elf/bin/../xtensa-esp-elf/lib/esp32s3/no-rtti -L/home/diego/.espressif/tools/xtensa-esp-elf/esp-14.2.0_20260121/xtensa-esp-elf/bin/../lib/gcc/xtensa-esp-elf/14.2.0 -L/home/diego/.espressif/tools/xtensa-esp-elf/esp-14.2.0_20260121/xtensa-esp-elf/bin/../lib/gcc -L/home/diego/.espressif/tools/xtensa-esp-elf/esp-14.2.0_20260121/xtensa-esp-elf/bin/../lib/gcc/xtensa-esp-elf/14.2.0/../../../../xtensa-esp-elf/lib -L/home/diego/.espressif/tools/xtensa-esp-elf/esp-14.2.0_20260121/xtensa-esp-elf/bin/../xtensa-esp-elf/lib -L/home/diego/.espressif/tools/xtensa-esp-elf/esp-14.2.0_20260121/xtensa-esp-elf/bin/../xtensa-esp-elf/usr/lib @/tmp/ccIlRn2s -lgcc -lc -lnosys -lc -lgcc
/home/diego/.espressif/tools/xtensa-esp-elf/esp-14.2.0_20260121/xtensa-esp-elf/bin/../lib/gcc/xtensa-esp-elf/14.2.0/../../../../xtensa-esp-elf/bin/ld: warning: cannot find entry symbol _start; defaulting to 00400054
COLLECT_GCC_OPTIONS='-mdynconfig=xtensa_esp32s3.so' '-mlongcalls' '-fno-builtin-memcpy' '-fno-builtin-memset' '-fno-builtin-bzero' '-nostartfiles' '-fno-rtti' '-v' '-o' 'cmTC_45c1f' '-dumpdir' 'cmTC_45c1f.'



Parsed C implicit include dir info from above output: rv=done
  found start of include info
  found start of implicit include info
    add: [/home/diego/.espressif/tools/xtensa-esp-elf/esp-14.2.0_20260121/xtensa-esp-elf/bin/../lib/gcc/xtensa-esp-elf/14.2.0/include]
    add: [/home/diego/.espressif/tools/xtensa-esp-elf/esp-14.2.0_20260121/xtensa-esp-elf/bin/../lib/gcc/xtensa-esp-elf/14.2.0/include-fixed]
    add: [/home/diego/.espressif/tools/xtensa-esp-elf/esp-14.2.0_20260121/xtensa-esp-elf/bin/../lib/gcc/xtensa-esp-elf/14.2.0/../../../../xtensa-esp-elf/include]
  end of search list found
  collapse include dir [/home/diego/.espressif/tools/xtensa-esp-elf/esp-14.2.0_20260121/xtensa-esp-elf/bin/../lib/gcc/xtensa-esp-elf/14.2.0/include] ==> [/home/diego/.espressif/tools/xtensa-esp-elf/esp-14.2.0_20260121/xtensa-esp-elf/lib/gcc/xtensa-esp-elf/14.2.0/include]
  collapse include dir [/home/diego/.espressif/tools/xtensa-esp-elf/esp-14.2.0_20260121/xtensa-esp-elf/bin/../lib/gcc/xtensa-esp-elf/14.2.0/include-fixed] ==> [/home/diego/.espressif/tools/xtensa-esp-elf/esp-14.2.0_20260121/xtensa-esp-elf/lib/gcc/xtensa-esp-elf/14.2.0/include-fixed]
  collapse include dir [/home/diego/.espressif/tools/xtensa-esp-elf/esp-14.2.0_20260121/xtensa-esp-elf/bin/../lib/gcc/xtensa-esp-elf/14.2.0/../../../../xtensa-esp-elf/include] ==> [/home/diego/.espressif/tools/xtensa-esp-elf/esp-14.2.0_20260121/xtensa-esp-elf/xtensa-esp-elf/include]
  implicit include dirs: [/home/diego/.espressif/tools/xtensa-esp-elf/esp-14.2.0_20260121/xtensa-esp-elf/lib/gcc/xtensa-esp-elf/14.2.0/include;/home/diego/.espressif/tools/xtensa-esp-elf/esp-14.2.0_20260121/xtensa-esp-elf/lib/gcc/xtensa-esp-elf/14.2.0/include-fixed;/home/diego/.espressif/tools/xtensa-esp-elf/esp-14.2.0_20260121/xtensa-esp-elf/xtensa-esp-elf/include]


Parsed C implicit link information from above output:
  link line regex: [^( *|.*[/\])(xtensa-esp32s3-elf-ld|CMAKE_LINK_STARTFILE-NOTFOUND|([^/\]+-)?ld|collect2)[^/\]*( |$)]
  ignore line: [Change Dir: /home/diego/Ros2_esp32/build/CMakeFiles/CMakeTmp]
  ignore line: []
  ignore line: [Run Build Command(s):/home/diego/.espressif/tools/ninja/1.12.1/ninja cmTC_45c1f && [1/2] Building C object CMakeFiles/cmTC_45c1f.dir/CMakeCCompilerABI.c.obj]
  ignore line: [Using built-in specs.]
  ignore line: [COLLECT_GCC=/home/diego/.espressif/tools/xtensa-esp-elf/esp-14.2.0_20260121/xtensa-esp-elf/bin/xtensa-esp-elf-gcc]
  ignore line: [Target: xtensa-esp-elf]
  ignore line: [Configured with: /builds/idf/crosstool-NG/.build/xtensa-esp-elf/src/gcc/configure --build=x86_64-build_pc-linux-gnu --host=x86_64-build_pc-linux-gnu --target=xtensa-esp-elf --prefix=/builds/idf/crosstool-NG/builds/xtensa-esp-elf --exec_prefix=/builds/idf/crosstool-NG/builds/xtensa-esp-elf --with-local-prefix=/builds/idf/crosstool-NG/builds/xtensa-esp-elf/xtensa-esp-elf --with-sysroot=/builds/idf/crosstool-NG/builds/xtensa-esp-elf/xtensa-esp-elf --with-native-system-header-dir=/include --with-headers=/builds/idf/crosstool-NG/builds/xtensa-esp-elf/xtensa-esp-elf/include --with-newlib --enable-threads=no --disable-shared --with-pkgversion='crosstool-NG esp-14.2.0_20260121' --disable-__cxa_atexit --enable-cxx-flags='-ffunction-sections -fdata-sections' --disable-libgomp --disable-libmudflap --disable-libmpx --disable-libssp --disable-libquadmath --disable-libquadmath-support --disable-libstdcxx-verbose --with-gmp=/builds/idf/crosstool-NG/.build/xtensa-esp-elf/buildtools --with-mpfr=/builds/idf/crosstool-NG/.build/xtensa-esp-elf/buildtools --with-mpc=/builds/idf/crosstool-NG/.build/xtensa-esp-elf/buildtools --with-isl=/builds/idf/crosstool-NG/.build/xtensa-esp-elf/buildtools --enable-lto --enable-target-optspace --without-long-double-128 --enable-plugin --disable-nls --enable-multiarch --enable-languages=c c++ --disable-libstdcxx-verbose --enable-threads=posix --enable-libstdcxx-time=yes --disable-win32-utf8-manifest]
  ignore line: [Thread model: posix]
  ignore line: [Supported LTO compression algorithms: zlib zstd]
  ignore line: [gcc version 14.2.0 (crosstool-NG esp-14.2.0_20260121) ]
  ignore line: [COLLECT_GCC_OPTIONS='-mdynconfig=xtensa_esp32s3.so' '-mlongcalls' '-fno-builtin-memcpy' '-fno-builtin-memset' '-fno-builtin-bzero' '-v' '-o' 'CMakeFiles/cmTC_45c1f.dir/CMakeCCompilerABI.c.obj' '-c' '-dumpdir' 'CMakeFiles/cmTC_45c1f.dir/']
  ignore line: [ /home/diego/.espressif/tools/xtensa-esp-elf/esp-14.2.0_20260121/xtensa-esp-elf/bin/../libexec/gcc/xtensa-esp-elf/14.2.0/cc1 -quiet -v -imultilib esp32s3 -iprefix /home/diego/.espressif/tools/xtensa-esp-elf/esp-14.2.0_20260121/xtensa-esp-elf/bin/../lib/gcc/xtensa-esp-elf/14.2.0/ -isysroot /home/diego/.espressif/tools/xtensa-esp-elf/esp-14.2.0_20260121/xtensa-esp-elf/bin/../xtensa-esp-elf /usr/share/cmake-3.22/Modules/CMakeCCompilerABI.c -quiet -dumpdir CMakeFiles/cmTC_45c1f.dir/ -dumpbase CMakeCCompilerABI.c.c -dumpbase-ext .c -mdynconfig=xtensa_esp32s3.so -mlongcalls -version -fno-builtin-memcpy -fno-builtin-memset -fno-builtin-bzero -o /tmp/ccjIsCfK.s]
  ignore line: [GNU C17 (crosstool-NG esp-14.2.0_20260121) version 14.2.0 (xtensa-esp-elf)]
  ignore line: [	compiled by GNU C version 6.3.0  GMP version 6.3.0  MPFR version 4.2.1  MPC version 1.3.1  isl version isl-0.26-GMP]
  ignore line: []
  ignore line: [GGC heuristics: --param ggc-min-expand=100 --param ggc-min-heapsize=131072]
  ignore line: [ignoring duplicate directory "/home/diego/.espressif/tools/xtensa-esp-elf/esp-14.2.0_20260121/xtensa-esp-elf/bin/../lib/gcc/../../lib/gcc/xtensa-esp-elf/14.2.0/include"]
  ignore line: [ignoring nonexistent directory "/home/diego/.espressif/tools/xtensa-esp-elf/esp-14.2.0_20260121/xtensa-esp-elf/bin/../xtensa-esp-elf/builds/idf/crosstool-NG/builds/xtensa-esp-elf/xtensa-esp-elf/include"]
  ignore line: [ignoring duplicate directory "/home/diego/.espressif/tools/xtensa-esp-elf/esp-14.2.0_20260121/xtensa-esp-elf/bin/../lib/gcc/../../lib/gcc/xtensa-esp-elf/14.2.0/include-fixed"]
  ignore line: [ignoring duplicate directory "/home/diego/.espressif/tools/xtensa-esp-elf/esp-14.2.0_20260121/xtensa-esp-elf/bin/../lib/gcc/../../lib/gcc/xtensa-esp-elf/14.2.0/../../../../xtensa-esp-elf/include"]
  ignore line: [ignoring duplicate directory "/home/diego/.espressif/tools/xtensa-esp-elf/esp-14.2.0_20260121/xtensa-esp-elf/bin/../xtensa-esp-elf/include"]
  ignore line: [#include "..." search starts here:]
  ignore line: [#include <...> search starts here:]
  ignore line: [ /home/diego/.espressif/tools/xtensa-esp-elf/esp-14.2.0_20260121/xtensa-esp-elf/bin/../lib/gcc/xtensa-esp-elf/14.2.0/include]
  ignore line: [ /home/diego/.espressif/tools/xtensa-esp-elf/esp-14.2.0_20260121/xtensa-esp-elf/bin/../lib/gcc/xtensa-esp-elf/14.2.0/include-fixed]
  ignore line: [ /home/diego/.espressif/tools/xtensa-esp-elf/esp-14.2.0_20260121/xtensa-esp-elf/bin/../lib/gcc/xtensa-esp-elf/14.2.0/../../../../xtensa-esp-elf/include]
  ignore line: [End of search list.]
  ignore line: [Compiler executable checksum: 709abf7e99d4c633116df3b91860509f]
  ignore line: [COLLECT_GCC_OPTIONS='-mdynconfig=xtensa_esp32s3.so' '-mlongcalls' '-fno-builtin-memcpy' '-fno-builtin-memset' '-fno-builtin-bzero' '-v' '-o' 'CMakeFiles/cmTC_45c1f.dir/CMakeCCompilerABI.c.obj' '-c' '-dumpdir' 'CMakeFiles/cmTC_45c1f.dir/']
  ignore line: [ /home/diego/.espressif/tools/xtensa-esp-elf/esp-14.2.0_20260121/xtensa-esp-elf/bin/../lib/gcc/xtensa-esp-elf/14.2.0/../../../../xtensa-esp-elf/bin/as --traditional-format --longcalls --dynconfig=xtensa_esp32s3.so -o CMakeFiles/cmTC_45c1f.dir/CMakeCCompilerABI.c.obj /tmp/ccjIsCfK.s]
  ignore line: [COMPILER_PATH=/home/diego/.espressif/tools/xtensa-esp-elf/esp-14.2.0_20260121/xtensa-esp-elf/bin/../libexec/gcc/xtensa-esp-elf/14.2.0/:/home/diego/.espressif/tools/xtensa-esp-elf/esp-14.2.0_20260121/xtensa-esp-elf/bin/../libexec/gcc/:/home/diego/.espressif/tools/xtensa-esp-elf/esp-14.2.0_20260121/xtensa-esp-elf/bin/../lib/gcc/xtensa-esp-elf/14.2.0/../../../../xtensa-esp-elf/bin/]
  ignore line: [LIBRARY_PATH=/home/diego/.espressif/tools/xtensa-esp-elf/esp-14.2.0_20260121/xtensa-esp-elf/bin/../lib/gcc/xtensa-esp-elf/14.2.0/esp32s3/:/home/diego/.espressif/tools/xtensa-esp-elf/esp-14.2.0_20260121/xtensa-esp-elf/bin/../lib/gcc/xtensa-esp-elf/14.2.0/../../../../xtensa-esp-elf/lib/esp32s3/:/home/diego/.espressif/tools/xtensa-esp-elf/esp-14.2.0_20260121/xtensa-esp-elf/bin/../xtensa-esp-elf/lib/esp32s3/:/home/diego/.espressif/tools/xtensa-esp-elf/esp-14.2.0_20260121/xtensa-esp-elf/bin/../lib/gcc/xtensa-esp-elf/14.2.0/:/home/diego/.espressif/tools/xtensa-esp-elf/esp-14.2.0_20260121/xtensa-esp-elf/bin/../lib/gcc/:/home/diego/.espressif/tools/xtensa-esp-elf/esp-14.2.0_20260121/xtensa-esp-elf/bin/../lib/gcc/xtensa-esp-elf/14.2.0/../../../../xtensa-esp-elf/lib/:/home/diego/.espressif/tools/xtensa-esp-elf/esp-14.2.0_20260121/xtensa-esp-elf/bin/../xtensa-esp-elf/lib/:/home/diego/.espressif/tools/xtensa-esp-elf/esp-14.2.0_20260121/xtensa-esp-elf/bin/../xtensa-esp-elf/usr/lib/]
  ignore line: [COLLECT_GCC_OPTIONS='-mdynconfig=xtensa_esp32s3.so' '-mlongcalls' '-fno-builtin-memcpy' '-fno-builtin-memset' '-fno-builtin-bzero' '-v' '-o' 'CMakeFiles/cmTC_45c1f.dir/CMakeCCompilerABI.c.obj' '-c' '-dumpdir' 'CMakeFiles/cmTC_45c1f.dir/CMakeCCompilerABI.c.']
  ignore line: [[2/2] Linking C executable cmTC_45c1f]
  ignore line: [Using built-in specs.]
  ignore line: [COLLECT_GCC=/home/diego/.espressif/tools/xtensa-esp-elf/esp-14.2.0_20260121/xtensa-esp-elf/bin/xtensa-esp-elf-gcc]
  ignore line: [COLLECT_LTO_WRAPPER=/home/diego/.espressif/tools/xtensa-esp-elf/esp-14.2.0_20260121/xtensa-esp-elf/bin/../libexec/gcc/xtensa-esp-elf/14.2.0/lto-wrapper]
  ignore line: [Target: xtensa-esp-elf]
  ignore line: [Configured with: /builds/idf/crosstool-NG/.build/xtensa-esp-elf/src/gcc/configure --build=x86_64-build_pc-linux-gnu --host=x86_64-build_pc-linux-gnu --target=xtensa-esp-elf --prefix=/builds/idf/crosstool-NG/builds/xtensa-esp-elf --exec_prefix=/builds/idf/crosstool-NG/builds/xtensa-esp-elf --with-local-prefix=/builds/idf/crosstool-NG/builds/xtensa-esp-elf/xtensa-esp-elf --with-sysroot=/builds/idf/crosstool-NG/builds/xtensa-esp-elf/xtensa-esp-elf --with-native-system-header-dir=/include --with-headers=/builds/idf/crosstool-NG/builds/xtensa-esp-elf/xtensa-esp-elf/include --with-newlib --enable-threads=no --disable-shared --with-pkgversion='crosstool-NG esp-14.2.0_20260121' --disable-__cxa_atexit --enable-cxx-flags='-ffunction-sections -fdata-sections' --disable-libgomp --disable-libmudflap --disable-libmpx --disable-libssp --disable-libquadmath --disable-libquadmath-support --disable-libstdcxx-verbose --with-gmp=/builds/idf/crosstool-NG/.build/xtensa-esp-elf/buildtools --with-mpfr=/builds/idf/crosstool-NG/.build/xtensa-esp-elf/buildtools --with-mpc=/builds/idf/crosstool-NG/.build/xtensa-esp-elf/buildtools --with-isl=/builds/idf/crosstool-NG/.build/xtensa-esp-elf/buildtools --enable-lto --enable-target-optspace --without-long-double-128 --enable-plugin --disable-nls --enable-multiarch --enable-languages=c c++ --disable-libstdcxx-verbose --enable-threads=posix --enable-libstdcxx-time=yes --disable-win32-utf8-manifest]
  ignore line: [Thread model: posix]
  ignore line: [Supported LTO compression algorithms: zlib zstd]
  ignore line: [gcc version 14.2.0 (crosstool-NG esp-14.2.0_20260121) ]
  ignore line: [COMPILER_PATH=/home/diego/.espressif/tools/xtensa-esp-elf/esp-14.2.0_20260121/xtensa-esp-elf/bin/../libexec/gcc/xtensa-esp-elf/14.2.0/:/home/diego/.espressif/tools/xtensa-esp-elf/esp-14.2.0_20260121/xtensa-esp-elf/bin/../libexec/gcc/:/home/diego/.espressif/tools/xtensa-esp-elf/esp-14.2.0_20260121/xtensa-esp-elf/bin/../lib/gcc/xtensa-esp-elf/14.2.0/../../../../xtensa-esp-elf/bin/]
  ignore line: [LIBRARY_PATH=/home/diego/.espressif/tools/xtensa-esp-elf/esp-14.2.0_20260121/xtensa-esp-elf/bin/../lib/gcc/xtensa-esp-elf/14.2.0/esp32s3/no-rtti/:/home/diego/.espressif/tools/xtensa-esp-elf/esp-14.2.0_20260121/xtensa-esp-elf/bin/../lib/gcc/xtensa-esp-elf/14.2.0/../../../../xtensa-esp-elf/lib/esp32s3/no-rtti/:/home/diego/.espressif/tools/xtensa-esp-elf/esp-14.2.0_20260121/xtensa-esp-elf/bin/../xtensa-esp-elf/lib/esp32s3/no-rtti/:/home/diego/.espressif/tools/xtensa-esp-elf/esp-14.2.0_20260121/xtensa-esp-elf/bin/../lib/gcc/xtensa-esp-elf/14.2.0/:/home/diego/.espressif/tools/xtensa-esp-elf/esp-14.2.0_20260121/xtensa-esp-elf/bin/../lib/gcc/:/home/diego/.espressif/tools/xtensa-esp-elf/esp-14.2.0_20260121/xtensa-esp-elf/bin/../lib/gcc/xtensa-esp-elf/14.2.0/../../../../xtensa-esp-elf/lib/:/home/diego/.espressif/tools/xtensa-esp-elf/esp-14.2.0_20260121/xtensa-esp-elf/bin/../xtensa-esp-elf/lib/:/home/diego/.espressif/tools/xtensa-esp-elf/esp-14.2.0_20260121/xtensa-esp-elf/bin/../xtensa-esp-elf/usr/lib/]
  ignore line: [COLLECT_GCC_OPTIONS='-mdynconfig=xtensa_esp32s3.so' '-mlongcalls' '-fno-builtin-memcpy' '-fno-builtin-memset' '-fno-builtin-bzero' '-nostartfiles' '-fno-rtti' '-v' '-o' 'cmTC_45c1f' '-dumpdir' 'cmTC_45c1f.']
  link line: [ /home/diego/.espressif/tools/xtensa-esp-elf/esp-14.2.0_20260121/xtensa-esp-elf/bin/../libexec/gcc/xtensa-esp-elf/14.2.0/collect2 -plugin /home/diego/.espressif/tools/xtensa-esp-elf/esp-14.2.0_20260121/xtensa-esp-elf/bin/../libexec/gcc/xtensa-esp-elf/14.2.0/liblto_plugin.so -plugin-opt=/home/diego/.espressif/tools/xtensa-esp-elf/esp-14.2.0_20260121/xtensa-esp-elf/bin/../libexec/gcc/xtensa-esp-elf/14.2.0/lto-wrapper -plugin-opt=-fresolution=/tmp/cctuXVJC.res -plugin-opt=-pass-through=-lgcc -plugin-opt=-pass-through=-lc -plugin-opt=-pass-through=-lnosys -plugin-opt=-pass-through=-lc -plugin-opt=-pass-through=-lgcc --sysroot=/home/diego/.espressif/tools/xtensa-esp-elf/esp-14.2.0_20260121/xtensa-esp-elf/bin/../xtensa-esp-elf --dynconfig=xtensa_esp32s3.so -o cmTC_45c1f -L/home/diego/.espressif/tools/xtensa-esp-elf/esp-14.2.0_20260121/xtensa-esp-elf/bin/../lib/gcc/xtensa-esp-elf/14.2.0/esp32s3/no-rtti -L/home/diego/.espressif/tools/xtensa-esp-elf/esp-14.2.0_20260121/xtensa-esp-elf/bin/../lib/gcc/xtensa-esp-elf/14.2.0/../../../../xtensa-esp-elf/lib/esp32s3/no-rtti -L/home/diego/.espressif/tools/xtensa-esp-elf/esp-14.2.0_20260121/xtensa-esp-elf/bin/../xtensa-esp-elf/lib/esp32s3/no-rtti -L/home/diego/.espressif/tools/xtensa-esp-elf/esp-14.2.0_20260121/xtensa-esp-elf/bin/../lib/gcc/xtensa-esp-elf/14.2.0 -L/home/diego/.espressif/tools/xtensa-esp-elf/esp-14.2.0_20260121/xtensa-esp-elf/bin/../lib/gcc -L/home/diego/.espressif/tools/xtensa-esp-elf/esp-14.2.0_20260121/xtensa-esp-elf/bin/../lib/gcc/xtensa-esp-elf/14.2.0/../../../../xtensa-esp-elf/lib -L/home/diego/.espressif/tools/xtensa-esp-elf/esp-14.2.0_20260121/xtensa-esp-elf/bin/../xtensa-esp-elf/lib -L/home/diego/.espressif/tools/xtensa-esp-elf/esp-14.2.0_20260121/xtensa-esp-elf/bin/../xtensa-esp-elf/usr/lib @/tmp/ccIlRn2s -lgcc -lc -lnosys -lc -lgcc]
    arg [/home/diego/.espressif/tools/xtensa-esp-elf/esp-14.2.0_20260121/xtensa-esp-elf/bin/../libexec/gcc/xtensa-esp-elf/14.2.0/collect2] ==> ignore
    arg [-plugin] ==> ignore
    arg [/home/diego/.espressif/tools/xtensa-esp-elf/esp-14.2.0_20260121/xtensa-esp-elf/bin/../libexec/gcc/xtensa-esp-elf/14.2.0/liblto_plugin.so] ==> ignore
    arg [-plugin-opt=/home/diego/.espressif/tools/xtensa-esp-elf/esp-14.2.0_20260121/xtensa-esp-elf/bin/../libexec/gcc/xtensa-esp-elf/14.2.0/lto-wrapper] ==> ignore
    arg [-plugin-opt=-fresolution=/tmp/cctuXVJC.res] ==> ignore
    arg [-plugin-opt=-pass-through=-lgcc] ==> ignore
    arg [-plugin-opt=-pass-through=-lc] ==> ignore
    arg [-plugin-opt=-pass-through=-lnosys] ==> ignore
    arg [-plugin-opt=-pass-through=-lc] ==> ignore
    arg [-plugin-opt=-pass-through=-lgcc] ==> ignore
    arg [--sysroot=/home/diego/.espressif/tools/xtensa-esp-elf/esp-14.2.0_20260121/xtensa-esp-elf/bin/../xtensa-esp-elf] ==> ignore
    arg [--dynconfig=xtensa_esp32s3.so] ==> ignore
    arg [-o] ==> ignore
    arg [cmTC_45c1f] ==> ignore
    arg [-L/home/diego/.espressif/tools/xtensa-esp-elf/esp-14.2.0_20260121/xtensa-esp-elf/bin/../lib/gcc/xtensa-esp-elf/14.2.0/esp32s3/no-rtti] ==> dir [/home/diego/.espressif/tools/xtensa-esp-elf/esp-14.2.0_20260121/xtensa-esp-elf/bin/../lib/gcc/xtensa-esp-elf/14.2.0/esp32s3/no-rtti]
    arg [-L/home/diego/.espressif/tools/xtensa-esp-elf/esp-14.2.0_20260121/xtensa-esp-elf/bin/../lib/gcc/xtensa-esp-elf/14.2.0/../../../../xtensa-esp-elf/lib/esp32s3/no-rtti] ==> dir [/home/diego/.espressif/tools/xtensa-esp-elf/esp-14.2.0_20260121/xtensa-esp-elf/bin/../lib/gcc/xtensa-esp-elf/14.2.0/../../../../xtensa-esp-elf/lib/esp32s3/no-rtti]
    arg [-L/home/diego/.espressif/tools/xtensa-esp-elf/esp-14.2.0_20260121/xtensa-esp-elf/bin/../xtensa-esp-elf/lib/esp32s3/no-rtti] ==> dir [/home/diego/.espressif/tools/xtensa-esp-elf/esp-14.2.0_20260121/xtensa-esp-elf/bin/../xtensa-esp-elf/lib/esp32s3/no-rtti]
    arg [-L/home/diego/.espressif/tools/xtensa-esp-elf/esp-14.2.0_20260121/xtensa-esp-elf/bin/../lib/gcc/xtensa-esp-elf/14.2.0] ==> dir [/home/diego/.espressif/tools/xtensa-esp-elf/esp-14.2.0_20260121/xtensa-esp-elf/bin/../lib/gcc/xtensa-esp-elf/14.2.0]
    arg [-L/home/diego/.espressif/tools/xtensa-esp-elf/esp-14.2.0_20260121/xtensa-esp-elf/bin/../lib/gcc] ==> dir [/home/diego/.espressif/tools/xtensa-esp-elf/esp-14.2.0_20260121/xtensa-esp-elf/bin/../lib/gcc]
    arg [-L/home/diego/.espressif/tools/xtensa-esp-elf/esp-14.2.0_20260121/xtensa-esp-elf/bin/../lib/gcc/xtensa-esp-elf/14.2.0/../../../../xtensa-esp-elf/lib] ==> dir [/home/diego/.espressif/tools/xtensa-esp-elf/esp-14.2.0_20260121/xtensa-esp-elf/bin/../lib/gcc/xtensa-esp-elf/14.2.0/../../../../xtensa-esp-elf/lib]
    arg [-L/home/diego/.espressif/tools/xtensa-esp-elf/esp-14.2.0_20260121/xtensa-esp-elf/bin/../xtensa-esp-elf/lib] ==> dir [/home/diego/.espressif/tools/xtensa-esp-elf/esp-14.2.0_20260121/xtensa-esp-elf/bin/../xtensa-esp-elf/lib]
    arg [-L/home/diego/.espressif/tools/xtensa-esp-elf/esp-14.2.0_20260121/xtensa-esp-elf/bin/../xtensa-esp-elf/usr/lib] ==> dir [/home/diego/.espressif/tools/xtensa-esp-elf/esp-14.2.0_20260121/xtensa-esp-elf/bin/../xtensa-esp-elf/usr/lib]
    arg [@/tmp/ccIlRn2s] ==> ignore
    arg [-lgcc] ==> lib [gcc]
    arg [-lc] ==> lib [c]
    arg [-lnosys] ==> lib [nosys]
    arg [-lc] ==> lib [c]
    arg [-lgcc] ==> lib [gcc]
  collapse library dir [/home/diego/.espressif/tools/xtensa-esp-elf/esp-14.2.0_20260121/xtensa-esp-elf/bin/../lib/gcc/xtensa-esp-elf/14.2.0/esp32s3/no-rtti] ==> [/home/diego/.espressif/tools/xtensa-esp-elf/esp-14.2.0_20260121/xtensa-esp-elf/lib/gcc/xtensa-esp-elf/14.2.0/esp32s3/no-rtti]
  collapse library dir [/home/diego/.espressif/tools/xtensa-esp-elf/esp-14.2.0_20260121/xtensa-esp-elf/bin/../lib/gcc/xtensa-esp-elf/14.2.0/../../../../xtensa-esp-elf/lib/esp32s3/no-rtti] ==> [/home/diego/.espressif/tools/xtensa-esp-elf/esp-14.2.0_20260121/xtensa-esp-elf/xtensa-esp-elf/lib/esp32s3/no-rtti]
  collapse library dir [/home/diego/.espressif/tools/xtensa-esp-elf/esp-14.2.0_20260121/xtensa-esp-elf/bin/../xtensa-esp-elf/lib/esp32s3/no-rtti] ==> [/home/diego/.espressif/tools/xtensa-esp-elf/esp-14.2.0_20260121/xtensa-esp-elf/xtensa-esp-elf/lib/esp32s3/no-rtti]
  collapse library dir [/home/diego/.espressif/tools/xtensa-esp-elf/esp-14.2.0_20260121/xtensa-esp-elf/bin/../lib/gcc/xtensa-esp-elf/14.2.0] ==> [/home/diego/.espressif/tools/xtensa-esp-elf/esp-14.2.0_20260121/xtensa-esp-elf/lib/gcc/xtensa-esp-elf/14.2.0]
  collapse library dir [/home/diego/.espressif/tools/xtensa-esp-elf/esp-14.2.0_20260121/xtensa-esp-elf/bin/../lib/gcc] ==> [/home/diego/.espressif/tools/xtensa-esp-elf/esp-14.2.0_20260121/xtensa-esp-elf/lib/gcc]
  collapse library dir [/home/diego/.espressif/tools/xtensa-esp-elf/esp-14.2.0_20260121/xtensa-esp-elf/bin/../lib/gcc/xtensa-esp-elf/14.2.0/../../../../xtensa-esp-elf/lib] ==> [/home/diego/.espressif/tools/xtensa-esp-elf/esp-14.2.0_20260121/xtensa-esp-elf/xtensa-esp-elf/lib]
  collapse library dir [/home/diego/.espressif/tools/xtensa-esp-elf/esp-14.2.0_20260121/xtensa-esp-elf/bin/../xtensa-esp-elf/lib] ==> [/home/diego/.espressif/tools/xtensa-esp-elf/esp-14.2.0_20260121/xtensa-esp-elf/xtensa-esp-elf/lib]
  collapse library dir [/home/diego/.espressif/tools/xtensa-esp-elf/esp-14.2.0_20260121/xtensa-esp-elf/bin/../xtensa-esp-elf/usr/lib] ==> [/home/diego/.espressif/tools/xtensa-esp-elf/esp-14.2.0_20260121/xtensa-esp-elf/xtensa-esp-elf/usr/lib]
  implicit libs: [gcc;c;nosys;c;gcc]
  implicit objs: []
  implicit dirs: [/home/diego/.espressif/tools/xtensa-esp-elf/esp-14.2.0_20260121/xtensa-esp-elf/lib/gcc/xtensa-esp-elf/14.2.0/esp32s3/no-rtti;/home/diego/.espressif/tools/xtensa-esp-elf/esp-14.2.0_20260121/xtensa-esp-elf/xtensa-esp-elf/lib/esp32s3/no-rtti;/home/diego/.espressif/tools/xtensa-esp-elf/esp-14.2.0_20260121/xtensa-esp-elf/lib/gcc/xtensa-esp-elf/14.2.0;/home/diego/.espressif/tools/xtensa-esp-elf/esp-14.2.0_20260121/xtensa-esp-elf/lib/gcc;/home/diego/.espressif/tools/xtensa-esp-elf/esp-14.2.0_20260121/xtensa-esp-elf/xtensa-esp-elf/lib;/home/diego/.espressif/tools/xtensa-esp-elf/esp-14.2.0_20260121/xtensa-esp-elf/xtensa-esp-elf/usr/lib]
  implicit fwks: []


Detecting CXX compiler ABI info compiled with the following output:
Change Dir: /home/diego/Ros2_esp32/build/CMakeFiles/CMakeTmp

Run Build Command(s):/home/diego/.espressif/tools/ninja/1.12.1/ninja cmTC_3dc30 && [1/2] Building CXX object CMakeFiles/cmTC_3dc30.dir/CMakeCXXCompilerABI.cpp.obj
Using built-in specs.
COLLECT_GCC=/home/diego/.espressif/tools/xtensa-esp-elf/esp-14.2.0_20260121/xtensa-esp-elf/bin/xtensa-esp-elf-g++
Target: xtensa-esp-elf
Configured with: /builds/idf/crosstool-NG/.build/xtensa-esp-elf/src/gcc/configure --build=x86_64-build_pc-linux-gnu --host=x86_64-build_pc-linux-gnu --target=xtensa-esp-elf --prefix=/builds/idf/crosstool-NG/builds/xtensa-esp-elf --exec_prefix=/builds/idf/crosstool-NG/builds/xtensa-esp-elf --with-local-prefix=/builds/idf/crosstool-NG/builds/xtensa-esp-elf/xtensa-esp-elf --with-sysroot=/builds/idf/crosstool-NG/builds/xtensa-esp-elf/xtensa-esp-elf --with-native-system-header-dir=/include --with-headers=/builds/idf/crosstool-NG/builds/xtensa-esp-elf/xtensa-esp-elf/include --with-newlib --enable-threads=no --disable-shared --with-pkgversion='crosstool-NG esp-14.2.0_20260121' --disable-__cxa_atexit --enable-cxx-flags='-ffunction-sections -fdata-sections' --disable-libgomp --disable-libmudflap --disable-libmpx --disable-libssp --disable-libquadmath --disable-libquadmath-support --disable-libstdcxx-verbose --with-gmp=/builds/idf/crosstool-NG/.build/xtensa-esp-elf/buildtools --with-mpfr=/builds/idf/crosstool-NG/.build/xtensa-esp-elf/buildtools --with-mpc=/builds/idf/crosstool-NG/.build/xtensa-esp-elf/buildtools --with-isl=/builds/idf/crosstool-NG/.build/xtensa-esp-elf/buildtools --enable-lto --enable-target-optspace --without-long-double-128 --enable-plugin --disable-nls --enable-multiarch --enable-languages=c,c++ --disable-libstdcxx-verbose --enable-threads=posix --enable-libstdcxx-time=yes --disable-win32-utf8-manifest
Thread model: posix
Supported LTO compression algorithms: zlib zstd
gcc version 14.2.0 (crosstool-NG esp-14.2.0_20260121) 
COLLECT_GCC_OPTIONS='-mdynconfig=xtensa_esp32s3.so' '-mlongcalls' '-fno-builtin-memcpy' '-fno-builtin-memset' '-fno-builtin-bzero' '-fno-rtti' '-v' '-o' 'CMakeFiles/cmTC_3dc30.dir/CMakeCXXCompilerABI.cpp.obj' '-c' '-dumpdir' 'CMakeFiles/cmTC_3dc30.dir/'
 /home/diego/.espressif/tools/xtensa-esp-elf/esp-14.2.0_20260121/xtensa-esp-elf/bin/../libexec/gcc/xtensa-esp-elf/14.2.0/cc1plus -quiet -v -imultilib esp32s3/no-rtti -iprefix /home/diego/.espressif/tools/xtensa-esp-elf/esp-14.2.0_20260121/xtensa-esp-elf/bin/../lib/gcc/xtensa-esp-elf/14.2.0/ -isysroot /home/diego/.espressif/tools/xtensa-esp-elf/esp-14.2.0_20260121/xtensa-esp-elf/bin/../xtensa-esp-elf /usr/share/cmake-3.22/Modules/CMakeCXXCompilerABI.cpp -quiet -dumpdir CMakeFiles/cmTC_3dc30.dir/ -dumpbase CMakeCXXCompilerABI.cpp.cpp -dumpbase-ext .cpp -mdynconfig=xtensa_esp32s3.so -mlongcalls -version -fno-builtin-memcpy -fno-builtin-memset -fno-builtin-bzero -fno-rtti -o /tmp/ccgcAcwK.s
GNU C++17 (crosstool-NG esp-14.2.0_20260121) version 14.2.0 (xtensa-esp-elf)
	compiled by GNU C version 6.3.0, GMP version 6.3.0, MPFR version 4.2.1, MPC version 1.3.1, isl version isl-0.26-GMP

GGC heuristics: --param ggc-min-expand=100 --param ggc-min-heapsize=131072
ignoring duplicate directory "/home/diego/.espressif/tools/xtensa-esp-elf/esp-14.2.0_20260121/xtensa-esp-elf/bin/../lib/gcc/../../lib/gcc/xtensa-esp-elf/14.2.0/../../../../xtensa-esp-elf/include/c++/14.2.0"
ignoring duplicate directory "/home/diego/.espressif/tools/xtensa-esp-elf/esp-14.2.0_20260121/xtensa-esp-elf/bin/../lib/gcc/../../lib/gcc/xtensa-esp-elf/14.2.0/../../../../xtensa-esp-elf/include/c++/14.2.0/xtensa-esp-elf/esp32s3/no-rtti"
ignoring duplicate directory "/home/diego/.espressif/tools/xtensa-esp-elf/esp-14.2.0_20260121/xtensa-esp-elf/bin/../lib/gcc/../../lib/gcc/xtensa-esp-elf/14.2.0/../../../../xtensa-esp-elf/include/c++/14.2.0/backward"
ignoring duplicate directory "/home/diego/.espressif/tools/xtensa-esp-elf/esp-14.2.0_20260121/xtensa-esp-elf/bin/../lib/gcc/../../lib/gcc/xtensa-esp-elf/14.2.0/include"
ignoring nonexistent directory "/home/diego/.espressif/tools/xtensa-esp-elf/esp-14.2.0_20260121/xtensa-esp-elf/bin/../xtensa-esp-elf/builds/idf/crosstool-NG/builds/xtensa-esp-elf/xtensa-esp-elf/include"
ignoring duplicate directory "/home/diego/.espressif/tools/xtensa-esp-elf/esp-14.2.0_20260121/xtensa-esp-elf/bin/../lib/gcc/../../lib/gcc/xtensa-esp-elf/14.2.0/include-fixed"
ignoring duplicate directory "/home/diego/.espressif/tools/xtensa-esp-elf/esp-14.2.0_20260121/xtensa-esp-elf/bin/../lib/gcc/../../lib/gcc/xtensa-esp-elf/14.2.0/../../../../xtensa-esp-elf/include"
ignoring duplicate directory "/home/diego/.espressif/tools/xtensa-esp-elf/esp-14.2.0_20260121/xtensa-esp-elf/bin/../xtensa-esp-elf/include"
#include "..." search starts here:
#include <...> search starts here:
 /home/diego/.espressif/tools/xtensa-esp-elf/esp-14.2.0_20260121/xtensa-esp-elf/bin/../lib/gcc/xtensa-esp-elf/14.2.0/../../../../xtensa-esp-elf/include/c++/14.2.0
 /home/diego/.espressif/tools/xtensa-esp-elf/esp-14.2.0_20260121/xtensa-esp-elf/bin/../lib/gcc/xtensa-esp-elf/14.2.0/../../../../xtensa-esp-elf/include/c++/14.2.0/xtensa-esp-elf/esp32s3/no-rtti
 /home/diego/.espressif/tools/xtensa-esp-elf/esp-14.2.0_20260121/xtensa-esp-elf/bin/../lib/gcc/xtensa-esp-elf/14.2.0/../../../../xtensa-esp-elf/include/c++/14.2.0/backward
 /home/diego/.espressif/tools/xtensa-esp-elf/esp-14.2.0_20260121/xtensa-esp-elf/bin/../lib/gcc/xtensa-esp-elf/14.2.0/include
 /home/diego/.espressif/tools/xtensa-esp-elf/esp-14.2.0_20260121/xtensa-esp-elf/bin/../lib/gcc/xtensa-esp-elf/14.2.0/include-fixed
 /home/diego/.espressif/tools/xtensa-esp-elf/esp-14.2.0_20260121/xtensa-esp-elf/bin/../lib/gcc/xtensa-esp-elf/14.2.0/../../../../xtensa-esp-elf/include
End of search list.
Compiler executable checksum: a254981dd59757a59628c9ca49d36a87
COLLECT_GCC_OPTIONS='-mdynconfig=xtensa_esp32s3.so' '-mlongcalls' '-fno-builtin-memcpy' '-fno-builtin-memset' '-fno-builtin-bzero' '-fno-rtti' '-v' '-o' 'CMakeFiles/cmTC_3dc30.dir/CMakeCXXCompilerABI.cpp.obj' '-c' '-dumpdir' 'CMakeFiles/cmTC_3dc30.dir/'
 /home/diego/.espressif/tools/xtensa-esp-elf/esp-14.2.0_20260121/xtensa-esp-elf/bin/../lib/gcc/xtensa-esp-elf/14.2.0/../../../../xtensa-esp-elf/bin/as --traditional-format --longcalls --dynconfig=xtensa_esp32s3.so -o CMakeFiles/cmTC_3dc30.dir/CMakeCXXCompilerABI.cpp.obj /tmp/ccgcAcwK.s
COMPILER_PATH=/home/diego/.espressif/tools/xtensa-esp-elf/esp-14.2.0_20260121/xtensa-esp-elf/bin/../libexec/gcc/xtensa-esp-elf/14.2.0/:/home/diego/.espressif/tools/xtensa-esp-elf/esp-14.2.0_20260121/xtensa-esp-elf/bin/../libexec/gcc/:/home/diego/.espressif/tools/xtensa-esp-elf/esp-14.2.0_20260121/xtensa-esp-elf/bin/../lib/gcc/xtensa-esp-elf/14.2.0/../../../../xtensa-esp-elf/bin/
LIBRARY_PATH=/home/diego/.espressif/tools/xtensa-esp-elf/esp-14.2.0_20260121/xtensa-esp-elf/bin/../lib/gcc/xtensa-esp-elf/14.2.0/esp32s3/no-rtti/:/home/diego/.espressif/tools/xtensa-esp-elf/esp-14.2.0_20260121/xtensa-esp-elf/bin/../lib/gcc/xtensa-esp-elf/14.2.0/../../../../xtensa-esp-elf/lib/esp32s3/no-rtti/:/home/diego/.espressif/tools/xtensa-esp-elf/esp-14.2.0_20260121/xtensa-esp-elf/bin/../xtensa-esp-elf/lib/esp32s3/no-rtti/:/home/diego/.espressif/tools/xtensa-esp-elf/esp-14.2.0_20260121/xtensa-esp-elf/bin/../lib/gcc/xtensa-esp-elf/14.2.0/:/home/diego/.espressif/tools/xtensa-esp-elf/esp-14.2.0_20260121/xtensa-esp-elf/bin/../lib/gcc/:/home/diego/.espressif/tools/xtensa-esp-elf/esp-14.2.0_20260121/xtensa-esp-elf/bin/../lib/gcc/xtensa-esp-elf/14.2.0/../../../../xtensa-esp-elf/lib/:/home/diego/.espressif/tools/xtensa-esp-elf/esp-14.2.0_20260121/xtensa-esp-elf/bin/../xtensa-esp-elf/lib/:/home/diego/.espressif/tools/xtensa-esp-elf/esp-14.2.0_20260121/xtensa-esp-elf/bin/../xtensa-esp-elf/usr/lib/
COLLECT_GCC_OPTIONS='-mdynconfig=xtensa_esp32s3.so' '-mlongcalls' '-fno-builtin-memcpy' '-fno-builtin-memset' '-fno-builtin-bzero' '-fno-rtti' '-v' '-o' 'CMakeFiles/cmTC_3dc30.dir/CMakeCXXCompilerABI.cpp.obj' '-c' '-dumpdir' 'CMakeFiles/cmTC_3dc30.dir/CMakeCXXCompilerABI.cpp.'
[2/2] Linking CXX executable cmTC_3dc30
Using built-in specs.
COLLECT_GCC=/home/diego/.espressif/tools/xtensa-esp-elf/esp-14.2.0_20260121/xtensa-esp-elf/bin/xtensa-esp-elf-g++
COLLECT_LTO_WRAPPER=/home/diego/.espressif/tools/xtensa-esp-elf/esp-14.2.0_20260121/xtensa-esp-elf/bin/../libexec/gcc/xtensa-esp-elf/14.2.0/lto-wrapper
Target: xtensa-esp-elf
Configured with: /builds/idf/crosstool-NG/.build/xtensa-esp-elf/src/gcc/configure --build=x86_64-build_pc-linux-gnu --host=x86_64-build_pc-linux-gnu --target=xtensa-esp-elf --prefix=/builds/idf/crosstool-NG/builds/xtensa-esp-elf --exec_prefix=/builds/idf/crosstool-NG/builds/xtensa-esp-elf --with-local-prefix=/builds/idf/crosstool-NG/builds/xtensa-esp-elf/xtensa-esp-elf --with-sysroot=/builds/idf/crosstool-NG/builds/xtensa-esp-elf/xtensa-esp-elf --with-native-system-header-dir=/include --with-headers=/builds/idf/crosstool-NG/builds/xtensa-esp-elf/xtensa-esp-elf/include --with-newlib --enable-threads=no --disable-shared --with-pkgversion='crosstool-NG esp-14.2.0_20260121' --disable-__cxa_atexit --enable-cxx-flags='-ffunction-sections -fdata-sections' --disable-libgomp --disable-libmudflap --disable-libmpx --disable-libssp --disable-libquadmath --disable-libquadmath-support --disable-libstdcxx-verbose --with-gmp=/builds/idf/crosstool-NG/.build/xtensa-esp-elf/buildtools --with-mpfr=/builds/idf/crosstool-NG/.build/xtensa-esp-elf/buildtools --with-mpc=/builds/idf/crosstool-NG/.build/xtensa-esp-elf/buildtools --with-isl=/builds/idf/crosstool-NG/.build/xtensa-esp-elf/buildtools --enable-lto --enable-target-optspace --without-long-double-128 --enable-plugin --disable-nls --enable-multiarch --enable-languages=c,c++ --disable-libstdcxx-verbose --enable-threads=posix --enable-libstdcxx-time=yes --disable-win32-utf8-manifest
Thread model: posix
Supported LTO compression algorithms: zlib zstd
gcc version 14.2.0 (crosstool-NG esp-14.2.0_20260121) 
COMPILER_PATH=/home/diego/.espressif/tools/xtensa-esp-elf/esp-14.2.0_20260121/xtensa-esp-elf/bin/../libexec/gcc/xtensa-esp-elf/14.2.0/:/home/diego/.espressif/tools/xtensa-esp-elf/esp-14.2.0_20260121/xtensa-esp-elf/bin/../libexec/gcc/:/home/diego/.espressif/tools/xtensa-esp-elf/esp-14.2.0_20260121/xtensa-esp-elf/bin/../lib/gcc/xtensa-esp-elf/14.2.0/../../../../xtensa-esp-elf/bin/
LIBRARY_PATH=/home/diego/.espressif/tools/xtensa-esp-elf/esp-14.2.0_20260121/xtensa-esp-elf/bin/../lib/gcc/xtensa-esp-elf/14.2.0/esp32s3/no-rtti/:/home/diego/.espressif/tools/xtensa-esp-elf/esp-14.2.0_20260121/xtensa-esp-elf/bin/../lib/gcc/xtensa-esp-elf/14.2.0/../../../../xtensa-esp-elf/lib/esp32s3/no-rtti/:/home/diego/.espressif/tools/xtensa-esp-elf/esp-14.2.0_20260121/xtensa-esp-elf/bin/../xtensa-esp-elf/lib/esp32s3/no-rtti/:/home/diego/.espressif/tools/xtensa-esp-elf/esp-14.2.0_20260121/xtensa-esp-elf/bin/../lib/gcc/xtensa-esp-elf/14.2.0/:/home/diego/.espressif/tools/xtensa-esp-elf/esp-14.2.0_20260121/xtensa-esp-elf/bin/../lib/gcc/:/home/diego/.espressif/tools/xtensa-esp-elf/esp-14.2.0_20260121/xtensa-esp-elf/bin/../lib/gcc/xtensa-esp-elf/14.2.0/../../../../xtensa-esp-elf/lib/:/home/diego/.espressif/tools/xtensa-esp-elf/esp-14.2.0_20260121/xtensa-esp-elf/bin/../xtensa-esp-elf/lib/:/home/diego/.espressif/tools/xtensa-esp-elf/esp-14.2.0_20260121/xtensa-esp-elf/bin/../xtensa-esp-elf/usr/lib/
COLLECT_GCC_OPTIONS='-mdynconfig=xtensa_esp32s3.so' '-mlongcalls' '-fno-builtin-memcpy' '-fno-builtin-memset' '-fno-builtin-bzero' '-nostartfiles' '-fno-rtti' '-v' '-o' 'cmTC_3dc30' '-dumpdir' 'cmTC_3dc30.'
 /home/diego/.espressif/tools/xtensa-esp-elf/esp-14.2.0_20260121/xtensa-esp-elf/bin/../libexec/gcc/xtensa-esp-elf/14.2.0/collect2 -plugin /home/diego/.espressif/tools/xtensa-esp-elf/esp-14.2.0_20260121/xtensa-esp-elf/bin/../libexec/gcc/xtensa-esp-elf/14.2.0/liblto_plugin.so -plugin-opt=/home/diego/.espressif/tools/xtensa-esp-elf/esp-14.2.0_20260121/xtensa-esp-elf/bin/../libexec/gcc/xtensa-esp-elf/14.2.0/lto-wrapper -plugin-opt=-fresolution=/tmp/ccscO8dC.res -plugin-opt=-pass-through=-lgcc -plugin-opt=-pass-through=-lc -plugin-opt=-pass-through=-lnosys -plugin-opt=-pass-through=-lc -plugin-opt=-pass-through=-lgcc --sysroot=/home/diego/.espressif/tools/xtensa-esp-elf/esp-14.2.0_20260121/xtensa-esp-elf/bin/../xtensa-esp-elf --dynconfig=xtensa_esp32s3.so -o cmTC_3dc30 -L/home/diego/.espressif/tools/xtensa-esp-elf/esp-14.2.0_20260121/xtensa-esp-elf/bin/../lib/gcc/xtensa-esp-elf/14.2.0/esp32s3/no-rtti -L/home/diego/.espressif/tools/xtensa-esp-elf/esp-14.2.0_20260121/xtensa-esp-elf/bin/../lib/gcc/xtensa-esp-elf/14.2.0/../../../../xtensa-esp-elf/lib/esp32s3/no-rtti -L/home/diego/.espressif/tools/xtensa-esp-elf/esp-14.2.0_20260121/xtensa-esp-elf/bin/../xtensa-esp-elf/lib/esp32s3/no-rtti -L/home/diego/.espressif/tools/xtensa-esp-elf/esp-14.2.0_20260121/xtensa-esp-elf/bin/../lib/gcc/xtensa-esp-elf/14.2.0 -L/home/diego/.espressif/tools/xtensa-esp-elf/esp-14.2.0_20260121/xtensa-esp-elf/bin/../lib/gcc -L/home/diego/.espressif/tools/xtensa-esp-elf/esp-14.2.0_20260121/xtensa-esp-elf/bin/../lib/gcc/xtensa-esp-elf/14.2.0/../../../../xtensa-esp-elf/lib -L/home/diego/.espressif/tools/xtensa-esp-elf/esp-14.2.0_20260121/xtensa-esp-elf/bin/../xtensa-esp-elf/lib -L/home/diego/.espressif/tools/xtensa-esp-elf/esp-14.2.0_20260121/xtensa-esp-elf/bin/../xtensa-esp-elf/usr/lib @/tmp/ccvzQ2QW -lgcc -lc -lnosys -lc -lgcc
/home/diego/.espressif/tools/xtensa-esp-elf/esp-14.2.0_20260121/xtensa-esp-elf/bin/../lib/gcc/xtensa-esp-elf/14.2.0/../../../../xtensa-esp-elf/bin/ld: warning: cannot find entry symbol _start; defaulting to 00400054
COLLECT_GCC_OPTIONS='-mdynconfig=xtensa_esp32s3.so' '-mlongcalls' '-fno-builtin-memcpy' '-fno-builtin-memset' '-fno-builtin-bzero' '-nostartfiles' '-fno-rtti' '-v' '-o' 'cmTC_3dc30' '-dumpdir' 'cmTC_3dc30.'



Parsed CXX implicit include dir info from above output: rv=done
  found start of include info
  found start of implicit include info
    add: [/home/diego/.espressif/tools/xtensa-esp-elf/esp-14.2.0_20260121/xtensa-esp-elf/bin/../lib/gcc/xtensa-esp-elf/14.2.0/../../../../xtensa-esp-elf/include/c++/14.2.0]
    add: [/home/diego/.espressif/tools/xtensa-esp-elf/esp-14.2.0_20260121/xtensa-esp-elf/bin/../lib/gcc/xtensa-esp-elf/14.2.0/../../../../xtensa-esp-elf/include/c++/14.2.0/xtensa-esp-elf/esp32s3/no-rtti]
    add: [/home/diego/.espressif/tools/xtensa-esp-elf/esp-14.2.0_20260121/xtensa-esp-elf/bin/../lib/gcc/xtensa-esp-elf/14.2.0/../../../../xtensa-esp-elf/include/c++/14.2.0/backward]
    add: [/home/diego/.espressif/tools/xtensa-esp-elf/esp-14.2.0_20260121/xtensa-esp-elf/bin/../lib/gcc/xtensa-esp-elf/14.2.0/include]
    add: [/home/diego/.espressif/tools/xtensa-esp-elf/esp-14.2.0_20260121/xtensa-esp-elf/bin/../lib/gcc/xtensa-esp-elf/14.2.0/include-fixed]
    add: [/home/diego/.espressif/tools/xtensa-esp-elf/esp-14.2.0_20260121/xtensa-esp-elf/bin/../lib/gcc/xtensa-esp-elf/14.2.0/../../../../xtensa-esp-elf/include]
  end of search list found
  collapse include dir [/home/diego/.espressif/tools/xtensa-esp-elf/esp-14.2.0_20260121/xtensa-esp-elf/bin/../lib/gcc/xtensa-esp-elf/14.2.0/../../../../xtensa-esp-elf/include/c++/14.2.0] ==> [/home/diego/.espressif/tools/xtensa-esp-elf/esp-14.2.0_20260121/xtensa-esp-elf/xtensa-esp-elf/include/c++/14.2.0]
  collapse include dir [/home/diego/.espressif/tools/xtensa-esp-elf/esp-14.2.0_20260121/xtensa-esp-elf/bin/../lib/gcc/xtensa-esp-elf/14.2.0/../../../../xtensa-esp-elf/include/c++/14.2.0/xtensa-esp-elf/esp32s3/no-rtti] ==> [/home/diego/.espressif/tools/xtensa-esp-elf/esp-14.2.0_20260121/xtensa-esp-elf/xtensa-esp-elf/include/c++/14.2.0/xtensa-esp-elf/esp32s3/no-rtti]
  collapse include dir [/home/diego/.espressif/tools/xtensa-esp-elf/esp-14.2.0_20260121/xtensa-esp-elf/bin/../lib/gcc/xtensa-esp-elf/14.2.0/../../../../xtensa-esp-elf/include/c++/14.2.0/backward] ==> [/home/diego/.espressif/tools/xtensa-esp-elf/esp-14.2.0_20260121/xtensa-esp-elf/xtensa-esp-elf/include/c++/14.2.0/backward]
  collapse include dir [/home/diego/.espressif/tools/xtensa-esp-elf/esp-14.2.0_20260121/xtensa-esp-elf/bin/../lib/gcc/xtensa-esp-elf/14.2.0/include] ==> [/home/diego/.espressif/tools/xtensa-esp-elf/esp-14.2.0_20260121/xtensa-esp-elf/lib/gcc/xtensa-esp-elf/14.2.0/include]
  collapse include dir [/home/diego/.espressif/tools/xtensa-esp-elf/esp-14.2.0_20260121/xtensa-esp-elf/bin/../lib/gcc/xtensa-esp-elf/14.2.0/include-fixed] ==> [/home/diego/.espressif/tools/xtensa-esp-elf/esp-14.2.0_20260121/xtensa-esp-elf/lib/gcc/xtensa-esp-elf/14.2.0/include-fixed]
  collapse include dir [/home/diego/.espressif/tools/xtensa-esp-elf/esp-14.2.0_20260121/xtensa-esp-elf/bin/../lib/gcc/xtensa-esp-elf/14.2.0/../../../../xtensa-esp-elf/include] ==> [/home/diego/.espressif/tools/xtensa-esp-elf/esp-14.2.0_20260121/xtensa-esp-elf/xtensa-esp-elf/include]
  implicit include dirs: [/home/diego/.espressif/tools/xtensa-esp-elf/esp-14.2.0_20260121/xtensa-esp-elf/xtensa-esp-elf/include/c++/14.2.0;/home/diego/.espressif/tools/xtensa-esp-elf/esp-14.2.0_20260121/xtensa-esp-elf/xtensa-esp-elf/include/c++/14.2.0/xtensa-esp-elf/esp32s3/no-rtti;/home/diego/.espressif/tools/xtensa-esp-elf/esp-14.2.0_20260121/xtensa-esp-elf/xtensa-esp-elf/include/c++/14.2.0/backward;/home/diego/.espressif/tools/xtensa-esp-elf/esp-14.2.0_20260121/xtensa-esp-elf/lib/gcc/xtensa-esp-elf/14.2.0/include;/home/diego/.espressif/tools/xtensa-esp-elf/esp-14.2.0_20260121/xtensa-esp-elf/lib/gcc/xtensa-esp-elf/14.2.0/include-fixed;/home/diego/.espressif/tools/xtensa-esp-elf/esp-14.2.0_20260121/xtensa-esp-elf/xtensa-esp-elf/include]


Parsed CXX implicit link information from above output:
  link line regex: [^( *|.*[/\])(xtensa-esp32s3-elf-ld|CMAKE_LINK_STARTFILE-NOTFOUND|([^/\]+-)?ld|collect2)[^/\]*( |$)]
  ignore line: [Change Dir: /home/diego/Ros2_esp32/build/CMakeFiles/CMakeTmp]
  ignore line: []
  ignore line: [Run Build Command(s):/home/diego/.espressif/tools/ninja/1.12.1/ninja cmTC_3dc30 && [1/2] Building CXX object CMakeFiles/cmTC_3dc30.dir/CMakeCXXCompilerABI.cpp.obj]
  ignore line: [Using built-in specs.]
  ignore line: [COLLECT_GCC=/home/diego/.espressif/tools/xtensa-esp-elf/esp-14.2.0_20260121/xtensa-esp-elf/bin/xtensa-esp-elf-g++]
  ignore line: [Target: xtensa-esp-elf]
  ignore line: [Configured with: /builds/idf/crosstool-NG/.build/xtensa-esp-elf/src/gcc/configure --build=x86_64-build_pc-linux-gnu --host=x86_64-build_pc-linux-gnu --target=xtensa-esp-elf --prefix=/builds/idf/crosstool-NG/builds/xtensa-esp-elf --exec_prefix=/builds/idf/crosstool-NG/builds/xtensa-esp-elf --with-local-prefix=/builds/idf/crosstool-NG/builds/xtensa-esp-elf/xtensa-esp-elf --with-sysroot=/builds/idf/crosstool-NG/builds/xtensa-esp-elf/xtensa-esp-elf --with-native-system-header-dir=/include --with-headers=/builds/idf/crosstool-NG/builds/xtensa-esp-elf/xtensa-esp-elf/include --with-newlib --enable-threads=no --disable-shared --with-pkgversion='crosstool-NG esp-14.2.0_20260121' --disable-__cxa_atexit --enable-cxx-flags='-ffunction-sections -fdata-sections' --disable-libgomp --disable-libmudflap --disable-libmpx --disable-libssp --disable-libquadmath --disable-libquadmath-support --disable-libstdcxx-verbose --with-gmp=/builds/idf/crosstool-NG/.build/xtensa-esp-elf/buildtools --with-mpfr=/builds/idf/crosstool-NG/.build/xtensa-esp-elf/buildtools --with-mpc=/builds/idf/crosstool-NG/.build/xtensa-esp-elf/buildtools --with-isl=/builds/idf/crosstool-NG/.build/xtensa-esp-elf/buildtools --enable-lto --enable-target-optspace --without-long-double-128 --enable-plugin --disable-nls --enable-multiarch --enable-languages=c c++ --disable-libstdcxx-verbose --enable-threads=posix --enable-libstdcxx-time=yes --disable-win32-utf8-manifest]
  ignore line: [Thread model: posix]
  ignore line: [Supported LTO compression algorithms: zlib zstd]
  ignore line: [gcc version 14.2.0 (crosstool-NG esp-14.2.0_20260121) ]
  ignore line: [COLLECT_GCC_OPTIONS='-mdynconfig=xtensa_esp32s3.so' '-mlongcalls' '-fno-builtin-memcpy' '-fno-builtin-memset' '-fno-builtin-bzero' '-fno-rtti' '-v' '-o' 'CMakeFiles/cmTC_3dc30.dir/CMakeCXXCompilerABI.cpp.obj' '-c' '-dumpdir' 'CMakeFiles/cmTC_3dc30.dir/']
  ignore line: [ /home/diego/.espressif/tools/xtensa-esp-elf/esp-14.2.0_20260121/xtensa-esp-elf/bin/../libexec/gcc/xtensa-esp-elf/14.2.0/cc1plus -quiet -v -imultilib esp32s3/no-rtti -iprefix /home/diego/.espressif/tools/xtensa-esp-elf/esp-14.2.0_20260121/xtensa-esp-elf/bin/../lib/gcc/xtensa-esp-elf/14.2.0/ -isysroot /home/diego/.espressif/tools/xtensa-esp-elf/esp-14.2.0_20260121/xtensa-esp-elf/bin/../xtensa-esp-elf /usr/share/cmake-3.22/Modules/CMakeCXXCompilerABI.cpp -quiet -dumpdir CMakeFiles/cmTC_3dc30.dir/ -dumpbase CMakeCXXCompilerABI.cpp.cpp -dumpbase-ext .cpp -mdynconfig=xtensa_esp32s3.so -mlongcalls -version -fno-builtin-memcpy -fno-builtin-memset -fno-builtin-bzero -fno-rtti -o /tmp/ccgcAcwK.s]
  ignore line: [GNU C++17 (crosstool-NG esp-14.2.0_20260121) version 14.2.0 (xtensa-esp-elf)]
  ignore line: [	compiled by GNU C version 6.3.0  GMP version 6.3.0  MPFR version 4.2.1  MPC version 1.3.1  isl version isl-0.26-GMP]
  ignore line: []
  ignore line: [GGC heuristics: --param ggc-min-expand=100 --param ggc-min-heapsize=131072]
  ignore line: [ignoring duplicate directory "/home/diego/.espressif/tools/xtensa-esp-elf/esp-14.2.0_20260121/xtensa-esp-elf/bin/../lib/gcc/../../lib/gcc/xtensa-esp-elf/14.2.0/../../../../xtensa-esp-elf/include/c++/14.2.0"]
  ignore line: [ignoring duplicate directory "/home/diego/.espressif/tools/xtensa-esp-elf/esp-14.2.0_20260121/xtensa-esp-elf/bin/../lib/gcc/../../lib/gcc/xtensa-esp-elf/14.2.0/../../../../xtensa-esp-elf/include/c++/14.2.0/xtensa-esp-elf/esp32s3/no-rtti"]
  ignore line: [ignoring duplicate directory "/home/diego/.espressif/tools/xtensa-esp-elf/esp-14.2.0_20260121/xtensa-esp-elf/bin/../lib/gcc/../../lib/gcc/xtensa-esp-elf/14.2.0/../../../../xtensa-esp-elf/include/c++/14.2.0/backward"]
  ignore line: [ignoring duplicate directory "/home/diego/.espressif/tools/xtensa-esp-elf/esp-14.2.0_20260121/xtensa-esp-elf/bin/../lib/gcc/../../lib/gcc/xtensa-esp-elf/14.2.0/include"]
  ignore line: [ignoring nonexistent directory "/home/diego/.espressif/tools/xtensa-esp-elf/esp-14.2.0_20260121/xtensa-esp-elf/bin/../xtensa-esp-elf/builds/idf/crosstool-NG/builds/xtensa-esp-elf/xtensa-esp-elf/include"]
  ignore line: [ignoring duplicate directory "/home/diego/.espressif/tools/xtensa-esp-elf/esp-14.2.0_20260121/xtensa-esp-elf/bin/../lib/gcc/../../lib/gcc/xtensa-esp-elf/14.2.0/include-fixed"]
  ignore line: [ignoring duplicate directory "/home/diego/.espressif/tools/xtensa-esp-elf/esp-14.2.0_20260121/xtensa-esp-elf/bin/../lib/gcc/../../lib/gcc/xtensa-esp-elf/14.2.0/../../../../xtensa-esp-elf/include"]
  ignore line: [ignoring duplicate directory "/home/diego/.espressif/tools/xtensa-esp-elf/esp-14.2.0_20260121/xtensa-esp-elf/bin/../xtensa-esp-elf/include"]
  ignore line: [#include "..." search starts here:]
  ignore line: [#include <...> search starts here:]
  ignore line: [ /home/diego/.espressif/tools/xtensa-esp-elf/esp-14.2.0_20260121/xtensa-esp-elf/bin/../lib/gcc/xtensa-esp-elf/14.2.0/../../../../xtensa-esp-elf/include/c++/14.2.0]
  ignore line: [ /home/diego/.espressif/tools/xtensa-esp-elf/esp-14.2.0_20260121/xtensa-esp-elf/bin/../lib/gcc/xtensa-esp-elf/14.2.0/../../../../xtensa-esp-elf/include/c++/14.2.0/xtensa-esp-elf/esp32s3/no-rtti]
  ignore line: [ /home/diego/.espressif/tools/xtensa-esp-elf/esp-14.2.0_20260121/xtensa-esp-elf/bin/../lib/gcc/xtensa-esp-elf/14.2.0/../../../../xtensa-esp-elf/include/c++/14.2.0/backward]
  ignore line: [ /home/diego/.espressif/tools/xtensa-esp-elf/esp-14.2.0_20260121/xtensa-esp-elf/bin/../lib/gcc/xtensa-esp-elf/14.2.0/include]
  ignore line: [ /home/diego/.espressif/tools/xtensa-esp-elf/esp-14.2.0_20260121/xtensa-esp-elf/bin/../lib/gcc/xtensa-esp-elf/14.2.0/include-fixed]
  ignore line: [ /home/diego/.espressif/tools/xtensa-esp-elf/esp-14.2.0_20260121/xtensa-esp-elf/bin/../lib/gcc/xtensa-esp-elf/14.2.0/../../../../xtensa-esp-elf/include]
  ignore line: [End of search list.]
  ignore line: [Compiler executable checksum: a254981dd59757a59628c9ca49d36a87]
  ignore line: [COLLECT_GCC_OPTIONS='-mdynconfig=xtensa_esp32s3.so' '-mlongcalls' '-fno-builtin-memcpy' '-fno-builtin-memset' '-fno-builtin-bzero' '-fno-rtti' '-v' '-o' 'CMakeFiles/cmTC_3dc30.dir/CMakeCXXCompilerABI.cpp.obj' '-c' '-dumpdir' 'CMakeFiles/cmTC_3dc30.dir/']
  ignore line: [ /home/diego/.espressif/tools/xtensa-esp-elf/esp-14.2.0_20260121/xtensa-esp-elf/bin/../lib/gcc/xtensa-esp-elf/14.2.0/../../../../xtensa-esp-elf/bin/as --traditional-format --longcalls --dynconfig=xtensa_esp32s3.so -o CMakeFiles/cmTC_3dc30.dir/CMakeCXXCompilerABI.cpp.obj /tmp/ccgcAcwK.s]
  ignore line: [COMPILER_PATH=/home/diego/.espressif/tools/xtensa-esp-elf/esp-14.2.0_20260121/xtensa-esp-elf/bin/../libexec/gcc/xtensa-esp-elf/14.2.0/:/home/diego/.espressif/tools/xtensa-esp-elf/esp-14.2.0_20260121/xtensa-esp-elf/bin/../libexec/gcc/:/home/diego/.espressif/tools/xtensa-esp-elf/esp-14.2.0_20260121/xtensa-esp-elf/bin/../lib/gcc/xtensa-esp-elf/14.2.0/../../../../xtensa-esp-elf/bin/]
  ignore line: [LIBRARY_PATH=/home/diego/.espressif/tools/xtensa-esp-elf/esp-14.2.0_20260121/xtensa-esp-elf/bin/../lib/gcc/xtensa-esp-elf/14.2.0/esp32s3/no-rtti/:/home/diego/.espressif/tools/xtensa-esp-elf/esp-14.2.0_20260121/xtensa-esp-elf/bin/../lib/gcc/xtensa-esp-elf/14.2.0/../../../../xtensa-esp-elf/lib/esp32s3/no-rtti/:/home/diego/.espressif/tools/xtensa-esp-elf/esp-14.2.0_20260121/xtensa-esp-elf/bin/../xtensa-esp-elf/lib/esp32s3/no-rtti/:/home/diego/.espressif/tools/xtensa-esp-elf/esp-14.2.0_20260121/xtensa-esp-elf/bin/../lib/gcc/xtensa-esp-elf/14.2.0/:/home/diego/.espressif/tools/xtensa-esp-elf/esp-14.2.0_20260121/xtensa-esp-elf/bin/../lib/gcc/:/home/diego/.espressif/tools/xtensa-esp-elf/esp-14.2.0_20260121/xtensa-esp-elf/bin/../lib/gcc/xtensa-esp-elf/14.2.0/../../../../xtensa-esp-elf/lib/:/home/diego/.espressif/tools/xtensa-esp-elf/esp-14.2.0_20260121/xtensa-esp-elf/bin/../xtensa-esp-elf/lib/:/home/diego/.espressif/tools/xtensa-esp-elf/esp-14.2.0_20260121/xtensa-esp-elf/bin/../xtensa-esp-elf/usr/lib/]
  ignore line: [COLLECT_GCC_OPTIONS='-mdynconfig=xtensa_esp32s3.so' '-mlongcalls' '-fno-builtin-memcpy' '-fno-builtin-memset' '-fno-builtin-bzero' '-fno-rtti' '-v' '-o' 'CMakeFiles/cmTC_3dc30.dir/CMakeCXXCompilerABI.cpp.obj' '-c' '-dumpdir' 'CMakeFiles/cmTC_3dc30.dir/CMakeCXXCompilerABI.cpp.']
  ignore line: [[2/2] Linking CXX executable cmTC_3dc30]
  ignore line: [Using built-in specs.]
  ignore line: [COLLECT_GCC=/home/diego/.espressif/tools/xtensa-esp-elf/esp-14.2.0_20260121/xtensa-esp-elf/bin/xtensa-esp-elf-g++]
  ignore line: [COLLECT_LTO_WRAPPER=/home/diego/.espressif/tools/xtensa-esp-elf/esp-14.2.0_20260121/xtensa-esp-elf/bin/../libexec/gcc/xtensa-esp-elf/14.2.0/lto-wrapper]
  ignore line: [Target: xtensa-esp-elf]
  ignore line: [Configured with: /builds/idf/crosstool-NG/.build/xtensa-esp-elf/src/gcc/configure --build=x86_64-build_pc-linux-gnu --host=x86_64-build_pc-linux-gnu --target=xtensa-esp-elf --prefix=/builds/idf/crosstool-NG/builds/xtensa-esp-elf --exec_prefix=/builds/idf/crosstool-NG/builds/xtensa-esp-elf --with-local-prefix=/builds/idf/crosstool-NG/builds/xtensa-esp-elf/xtensa-esp-elf --with-sysroot=/builds/idf/crosstool-NG/builds/xtensa-esp-elf/xtensa-esp-elf --with-native-system-header-dir=/include --with-headers=/builds/idf/crosstool-NG/builds/xtensa-esp-elf/xtensa-esp-elf/include --with-newlib --enable-threads=no --disable-shared --with-pkgversion='crosstool-NG esp-14.2.0_20260121' --disable-__cxa_atexit --enable-cxx-flags='-ffunction-sections -fdata-sections' --disable-libgomp --disable-libmudflap --disable-libmpx --disable-libssp --disable-libquadmath --disable-libquadmath-support --disable-libstdcxx-verbose --with-gmp=/builds/idf/crosstool-NG/.build/xtensa-esp-elf/buildtools --with-mpfr=/builds/idf/crosstool-NG/.build/xtensa-esp-elf/buildtools --with-mpc=/builds/idf/crosstool-NG/.build/xtensa-esp-elf/buildtools --with-isl=/builds/idf/crosstool-NG/.build/xtensa-esp-elf/buildtools --enable-lto --enable-target-optspace --without-long-double-128 --enable-plugin --disable-nls --enable-multiarch --enable-languages=c c++ --disable-libstdcxx-verbose --enable-threads=posix --enable-libstdcxx-time=yes --disable-win32-utf8-manifest]
  ignore line: [Thread model: posix]
  ignore line: [Supported LTO compression algorithms: zlib zstd]
  ignore line: [gcc version 14.2.0 (crosstool-NG esp-14.2.0_20260121) ]
  ignore line: [COMPILER_PATH=/home/diego/.espressif/tools/xtensa-esp-elf/esp-14.2.0_20260121/xtensa-esp-elf/bin/../libexec/gcc/xtensa-esp-elf/14.2.0/:/home/diego/.espressif/tools/xtensa-esp-elf/esp-14.2.0_20260121/xtensa-esp-elf/bin/../libexec/gcc/:/home/diego/.espressif/tools/xtensa-esp-elf/esp-14.2.0_20260121/xtensa-esp-elf/bin/../lib/gcc/xtensa-esp-elf/14.2.0/../../../../xtensa-esp-elf/bin/]
  ignore line: [LIBRARY_PATH=/home/diego/.espressif/tools/xtensa-esp-elf/esp-14.2.0_20260121/xtensa-esp-elf/bin/../lib/gcc/xtensa-esp-elf/14.2.0/esp32s3/no-rtti/:/home/diego/.espressif/tools/xtensa-esp-elf/esp-14.2.0_20260121/xtensa-esp-elf/bin/../lib/gcc/xtensa-esp-elf/14.2.0/../../../../xtensa-esp-elf/lib/esp32s3/no-rtti/:/home/diego/.espressif/tools/xtensa-esp-elf/esp-14.2.0_20260121/xtensa-esp-elf/bin/../xtensa-esp-elf/lib/esp32s3/no-rtti/:/home/diego/.espressif/tools/xtensa-esp-elf/esp-14.2.0_20260121/xtensa-esp-elf/bin/../lib/gcc/xtensa-esp-elf/14.2.0/:/home/diego/.espressif/tools/xtensa-esp-elf/esp-14.2.0_20260121/xtensa-esp-elf/bin/../lib/gcc/:/home/diego/.espressif/tools/xtensa-esp-elf/esp-14.2.0_20260121/xtensa-esp-elf/bin/../lib/gcc/xtensa-esp-elf/14.2.0/../../../../xtensa-esp-elf/lib/:/home/diego/.espressif/tools/xtensa-esp-elf/esp-14.2.0_20260121/xtensa-esp-elf/bin/../xtensa-esp-elf/lib/:/home/diego/.espressif/tools/xtensa-esp-elf/esp-14.2.0_20260121/xtensa-esp-elf/bin/../xtensa-esp-elf/usr/lib/]
  ignore line: [COLLECT_GCC_OPTIONS='-mdynconfig=xtensa_esp32s3.so' '-mlongcalls' '-fno-builtin-memcpy' '-fno-builtin-memset' '-fno-builtin-bzero' '-nostartfiles' '-fno-rtti' '-v' '-o' 'cmTC_3dc30' '-dumpdir' 'cmTC_3dc30.']
  link line: [ /home/diego/.espressif/tools/xtensa-esp-elf/esp-14.2.0_20260121/xtensa-esp-elf/bin/../libexec/gcc/xtensa-esp-elf/14.2.0/collect2 -plugin /home/diego/.espressif/tools/xtensa-esp-elf/esp-14.2.0_20260121/xtensa-esp-elf/bin/../libexec/gcc/xtensa-esp-elf/14.2.0/liblto_plugin.so -plugin-opt=/home/diego/.espressif/tools/xtensa-esp-elf/esp-14.2.0_20260121/xtensa-esp-elf/bin/../libexec/gcc/xtensa-esp-elf/14.2.0/lto-wrapper -plugin-opt=-fresolution=/tmp/ccscO8dC.res -plugin-opt=-pass-through=-lgcc -plugin-opt=-pass-through=-lc -plugin-opt=-pass-through=-lnosys -plugin-opt=-pass-through=-lc -plugin-opt=-pass-through=-lgcc --sysroot=/home/diego/.espressif/tools/xtensa-esp-elf/esp-14.2.0_20260121/xtensa-esp-elf/bin/../xtensa-esp-elf --dynconfig=xtensa_esp32s3.so -o cmTC_3dc30 -L/home/diego/.espressif/tools/xtensa-esp-elf/esp-14.2.0_20260121/xtensa-esp-elf/bin/../lib/gcc/xtensa-esp-elf/14.2.0/esp32s3/no-rtti -L/home/diego/.espressif/tools/xtensa-esp-elf/esp-14.2.0_20260121/xtensa-esp-elf/bin/../lib/gcc/xtensa-esp-elf/14.2.0/../../../../xtensa-esp-elf/lib/esp32s3/no-rtti -L/home/diego/.espressif/tools/xtensa-esp-elf/esp-14.2.0_20260121/xtensa-esp-elf/bin/../xtensa-esp-elf/lib/esp32s3/no-rtti -L/home/diego/.espressif/tools/xtensa-esp-elf/esp-14.2.0_20260121/xtensa-esp-elf/bin/../lib/gcc/xtensa-esp-elf/14.2.0 -L/home/diego/.espressif/tools/xtensa-esp-elf/esp-14.2.0_20260121/xtensa-esp-elf/bin/../lib/gcc -L/home/diego/.espressif/tools/xtensa-esp-elf/esp-14.2.0_20260121/xtensa-esp-elf/bin/../lib/gcc/xtensa-esp-elf/14.2.0/../../../../xtensa-esp-elf/lib -L/home/diego/.espressif/tools/xtensa-esp-elf/esp-14.2.0_20260121/xtensa-esp-elf/bin/../xtensa-esp-elf/lib -L/home/diego/.espressif/tools/xtensa-esp-elf/esp-14.2.0_20260121/xtensa-esp-elf/bin/../xtensa-esp-elf/usr/lib @/tmp/ccvzQ2QW -lgcc -lc -lnosys -lc -lgcc]
    arg [/home/diego/.espressif/tools/xtensa-esp-elf/esp-14.2.0_20260121/xtensa-esp-elf/bin/../libexec/gcc/xtensa-esp-elf/14.2.0/collect2] ==> ignore
    arg [-plugin] ==> ignore
    arg [/home/diego/.espressif/tools/xtensa-esp-elf/esp-14.2.0_20260121/xtensa-esp-elf/bin/../libexec/gcc/xtensa-esp-elf/14.2.0/liblto_plugin.so] ==> ignore
    arg [-plugin-opt=/home/diego/.espressif/tools/xtensa-esp-elf/esp-14.2.0_20260121/xtensa-esp-elf/bin/../libexec/gcc/xtensa-esp-elf/14.2.0/lto-wrapper] ==> ignore
    arg [-plugin-opt=-fresolution=/tmp/ccscO8dC.res] ==> ignore
    arg [-plugin-opt=-pass-through=-lgcc] ==> ignore
    arg [-plugin-opt=-pass-through=-lc] ==> ignore
    arg [-plugin-opt=-pass-through=-lnosys] ==> ignore
    arg [-plugin-opt=-pass-through=-lc] ==> ignore
    arg [-plugin-opt=-pass-through=-lgcc] ==> ignore
    arg [--sysroot=/home/diego/.espressif/tools/xtensa-esp-elf/esp-14.2.0_20260121/xtensa-esp-elf/bin/../xtensa-esp-elf] ==> ignore
    arg [--dynconfig=xtensa_esp32s3.so] ==> ignore
    arg [-o] ==> ignore
    arg [cmTC_3dc30] ==> ignore
    arg [-L/home/diego/.espressif/tools/xtensa-esp-elf/esp-14.2.0_20260121/xtensa-esp-elf/bin/../lib/gcc/xtensa-esp-elf/14.2.0/esp32s3/no-rtti] ==> dir [/home/diego/.espressif/tools/xtensa-esp-elf/esp-14.2.0_20260121/xtensa-esp-elf/bin/../lib/gcc/xtensa-esp-elf/14.2.0/esp32s3/no-rtti]
    arg [-L/home/diego/.espressif/tools/xtensa-esp-elf/esp-14.2.0_20260121/xtensa-esp-elf/bin/../lib/gcc/xtensa-esp-elf/14.2.0/../../../../xtensa-esp-elf/lib/esp32s3/no-rtti] ==> dir [/home/diego/.espressif/tools/xtensa-esp-elf/esp-14.2.0_20260121/xtensa-esp-elf/bin/../lib/gcc/xtensa-esp-elf/14.2.0/../../../../xtensa-esp-elf/lib/esp32s3/no-rtti]
    arg [-L/home/diego/.espressif/tools/xtensa-esp-elf/esp-14.2.0_20260121/xtensa-esp-elf/bin/../xtensa-esp-elf/lib/esp32s3/no-rtti] ==> dir [/home/diego/.espressif/tools/xtensa-esp-elf/esp-14.2.0_20260121/xtensa-esp-elf/bin/../xtensa-esp-elf/lib/esp32s3/no-rtti]
    arg [-L/home/diego/.espressif/tools/xtensa-esp-elf/esp-14.2.0_20260121/xtensa-esp-elf/bin/../lib/gcc/xtensa-esp-elf/14.2.0] ==> dir [/home/diego/.espressif/tools/xtensa-esp-elf/esp-14.2.0_20260121/xtensa-esp-elf/bin/../lib/gcc/xtensa-esp-elf/14.2.0]
    arg [-L/home/diego/.espressif/tools/xtensa-esp-elf/esp-14.2.0_20260121/xtensa-esp-elf/bin/../lib/gcc] ==> dir [/home/diego/.espressif/tools/xtensa-esp-elf/esp-14.2.0_20260121/xtensa-esp-elf/bin/../lib/gcc]
    arg [-L/home/diego/.espressif/tools/xtensa-esp-elf/esp-14.2.0_20260121/xtensa-esp-elf/bin/../lib/gcc/xtensa-esp-elf/14.2.0/../../../../xtensa-esp-elf/lib] ==> dir [/home/diego/.espressif/tools/xtensa-esp-elf/esp-14.2.0_20260121/xtensa-esp-elf/bin/../lib/gcc/xtensa-esp-elf/14.2.0/../../../../xtensa-esp-elf/lib]
    arg [-L/home/diego/.espressif/tools/xtensa-esp-elf/esp-14.2.0_20260121/xtensa-esp-elf/bin/../xtensa-esp-elf/lib] ==> dir [/home/diego/.espressif/tools/xtensa-esp-elf/esp-14.2.0_20260121/xtensa-esp-elf/bin/../xtensa-esp-elf/lib]
    arg [-L/home/diego/.espressif/tools/xtensa-esp-elf/esp-14.2.0_20260121/xtensa-esp-elf/bin/../xtensa-esp-elf/usr/lib] ==> dir [/home/diego/.espressif/tools/xtensa-esp-elf/esp-14.2.0_20260121/xtensa-esp-elf/bin/../xtensa-esp-elf/usr/lib]
    arg [@/tmp/ccvzQ2QW] ==> ignore
    arg [-lgcc] ==> lib [gcc]
    arg [-lc] ==> lib [c]
    arg [-lnosys] ==> lib [nosys]
    arg [-lc] ==> lib [c]
    arg [-lgcc] ==> lib [gcc]
  collapse library dir [/home/diego/.espressif/tools/xtensa-esp-elf/esp-14.2.0_20260121/xtensa-esp-elf/bin/../lib/gcc/xtensa-esp-elf/14.2.0/esp32s3/no-rtti] ==> [/home/diego/.espressif/tools/xtensa-esp-elf/esp-14.2.0_20260121/xtensa-esp-elf/lib/gcc/xtensa-esp-elf/14.2.0/esp32s3/no-rtti]
  collapse library dir [/home/diego/.espressif/tools/xtensa-esp-elf/esp-14.2.0_20260121/xtensa-esp-elf/bin/../lib/gcc/xtensa-esp-elf/14.2.0/../../../../xtensa-esp-elf/lib/esp32s3/no-rtti] ==> [/home/diego/.espressif/tools/xtensa-esp-elf/esp-14.2.0_20260121/xtensa-esp-elf/xtensa-esp-elf/lib/esp32s3/no-rtti]
  collapse library dir [/home/diego/.espressif/tools/xtensa-esp-elf/esp-14.2.0_20260121/xtensa-esp-elf/bin/../xtensa-esp-elf/lib/esp32s3/no-rtti] ==> [/home/diego/.espressif/tools/xtensa-esp-elf/esp-14.2.0_20260121/xtensa-esp-elf/xtensa-esp-elf/lib/esp32s3/no-rtti]
  collapse library dir [/home/diego/.espressif/tools/xtensa-esp-elf/esp-14.2.0_20260121/xtensa-esp-elf/bin/../lib/gcc/xtensa-esp-elf/14.2.0] ==> [/home/diego/.espressif/tools/xtensa-esp-elf/esp-14.2.0_20260121/xtensa-esp-elf/lib/gcc/xtensa-esp-elf/14.2.0]
  collapse library dir [/home/diego/.espressif/tools/xtensa-esp-elf/esp-14.2.0_20260121/xtensa-esp-elf/bin/../lib/gcc] ==> [/home/diego/.espressif/tools/xtensa-esp-elf/esp-14.2.0_20260121/xtensa-esp-elf/lib/gcc]
  collapse library dir [/home/diego/.espressif/tools/xtensa-esp-elf/esp-14.2.0_20260121/xtensa-esp-elf/bin/../lib/gcc/xtensa-esp-elf/14.2.0/../../../../xtensa-esp-elf/lib] ==> [/home/diego/.espressif/tools/xtensa-esp-elf/esp-14.2.0_20260121/xtensa-esp-elf/xtensa-esp-elf/lib]
  collapse library dir [/home/diego/.espressif/tools/xtensa-esp-elf/esp-14.2.0_20260121/xtensa-esp-elf/bin/../xtensa-esp-elf/lib] ==> [/home/diego/.espressif/tools/xtensa-esp-elf/esp-14.2.0_20260121/xtensa-esp-elf/xtensa-esp-elf/lib]
  collapse library dir [/home/diego/.espressif/tools/xtensa-esp-elf/esp-14.2.0_20260121/xtensa-esp-elf/bin/../xtensa-esp-elf/usr/lib] ==> [/home/diego/.espressif/tools/xtensa-esp-elf/esp-14.2.0_20260121/xtensa-esp-elf/xtensa-esp-elf/usr/lib]
  implicit libs: [gcc;c;nosys;c;gcc]
  implicit objs: []
  implicit dirs: [/home/diego/.espressif/tools/xtensa-esp-elf/esp-14.2.0_20260121/xtensa-esp-elf/lib/gcc/xtensa-esp-elf/14.2.0/esp32s3/no-rtti;/home/diego/.espressif/tools/xtensa-esp-elf/esp-14.2.0_20260121/xtensa-esp-elf/xtensa-esp-elf/lib/esp32s3/no-rtti;/home/diego/.espressif/tools/xtensa-esp-elf/esp-14.2.0_20260121/xtensa-esp-elf/lib/gcc/xtensa-esp-elf/14.2.0;/home/diego/.espressif/tools/xtensa-esp-elf/esp-14.2.0_20260121/xtensa-esp-elf/lib/gcc;/home/diego/.espressif/tools/xtensa-esp-elf/esp-14.2.0_20260121/xtensa-esp-elf/xtensa-esp-elf/lib;/home/diego/.espressif/tools/xtensa-esp-elf/esp-14.2.0_20260121/xtensa-esp-elf/xtensa-esp-elf/usr/lib]
  implicit fwks: []


Determining if the include file pthread.h exists passed with the following output:
Change Dir: /home/diego/Ros2_esp32/build/CMakeFiles/CMakeTmp

Run Build Command(s):/home/diego/.espressif/tools/ninja/1.12.1/ninja cmTC_795d6 && [1/2] Building C object CMakeFiles/cmTC_795d6.dir/CheckIncludeFile.c.obj
[2/2] Linking C executable cmTC_795d6
/home/diego/.espressif/tools/xtensa-esp-elf/esp-14.2.0_20260121/xtensa-esp-elf/bin/../lib/gcc/xtensa-esp-elf/14.2.0/../../../../xtensa-esp-elf/bin/ld: warning: cannot find entry symbol _start; defaulting to 00400054



Performing C SOURCE FILE Test CMAKE_HAVE_LIBC_PTHREAD succeeded with the following output:
Change Dir: /home/diego/Ros2_esp32/build/CMakeFiles/CMakeTmp

Run Build Command(s):/home/diego/.espressif/tools/ninja/1.12.1/ninja cmTC_48f08 && [1/2] Building C object CMakeFiles/cmTC_48f08.dir/src.c.obj
[2/2] Linking C executable cmTC_48f08
/home/diego/.espressif/tools/xtensa-esp-elf/esp-14.2.0_20260121/xtensa-esp-elf/bin/../lib/gcc/xtensa-esp-elf/14.2.0/../../../../xtensa-esp-elf/bin/ld: CMakeFiles/cmTC_48f08.dir/src.c.obj:(.literal+0x14): warning: pthread_atfork is not implemented and will always fail
/home/diego/.espressif/tools/xtensa-esp-elf/esp-14.2.0_20260121/xtensa-esp-elf/bin/../lib/gcc/xtensa-esp-elf/14.2.0/../../../../xtensa-esp-elf/bin/ld: CMakeFiles/cmTC_48f08.dir/src.c.obj:(.literal+0xc): warning: pthread_cancel is not implemented and will always fail
/home/diego/.espressif/tools/xtensa-esp-elf/esp-14.2.0_20260121/xtensa-esp-elf/bin/../lib/gcc/xtensa-esp-elf/14.2.0/../../../../xtensa-esp-elf/bin/ld: CMakeFiles/cmTC_48f08.dir/src.c.obj:(.literal+0x4): warning: pthread_create is not implemented and will always fail
/home/diego/.espressif/tools/xtensa-esp-elf/esp-14.2.0_20260121/xtensa-esp-elf/bin/../lib/gcc/xtensa-esp-elf/14.2.0/../../../../xtensa-esp-elf/bin/ld: CMakeFiles/cmTC_48f08.dir/src.c.obj:(.literal+0x8): warning: pthread_detach is not implemented and will always fail
/home/diego/.espressif/tools/xtensa-esp-elf/esp-14.2.0_20260121/xtensa-esp-elf/bin/../lib/gcc/xtensa-esp-elf/14.2.0/../../../../xtensa-esp-elf/bin/ld: CMakeFiles/cmTC_48f08.dir/src.c.obj:(.literal+0x18): warning: pthread_exit is not implemented and will always fail
/home/diego/.espressif/tools/xtensa-esp-elf/esp-14.2.0_20260121/xtensa-esp-elf/bin/../lib/gcc/xtensa-esp-elf/14.2.0/../../../../xtensa-esp-elf/bin/ld: CMakeFiles/cmTC_48f08.dir/src.c.obj:(.literal+0x10): warning: pthread_join is not implemented and will always fail
/home/diego/.espressif/tools/xtensa-esp-elf/esp-14.2.0_20260121/xtensa-esp-elf/bin/../lib/gcc/xtensa-esp-elf/14.2.0/../../../../xtensa-esp-elf/bin/ld: warning: cannot find entry symbol _start; defaulting to 00400054


Source file was:
#include <pthread.h>

static void* test_func(void* data)
{
  return data;
}

int main(void)
{
  pthread_t thread;
  pthread_create(&thread, NULL, test_func, NULL);
  pthread_detach(thread);
  pthread_cancel(thread);
  pthread_join(thread, NULL);
  pthread_atfork(NULL, NULL, NULL);
  pthread_exit(NULL);

  return 0;
}

Performing C SOURCE FILE Test C_COMPILER_SUPPORTS_WFORMAT_SIGNEDNESS succeeded with the following output:
Change Dir: /home/diego/Ros2_esp32/build/CMakeFiles/CMakeTmp

Run Build Command(s):/home/diego/.espressif/tools/ninja/1.12.1/ninja cmTC_2554c && [1/2] Building C object CMakeFiles/cmTC_2554c.dir/src.c.obj
[2/2] Linking C executable cmTC_2554c
/home/diego/.espressif/tools/xtensa-esp-elf/esp-14.2.0_20260121/xtensa-esp-elf/bin/../lib/gcc/xtensa-esp-elf/14.2.0/../../../../xtensa-esp-elf/bin/ld: warning: cannot find entry symbol _start; defaulting to 00400054


Source file was:
int main(void) { return 0; }
