[0.008s] Invoking command in '/home/diego/Ros2_esp32/build/Ros2_esp32': /usr/bin/cmake /home/diego/Ros2_esp32 -DCMAKE_INSTALL_PREFIX=/home/diego/Ros2_esp32/install/Ros2_esp32
[0.020s] -- IDF_TARGET is not set, guessed 'esp32s3' from sdkconfig '/home/diego/Ros2_esp32/sdkconfig'
[0.029s] -- Found Git: /usr/bin/git (found version "2.34.1") 
[0.049s] -- Component directory /home/diego/.espressif/v5.5/esp-idf/components/esp_blockdev does not contain a CMakeLists.txt file. No component will be added
[0.761s] -- Minimal build - OFF
[0.944s] -- The C compiler identification is GNU 14.2.0
[1.101s] -- The CXX compiler identification is GNU 14.2.0
[1.116s] -- The ASM compiler identification is GNU
[1.117s] -- Found assembler: /home/diego/.espressif/tools/xtensa-esp-elf/esp-14.2.0_20260121/xtensa-esp-elf/bin/xtensa-esp32s3-elf-gcc
[1.121s] -- Detecting C compiler ABI info
[1.180s] -- Detecting C compiler ABI info - done
[1.186s] -- Check for working C compiler: /home/diego/.espressif/tools/xtensa-esp-elf/esp-14.2.0_20260121/xtensa-esp-elf/bin/xtensa-esp32s3-elf-gcc - skipped
[1.187s] -- Detecting C compile features
[1.187s] -- Detecting C compile features - done
[1.190s] -- Detecting CXX compiler ABI info
[1.253s] -- Detecting CXX compiler ABI info - done
[1.260s] -- Check for working CXX compiler: /home/diego/.espressif/tools/xtensa-esp-elf/esp-14.2.0_20260121/xtensa-esp-elf/bin/xtensa-esp32s3-elf-g++ - skipped
[1.260s] -- Detecting CXX compile features
[1.261s] -- Detecting CXX compile features - done
[1.265s] -- git rev-parse returned 'fatal: not a git repository (or any of the parent directories): .git'
[1.265s] -- Could not use 'git describe' to determine PROJECT_VER.
[1.265s] -- Building ESP-IDF components for target esp32s3
[1.266s] -- Checking Python dependencies...
[1.502s] Python requirements are satisfied.
[1.514s] Constraint file: /home/diego/.espressif/espidf.constraints.v5.5.txt
[1.514s] Requirement files:
[1.514s]  - /home/diego/.espressif/v5.5/esp-idf/tools/requirements/requirements.core.txt
[1.514s] Python being checked: /home/diego/.espressif/python_env/idf5.5_py3.10_env/bin/python
[1.886s] NOTICE: Skipping optional dependency: espressif/esp_wifi_remote
[1.886s] NOTICE: Skipping optional dependency: espressif/esp_hosted
[1.919s] NOTICE: Processing 1 dependencies:
[1.919s] NOTICE: [1/1] idf (5.5.4)
[2.066s] -- ESP-TEE is currently supported only on the esp32c6;esp32h2;esp32c5 SoCs
[2.408s] NOTICE: Skipping optional dependency: espressif/esp_wifi_remote
[2.408s] NOTICE: Skipping optional dependency: espressif/esp_hosted
[2.958s] -- Project sdkconfig file /home/diego/Ros2_esp32/sdkconfig
[3.292s] -- Compiler supported targets: xtensa-esp-elf
[3.400s] -- Detecting C compiler ABI info
[3.461s] -- Detecting C compiler ABI info - done
[3.468s] -- Detecting CXX compiler ABI info
[3.530s] -- Detecting CXX compiler ABI info - done
[3.544s] -- Detecting C compiler ABI info
[3.606s] -- Detecting C compiler ABI info - done
[3.612s] -- Detecting CXX compiler ABI info
[3.674s] -- Detecting CXX compiler ABI info - done
[3.923s] -- Found Python3: /home/diego/.espressif/python_env/idf5.5_py3.10_env/bin/python3.10 (found version "3.10.12") found components: Interpreter 
[3.980s] -- Looking for pthread.h
[4.053s] -- Looking for pthread.h - found
[4.053s] -- Performing Test CMAKE_HAVE_LIBC_PTHREAD
[4.122s] -- Performing Test CMAKE_HAVE_LIBC_PTHREAD - Success
[4.123s] -- Found Threads: TRUE  
[4.128s] -- Performing Test C_COMPILER_SUPPORTS_WFORMAT_SIGNEDNESS
[4.187s] -- Performing Test C_COMPILER_SUPPORTS_WFORMAT_SIGNEDNESS - Success
[4.187s] -- USING O3
[4.322s] -- App "Ros2_esp32" version: 1
[4.420s] -- Adding linker script /home/diego/Ros2_esp32/build/Ros2_esp32/esp-idf/esp_system/ld/memory.ld
[4.420s] -- Adding linker script /home/diego/Ros2_esp32/build/Ros2_esp32/esp-idf/esp_system/ld/sections.ld.in
[4.429s] -- Adding linker script /home/diego/.espressif/v5.5/esp-idf/components/esp_rom/esp32s3/ld/esp32s3.rom.ld
[4.429s] -- Adding linker script /home/diego/.espressif/v5.5/esp-idf/components/esp_rom/esp32s3/ld/esp32s3.rom.api.ld
[4.429s] -- Adding linker script /home/diego/.espressif/v5.5/esp-idf/components/esp_rom/esp32s3/ld/esp32s3.rom.bt_funcs.ld
[4.429s] -- Adding linker script /home/diego/.espressif/v5.5/esp-idf/components/esp_rom/esp32s3/ld/esp32s3.rom.libgcc.ld
[4.429s] -- Adding linker script /home/diego/.espressif/v5.5/esp-idf/components/esp_rom/esp32s3/ld/esp32s3.rom.wdt.ld
[4.429s] -- Adding linker script /home/diego/.espressif/v5.5/esp-idf/components/esp_rom/esp32s3/ld/esp32s3.rom.version.ld
[4.429s] -- Adding linker script /home/diego/.espressif/v5.5/esp-idf/components/esp_rom/esp32s3/ld/esp32s3.rom.ble_master.ld
[4.429s] -- Adding linker script /home/diego/.espressif/v5.5/esp-idf/components/esp_rom/esp32s3/ld/esp32s3.rom.ble_50.ld
[4.430s] -- Adding linker script /home/diego/.espressif/v5.5/esp-idf/components/esp_rom/esp32s3/ld/esp32s3.rom.ble_smp.ld
[4.430s] -- Adding linker script /home/diego/.espressif/v5.5/esp-idf/components/esp_rom/esp32s3/ld/esp32s3.rom.ble_dtm.ld
[4.430s] -- Adding linker script /home/diego/.espressif/v5.5/esp-idf/components/esp_rom/esp32s3/ld/esp32s3.rom.ble_test.ld
[4.430s] -- Adding linker script /home/diego/.espressif/v5.5/esp-idf/components/esp_rom/esp32s3/ld/esp32s3.rom.ble_scan.ld
[4.430s] -- Adding linker script /home/diego/.espressif/v5.5/esp-idf/components/esp_rom/esp32s3/ld/esp32s3.rom.libc.ld
[4.430s] -- Adding linker script /home/diego/.espressif/v5.5/esp-idf/components/esp_rom/esp32s3/ld/esp32s3.rom.newlib.ld
[4.443s] -- Adding linker script /home/diego/.espressif/v5.5/esp-idf/components/soc/esp32s3/ld/esp32s3.peripherals.ld
[4.691s] -- Using Micro XRCE-DDS middleware
[4.734s] make: Nothing to be done for 'all'.
[4.957s] -- Components: app_trace app_update bootloader bootloader_support bt cmock console cxx driver efuse esp-tls esp_adc esp_app_format esp_bootloader_format esp_coex esp_common esp_driver_ana_cmpr esp_driver_bitscrambler esp_driver_cam esp_driver_dac esp_driver_gpio esp_driver_gptimer esp_driver_i2c esp_driver_i2s esp_driver_isp esp_driver_jpeg esp_driver_ledc esp_driver_mcpwm esp_driver_parlio esp_driver_pcnt esp_driver_ppa esp_driver_rmt esp_driver_sdio esp_driver_sdm esp_driver_sdmmc esp_driver_sdspi esp_driver_spi esp_driver_touch_sens esp_driver_tsens esp_driver_twai esp_driver_uart esp_driver_usb_serial_jtag esp_eth esp_event esp_gdbstub esp_hal_ieee802154 esp_hid esp_http_client esp_http_server esp_https_ota esp_https_server esp_hw_support esp_lcd esp_local_ctrl esp_mm esp_netif esp_netif_stack esp_partition esp_phy esp_pm esp_psram esp_ringbuf esp_rom esp_security esp_system esp_timer esp_vfs_console esp_wifi espcoredump esptool_py fatfs freertos hal heap http_parser idf_test ieee802154 json log lwip main mbedtls micro_ros_espidf_component mqtt newlib nvs_flash nvs_sec_provider openthread partition_table perfmon protobuf-c protocomm pthread rt sdmmc soc spi_flash spiffs tcp_transport touch_element ulp unity usb vfs wear_levelling wifi_provisioning wpa_supplicant xtensa
[4.958s] -- Component paths: /home/diego/.espressif/v5.5/esp-idf/components/app_trace /home/diego/.espressif/v5.5/esp-idf/components/app_update /home/diego/.espressif/v5.5/esp-idf/components/bootloader /home/diego/.espressif/v5.5/esp-idf/components/bootloader_support /home/diego/.espressif/v5.5/esp-idf/components/bt /home/diego/.espressif/v5.5/esp-idf/components/cmock /home/diego/.espressif/v5.5/esp-idf/components/console /home/diego/.espressif/v5.5/esp-idf/components/cxx /home/diego/.espressif/v5.5/esp-idf/components/driver /home/diego/.espressif/v5.5/esp-idf/components/efuse /home/diego/.espressif/v5.5/esp-idf/components/esp-tls /home/diego/.espressif/v5.5/esp-idf/components/esp_adc /home/diego/.espressif/v5.5/esp-idf/components/esp_app_format /home/diego/.espressif/v5.5/esp-idf/components/esp_bootloader_format /home/diego/.espressif/v5.5/esp-idf/components/esp_coex /home/diego/.espressif/v5.5/esp-idf/components/esp_common /home/diego/.espressif/v5.5/esp-idf/components/esp_driver_ana_cmpr /home/diego/.espressif/v5.5/esp-idf/components/esp_driver_bitscrambler /home/diego/.espressif/v5.5/esp-idf/components/esp_driver_cam /home/diego/.espressif/v5.5/esp-idf/components/esp_driver_dac /home/diego/.espressif/v5.5/esp-idf/components/esp_driver_gpio /home/diego/.espressif/v5.5/esp-idf/components/esp_driver_gptimer /home/diego/.espressif/v5.5/esp-idf/components/esp_driver_i2c /home/diego/.espressif/v5.5/esp-idf/components/esp_driver_i2s /home/diego/.espressif/v5.5/esp-idf/components/esp_driver_isp /home/diego/.espressif/v5.5/esp-idf/components/esp_driver_jpeg /home/diego/.espressif/v5.5/esp-idf/components/esp_driver_ledc /home/diego/.espressif/v5.5/esp-idf/components/esp_driver_mcpwm /home/diego/.espressif/v5.5/esp-idf/components/esp_driver_parlio /home/diego/.espressif/v5.5/esp-idf/components/esp_driver_pcnt /home/diego/.espressif/v5.5/esp-idf/components/esp_driver_ppa /home/diego/.espressif/v5.5/esp-idf/components/esp_driver_rmt /home/diego/.espressif/v5.5/esp-idf/components/esp_driver_sdio /home/diego/.espressif/v5.5/esp-idf/components/esp_driver_sdm /home/diego/.espressif/v5.5/esp-idf/components/esp_driver_sdmmc /home/diego/.espressif/v5.5/esp-idf/components/esp_driver_sdspi /home/diego/.espressif/v5.5/esp-idf/components/esp_driver_spi /home/diego/.espressif/v5.5/esp-idf/components/esp_driver_touch_sens /home/diego/.espressif/v5.5/esp-idf/components/esp_driver_tsens /home/diego/.espressif/v5.5/esp-idf/components/esp_driver_twai /home/diego/.espressif/v5.5/esp-idf/components/esp_driver_uart /home/diego/.espressif/v5.5/esp-idf/components/esp_driver_usb_serial_jtag /home/diego/.espressif/v5.5/esp-idf/components/esp_eth /home/diego/.espressif/v5.5/esp-idf/components/esp_event /home/diego/.espressif/v5.5/esp-idf/components/esp_gdbstub /home/diego/.espressif/v5.5/esp-idf/components/esp_hal_ieee802154 /home/diego/.espressif/v5.5/esp-idf/components/esp_hid /home/diego/.espressif/v5.5/esp-idf/components/esp_http_client /home/diego/.espressif/v5.5/esp-idf/components/esp_http_server /home/diego/.espressif/v5.5/esp-idf/components/esp_https_ota /home/diego/.espressif/v5.5/esp-idf/components/esp_https_server /home/diego/.espressif/v5.5/esp-idf/components/esp_hw_support /home/diego/.espressif/v5.5/esp-idf/components/esp_lcd /home/diego/.espressif/v5.5/esp-idf/components/esp_local_ctrl /home/diego/.espressif/v5.5/esp-idf/components/esp_mm /home/diego/.espressif/v5.5/esp-idf/components/esp_netif /home/diego/.espressif/v5.5/esp-idf/components/esp_netif_stack /home/diego/.espressif/v5.5/esp-idf/components/esp_partition /home/diego/.espressif/v5.5/esp-idf/components/esp_phy /home/diego/.espressif/v5.5/esp-idf/components/esp_pm /home/diego/.espressif/v5.5/esp-idf/components/esp_psram /home/diego/.espressif/v5.5/esp-idf/components/esp_ringbuf /home/diego/.espressif/v5.5/esp-idf/components/esp_rom /home/diego/.espressif/v5.5/esp-idf/components/esp_security /home/diego/.espressif/v5.5/esp-idf/components/esp_system /home/diego/.espressif/v5.5/esp-idf/components/esp_timer /home/diego/.espressif/v5.5/esp-idf/components/esp_vfs_console /home/diego/.espressif/v5.5/esp-idf/components/esp_wifi /home/diego/.espressif/v5.5/esp-idf/components/espcoredump /home/diego/.espressif/v5.5/esp-idf/components/esptool_py /home/diego/.espressif/v5.5/esp-idf/components/fatfs /home/diego/.espressif/v5.5/esp-idf/components/freertos /home/diego/.espressif/v5.5/esp-idf/components/hal /home/diego/.espressif/v5.5/esp-idf/components/heap /home/diego/.espressif/v5.5/esp-idf/components/http_parser /home/diego/.espressif/v5.5/esp-idf/components/idf_test /home/diego/.espressif/v5.5/esp-idf/components/ieee802154 /home/diego/.espressif/v5.5/esp-idf/components/json /home/diego/.espressif/v5.5/esp-idf/components/log /home/diego/.espressif/v5.5/esp-idf/components/lwip /home/diego/Ros2_esp32/main /home/diego/.espressif/v5.5/esp-idf/components/mbedtls /home/diego/Ros2_esp32/components/micro_ros_espidf_component /home/diego/.espressif/v5.5/esp-idf/components/mqtt /home/diego/.espressif/v5.5/esp-idf/components/newlib /home/diego/.espressif/v5.5/esp-idf/components/nvs_flash /home/diego/.espressif/v5.5/esp-idf/components/nvs_sec_provider /home/diego/.espressif/v5.5/esp-idf/components/openthread /home/diego/.espressif/v5.5/esp-idf/components/partition_table /home/diego/.espressif/v5.5/esp-idf/components/perfmon /home/diego/.espressif/v5.5/esp-idf/components/protobuf-c /home/diego/.espressif/v5.5/esp-idf/components/protocomm /home/diego/.espressif/v5.5/esp-idf/components/pthread /home/diego/.espressif/v5.5/esp-idf/components/rt /home/diego/.espressif/v5.5/esp-idf/components/sdmmc /home/diego/.espressif/v5.5/esp-idf/components/soc /home/diego/.espressif/v5.5/esp-idf/components/spi_flash /home/diego/.espressif/v5.5/esp-idf/components/spiffs /home/diego/.espressif/v5.5/esp-idf/components/tcp_transport /home/diego/.espressif/v5.5/esp-idf/components/touch_element /home/diego/.espressif/v5.5/esp-idf/components/ulp /home/diego/.espressif/v5.5/esp-idf/components/unity /home/diego/.espressif/v5.5/esp-idf/components/usb /home/diego/.espressif/v5.5/esp-idf/components/vfs /home/diego/.espressif/v5.5/esp-idf/components/wear_levelling /home/diego/.espressif/v5.5/esp-idf/components/wifi_provisioning /home/diego/.espressif/v5.5/esp-idf/components/wpa_supplicant /home/diego/.espressif/v5.5/esp-idf/components/xtensa
[4.962s] -- Configuring done
[5.770s] -- Generating done
[5.927s] -- Build files have been written to: /home/diego/Ros2_esp32/build/Ros2_esp32
[5.988s] Invoked command in '/home/diego/Ros2_esp32/build/Ros2_esp32' returned '0': /usr/bin/cmake /home/diego/Ros2_esp32 -DCMAKE_INSTALL_PREFIX=/home/diego/Ros2_esp32/install/Ros2_esp32
[5.990s] Invoking command in '/home/diego/Ros2_esp32/build/Ros2_esp32': /usr/bin/cmake --build /home/diego/Ros2_esp32/build/Ros2_esp32 -- -j12 -l12
[6.054s] [  0%] [34m[1mGenerating project_elf_src_esp32s3.c[0m
[6.054s] [  0%] [34m[1mGenerating /home/diego/Ros2_esp32/build/Ros2_esp32/esp-idf/esp_system/ld/sections.ld.in linker script...[0m
[6.054s] [  0%] [34m[1mGenerating /home/diego/Ros2_esp32/build/Ros2_esp32/esp-idf/esp_system/ld/memory.ld linker script...[0m
[6.055s] [  0%] [34m[1mGenerating ../../partition_table/partition-table.bin[0m
[6.056s] [  0%] Built target custom_bundle
[6.078s] [  0%] Built target _project_elf_src
[6.088s] [  0%] Built target memory.ld
[6.089s] [  0%] Built target sections.ld.in
[6.110s] [  1%] [32mBuilding C object esp-idf/esp_https_ota/CMakeFiles/__idf_esp_https_ota.dir/src/esp_https_ota.c.obj[0m
[6.112s] Partition table binary generated. Contents:
[6.120s] *******************************************************************************
[6.149s] # ESP-IDF Partition Table
[6.149s] # Name, Type, SubType, Offset, Size, Flags
[6.150s] nvs,data,nvs,0x9000,24K,
[6.150s] phy_init,data,phy,0xf000,4K,
[6.150s] factory,app,factory,0x10000,4M,
[6.150s] storage,data,spiffs,0x410000,10M,
[6.161s] *******************************************************************************
[6.170s] [  1%] Built target partition_table_bin
[6.190s] [  1%] [34m[1mCreating directories for 'bootloader'[0m
[6.266s] [  1%] [34m[1mNo download step for 'bootloader'[0m
[6.291s] [  1%] [34m[1mNo update step for 'bootloader'[0m
[6.315s] [  1%] [34m[1mNo patch step for 'bootloader'[0m
[6.333s] [  1%] [32m[1mLinking C static library libesp_https_ota.a[0m
[6.341s] [  1%] [34m[1mPerforming configure step for 'bootloader'[0m
[6.360s] -- Found Git: /usr/bin/git (found version "2.34.1") 
[6.367s] [  1%] Built target __idf_esp_https_ota
[6.379s] -- Component directory /home/diego/.espressif/v5.5/esp-idf/components/esp_blockdev does not contain a CMakeLists.txt file. No component will be added
[6.389s] [  1%] [32mBuilding C object esp-idf/esp_http_server/CMakeFiles/__idf_esp_http_server.dir/src/httpd_ws.c.obj[0m
[6.390s] [  1%] [32mBuilding C object esp-idf/esp_http_server/CMakeFiles/__idf_esp_http_server.dir/src/httpd_txrx.c.obj[0m
[6.390s] [  1%] [32mBuilding C object esp-idf/esp_http_server/CMakeFiles/__idf_esp_http_server.dir/src/util/ctrl_sock.c.obj[0m
[6.390s] [  1%] [32mBuilding C object esp-idf/esp_http_server/CMakeFiles/__idf_esp_http_server.dir/src/httpd_parse.c.obj[0m
[6.390s] [  1%] [32mBuilding C object esp-idf/esp_http_server/CMakeFiles/__idf_esp_http_server.dir/src/httpd_main.c.obj[0m
[6.390s] [  1%] [32mBuilding C object esp-idf/esp_http_server/CMakeFiles/__idf_esp_http_server.dir/src/httpd_sess.c.obj[0m
[6.392s] [  1%] [32mBuilding C object esp-idf/esp_http_server/CMakeFiles/__idf_esp_http_server.dir/src/httpd_uri.c.obj[0m
[6.639s] [  1%] [32m[1mLinking C static library libesp_http_server.a[0m
[6.678s] [  1%] Built target __idf_esp_http_server
[6.699s] [  1%] [32mBuilding C object esp-idf/esp_http_client/CMakeFiles/__idf_esp_http_client.dir/lib/http_auth.c.obj[0m
[6.699s] [  1%] [32mBuilding C object esp-idf/esp_http_client/CMakeFiles/__idf_esp_http_client.dir/esp_http_client.c.obj[0m
[6.699s] [  2%] [32mBuilding C object esp-idf/esp_http_client/CMakeFiles/__idf_esp_http_client.dir/lib/http_utils.c.obj[0m
[6.699s] [  2%] [32mBuilding C object esp-idf/esp_http_client/CMakeFiles/__idf_esp_http_client.dir/lib/http_header.c.obj[0m
[7.100s] [  2%] [32m[1mLinking C static library libesp_http_client.a[0m
[7.138s] [  2%] Built target __idf_esp_http_client
[7.151s] -- Minimal build - OFF
[7.160s] [  2%] [32mBuilding C object esp-idf/tcp_transport/CMakeFiles/__idf_tcp_transport.dir/transport_ws.c.obj[0m
[7.160s] [  2%] [32mBuilding C object esp-idf/tcp_transport/CMakeFiles/__idf_tcp_transport.dir/transport.c.obj[0m
[7.160s] [  2%] [32mBuilding C object esp-idf/tcp_transport/CMakeFiles/__idf_tcp_transport.dir/transport_internal.c.obj[0m
[7.160s] [  2%] [32mBuilding C object esp-idf/tcp_transport/CMakeFiles/__idf_tcp_transport.dir/transport_ssl.c.obj[0m
[7.161s] [  2%] [32mBuilding C object esp-idf/tcp_transport/CMakeFiles/__idf_tcp_transport.dir/transport_socks_proxy.c.obj[0m
[7.351s] -- The C compiler identification is GNU 14.2.0
[7.456s] [  3%] [32m[1mLinking C static library libtcp_transport.a[0m
[7.495s] [  3%] Built target __idf_tcp_transport
[7.520s] [  3%] [32mBuilding C object esp-idf/esp_adc/CMakeFiles/__idf_esp_adc.dir/deprecated/esp_adc_cal_common_legacy.c.obj[0m
[7.520s] [  3%] [32mBuilding C object esp-idf/esp_adc/CMakeFiles/__idf_esp_adc.dir/adc_common.c.obj[0m
[7.520s] [  3%] [32mBuilding C object esp-idf/esp_adc/CMakeFiles/__idf_esp_adc.dir/adc_cali.c.obj[0m
[7.520s] [  3%] [32mBuilding C object esp-idf/esp_adc/CMakeFiles/__idf_esp_adc.dir/adc_cali_curve_fitting.c.obj[0m
[7.520s] [  3%] [32mBuilding C object esp-idf/esp_adc/CMakeFiles/__idf_esp_adc.dir/adc_continuous.c.obj[0m
[7.520s] [  3%] [32mBuilding C object esp-idf/esp_adc/CMakeFiles/__idf_esp_adc.dir/adc_monitor.c.obj[0m
[7.521s] -- The CXX compiler identification is GNU 14.2.0
[7.521s] [  3%] [32mBuilding C object esp-idf/esp_adc/CMakeFiles/__idf_esp_adc.dir/gdma/adc_dma.c.obj[0m
[7.521s] [  4%] [32mBuilding C object esp-idf/esp_adc/CMakeFiles/__idf_esp_adc.dir/adc_oneshot.c.obj[0m
[7.521s] [  4%] [32mBuilding C object esp-idf/esp_adc/CMakeFiles/__idf_esp_adc.dir/esp32s3/curve_fitting_coefficients.c.obj[0m
[7.525s] [  4%] [32mBuilding C object esp-idf/esp_adc/CMakeFiles/__idf_esp_adc.dir/adc_filter.c.obj[0m
[7.525s] [  4%] [32mBuilding C object esp-idf/esp_adc/CMakeFiles/__idf_esp_adc.dir/deprecated/esp32s3/esp_adc_cal_legacy.c.obj[0m
[7.547s] -- The ASM compiler identification is GNU
[7.551s] -- Found assembler: /home/diego/.espressif/tools/xtensa-esp-elf/esp-14.2.0_20260121/xtensa-esp-elf/bin/xtensa-esp32s3-elf-gcc
[7.556s] -- Detecting C compiler ABI info
[7.644s] -- Detecting C compiler ABI info - done
[7.652s] -- Check for working C compiler: /home/diego/.espressif/tools/xtensa-esp-elf/esp-14.2.0_20260121/xtensa-esp-elf/bin/xtensa-esp32s3-elf-gcc - skipped
[7.652s] -- Detecting C compile features
[7.653s] -- Detecting C compile features - done
[7.656s] -- Detecting CXX compiler ABI info
[7.726s] -- Detecting CXX compiler ABI info - done
[7.734s] -- Check for working CXX compiler: /home/diego/.espressif/tools/xtensa-esp-elf/esp-14.2.0_20260121/xtensa-esp-elf/bin/xtensa-esp32s3-elf-g++ - skipped
[7.734s] -- Detecting CXX compile features
[7.734s] -- Detecting CXX compile features - done
[7.759s] [  5%] [32m[1mLinking C static library libesp_adc.a[0m
[7.802s] [  5%] Built target __idf_esp_adc
[7.823s] [  5%] [32mBuilding C object esp-idf/esp-tls/CMakeFiles/__idf_esp-tls.dir/esp_tls_mbedtls.c.obj[0m
[7.823s] [  5%] [32mBuilding C object esp-idf/esp-tls/CMakeFiles/__idf_esp-tls.dir/esp_tls_error_capture.c.obj[0m
[7.823s] [  5%] [32mBuilding C object esp-idf/esp-tls/CMakeFiles/__idf_esp-tls.dir/esp_tls_platform_port.c.obj[0m
[7.823s] [  5%] [32mBuilding C object esp-idf/esp-tls/CMakeFiles/__idf_esp-tls.dir/esp-tls-crypto/esp_tls_crypto.c.obj[0m
[7.823s] [  5%] [32mBuilding C object esp-idf/esp-tls/CMakeFiles/__idf_esp-tls.dir/esp_tls.c.obj[0m
[8.010s] -- Building ESP-IDF components for target esp32s3
[8.097s] [  5%] [32m[1mLinking C static library libesp-tls.a[0m
[8.135s] [  5%] Built target __idf_esp-tls
[8.155s] [  5%] [32mBuilding C object esp-idf/http_parser/CMakeFiles/__idf_http_parser.dir/http_parser.c.obj[0m
[8.522s] -- ESP-TEE is currently supported only on the esp32c6;esp32h2;esp32c5 SoCs
[8.528s] [  6%] [32m[1mLinking C static library libhttp_parser.a[0m
[8.564s] [  6%] Built target __idf_http_parser
[8.591s] [  6%] [32mBuilding C object esp-idf/driver/CMakeFiles/__idf_driver.dir/deprecated/adc_dma_legacy.c.obj[0m
[8.591s] [  6%] [32mBuilding C object esp-idf/driver/CMakeFiles/__idf_driver.dir/deprecated/timer_legacy.c.obj[0m
[8.591s] [  6%] [32mBuilding C object esp-idf/driver/CMakeFiles/__idf_driver.dir/deprecated/adc_legacy.c.obj[0m
[8.591s] [  6%] [32mBuilding C object esp-idf/driver/CMakeFiles/__idf_driver.dir/deprecated/i2s_legacy.c.obj[0m
[8.591s] [  6%] [32mBuilding C object esp-idf/driver/CMakeFiles/__idf_driver.dir/deprecated/pcnt_legacy.c.obj[0m
[8.591s] [  6%] [32mBuilding C object esp-idf/driver/CMakeFiles/__idf_driver.dir/deprecated/rmt_legacy.c.obj[0m
[8.591s] [  6%] [32mBuilding C object esp-idf/driver/CMakeFiles/__idf_driver.dir/deprecated/mcpwm_legacy.c.obj[0m
[8.591s] [  6%] [32mBuilding C object esp-idf/driver/CMakeFiles/__idf_driver.dir/i2c/i2c.c.obj[0m
[8.596s] [  7%] [32mBuilding C object esp-idf/driver/CMakeFiles/__idf_driver.dir/deprecated/sigma_delta_legacy.c.obj[0m
[8.596s] [  7%] [32mBuilding C object esp-idf/driver/CMakeFiles/__idf_driver.dir/deprecated/rtc_temperature_legacy.c.obj[0m
[8.597s] [  7%] [32mBuilding C object esp-idf/driver/CMakeFiles/__idf_driver.dir/touch_sensor/touch_sensor_common.c.obj[0m
[8.787s] [  7%] [32mBuilding C object esp-idf/driver/CMakeFiles/__idf_driver.dir/touch_sensor/esp32s3/touch_sensor.c.obj[0m
[8.826s] [  7%] [32mBuilding C object esp-idf/driver/CMakeFiles/__idf_driver.dir/twai/twai.c.obj[0m
[9.257s] [  7%] [32m[1mLinking C static library libdriver.a[0m
[9.306s] -- Project sdkconfig file /home/diego/Ros2_esp32/sdkconfig
[9.315s] [  7%] Built target __idf_driver
[9.335s] [  8%] [32mBuilding C object esp-idf/esp_driver_twai/CMakeFiles/__idf_esp_driver_twai.dir/esp_twai.c.obj[0m
[9.336s] [  8%] [32mBuilding C object esp-idf/esp_driver_twai/CMakeFiles/__idf_esp_driver_twai.dir/esp_twai_onchip.c.obj[0m
[9.462s] -- Compiler supported targets: xtensa-esp-elf
[9.464s] -- Detecting C compiler ABI info
[9.524s] -- Detecting C compiler ABI info - done
[9.531s] -- Detecting CXX compiler ABI info
[9.561s] [  8%] [32m[1mLinking C static library libesp_driver_twai.a[0m
[9.595s] -- Detecting CXX compiler ABI info - done
[9.599s] [  8%] Built target __idf_esp_driver_twai
[9.619s] [  8%] [32mBuilding C object esp-idf/esp_driver_ledc/CMakeFiles/__idf_esp_driver_ledc.dir/src/ledc.c.obj[0m
[9.706s] -- Detecting C compiler ABI info
[9.765s] -- Detecting C compiler ABI info - done
[9.772s] -- Detecting CXX compiler ABI info
[9.832s] -- Detecting CXX compiler ABI info - done
[9.847s] -- Adding linker script /home/diego/.espressif/v5.5/esp-idf/components/soc/esp32s3/ld/esp32s3.peripherals.ld
[9.858s] -- Bootloader project name: "bootloader" version: 1
[9.878s] -- Adding linker script /home/diego/.espressif/v5.5/esp-idf/components/esp_rom/esp32s3/ld/esp32s3.rom.ld
[9.878s] -- Adding linker script /home/diego/.espressif/v5.5/esp-idf/components/esp_rom/esp32s3/ld/esp32s3.rom.api.ld
[9.878s] -- Adding linker script /home/diego/.espressif/v5.5/esp-idf/components/esp_rom/esp32s3/ld/esp32s3.rom.bt_funcs.ld
[9.878s] -- Adding linker script /home/diego/.espressif/v5.5/esp-idf/components/esp_rom/esp32s3/ld/esp32s3.rom.libgcc.ld
[9.878s] -- Adding linker script /home/diego/.espressif/v5.5/esp-idf/components/esp_rom/esp32s3/ld/esp32s3.rom.wdt.ld
[9.878s] -- Adding linker script /home/diego/.espressif/v5.5/esp-idf/components/esp_rom/esp32s3/ld/esp32s3.rom.version.ld
[9.879s] -- Adding linker script /home/diego/.espressif/v5.5/esp-idf/components/esp_rom/esp32s3/ld/esp32s3.rom.libc.ld
[9.879s] -- Adding linker script /home/diego/.espressif/v5.5/esp-idf/components/esp_rom/esp32s3/ld/esp32s3.rom.newlib.ld
[9.891s] -- Adding linker script /home/diego/.espressif/v5.5/esp-idf/components/bootloader/subproject/main/ld/esp32s3/bootloader.rom.ld
[9.954s] -- Components: bootloader bootloader_support efuse esp_app_format esp_bootloader_format esp_common esp_hw_support esp_rom esp_security esp_system esptool_py freertos hal log main micro-ecc newlib partition_table soc spi_flash xtensa
[9.954s] -- Component paths: /home/diego/.espressif/v5.5/esp-idf/components/bootloader /home/diego/.espressif/v5.5/esp-idf/components/bootloader_support /home/diego/.espressif/v5.5/esp-idf/components/efuse /home/diego/.espressif/v5.5/esp-idf/components/esp_app_format /home/diego/.espressif/v5.5/esp-idf/components/esp_bootloader_format /home/diego/.espressif/v5.5/esp-idf/components/esp_common /home/diego/.espressif/v5.5/esp-idf/components/esp_hw_support /home/diego/.espressif/v5.5/esp-idf/components/esp_rom /home/diego/.espressif/v5.5/esp-idf/components/esp_security /home/diego/.espressif/v5.5/esp-idf/components/esp_system /home/diego/.espressif/v5.5/esp-idf/components/esptool_py /home/diego/.espressif/v5.5/esp-idf/components/freertos /home/diego/.espressif/v5.5/esp-idf/components/hal /home/diego/.espressif/v5.5/esp-idf/components/log /home/diego/.espressif/v5.5/esp-idf/components/bootloader/subproject/main /home/diego/.espressif/v5.5/esp-idf/components/bootloader/subproject/components/micro-ecc /home/diego/.espressif/v5.5/esp-idf/components/newlib /home/diego/.espressif/v5.5/esp-idf/components/partition_table /home/diego/.espressif/v5.5/esp-idf/components/soc /home/diego/.espressif/v5.5/esp-idf/components/spi_flash /home/diego/.espressif/v5.5/esp-idf/components/xtensa
[9.955s] -- Adding linker script /home/diego/.espressif/v5.5/esp-idf/components/bootloader/subproject/main/ld/esp32s3/bootloader.ld
[9.955s] -- Configuring done
[10.021s] [  8%] [32m[1mLinking C static library libesp_driver_ledc.a[0m
[10.026s] -- Generating done
[10.031s] -- Build files have been written to: /home/diego/Ros2_esp32/build/Ros2_esp32/bootloader
[10.059s] [  8%] Built target __idf_esp_driver_ledc
[10.067s] [  8%] [34m[1mPerforming build step for 'bootloader'[0m
[10.078s] [  8%] [32mBuilding C object esp-idf/esp_driver_i2c/CMakeFiles/__idf_esp_driver_i2c.dir/i2c_common.c.obj[0m
[10.078s] [  8%] [32mBuilding C object esp-idf/esp_driver_i2c/CMakeFiles/__idf_esp_driver_i2c.dir/i2c_master.c.obj[0m
[10.078s] [  8%] [32mBuilding C object esp-idf/esp_driver_i2c/CMakeFiles/__idf_esp_driver_i2c.dir/i2c_slave.c.obj[0m
[10.117s] [  4%] [32mBuilding C object esp-idf/log/CMakeFiles/__idf_log.dir/src/noos/log_lock.c.obj[0m
[10.117s] [  4%] [32mBuilding C object esp-idf/log/CMakeFiles/__idf_log.dir/src/log_timestamp_common.c.obj[0m
[10.117s] [  4%] [32mBuilding C object esp-idf/log/CMakeFiles/__idf_log.dir/src/buffer/log_buffers.c.obj[0m
[10.117s] [  4%] [34m[1mGenerating project_elf_src_esp32s3.c[0m
[10.117s] [  4%] [32mBuilding C object esp-idf/log/CMakeFiles/__idf_log.dir/src/noos/log_timestamp.c.obj[0m
[10.117s] [  5%] [32mBuilding C object esp-idf/log/CMakeFiles/__idf_log.dir/src/util.c.obj[0m
[10.121s] [  6%] [32mBuilding C object esp-idf/log/CMakeFiles/__idf_log.dir/src/noos/util.c.obj[0m
[10.124s] [  7%] [32mBuilding C object esp-idf/log/CMakeFiles/__idf_log.dir/src/log_format_text.c.obj[0m
[10.131s] [  7%] [32mBuilding C object esp-idf/log/CMakeFiles/__idf_log.dir/src/log_print.c.obj[0m
[10.145s] [  7%] Built target _project_elf_src
[10.163s] [  8%] [32mBuilding C object esp-idf/log/CMakeFiles/__idf_log.dir/src/log.c.obj[0m
[10.220s] [  9%] [32m[1mLinking C static library liblog.a[0m
[10.263s] [  9%] Built target __idf_log
[10.274s] [35m[1mScanning dependencies of target __idf_esp_rom[0m
[10.290s] [ 12%] [32mBuilding C object esp-idf/esp_rom/CMakeFiles/__idf_esp_rom.dir/patches/esp_rom_uart.c.obj[0m
[10.291s] [ 12%] [32mBuilding C object esp-idf/esp_rom/CMakeFiles/__idf_esp_rom.dir/patches/esp_rom_print.c.obj[0m
[10.291s] [ 12%] [32mBuilding C object esp-idf/esp_rom/CMakeFiles/__idf_esp_rom.dir/patches/esp_rom_sys.c.obj[0m
[10.291s] [ 12%] [32mBuilding C object esp-idf/esp_rom/CMakeFiles/__idf_esp_rom.dir/patches/esp_rom_crc.c.obj[0m
[10.291s] [ 13%] [32mBuilding C object esp-idf/esp_rom/CMakeFiles/__idf_esp_rom.dir/patches/esp_rom_spiflash.c.obj[0m
[10.291s] [ 14%] [32mBuilding C object esp-idf/esp_rom/CMakeFiles/__idf_esp_rom.dir/patches/esp_rom_efuse.c.obj[0m
[10.291s] [ 15%] [32mBuilding C object esp-idf/esp_rom/CMakeFiles/__idf_esp_rom.dir/patches/esp_rom_systimer.c.obj[0m
[10.292s] [ 15%] [32mBuilding ASM object esp-idf/esp_rom/CMakeFiles/__idf_esp_rom.dir/patches/esp_rom_longjmp.S.obj[0m
[10.293s] [ 16%] [32mBuilding C object esp-idf/esp_rom/CMakeFiles/__idf_esp_rom.dir/patches/esp_rom_gpio.c.obj[0m
[10.299s] [ 17%] [32mBuilding C object esp-idf/esp_rom/CMakeFiles/__idf_esp_rom.dir/patches/esp_rom_wdt.c.obj[0m
[10.327s] [ 17%] [32mBuilding C object esp-idf/esp_rom/CMakeFiles/__idf_esp_rom.dir/patches/esp_rom_cache_esp32s2_esp32s3.c.obj[0m
[10.335s] [ 18%] [32mBuilding ASM object esp-idf/esp_rom/CMakeFiles/__idf_esp_rom.dir/patches/esp_rom_cache_writeback_esp32s3.S.obj[0m
[10.449s] [ 19%] [32m[1mLinking C static library libesp_rom.a[0m
[10.490s] [ 19%] Built target __idf_esp_rom
[10.510s] [ 20%] [32mBuilding C object esp-idf/esp_common/CMakeFiles/__idf_esp_common.dir/src/esp_err_to_name.c.obj[0m
[10.515s] [  8%] [32m[1mLinking C static library libesp_driver_i2c.a[0m
[10.554s] [  8%] Built target __idf_esp_driver_i2c
[10.567s] [ 21%] [32m[1mLinking C static library libesp_common.a[0m
[10.574s] [  8%] [32mBuilding C object esp-idf/esp_driver_sdm/CMakeFiles/__idf_esp_driver_sdm.dir/src/sdm.c.obj[0m
[10.602s] [ 21%] Built target __idf_esp_common
[10.626s] [ 23%] [32mBuilding C object esp-idf/esp_hw_support/CMakeFiles/__idf_esp_hw_support.dir/port/esp32s3/esp_cpu_intr.c.obj[0m
[10.627s] [ 23%] [32mBuilding C object esp-idf/esp_hw_support/CMakeFiles/__idf_esp_hw_support.dir/cpu.c.obj[0m
[10.627s] [ 24%] [32mBuilding C object esp-idf/esp_hw_support/CMakeFiles/__idf_esp_hw_support.dir/port/esp32s3/cpu_region_protect.c.obj[0m
[10.627s] [ 24%] [32mBuilding C object esp-idf/esp_hw_support/CMakeFiles/__idf_esp_hw_support.dir/esp_memory_utils.c.obj[0m
[10.627s] [ 25%] [32mBuilding C object esp-idf/esp_hw_support/CMakeFiles/__idf_esp_hw_support.dir/port/esp32s3/rtc_clk.c.obj[0m
[10.627s] [ 26%] [32mBuilding C object esp-idf/esp_hw_support/CMakeFiles/__idf_esp_hw_support.dir/port/esp32s3/rtc_clk_init.c.obj[0m
[10.627s] [ 26%] [32mBuilding C object esp-idf/esp_hw_support/CMakeFiles/__idf_esp_hw_support.dir/port/esp32s3/rtc_init.c.obj[0m
[10.628s] [ 27%] [32mBuilding C object esp-idf/esp_hw_support/CMakeFiles/__idf_esp_hw_support.dir/port/esp32s3/rtc_sleep.c.obj[0m
[10.628s] [ 28%] [32mBuilding C object esp-idf/esp_hw_support/CMakeFiles/__idf_esp_hw_support.dir/port/esp32s3/rtc_time.c.obj[0m
[10.630s] [ 29%] [32mBuilding C object esp-idf/esp_hw_support/CMakeFiles/__idf_esp_hw_support.dir/port/esp32s3/chip_info.c.obj[0m
[10.741s] [  8%] [32m[1mLinking C static library libesp_driver_sdm.a[0m
[10.782s] [  8%] Built target __idf_esp_driver_sdm
[10.803s] [  8%] [32mBuilding C object esp-idf/esp_driver_tsens/CMakeFiles/__idf_esp_driver_tsens.dir/src/temperature_sensor.c.obj[0m
[10.862s] [ 30%] [32m[1mLinking C static library libesp_hw_support.a[0m
[10.904s] [ 30%] Built target __idf_esp_hw_support
[10.921s] [  8%] [32m[1mLinking C static library libesp_driver_tsens.a[0m
[10.924s] [ 31%] [32mBuilding C object esp-idf/esp_system/CMakeFiles/__idf_esp_system.dir/esp_err.c.obj[0m
[10.957s] [  8%] Built target __idf_esp_driver_tsens
[10.979s] [  8%] [32mBuilding C object esp-idf/esp_driver_rmt/CMakeFiles/__idf_esp_driver_rmt.dir/src/rmt_encoder_bytes.c.obj[0m
[10.979s] [  8%] [32mBuilding C object esp-idf/esp_driver_rmt/CMakeFiles/__idf_esp_driver_rmt.dir/src/rmt_encoder_copy.c.obj[0m
[10.979s] [  8%] [32mBuilding C object esp-idf/esp_driver_rmt/CMakeFiles/__idf_esp_driver_rmt.dir/src/rmt_common.c.obj[0m
[10.979s] [  8%] [32mBuilding C object esp-idf/esp_driver_rmt/CMakeFiles/__idf_esp_driver_rmt.dir/src/rmt_encoder_simple.c.obj[0m
[10.979s] [  8%] [32mBuilding C object esp-idf/esp_driver_rmt/CMakeFiles/__idf_esp_driver_rmt.dir/src/rmt_encoder.c.obj[0m
[10.981s] [ 32%] [32m[1mLinking C static library libesp_system.a[0m
[10.981s] [  9%] [32mBuilding C object esp-idf/esp_driver_rmt/CMakeFiles/__idf_esp_driver_rmt.dir/src/rmt_tx.c.obj[0m
[10.981s] [  9%] [32mBuilding C object esp-idf/esp_driver_rmt/CMakeFiles/__idf_esp_driver_rmt.dir/src/rmt_rx.c.obj[0m
[11.026s] [ 32%] Built target __idf_esp_system
[11.060s] [ 32%] [32mBuilding C object esp-idf/efuse/CMakeFiles/__idf_efuse.dir/esp32s3/esp_efuse_table.c.obj[0m
[11.061s] [ 34%] [32mBuilding C object esp-idf/efuse/CMakeFiles/__idf_efuse.dir/esp32s3/esp_efuse_fields.c.obj[0m
[11.061s] [ 35%] [32mBuilding C object esp-idf/efuse/CMakeFiles/__idf_efuse.dir/esp32s3/esp_efuse_rtc_calib.c.obj[0m
[11.064s] [ 36%] [32mBuilding C object esp-idf/efuse/CMakeFiles/__idf_efuse.dir/esp32s3/esp_efuse_utility.c.obj[0m
[11.065s] [ 37%] [32mBuilding C object esp-idf/efuse/CMakeFiles/__idf_efuse.dir/src/esp_efuse_api.c.obj[0m
[11.102s] [ 37%] [32mBuilding C object esp-idf/efuse/CMakeFiles/__idf_efuse.dir/src/esp_efuse_fields.c.obj[0m
[11.140s] [ 38%] [32mBuilding C object esp-idf/efuse/CMakeFiles/__idf_efuse.dir/src/esp_efuse_utility.c.obj[0m
[11.148s] [ 39%] [32mBuilding C object esp-idf/efuse/CMakeFiles/__idf_efuse.dir/src/efuse_controller/keys/with_key_purposes/esp_efuse_api_key.c.obj[0m
[11.318s] [ 40%] [32m[1mLinking C static library libefuse.a[0m
[11.360s] [ 40%] Built target __idf_efuse
[11.386s] [  9%] [32m[1mLinking C static library libesp_driver_rmt.a[0m
[11.386s] [ 42%] [32mBuilding C object esp-idf/bootloader_support/CMakeFiles/__idf_bootloader_support.dir/src/bootloader_mem.c.obj[0m
[11.387s] [ 43%] [32mBuilding C object esp-idf/bootloader_support/CMakeFiles/__idf_bootloader_support.dir/src/bootloader_clock_init.c.obj[0m
[11.387s] [ 43%] [32mBuilding C object esp-idf/bootloader_support/CMakeFiles/__idf_bootloader_support.dir/src/bootloader_common.c.obj[0m
[11.387s] [ 42%] [32mBuilding C object esp-idf/bootloader_support/CMakeFiles/__idf_bootloader_support.dir/src/bootloader_common_loader.c.obj[0m
[11.387s] [ 45%] [32mBuilding C object esp-idf/bootloader_support/CMakeFiles/__idf_bootloader_support.dir/src/bootloader_random.c.obj[0m
[11.387s] [ 45%] [32mBuilding C object esp-idf/bootloader_support/CMakeFiles/__idf_bootloader_support.dir/src/bootloader_efuse.c.obj[0m
[11.387s] [ 45%] [32mBuilding C object esp-idf/bootloader_support/CMakeFiles/__idf_bootloader_support.dir/src/flash_encrypt.c.obj[0m
[11.387s] [ 47%] [32mBuilding C object esp-idf/bootloader_support/CMakeFiles/__idf_bootloader_support.dir/src/bootloader_random_esp32s3.c.obj[0m
[11.387s] [ 47%] [32mBuilding C object esp-idf/bootloader_support/CMakeFiles/__idf_bootloader_support.dir/src/secure_boot.c.obj[0m
[11.388s] [ 47%] [32mBuilding C object esp-idf/bootloader_support/CMakeFiles/__idf_bootloader_support.dir/bootloader_flash/src/bootloader_flash.c.obj[0m
[11.394s] [ 48%] [32mBuilding C object esp-idf/bootloader_support/CMakeFiles/__idf_bootloader_support.dir/bootloader_flash/src/flash_qio_mode.c.obj[0m
[11.459s] [ 49%] [32mBuilding C object esp-idf/bootloader_support/CMakeFiles/__idf_bootloader_support.dir/bootloader_flash/src/bootloader_flash_config_esp32s3.c.obj[0m
[11.462s] [  9%] Built target __idf_esp_driver_rmt
[11.467s] [ 50%] [32mBuilding C object esp-idf/bootloader_support/CMakeFiles/__idf_bootloader_support.dir/src/bootloader_utility.c.obj[0m
[11.486s] [ 51%] [32mBuilding C object esp-idf/bootloader_support/CMakeFiles/__idf_bootloader_support.dir/src/flash_partitions.c.obj[0m
[11.486s] [ 51%] [32mBuilding C object esp-idf/bootloader_support/CMakeFiles/__idf_bootloader_support.dir/src/esp_image_format.c.obj[0m
[11.495s] [ 52%] [32mBuilding C object esp-idf/bootloader_support/CMakeFiles/__idf_bootloader_support.dir/src/bootloader_sha.c.obj[0m
[11.499s] [ 53%] [32mBuilding C object esp-idf/bootloader_support/CMakeFiles/__idf_bootloader_support.dir/src/bootloader_init.c.obj[0m
[11.502s] [  9%] [32mBuilding C object esp-idf/esp_driver_sdspi/CMakeFiles/__idf_esp_driver_sdspi.dir/src/sdspi_crc.c.obj[0m
[11.551s] [  9%] [32mBuilding C object esp-idf/esp_driver_sdspi/CMakeFiles/__idf_esp_driver_sdspi.dir/src/sdspi_host.c.obj[0m
[11.560s] [ 54%] [32mBuilding C object esp-idf/bootloader_support/CMakeFiles/__idf_bootloader_support.dir/src/bootloader_clock_loader.c.obj[0m
[11.566s] [ 55%] [32mBuilding C object esp-idf/bootloader_support/CMakeFiles/__idf_bootloader_support.dir/src/bootloader_console.c.obj[0m
[11.588s] [ 55%] [32mBuilding C object esp-idf/bootloader_support/CMakeFiles/__idf_bootloader_support.dir/src/bootloader_console_loader.c.obj[0m
[11.604s] [ 56%] [32mBuilding C object esp-idf/bootloader_support/CMakeFiles/__idf_bootloader_support.dir/src/esp32s3/bootloader_esp32s3.c.obj[0m
[11.605s] [ 57%] [32mBuilding C object esp-idf/bootloader_support/CMakeFiles/__idf_bootloader_support.dir/src/esp32s3/bootloader_soc.c.obj[0m
[11.607s] [  9%] [32mBuilding C object esp-idf/esp_driver_sdspi/CMakeFiles/__idf_esp_driver_sdspi.dir/src/sdspi_transaction.c.obj[0m
[11.640s] [ 58%] [32mBuilding C object esp-idf/bootloader_support/CMakeFiles/__idf_bootloader_support.dir/src/bootloader_panic.c.obj[0m
[11.800s] [  9%] [32m[1mLinking C static library libesp_driver_sdspi.a[0m
[11.834s] [ 59%] [32m[1mLinking C static library libbootloader_support.a[0m
[11.840s] [  9%] Built target __idf_esp_driver_sdspi
[11.861s] [  9%] [32mBuilding C object esp-idf/esp_driver_sdmmc/CMakeFiles/__idf_esp_driver_sdmmc.dir/src/sdmmc_transaction.c.obj[0m
[11.861s] [  9%] [32mBuilding C object esp-idf/esp_driver_sdmmc/CMakeFiles/__idf_esp_driver_sdmmc.dir/src/sdmmc_host.c.obj[0m
[11.889s] [ 59%] Built target __idf_bootloader_support
[11.911s] [ 59%] [32mBuilding C object esp-idf/esp_bootloader_format/CMakeFiles/__idf_esp_bootloader_format.dir/esp_bootloader_desc.c.obj[0m
[11.951s] [ 60%] [32m[1mLinking C static library libesp_bootloader_format.a[0m
[11.990s] [ 60%] Built target __idf_esp_bootloader_format
[12.011s] [ 61%] [32mBuilding C object esp-idf/spi_flash/CMakeFiles/__idf_spi_flash.dir/spi_flash_wrap.c.obj[0m
[12.097s] [ 62%] [32m[1mLinking C static library libspi_flash.a[0m
[12.136s] [ 62%] Built target __idf_spi_flash
[12.159s] [ 64%] [32mBuilding C object esp-idf/hal/CMakeFiles/__idf_hal.dir/mmu_hal.c.obj[0m
[12.159s] [ 64%] [32mBuilding C object esp-idf/hal/CMakeFiles/__idf_hal.dir/cache_hal.c.obj[0m
[12.159s] [ 64%] [32mBuilding C object esp-idf/hal/CMakeFiles/__idf_hal.dir/mpu_hal.c.obj[0m
[12.159s] [ 64%] [32mBuilding C object esp-idf/hal/CMakeFiles/__idf_hal.dir/hal_utils.c.obj[0m
[12.160s] [ 67%] [32mBuilding C object esp-idf/hal/CMakeFiles/__idf_hal.dir/efuse_hal.c.obj[0m
[12.160s] [ 67%] [32mBuilding C object esp-idf/hal/CMakeFiles/__idf_hal.dir/esp32s3/efuse_hal.c.obj[0m
[12.205s] [  9%] [32m[1mLinking C static library libesp_driver_sdmmc.a[0m
[12.251s] [  9%] Built target __idf_esp_driver_sdmmc
[12.276s] [  9%] [32mBuilding C object esp-idf/sdmmc/CMakeFiles/__idf_sdmmc.dir/sdmmc_io.c.obj[0m
[12.277s] [  9%] [32mBuilding C object esp-idf/sdmmc/CMakeFiles/__idf_sdmmc.dir/sdmmc_common.c.obj[0m
[12.277s] [  9%] [32mBuilding C object esp-idf/sdmmc/CMakeFiles/__idf_sdmmc.dir/sdmmc_cmd.c.obj[0m
[12.277s] [  9%] [32mBuilding C object esp-idf/sdmmc/CMakeFiles/__idf_sdmmc.dir/sd_pwr_ctrl/sd_pwr_ctrl.c.obj[0m
[12.277s] [  9%] [32mBuilding C object esp-idf/sdmmc/CMakeFiles/__idf_sdmmc.dir/sdmmc_mmc.c.obj[0m
[12.277s] [  9%] [32mBuilding C object esp-idf/sdmmc/CMakeFiles/__idf_sdmmc.dir/sdmmc_init.c.obj[0m
[12.277s] [  9%] [32mBuilding C object esp-idf/sdmmc/CMakeFiles/__idf_sdmmc.dir/sdmmc_sd.c.obj[0m
[12.289s] [ 68%] [32m[1mLinking C static library libhal.a[0m
[12.339s] [ 68%] Built target __idf_hal
[12.369s] [ 68%] [32mBuilding C object esp-idf/micro-ecc/CMakeFiles/__idf_micro-ecc.dir/uECC_verify_antifault.c.obj[0m
[12.502s] [ 10%] [32m[1mLinking C static library libsdmmc.a[0m
[12.544s] [ 10%] Built target __idf_sdmmc
[12.567s] [ 11%] [32mBuilding C object esp-idf/esp_driver_i2s/CMakeFiles/__idf_esp_driver_i2s.dir/i2s_std.c.obj[0m
[12.567s] [ 11%] [32mBuilding C object esp-idf/esp_driver_i2s/CMakeFiles/__idf_esp_driver_i2s.dir/i2s_tdm.c.obj[0m
[12.567s] [ 11%] [32mBuilding C object esp-idf/esp_driver_i2s/CMakeFiles/__idf_esp_driver_i2s.dir/i2s_common.c.obj[0m
[12.567s] [ 11%] [32mBuilding C object esp-idf/esp_driver_i2s/CMakeFiles/__idf_esp_driver_i2s.dir/i2s_pdm.c.obj[0m
[12.569s] [ 11%] [32mBuilding C object esp-idf/esp_driver_i2s/CMakeFiles/__idf_esp_driver_i2s.dir/i2s_platform.c.obj[0m
[12.881s] [ 11%] [32m[1mLinking C static library libesp_driver_i2s.a[0m
[12.923s] [ 11%] Built target __idf_esp_driver_i2s
[12.933s] [ 69%] [32m[1mLinking C static library libmicro-ecc.a[0m
[12.948s] [ 11%] [32mBuilding C object esp-idf/esp_driver_mcpwm/CMakeFiles/__idf_esp_driver_mcpwm.dir/src/mcpwm_cmpr.c.obj[0m
[12.948s] [ 11%] [32mBuilding C object esp-idf/esp_driver_mcpwm/CMakeFiles/__idf_esp_driver_mcpwm.dir/src/mcpwm_fault.c.obj[0m
[12.948s] [ 11%] [32mBuilding C object esp-idf/esp_driver_mcpwm/CMakeFiles/__idf_esp_driver_mcpwm.dir/src/mcpwm_cap.c.obj[0m
[12.948s] [ 11%] [32mBuilding C object esp-idf/esp_driver_mcpwm/CMakeFiles/__idf_esp_driver_mcpwm.dir/src/mcpwm_oper.c.obj[0m
[12.948s] [ 11%] [32mBuilding C object esp-idf/esp_driver_mcpwm/CMakeFiles/__idf_esp_driver_mcpwm.dir/src/mcpwm_gen.c.obj[0m
[12.948s] [ 11%] [32mBuilding C object esp-idf/esp_driver_mcpwm/CMakeFiles/__idf_esp_driver_mcpwm.dir/src/mcpwm_com.c.obj[0m
[12.949s] [ 12%] [32mBuilding C object esp-idf/esp_driver_mcpwm/CMakeFiles/__idf_esp_driver_mcpwm.dir/src/mcpwm_sync.c.obj[0m
[12.951s] [ 12%] [32mBuilding C object esp-idf/esp_driver_mcpwm/CMakeFiles/__idf_esp_driver_mcpwm.dir/src/mcpwm_timer.c.obj[0m
[12.985s] [ 69%] Built target __idf_micro-ecc
[13.016s] [ 70%] [32mBuilding C object esp-idf/soc/CMakeFiles/__idf_soc.dir/dport_access_common.c.obj[0m
[13.016s] [ 70%] [32mBuilding C object esp-idf/soc/CMakeFiles/__idf_soc.dir/esp32s3/gpio_periph.c.obj[0m
[13.019s] [ 71%] [32mBuilding C object esp-idf/soc/CMakeFiles/__idf_soc.dir/esp32s3/interrupts.c.obj[0m
[13.022s] [ 72%] [32mBuilding C object esp-idf/soc/CMakeFiles/__idf_soc.dir/lldesc.c.obj[0m
[13.075s] [ 73%] [32mBuilding C object esp-idf/soc/CMakeFiles/__idf_soc.dir/esp32s3/uart_periph.c.obj[0m
[13.081s] [ 74%] [32mBuilding C object esp-idf/soc/CMakeFiles/__idf_soc.dir/esp32s3/adc_periph.c.obj[0m
[13.107s] [ 75%] [32mBuilding C object esp-idf/soc/CMakeFiles/__idf_soc.dir/esp32s3/dedic_gpio_periph.c.obj[0m
[13.115s] [ 76%] [32mBuilding C object esp-idf/soc/CMakeFiles/__idf_soc.dir/esp32s3/gdma_periph.c.obj[0m
[13.151s] [ 77%] [32mBuilding C object esp-idf/soc/CMakeFiles/__idf_soc.dir/esp32s3/ledc_periph.c.obj[0m
[13.166s] [ 77%] [32mBuilding C object esp-idf/soc/CMakeFiles/__idf_soc.dir/esp32s3/spi_periph.c.obj[0m
[13.170s] [ 78%] [32mBuilding C object esp-idf/soc/CMakeFiles/__idf_soc.dir/esp32s3/pcnt_periph.c.obj[0m
[13.190s] [ 79%] [32mBuilding C object esp-idf/soc/CMakeFiles/__idf_soc.dir/esp32s3/rmt_periph.c.obj[0m
[13.190s] [ 80%] [32mBuilding C object esp-idf/soc/CMakeFiles/__idf_soc.dir/esp32s3/sdm_periph.c.obj[0m
[13.191s] [ 80%] [32mBuilding C object esp-idf/soc/CMakeFiles/__idf_soc.dir/esp32s3/i2s_periph.c.obj[0m
[13.206s] [ 81%] [32mBuilding C object esp-idf/soc/CMakeFiles/__idf_soc.dir/esp32s3/i2c_periph.c.obj[0m
[13.217s] [ 82%] [32mBuilding C object esp-idf/soc/CMakeFiles/__idf_soc.dir/esp32s3/temperature_sensor_periph.c.obj[0m
[13.227s] [ 83%] [32mBuilding C object esp-idf/soc/CMakeFiles/__idf_soc.dir/esp32s3/timer_periph.c.obj[0m
[13.232s] [ 84%] [32mBuilding C object esp-idf/soc/CMakeFiles/__idf_soc.dir/esp32s3/mcpwm_periph.c.obj[0m
[13.233s] [ 84%] [32mBuilding C object esp-idf/soc/CMakeFiles/__idf_soc.dir/esp32s3/lcd_periph.c.obj[0m
[13.244s] [ 85%] [32mBuilding C object esp-idf/soc/CMakeFiles/__idf_soc.dir/esp32s3/mpi_periph.c.obj[0m
[13.247s] [ 86%] [32mBuilding C object esp-idf/soc/CMakeFiles/__idf_soc.dir/esp32s3/sdmmc_periph.c.obj[0m
[13.259s] [ 87%] [32mBuilding C object esp-idf/soc/CMakeFiles/__idf_soc.dir/esp32s3/touch_sensor_periph.c.obj[0m
[13.268s] [ 87%] [32mBuilding C object esp-idf/soc/CMakeFiles/__idf_soc.dir/esp32s3/twai_periph.c.obj[0m
[13.276s] [ 88%] [32mBuilding C object esp-idf/soc/CMakeFiles/__idf_soc.dir/esp32s3/wdt_periph.c.obj[0m
[13.280s] [ 89%] [32mBuilding C object esp-idf/soc/CMakeFiles/__idf_soc.dir/esp32s3/rtc_io_periph.c.obj[0m
[13.281s] [ 90%] [32mBuilding C object esp-idf/soc/CMakeFiles/__idf_soc.dir/esp32s3/usb_dwc_periph.c.obj[0m
[13.293s] [ 90%] [32mBuilding C object esp-idf/soc/CMakeFiles/__idf_soc.dir/esp32s3/power_supply_periph.c.obj[0m
[13.296s] [ 91%] [32mBuilding C object esp-idf/soc/CMakeFiles/__idf_soc.dir/esp32s3/cam_periph.c.obj[0m
[13.325s] [ 12%] [32m[1mLinking C static library libesp_driver_mcpwm.a[0m
[13.327s] [ 92%] [32m[1mLinking C static library libsoc.a[0m
[13.370s] [ 12%] Built target __idf_esp_driver_mcpwm
[13.380s] [ 92%] Built target __idf_soc
[13.390s] [ 12%] [32mBuilding C object esp-idf/esp_driver_pcnt/CMakeFiles/__idf_esp_driver_pcnt.dir/src/pulse_cnt.c.obj[0m
[13.401s] [ 93%] [32mBuilding C object esp-idf/xtensa/CMakeFiles/__idf_xtensa.dir/xt_trax.c.obj[0m
[13.401s] [ 93%] [32mBuilding C object esp-idf/xtensa/CMakeFiles/__idf_xtensa.dir/eri.c.obj[0m
[13.445s] [ 94%] [32m[1mLinking C static library libxtensa.a[0m
[13.481s] [ 94%] Built target __idf_xtensa
[13.502s] [ 95%] [32mBuilding C object esp-idf/main/CMakeFiles/__idf_main.dir/bootloader_start.c.obj[0m
[13.551s] [ 96%] [32m[1mLinking C static library libmain.a[0m
[13.587s] [ 96%] Built target __idf_main
[13.607s] [ 97%] [32mBuilding C object CMakeFiles/bootloader.elf.dir/project_elf_src_esp32s3.c.obj[0m
[13.630s] [ 97%] [32m[1mLinking C executable bootloader.elf[0m
[13.647s] [ 12%] [32m[1mLinking C static library libesp_driver_pcnt.a[0m
[13.683s] [ 12%] Built target __idf_esp_driver_pcnt
[13.693s] [35m[1mScanning dependencies of target __idf_esp_gdbstub[0m
[13.708s] [ 98%] Built target bootloader.elf
[13.709s] [ 12%] [32mBuilding C object esp-idf/esp_gdbstub/CMakeFiles/__idf_esp_gdbstub.dir/src/gdbstub.c.obj[0m
[13.709s] [ 12%] [32mBuilding C object esp-idf/esp_gdbstub/CMakeFiles/__idf_esp_gdbstub.dir/src/gdbstub_transport.c.obj[0m
[13.709s] [ 12%] [32mBuilding C object esp-idf/esp_gdbstub/CMakeFiles/__idf_esp_gdbstub.dir/src/port/xtensa/gdbstub_xtensa.c.obj[0m
[13.709s] [ 13%] [32mBuilding C object esp-idf/esp_gdbstub/CMakeFiles/__idf_esp_gdbstub.dir/src/packet.c.obj[0m
[13.712s] [ 13%] [32mBuilding ASM object esp-idf/esp_gdbstub/CMakeFiles/__idf_esp_gdbstub.dir/src/port/xtensa/gdbstub-entry.S.obj[0m
[13.712s] [ 13%] [32mBuilding ASM object esp-idf/esp_gdbstub/CMakeFiles/__idf_esp_gdbstub.dir/src/port/xtensa/xt_debugexception.S.obj[0m
[13.735s] [100%] [34m[1mGenerating binary image from built executable[0m
[13.819s] esptool.py v4.12.dev3
[13.819s] Creating esp32s3 image...
[13.819s] Merged 2 ELF sections
[13.820s] Successfully created esp32s3 image.
[13.840s] Generated /home/diego/Ros2_esp32/build/Ros2_esp32/bootloader/bootloader.bin
[13.859s] [100%] Built target gen_project_binary
[13.875s] [ 13%] [32m[1mLinking C static library libesp_gdbstub.a[0m
[13.898s] Bootloader binary size 0x5160 bytes. 0x2ea0 bytes (36%) free.
[13.909s] [100%] Built target bootloader_check_size
[13.914s] [ 13%] Built target __idf_esp_gdbstub
[13.929s] [100%] Built target app
[13.935s] [ 14%] [32mBuilding C object esp-idf/esp_driver_spi/CMakeFiles/__idf_esp_driver_spi.dir/src/gpspi/spi_slave.c.obj[0m
[13.935s] [ 14%] [32mBuilding C object esp-idf/esp_driver_spi/CMakeFiles/__idf_esp_driver_spi.dir/src/gpspi/spi_master.c.obj[0m
[13.935s] [ 14%] [32mBuilding C object esp-idf/esp_driver_spi/CMakeFiles/__idf_esp_driver_spi.dir/src/gpspi/spi_common.c.obj[0m
[13.935s] [ 14%] [32mBuilding C object esp-idf/esp_driver_spi/CMakeFiles/__idf_esp_driver_spi.dir/src/gpspi/spi_slave_hd.c.obj[0m
[13.951s] [ 14%] [34m[1mNo install step for 'bootloader'[0m
[13.980s] [ 14%] [34m[1mCompleted 'bootloader'[0m
[14.015s] [ 14%] Built target bootloader
[14.288s] [ 14%] [32m[1mLinking C static library libesp_driver_spi.a[0m
[14.328s] [ 14%] Built target __idf_esp_driver_spi
[14.352s] [ 14%] [32mBuilding C object esp-idf/esp_wifi/CMakeFiles/__idf_esp_wifi.dir/src/mesh_event.c.obj[0m
[14.352s] [ 14%] [32mBuilding C object esp-idf/esp_wifi/CMakeFiles/__idf_esp_wifi.dir/src/wifi_init.c.obj[0m
[14.352s] [ 14%] [32mBuilding C object esp-idf/esp_wifi/CMakeFiles/__idf_esp_wifi.dir/src/smartconfig.c.obj[0m
[14.352s] [ 14%] [32mBuilding C object esp-idf/esp_wifi/CMakeFiles/__idf_esp_wifi.dir/src/wifi_default.c.obj[0m
[14.352s] [ 14%] [32mBuilding C object esp-idf/esp_wifi/CMakeFiles/__idf_esp_wifi.dir/src/lib_printf.c.obj[0m
[14.353s] [ 14%] [32mBuilding C object esp-idf/esp_wifi/CMakeFiles/__idf_esp_wifi.dir/src/wifi_default_ap.c.obj[0m
[14.353s] [ 14%] [32mBuilding C object esp-idf/esp_wifi/CMakeFiles/__idf_esp_wifi.dir/src/wifi_netif.c.obj[0m
[14.353s] [ 14%] [32mBuilding C object esp-idf/esp_wifi/CMakeFiles/__idf_esp_wifi.dir/regulatory/esp_wifi_regulatory.c.obj[0m
[14.353s] [ 14%] [32mBuilding C object esp-idf/esp_wifi/CMakeFiles/__idf_esp_wifi.dir/esp32s3/esp_adapter.c.obj[0m
[14.357s] [ 15%] [32mBuilding C object esp-idf/esp_wifi/CMakeFiles/__idf_esp_wifi.dir/src/smartconfig_ack.c.obj[0m
[14.542s] [ 15%] [32m[1mLinking C static library libesp_wifi.a[0m
[14.583s] [ 15%] Built target __idf_esp_wifi
[14.603s] [ 15%] [32mBuilding C object esp-idf/esp_coex/CMakeFiles/__idf_esp_coex.dir/src/coexist_debug_diagram.c.obj[0m
[14.603s] [ 15%] [32mBuilding C object esp-idf/esp_coex/CMakeFiles/__idf_esp_coex.dir/src/coexist_debug.c.obj[0m
[14.603s] [ 15%] [32mBuilding C object esp-idf/esp_coex/CMakeFiles/__idf_esp_coex.dir/esp32s3/esp_coex_adapter.c.obj[0m
[14.698s] [ 15%] [32m[1mLinking C static library libesp_coex.a[0m
[14.733s] [ 15%] Built target __idf_esp_coex
[14.762s] [ 15%] [32mBuilding C object esp-idf/wpa_supplicant/CMakeFiles/__idf_wpa_supplicant.dir/port/os_xtensa.c.obj[0m
[14.762s] [ 15%] [32mBuilding C object esp-idf/wpa_supplicant/CMakeFiles/__idf_wpa_supplicant.dir/src/ap/wpa_auth.c.obj[0m
[14.762s] [ 15%] [32mBuilding C object esp-idf/wpa_supplicant/CMakeFiles/__idf_wpa_supplicant.dir/src/ap/ap_config.c.obj[0m
[14.762s] [ 15%] [32mBuilding C object esp-idf/wpa_supplicant/CMakeFiles/__idf_wpa_supplicant.dir/src/ap/sta_info.c.obj[0m
[14.762s] [ 15%] [32mBuilding C object esp-idf/wpa_supplicant/CMakeFiles/__idf_wpa_supplicant.dir/src/ap/ieee802_1x.c.obj[0m
[14.763s] [ 16%] [32mBuilding C object esp-idf/wpa_supplicant/CMakeFiles/__idf_wpa_supplicant.dir/src/ap/pmksa_cache_auth.c.obj[0m
[14.763s] [ 16%] [32mBuilding C object esp-idf/wpa_supplicant/CMakeFiles/__idf_wpa_supplicant.dir/src/ap/wpa_auth_ie.c.obj[0m
[14.763s] [ 16%] [32mBuilding C object esp-idf/wpa_supplicant/CMakeFiles/__idf_wpa_supplicant.dir/src/ap/comeback_token.c.obj[0m
[14.763s] [ 16%] [32mBuilding C object esp-idf/wpa_supplicant/CMakeFiles/__idf_wpa_supplicant.dir/src/ap/ieee802_11.c.obj[0m
[14.763s] [ 16%] [32mBuilding C object esp-idf/wpa_supplicant/CMakeFiles/__idf_wpa_supplicant.dir/src/common/sae.c.obj[0m
[14.765s] [ 16%] [32mBuilding C object esp-idf/wpa_supplicant/CMakeFiles/__idf_wpa_supplicant.dir/port/eloop.c.obj[0m
[14.766s] [ 16%] [32mBuilding C object esp-idf/wpa_supplicant/CMakeFiles/__idf_wpa_supplicant.dir/src/common/dragonfly.c.obj[0m
[14.937s] [ 16%] [32mBuilding C object esp-idf/wpa_supplicant/CMakeFiles/__idf_wpa_supplicant.dir/src/utils/bitfield.c.obj[0m
[14.941s] [ 16%] [32mBuilding C object esp-idf/wpa_supplicant/CMakeFiles/__idf_wpa_supplicant.dir/src/common/wpa_common.c.obj[0m
[14.958s] [ 16%] [32mBuilding C object esp-idf/wpa_supplicant/CMakeFiles/__idf_wpa_supplicant.dir/src/crypto/aes-siv.c.obj[0m
[14.961s] [ 17%] [32mBuilding C object esp-idf/wpa_supplicant/CMakeFiles/__idf_wpa_supplicant.dir/src/crypto/sha256-kdf.c.obj[0m
[14.972s] [ 17%] [32mBuilding C object esp-idf/wpa_supplicant/CMakeFiles/__idf_wpa_supplicant.dir/src/crypto/ccmp.c.obj[0m
[14.987s] [ 17%] [32mBuilding C object esp-idf/wpa_supplicant/CMakeFiles/__idf_wpa_supplicant.dir/src/crypto/aes-gcm.c.obj[0m
[14.995s] [ 17%] [32mBuilding C object esp-idf/wpa_supplicant/CMakeFiles/__idf_wpa_supplicant.dir/src/crypto/crypto_ops.c.obj[0m
[15.009s] [ 17%] [32mBuilding C object esp-idf/wpa_supplicant/CMakeFiles/__idf_wpa_supplicant.dir/src/crypto/dh_group5.c.obj[0m
[15.069s] [ 17%] [32mBuilding C object esp-idf/wpa_supplicant/CMakeFiles/__idf_wpa_supplicant.dir/src/crypto/dh_groups.c.obj[0m
[15.069s] [ 17%] [32mBuilding C object esp-idf/wpa_supplicant/CMakeFiles/__idf_wpa_supplicant.dir/src/crypto/ms_funcs.c.obj[0m
[15.098s] [ 17%] [32mBuilding C object esp-idf/wpa_supplicant/CMakeFiles/__idf_wpa_supplicant.dir/src/crypto/sha1-tlsprf.c.obj[0m
[15.107s] [ 17%] [32mBuilding C object esp-idf/wpa_supplicant/CMakeFiles/__idf_wpa_supplicant.dir/src/crypto/sha256-tlsprf.c.obj[0m
[15.138s] [ 17%] [32mBuilding C object esp-idf/wpa_supplicant/CMakeFiles/__idf_wpa_supplicant.dir/src/crypto/sha384-tlsprf.c.obj[0m
[15.144s] [ 17%] [32mBuilding C object esp-idf/wpa_supplicant/CMakeFiles/__idf_wpa_supplicant.dir/src/crypto/sha256-prf.c.obj[0m
[15.172s] [ 18%] [32mBuilding C object esp-idf/wpa_supplicant/CMakeFiles/__idf_wpa_supplicant.dir/src/crypto/sha1-prf.c.obj[0m
[15.188s] [ 18%] [32mBuilding C object esp-idf/wpa_supplicant/CMakeFiles/__idf_wpa_supplicant.dir/src/crypto/sha384-prf.c.obj[0m
[15.219s] [ 18%] [32mBuilding C object esp-idf/wpa_supplicant/CMakeFiles/__idf_wpa_supplicant.dir/src/crypto/md4-internal.c.obj[0m
[15.240s] [ 18%] [32mBuilding C object esp-idf/wpa_supplicant/CMakeFiles/__idf_wpa_supplicant.dir/src/crypto/sha1-tprf.c.obj[0m
[15.270s] [ 18%] [32mBuilding C object esp-idf/wpa_supplicant/CMakeFiles/__idf_wpa_supplicant.dir/src/eap_common/eap_wsc_common.c.obj[0m
[15.270s] [ 18%] [32mBuilding C object esp-idf/wpa_supplicant/CMakeFiles/__idf_wpa_supplicant.dir/src/common/ieee802_11_common.c.obj[0m
[15.273s] [ 18%] [32mBuilding C object esp-idf/wpa_supplicant/CMakeFiles/__idf_wpa_supplicant.dir/src/eap_peer/chap.c.obj[0m
[15.291s] [ 18%] [32mBuilding C object esp-idf/wpa_supplicant/CMakeFiles/__idf_wpa_supplicant.dir/src/eap_peer/eap.c.obj[0m
[15.291s] [ 18%] [32mBuilding C object esp-idf/wpa_supplicant/CMakeFiles/__idf_wpa_supplicant.dir/src/eap_peer/eap_common.c.obj[0m
[15.317s] [ 18%] [32mBuilding C object esp-idf/wpa_supplicant/CMakeFiles/__idf_wpa_supplicant.dir/src/eap_peer/eap_mschapv2.c.obj[0m
[15.325s] [ 18%] [32mBuilding C object esp-idf/wpa_supplicant/CMakeFiles/__idf_wpa_supplicant.dir/src/eap_peer/eap_peap.c.obj[0m
[15.340s] [ 19%] [32mBuilding C object esp-idf/wpa_supplicant/CMakeFiles/__idf_wpa_supplicant.dir/src/eap_peer/eap_peap_common.c.obj[0m
[15.350s] [ 19%] [32mBuilding C object esp-idf/wpa_supplicant/CMakeFiles/__idf_wpa_supplicant.dir/src/eap_peer/eap_tls.c.obj[0m
[15.401s] [ 19%] [32mBuilding C object esp-idf/wpa_supplicant/CMakeFiles/__idf_wpa_supplicant.dir/src/eap_peer/eap_tls_common.c.obj[0m
[15.411s] [ 19%] [32mBuilding C object esp-idf/wpa_supplicant/CMakeFiles/__idf_wpa_supplicant.dir/src/eap_peer/eap_ttls.c.obj[0m
[15.417s] [ 19%] [32mBuilding C object esp-idf/wpa_supplicant/CMakeFiles/__idf_wpa_supplicant.dir/src/eap_peer/mschapv2.c.obj[0m
[15.417s] [ 19%] [32mBuilding C object esp-idf/wpa_supplicant/CMakeFiles/__idf_wpa_supplicant.dir/src/eap_peer/eap_fast.c.obj[0m
[15.418s] [ 19%] [32mBuilding C object esp-idf/wpa_supplicant/CMakeFiles/__idf_wpa_supplicant.dir/src/eap_peer/eap_fast_common.c.obj[0m
[15.469s] [ 19%] [32mBuilding C object esp-idf/wpa_supplicant/CMakeFiles/__idf_wpa_supplicant.dir/src/eap_peer/eap_fast_pac.c.obj[0m
[15.485s] [ 19%] [32mBuilding C object esp-idf/wpa_supplicant/CMakeFiles/__idf_wpa_supplicant.dir/src/rsn_supp/pmksa_cache.c.obj[0m
[15.505s] [ 19%] [32mBuilding C object esp-idf/wpa_supplicant/CMakeFiles/__idf_wpa_supplicant.dir/src/rsn_supp/wpa.c.obj[0m
[15.563s] [ 19%] [32mBuilding C object esp-idf/wpa_supplicant/CMakeFiles/__idf_wpa_supplicant.dir/src/rsn_supp/wpa_ie.c.obj[0m
[15.565s] [ 20%] [32mBuilding C object esp-idf/wpa_supplicant/CMakeFiles/__idf_wpa_supplicant.dir/src/utils/base64.c.obj[0m
[15.578s] [ 20%] [32mBuilding C object esp-idf/wpa_supplicant/CMakeFiles/__idf_wpa_supplicant.dir/src/utils/common.c.obj[0m
[15.615s] [ 20%] [32mBuilding C object esp-idf/wpa_supplicant/CMakeFiles/__idf_wpa_supplicant.dir/src/utils/ext_password.c.obj[0m
[15.619s] [ 20%] [32mBuilding C object esp-idf/wpa_supplicant/CMakeFiles/__idf_wpa_supplicant.dir/src/utils/uuid.c.obj[0m
[15.696s] [ 20%] [32mBuilding C object esp-idf/wpa_supplicant/CMakeFiles/__idf_wpa_supplicant.dir/src/utils/wpabuf.c.obj[0m
[15.707s] [ 20%] [32mBuilding C object esp-idf/wpa_supplicant/CMakeFiles/__idf_wpa_supplicant.dir/src/utils/wpa_debug.c.obj[0m
[15.708s] [ 20%] [32mBuilding C object esp-idf/wpa_supplicant/CMakeFiles/__idf_wpa_supplicant.dir/src/utils/json.c.obj[0m
[15.753s] [ 20%] [32mBuilding C object esp-idf/wpa_supplicant/CMakeFiles/__idf_wpa_supplicant.dir/src/wps/wps.c.obj[0m
[15.772s] [ 20%] [32mBuilding C object esp-idf/wpa_supplicant/CMakeFiles/__idf_wpa_supplicant.dir/src/wps/wps_attr_build.c.obj[0m
[15.777s] [ 20%] [32mBuilding C object esp-idf/wpa_supplicant/CMakeFiles/__idf_wpa_supplicant.dir/src/wps/wps_attr_parse.c.obj[0m
[15.782s] [ 20%] [32mBuilding C object esp-idf/wpa_supplicant/CMakeFiles/__idf_wpa_supplicant.dir/src/wps/wps_attr_process.c.obj[0m
[15.790s] [ 21%] [32mBuilding C object esp-idf/wpa_supplicant/CMakeFiles/__idf_wpa_supplicant.dir/src/wps/wps_common.c.obj[0m
[15.834s] [ 21%] [32mBuilding C object esp-idf/wpa_supplicant/CMakeFiles/__idf_wpa_supplicant.dir/src/wps/wps_dev_attr.c.obj[0m
[15.870s] [ 21%] [32mBuilding C object esp-idf/wpa_supplicant/CMakeFiles/__idf_wpa_supplicant.dir/src/wps/wps_enrollee.c.obj[0m
[15.874s] [ 21%] [32mBuilding C object esp-idf/wpa_supplicant/CMakeFiles/__idf_wpa_supplicant.dir/src/common/sae_pk.c.obj[0m
[15.877s] [ 21%] [32mBuilding C object esp-idf/wpa_supplicant/CMakeFiles/__idf_wpa_supplicant.dir/esp_supplicant/src/esp_eap_client.c.obj[0m
[15.959s] [ 21%] [32mBuilding C object esp-idf/wpa_supplicant/CMakeFiles/__idf_wpa_supplicant.dir/esp_supplicant/src/esp_wpa2_api_port.c.obj[0m
[15.969s] [ 21%] [32mBuilding C object esp-idf/wpa_supplicant/CMakeFiles/__idf_wpa_supplicant.dir/esp_supplicant/src/esp_wpa_main.c.obj[0m
[15.986s] [ 21%] [32mBuilding C object esp-idf/wpa_supplicant/CMakeFiles/__idf_wpa_supplicant.dir/esp_supplicant/src/esp_wpas_glue.c.obj[0m
[16.012s] [ 21%] [32mBuilding C object esp-idf/wpa_supplicant/CMakeFiles/__idf_wpa_supplicant.dir/esp_supplicant/src/esp_common.c.obj[0m
[16.049s] [ 21%] [32mBuilding C object esp-idf/wpa_supplicant/CMakeFiles/__idf_wpa_supplicant.dir/esp_supplicant/src/esp_wps.c.obj[0m
[16.057s] [ 21%] [32mBuilding C object esp-idf/wpa_supplicant/CMakeFiles/__idf_wpa_supplicant.dir/esp_supplicant/src/esp_wpa3.c.obj[0m
[16.061s] [ 22%] [32mBuilding C object esp-idf/wpa_supplicant/CMakeFiles/__idf_wpa_supplicant.dir/esp_supplicant/src/esp_owe.c.obj[0m
[16.074s] [ 22%] [32mBuilding C object esp-idf/wpa_supplicant/CMakeFiles/__idf_wpa_supplicant.dir/esp_supplicant/src/esp_hostap.c.obj[0m
[16.090s] [ 22%] [32mBuilding C object esp-idf/wpa_supplicant/CMakeFiles/__idf_wpa_supplicant.dir/esp_supplicant/src/crypto/tls_mbedtls.c.obj[0m
[16.105s] [ 22%] [32mBuilding C object esp-idf/wpa_supplicant/CMakeFiles/__idf_wpa_supplicant.dir/esp_supplicant/src/crypto/crypto_mbedtls.c.obj[0m
[16.149s] [ 22%] [32mBuilding C object esp-idf/wpa_supplicant/CMakeFiles/__idf_wpa_supplicant.dir/esp_supplicant/src/crypto/crypto_mbedtls-bignum.c.obj[0m
[16.172s] [ 22%] [32mBuilding C object esp-idf/wpa_supplicant/CMakeFiles/__idf_wpa_supplicant.dir/esp_supplicant/src/crypto/crypto_mbedtls-rsa.c.obj[0m
[16.207s] [ 22%] [32mBuilding C object esp-idf/wpa_supplicant/CMakeFiles/__idf_wpa_supplicant.dir/esp_supplicant/src/crypto/crypto_mbedtls-ec.c.obj[0m
[16.215s] [ 22%] [32mBuilding C object esp-idf/wpa_supplicant/CMakeFiles/__idf_wpa_supplicant.dir/esp_supplicant/src/crypto/fastpsk.c.obj[0m
[16.235s] [ 22%] [32mBuilding C object esp-idf/wpa_supplicant/CMakeFiles/__idf_wpa_supplicant.dir/src/crypto/rc4.c.obj[0m
[16.250s] [ 22%] [32mBuilding C object esp-idf/wpa_supplicant/CMakeFiles/__idf_wpa_supplicant.dir/src/crypto/des-internal.c.obj[0m
[16.327s] [ 23%] [32mBuilding C object esp-idf/wpa_supplicant/CMakeFiles/__idf_wpa_supplicant.dir/src/crypto/aes-wrap.c.obj[0m
[16.352s] [ 23%] [32mBuilding C object esp-idf/wpa_supplicant/CMakeFiles/__idf_wpa_supplicant.dir/src/crypto/aes-unwrap.c.obj[0m
[16.359s] [ 23%] [32mBuilding C object esp-idf/wpa_supplicant/CMakeFiles/__idf_wpa_supplicant.dir/src/crypto/aes-ccm.c.obj[0m
[16.571s] [ 23%] [32m[1mLinking C static library libwpa_supplicant.a[0m
[16.684s] [ 23%] Built target __idf_wpa_supplicant
[16.707s] [ 24%] [32mBuilding C object esp-idf/esp_netif/CMakeFiles/__idf_esp_netif.dir/lwip/esp_netif_sntp.c.obj[0m
[16.707s] [ 24%] [32mBuilding C object esp-idf/esp_netif/CMakeFiles/__idf_esp_netif.dir/esp_netif_objects.c.obj[0m
[16.708s] [ 24%] [32mBuilding C object esp-idf/esp_netif/CMakeFiles/__idf_esp_netif.dir/lwip/netif/ethernetif.c.obj[0m
[16.708s] [ 24%] [32mBuilding C object esp-idf/esp_netif/CMakeFiles/__idf_esp_netif.dir/lwip/esp_netif_lwip.c.obj[0m
[16.708s] [ 24%] [32mBuilding C object esp-idf/esp_netif/CMakeFiles/__idf_esp_netif.dir/esp_netif_defaults.c.obj[0m
[16.708s] [ 24%] [32mBuilding C object esp-idf/esp_netif/CMakeFiles/__idf_esp_netif.dir/esp_netif_handlers.c.obj[0m
[16.708s] [ 24%] [32mBuilding C object esp-idf/esp_netif/CMakeFiles/__idf_esp_netif.dir/lwip/netif/wlanif.c.obj[0m
[16.708s] [ 24%] [32mBuilding C object esp-idf/esp_netif/CMakeFiles/__idf_esp_netif.dir/lwip/esp_netif_lwip_defaults.c.obj[0m
[16.710s] [ 24%] [32mBuilding C object esp-idf/esp_netif/CMakeFiles/__idf_esp_netif.dir/lwip/netif/esp_pbuf_ref.c.obj[0m
[17.168s] [ 24%] [32m[1mLinking C static library libesp_netif.a[0m
[17.210s] [ 24%] Built target __idf_esp_netif
[17.239s] [ 24%] [32mBuilding C object esp-idf/lwip/CMakeFiles/__idf_lwip.dir/lwip/src/api/if_api.c.obj[0m
[17.239s] [ 24%] [32mBuilding C object esp-idf/lwip/CMakeFiles/__idf_lwip.dir/lwip/src/api/netbuf.c.obj[0m
[17.239s] [ 24%] [32mBuilding C object esp-idf/lwip/CMakeFiles/__idf_lwip.dir/lwip/src/api/api_msg.c.obj[0m
[17.239s] [ 24%] [32mBuilding C object esp-idf/lwip/CMakeFiles/__idf_lwip.dir/lwip/src/api/api_lib.c.obj[0m
[17.239s] [ 24%] [32mBuilding C object esp-idf/lwip/CMakeFiles/__idf_lwip.dir/apps/sntp/sntp.c.obj[0m
[17.239s] [ 25%] [32mBuilding C object esp-idf/lwip/CMakeFiles/__idf_lwip.dir/lwip/src/api/sockets.c.obj[0m
[17.239s] [ 25%] [32mBuilding C object esp-idf/lwip/CMakeFiles/__idf_lwip.dir/lwip/src/api/netdb.c.obj[0m
[17.240s] [ 25%] [32mBuilding C object esp-idf/lwip/CMakeFiles/__idf_lwip.dir/lwip/src/api/err.c.obj[0m
[17.240s] [ 25%] [32mBuilding C object esp-idf/lwip/CMakeFiles/__idf_lwip.dir/lwip/src/api/netifapi.c.obj[0m
[17.240s] [ 25%] [32mBuilding C object esp-idf/lwip/CMakeFiles/__idf_lwip.dir/lwip/src/api/tcpip.c.obj[0m
[17.240s] [ 25%] [32mBuilding C object esp-idf/lwip/CMakeFiles/__idf_lwip.dir/lwip/src/apps/netbiosns/netbiosns.c.obj[0m
[17.240s] [ 25%] [32mBuilding C object esp-idf/lwip/CMakeFiles/__idf_lwip.dir/lwip/src/apps/sntp/sntp.c.obj[0m
[17.383s] [ 25%] [32mBuilding C object esp-idf/lwip/CMakeFiles/__idf_lwip.dir/lwip/src/core/def.c.obj[0m
[17.385s] [ 26%] [32mBuilding C object esp-idf/lwip/CMakeFiles/__idf_lwip.dir/lwip/src/core/dns.c.obj[0m
[17.386s] [ 26%] [32mBuilding C object esp-idf/lwip/CMakeFiles/__idf_lwip.dir/lwip/src/core/inet_chksum.c.obj[0m
[17.408s] [ 26%] [32mBuilding C object esp-idf/lwip/CMakeFiles/__idf_lwip.dir/lwip/src/core/init.c.obj[0m
[17.414s] [ 26%] [32mBuilding C object esp-idf/lwip/CMakeFiles/__idf_lwip.dir/lwip/src/core/ip.c.obj[0m
[17.423s] [ 26%] [32mBuilding C object esp-idf/lwip/CMakeFiles/__idf_lwip.dir/lwip/src/core/mem.c.obj[0m
[17.430s] [ 26%] [32mBuilding C object esp-idf/lwip/CMakeFiles/__idf_lwip.dir/lwip/src/core/memp.c.obj[0m
[17.432s] [ 26%] [32mBuilding C object esp-idf/lwip/CMakeFiles/__idf_lwip.dir/lwip/src/core/netif.c.obj[0m
[17.465s] [ 26%] [32mBuilding C object esp-idf/lwip/CMakeFiles/__idf_lwip.dir/lwip/src/core/pbuf.c.obj[0m
[17.517s] [ 26%] [32mBuilding C object esp-idf/lwip/CMakeFiles/__idf_lwip.dir/lwip/src/core/raw.c.obj[0m
[17.534s] [ 26%] [32mBuilding C object esp-idf/lwip/CMakeFiles/__idf_lwip.dir/lwip/src/core/stats.c.obj[0m
[17.552s] [ 26%] [32mBuilding C object esp-idf/lwip/CMakeFiles/__idf_lwip.dir/lwip/src/core/sys.c.obj[0m
[17.560s] [ 27%] [32mBuilding C object esp-idf/lwip/CMakeFiles/__idf_lwip.dir/lwip/src/core/tcp.c.obj[0m
[17.577s] [ 27%] [32mBuilding C object esp-idf/lwip/CMakeFiles/__idf_lwip.dir/lwip/src/core/tcp_in.c.obj[0m
[17.588s] [ 27%] [32mBuilding C object esp-idf/lwip/CMakeFiles/__idf_lwip.dir/lwip/src/core/tcp_out.c.obj[0m
[17.606s] [ 27%] [32mBuilding C object esp-idf/lwip/CMakeFiles/__idf_lwip.dir/lwip/src/core/timeouts.c.obj[0m
[17.661s] [ 27%] [32mBuilding C object esp-idf/lwip/CMakeFiles/__idf_lwip.dir/lwip/src/core/udp.c.obj[0m
[17.678s] [ 27%] [32mBuilding C object esp-idf/lwip/CMakeFiles/__idf_lwip.dir/lwip/src/core/ipv4/autoip.c.obj[0m
[17.680s] [ 27%] [32mBuilding C object esp-idf/lwip/CMakeFiles/__idf_lwip.dir/lwip/src/core/ipv4/dhcp.c.obj[0m
[17.761s] [ 27%] [32mBuilding C object esp-idf/lwip/CMakeFiles/__idf_lwip.dir/lwip/src/core/ipv4/etharp.c.obj[0m
[17.776s] [ 27%] [32mBuilding C object esp-idf/lwip/CMakeFiles/__idf_lwip.dir/lwip/src/core/ipv4/icmp.c.obj[0m
[17.786s] [ 27%] [32mBuilding C object esp-idf/lwip/CMakeFiles/__idf_lwip.dir/lwip/src/core/ipv4/igmp.c.obj[0m
[17.792s] [ 27%] [32mBuilding C object esp-idf/lwip/CMakeFiles/__idf_lwip.dir/lwip/src/core/ipv4/ip4.c.obj[0m
[17.796s] [ 28%] [32mBuilding C object esp-idf/lwip/CMakeFiles/__idf_lwip.dir/lwip/src/core/ipv4/ip4_napt.c.obj[0m
[17.822s] [ 28%] [32mBuilding C object esp-idf/lwip/CMakeFiles/__idf_lwip.dir/lwip/src/core/ipv4/ip4_addr.c.obj[0m
[17.936s] [ 28%] [32mBuilding C object esp-idf/lwip/CMakeFiles/__idf_lwip.dir/lwip/src/core/ipv4/ip4_frag.c.obj[0m
[17.942s] [ 28%] [32mBuilding C object esp-idf/lwip/CMakeFiles/__idf_lwip.dir/lwip/src/core/ipv6/dhcp6.c.obj[0m
[17.960s] [ 28%] [32mBuilding C object esp-idf/lwip/CMakeFiles/__idf_lwip.dir/lwip/src/core/ipv6/ethip6.c.obj[0m
[17.992s] [ 28%] [32mBuilding C object esp-idf/lwip/CMakeFiles/__idf_lwip.dir/lwip/src/core/ipv6/icmp6.c.obj[0m
[18.005s] [ 28%] [32mBuilding C object esp-idf/lwip/CMakeFiles/__idf_lwip.dir/lwip/src/core/ipv6/inet6.c.obj[0m
[18.009s] [ 28%] [32mBuilding C object esp-idf/lwip/CMakeFiles/__idf_lwip.dir/lwip/src/core/ipv6/ip6.c.obj[0m
[18.012s] [ 28%] [32mBuilding C object esp-idf/lwip/CMakeFiles/__idf_lwip.dir/lwip/src/core/ipv6/ip6_addr.c.obj[0m
[18.024s] [ 28%] [32mBuilding C object esp-idf/lwip/CMakeFiles/__idf_lwip.dir/lwip/src/core/ipv6/ip6_frag.c.obj[0m
[18.033s] [ 28%] [32mBuilding C object esp-idf/lwip/CMakeFiles/__idf_lwip.dir/lwip/src/core/ipv6/mld6.c.obj[0m
[18.044s] [ 29%] [32mBuilding C object esp-idf/lwip/CMakeFiles/__idf_lwip.dir/lwip/src/core/ipv6/nd6.c.obj[0m
[18.081s] [ 29%] [32mBuilding C object esp-idf/lwip/CMakeFiles/__idf_lwip.dir/lwip/src/netif/ethernet.c.obj[0m
[18.084s] [ 29%] [32mBuilding C object esp-idf/lwip/CMakeFiles/__idf_lwip.dir/lwip/src/netif/bridgeif.c.obj[0m
[18.089s] [ 29%] [32mBuilding C object esp-idf/lwip/CMakeFiles/__idf_lwip.dir/lwip/src/netif/bridgeif_fdb.c.obj[0m
[18.102s] [ 29%] [32mBuilding C object esp-idf/lwip/CMakeFiles/__idf_lwip.dir/lwip/src/netif/slipif.c.obj[0m
[18.106s] [ 29%] [32mBuilding C object esp-idf/lwip/CMakeFiles/__idf_lwip.dir/lwip/src/netif/ppp/auth.c.obj[0m
[18.127s] [ 29%] [32mBuilding C object esp-idf/lwip/CMakeFiles/__idf_lwip.dir/lwip/src/netif/ppp/ccp.c.obj[0m
[18.175s] [ 29%] [32mBuilding C object esp-idf/lwip/CMakeFiles/__idf_lwip.dir/lwip/src/netif/ppp/chap-md5.c.obj[0m
[18.191s] [ 29%] [32mBuilding C object esp-idf/lwip/CMakeFiles/__idf_lwip.dir/lwip/src/netif/ppp/chap-new.c.obj[0m
[18.202s] [ 29%] [32mBuilding C object esp-idf/lwip/CMakeFiles/__idf_lwip.dir/lwip/src/netif/ppp/chap_ms.c.obj[0m
[18.228s] [ 29%] [32mBuilding C object esp-idf/lwip/CMakeFiles/__idf_lwip.dir/lwip/src/netif/ppp/demand.c.obj[0m
[18.236s] [ 30%] [32mBuilding C object esp-idf/lwip/CMakeFiles/__idf_lwip.dir/lwip/src/netif/ppp/eap.c.obj[0m
[18.246s] [ 30%] [32mBuilding C object esp-idf/lwip/CMakeFiles/__idf_lwip.dir/lwip/src/netif/ppp/ecp.c.obj[0m
[18.258s] [ 30%] [32mBuilding C object esp-idf/lwip/CMakeFiles/__idf_lwip.dir/lwip/src/netif/ppp/eui64.c.obj[0m
[18.260s] [ 30%] [32mBuilding C object esp-idf/lwip/CMakeFiles/__idf_lwip.dir/lwip/src/netif/ppp/fsm.c.obj[0m
[18.269s] [ 30%] [32mBuilding C object esp-idf/lwip/CMakeFiles/__idf_lwip.dir/lwip/src/netif/ppp/ipcp.c.obj[0m
[18.270s] [ 30%] [32mBuilding C object esp-idf/lwip/CMakeFiles/__idf_lwip.dir/lwip/src/netif/ppp/ipv6cp.c.obj[0m
[18.296s] [ 30%] [32mBuilding C object esp-idf/lwip/CMakeFiles/__idf_lwip.dir/lwip/src/netif/ppp/lcp.c.obj[0m
[18.316s] [ 30%] [32mBuilding C object esp-idf/lwip/CMakeFiles/__idf_lwip.dir/lwip/src/netif/ppp/magic.c.obj[0m
[18.321s] [ 30%] [32mBuilding C object esp-idf/lwip/CMakeFiles/__idf_lwip.dir/lwip/src/netif/ppp/mppe.c.obj[0m
[18.325s] [ 30%] [32mBuilding C object esp-idf/lwip/CMakeFiles/__idf_lwip.dir/lwip/src/netif/ppp/multilink.c.obj[0m
[18.355s] [ 30%] [32mBuilding C object esp-idf/lwip/CMakeFiles/__idf_lwip.dir/lwip/src/netif/ppp/ppp.c.obj[0m
[18.359s] [ 30%] [32mBuilding C object esp-idf/lwip/CMakeFiles/__idf_lwip.dir/lwip/src/netif/ppp/pppcrypt.c.obj[0m
[18.360s] [ 31%] [32mBuilding C object esp-idf/lwip/CMakeFiles/__idf_lwip.dir/lwip/src/netif/ppp/pppapi.c.obj[0m
[18.364s] [ 31%] [32mBuilding C object esp-idf/lwip/CMakeFiles/__idf_lwip.dir/lwip/src/netif/ppp/pppoe.c.obj[0m
[18.396s] [ 31%] [32mBuilding C object esp-idf/lwip/CMakeFiles/__idf_lwip.dir/lwip/src/netif/ppp/pppol2tp.c.obj[0m
[18.403s] [ 31%] [32mBuilding C object esp-idf/lwip/CMakeFiles/__idf_lwip.dir/lwip/src/netif/ppp/pppos.c.obj[0m
[18.414s] [ 31%] [32mBuilding C object esp-idf/lwip/CMakeFiles/__idf_lwip.dir/lwip/src/netif/ppp/utils.c.obj[0m
[18.419s] [ 31%] [32mBuilding C object esp-idf/lwip/CMakeFiles/__idf_lwip.dir/lwip/src/netif/ppp/upap.c.obj[0m
[18.447s] [ 31%] [32mBuilding C object esp-idf/lwip/CMakeFiles/__idf_lwip.dir/lwip/src/netif/ppp/vj.c.obj[0m
[18.447s] [ 31%] [32mBuilding C object esp-idf/lwip/CMakeFiles/__idf_lwip.dir/port/hooks/tcp_isn_default.c.obj[0m
[18.463s] [ 31%] [32mBuilding C object esp-idf/lwip/CMakeFiles/__idf_lwip.dir/port/hooks/lwip_default_hooks.c.obj[0m
[18.470s] [ 32%] [32mBuilding C object esp-idf/lwip/CMakeFiles/__idf_lwip.dir/port/debug/lwip_debug.c.obj[0m
[18.475s] [ 32%] [32mBuilding C object esp-idf/lwip/CMakeFiles/__idf_lwip.dir/port/freertos/sys_arch.c.obj[0m
[18.475s] [ 32%] [32mBuilding C object esp-idf/lwip/CMakeFiles/__idf_lwip.dir/port/sockets_ext.c.obj[0m
[18.487s] [ 32%] [32mBuilding C object esp-idf/lwip/CMakeFiles/__idf_lwip.dir/port/if_index.c.obj[0m
[18.522s] [ 32%] [32mBuilding C object esp-idf/lwip/CMakeFiles/__idf_lwip.dir/port/acd_dhcp_check.c.obj[0m
[18.532s] [ 32%] [32mBuilding C object esp-idf/lwip/CMakeFiles/__idf_lwip.dir/port/esp32xx/vfs_lwip.c.obj[0m
[18.533s] [ 32%] [32mBuilding C object esp-idf/lwip/CMakeFiles/__idf_lwip.dir/apps/ping/esp_ping.c.obj[0m
[18.536s] [ 32%] [32mBuilding C object esp-idf/lwip/CMakeFiles/__idf_lwip.dir/apps/ping/ping.c.obj[0m
[18.576s] [ 32%] [32mBuilding C object esp-idf/lwip/CMakeFiles/__idf_lwip.dir/apps/ping/ping_sock.c.obj[0m
[18.590s] [ 32%] [32mBuilding C object esp-idf/lwip/CMakeFiles/__idf_lwip.dir/lwip/src/netif/ppp/polarssl/arc4.c.obj[0m
[18.595s] [ 32%] [32mBuilding C object esp-idf/lwip/CMakeFiles/__idf_lwip.dir/lwip/src/netif/ppp/polarssl/des.c.obj[0m
[18.619s] [ 33%] [32mBuilding C object esp-idf/lwip/CMakeFiles/__idf_lwip.dir/lwip/src/netif/ppp/polarssl/md4.c.obj[0m
[18.626s] [ 33%] [32mBuilding C object esp-idf/lwip/CMakeFiles/__idf_lwip.dir/lwip/src/netif/ppp/polarssl/md5.c.obj[0m
[18.630s] [ 33%] [32mBuilding C object esp-idf/lwip/CMakeFiles/__idf_lwip.dir/lwip/src/netif/ppp/polarssl/sha1.c.obj[0m
[18.679s] [ 33%] [32mBuilding C object esp-idf/lwip/CMakeFiles/__idf_lwip.dir/apps/dhcpserver/dhcpserver.c.obj[0m
[18.881s] [ 33%] [32m[1mLinking C static library liblwip.a[0m
[18.986s] [ 33%] Built target __idf_lwip
[19.007s] [ 33%] [32mBuilding C object esp-idf/vfs/CMakeFiles/__idf_vfs.dir/vfs_semihost.c.obj[0m
[19.008s] [ 33%] [32mBuilding C object esp-idf/vfs/CMakeFiles/__idf_vfs.dir/nullfs.c.obj[0m
[19.008s] [ 33%] [32mBuilding C object esp-idf/vfs/CMakeFiles/__idf_vfs.dir/vfs_eventfd.c.obj[0m
[19.008s] [ 33%] [32mBuilding C object esp-idf/vfs/CMakeFiles/__idf_vfs.dir/vfs.c.obj[0m
[19.350s] [ 33%] [32m[1mLinking C static library libvfs.a[0m
[19.389s] [ 33%] Built target __idf_vfs
[19.408s] [ 34%] [32mBuilding C object esp-idf/esp_vfs_console/CMakeFiles/__idf_esp_vfs_console.dir/vfs_console.c.obj[0m
[19.504s] [ 34%] [32m[1mLinking C static library libesp_vfs_console.a[0m
[19.538s] [ 34%] Built target __idf_esp_vfs_console
[19.558s] [ 34%] [32mBuilding C object esp-idf/esp_driver_usb_serial_jtag/CMakeFiles/__idf_esp_driver_usb_serial_jtag.dir/src/usb_serial_jtag.c.obj[0m
[19.558s] [ 34%] [32mBuilding C object esp-idf/esp_driver_usb_serial_jtag/CMakeFiles/__idf_esp_driver_usb_serial_jtag.dir/src/usb_serial_jtag_connection_monitor.c.obj[0m
[19.558s] [ 34%] [32mBuilding C object esp-idf/esp_driver_usb_serial_jtag/CMakeFiles/__idf_esp_driver_usb_serial_jtag.dir/src/usb_serial_jtag_vfs.c.obj[0m
[19.715s] [ 35%] [32m[1mLinking C static library libesp_driver_usb_serial_jtag.a[0m
[19.751s] [ 35%] Built target __idf_esp_driver_usb_serial_jtag
[19.772s] [ 35%] [32mBuilding C object esp-idf/esp_phy/CMakeFiles/__idf_esp_phy.dir/src/phy_override.c.obj[0m
[19.772s] [ 35%] [32mBuilding C object esp-idf/esp_phy/CMakeFiles/__idf_esp_phy.dir/src/btbb_init.c.obj[0m
[19.772s] [ 35%] [32mBuilding C object esp-idf/esp_phy/CMakeFiles/__idf_esp_phy.dir/src/phy_init.c.obj[0m
[19.772s] [ 35%] [32mBuilding C object esp-idf/esp_phy/CMakeFiles/__idf_esp_phy.dir/src/lib_printf.c.obj[0m
[19.772s] [ 35%] [32mBuilding C object esp-idf/esp_phy/CMakeFiles/__idf_esp_phy.dir/src/phy_common.c.obj[0m
[19.772s] [ 36%] [32mBuilding C object esp-idf/esp_phy/CMakeFiles/__idf_esp_phy.dir/esp32s3/phy_init_data.c.obj[0m
[19.932s] [ 36%] [32m[1mLinking C static library libesp_phy.a[0m
[19.969s] [ 36%] Built target __idf_esp_phy
[19.996s] [ 36%] [32mBuilding CXX object esp-idf/nvs_flash/CMakeFiles/__idf_nvs_flash.dir/src/nvs_cxx_api.cpp.obj[0m
[19.996s] [ 36%] [32mBuilding CXX object esp-idf/nvs_flash/CMakeFiles/__idf_nvs_flash.dir/src/nvs_page.cpp.obj[0m
[19.996s] [ 36%] [32mBuilding CXX object esp-idf/nvs_flash/CMakeFiles/__idf_nvs_flash.dir/src/nvs_api.cpp.obj[0m
[19.996s] [ 36%] [32mBuilding CXX object esp-idf/nvs_flash/CMakeFiles/__idf_nvs_flash.dir/src/nvs_handle_simple.cpp.obj[0m
[19.996s] [ 36%] [32mBuilding CXX object esp-idf/nvs_flash/CMakeFiles/__idf_nvs_flash.dir/src/nvs_handle_locked.cpp.obj[0m
[19.996s] [ 36%] [32mBuilding CXX object esp-idf/nvs_flash/CMakeFiles/__idf_nvs_flash.dir/src/nvs_pagemanager.cpp.obj[0m
[19.996s] [ 36%] [32mBuilding CXX object esp-idf/nvs_flash/CMakeFiles/__idf_nvs_flash.dir/src/nvs_storage.cpp.obj[0m
[19.996s] [ 36%] [32mBuilding CXX object esp-idf/nvs_flash/CMakeFiles/__idf_nvs_flash.dir/src/nvs_partition_lookup.cpp.obj[0m
[19.997s] [ 36%] [32mBuilding CXX object esp-idf/nvs_flash/CMakeFiles/__idf_nvs_flash.dir/src/nvs_partition.cpp.obj[0m
[19.997s] [ 36%] [32mBuilding CXX object esp-idf/nvs_flash/CMakeFiles/__idf_nvs_flash.dir/src/nvs_partition_manager.cpp.obj[0m
[19.998s] [ 36%] [32mBuilding CXX object esp-idf/nvs_flash/CMakeFiles/__idf_nvs_flash.dir/src/nvs_types.cpp.obj[0m
[19.998s] [ 37%] [32mBuilding CXX object esp-idf/nvs_flash/CMakeFiles/__idf_nvs_flash.dir/src/nvs_item_hash_list.cpp.obj[0m
[20.512s] [ 38%] [32mBuilding CXX object esp-idf/nvs_flash/CMakeFiles/__idf_nvs_flash.dir/src/nvs_platform.cpp.obj[0m
[20.525s] [ 38%] [32mBuilding C object esp-idf/nvs_flash/CMakeFiles/__idf_nvs_flash.dir/src/nvs_bootloader.c.obj[0m
[20.601s] [ 38%] [32mBuilding CXX object esp-idf/nvs_flash/CMakeFiles/__idf_nvs_flash.dir/src/nvs_encrypted_partition.cpp.obj[0m
[20.809s] [ 38%] [32mBuilding C object esp-idf/nvs_flash/CMakeFiles/__idf_nvs_flash.dir/src/nvs_bootloader_aes.c.obj[0m
[20.902s] [ 38%] [32mBuilding C object esp-idf/nvs_flash/CMakeFiles/__idf_nvs_flash.dir/src/nvs_bootloader_xts_aes.c.obj[0m
[23.041s] [ 38%] [32m[1mLinking C static library libnvs_flash.a[0m
[23.096s] [ 38%] Built target __idf_nvs_flash
[23.118s] [ 38%] [32mBuilding C object esp-idf/esp_event/CMakeFiles/__idf_esp_event.dir/default_event_loop.c.obj[0m
[23.118s] [ 38%] [32mBuilding C object esp-idf/esp_event/CMakeFiles/__idf_esp_event.dir/esp_event.c.obj[0m
[23.118s] [ 38%] [32mBuilding C object esp-idf/esp_event/CMakeFiles/__idf_esp_event.dir/esp_event_private.c.obj[0m
[23.297s] [ 38%] [32m[1mLinking C static library libesp_event.a[0m
[23.335s] [ 38%] Built target __idf_esp_event
[23.356s] [ 38%] [32mBuilding C object esp-idf/esp_driver_uart/CMakeFiles/__idf_esp_driver_uart.dir/src/uart_vfs.c.obj[0m
[23.356s] [ 38%] [32mBuilding C object esp-idf/esp_driver_uart/CMakeFiles/__idf_esp_driver_uart.dir/src/uart.c.obj[0m
[23.356s] [ 38%] [32mBuilding C object esp-idf/esp_driver_uart/CMakeFiles/__idf_esp_driver_uart.dir/src/uart_wakeup.c.obj[0m
[23.356s] [ 38%] [32mBuilding C object esp-idf/esp_driver_uart/CMakeFiles/__idf_esp_driver_uart.dir/src/uhci.c.obj[0m
[23.876s] [ 38%] [32m[1mLinking C static library libesp_driver_uart.a[0m
[23.921s] [ 38%] Built target __idf_esp_driver_uart
[23.941s] [ 38%] [32mBuilding C object esp-idf/esp_psram/CMakeFiles/__idf_esp_psram.dir/system_layer/esp_psram_mspi.c.obj[0m
[23.987s] [ 38%] [32m[1mLinking C static library libesp_psram.a[0m
[24.020s] [ 38%] Built target __idf_esp_psram
[24.039s] [ 38%] [32mBuilding C object esp-idf/esp_ringbuf/CMakeFiles/__idf_esp_ringbuf.dir/ringbuf.c.obj[0m
[24.265s] [ 38%] [32m[1mLinking C static library libesp_ringbuf.a[0m
[24.300s] [ 38%] Built target __idf_esp_ringbuf
[24.320s] [ 39%] [32mBuilding C object esp-idf/esp_driver_gptimer/CMakeFiles/__idf_esp_driver_gptimer.dir/src/gptimer_common.c.obj[0m
[24.320s] [ 39%] [32mBuilding C object esp-idf/esp_driver_gptimer/CMakeFiles/__idf_esp_driver_gptimer.dir/src/gptimer.c.obj[0m
[24.481s] [ 39%] [32m[1mLinking C static library libesp_driver_gptimer.a[0m
[24.516s] [ 39%] Built target __idf_esp_driver_gptimer
[24.537s] [ 39%] [32mBuilding C object esp-idf/esp_timer/CMakeFiles/__idf_esp_timer.dir/src/esp_timer_init.c.obj[0m
[24.537s] [ 39%] [32mBuilding C object esp-idf/esp_timer/CMakeFiles/__idf_esp_timer.dir/src/esp_timer.c.obj[0m
[24.537s] [ 39%] [32mBuilding C object esp-idf/esp_timer/CMakeFiles/__idf_esp_timer.dir/src/ets_timer_legacy.c.obj[0m
[24.538s] [ 39%] [32mBuilding C object esp-idf/esp_timer/CMakeFiles/__idf_esp_timer.dir/src/esp_timer_impl_systimer.c.obj[0m
[24.539s] [ 39%] [32mBuilding C object esp-idf/esp_timer/CMakeFiles/__idf_esp_timer.dir/src/system_time.c.obj[0m
[24.539s] [ 39%] [32mBuilding C object esp-idf/esp_timer/CMakeFiles/__idf_esp_timer.dir/src/esp_timer_impl_common.c.obj[0m
[24.678s] [ 39%] [32m[1mLinking C static library libesp_timer.a[0m
[24.716s] [ 39%] Built target __idf_esp_timer
[24.736s] [ 40%] [32mBuilding CXX object esp-idf/cxx/CMakeFiles/__idf_cxx.dir/cxx_exception_stubs.cpp.obj[0m
[24.736s] [ 40%] [32mBuilding CXX object esp-idf/cxx/CMakeFiles/__idf_cxx.dir/cxx_guards.cpp.obj[0m
[24.736s] [ 40%] [32mBuilding CXX object esp-idf/cxx/CMakeFiles/__idf_cxx.dir/cxx_init.cpp.obj[0m
[25.067s] [ 40%] [32m[1mLinking C static library libcxx.a[0m
[25.102s] [ 40%] Built target __idf_cxx
[25.123s] [ 40%] [32mBuilding C object esp-idf/pthread/CMakeFiles/__idf_pthread.dir/pthread_semaphore.c.obj[0m
[25.123s] [ 40%] [32mBuilding C object esp-idf/pthread/CMakeFiles/__idf_pthread.dir/pthread_rwlock.c.obj[0m
[25.123s] [ 40%] [32mBuilding C object esp-idf/pthread/CMakeFiles/__idf_pthread.dir/pthread_cond_var.c.obj[0m
[25.123s] [ 40%] [32mBuilding C object esp-idf/pthread/CMakeFiles/__idf_pthread.dir/pthread_local_storage.c.obj[0m
[25.123s] [ 40%] [32mBuilding C object esp-idf/pthread/CMakeFiles/__idf_pthread.dir/pthread.c.obj[0m
[25.298s] [ 41%] [32m[1mLinking C static library libpthread.a[0m
[25.336s] [ 41%] Built target __idf_pthread
[25.361s] [ 42%] [32mBuilding C object esp-idf/newlib/CMakeFiles/__idf_newlib.dir/src/locks.c.obj[0m
[25.362s] [ 42%] [32mBuilding C object esp-idf/newlib/CMakeFiles/__idf_newlib.dir/src/assert.c.obj[0m
[25.362s] [ 42%] [32mBuilding C object esp-idf/newlib/CMakeFiles/__idf_newlib.dir/src/heap.c.obj[0m
[25.362s] [ 42%] [32mBuilding C object esp-idf/newlib/CMakeFiles/__idf_newlib.dir/src/abort.c.obj[0m
[25.362s] [ 42%] [32mBuilding C object esp-idf/newlib/CMakeFiles/__idf_newlib.dir/src/poll.c.obj[0m
[25.362s] [ 42%] [32mBuilding C object esp-idf/newlib/CMakeFiles/__idf_newlib.dir/src/init.c.obj[0m
[25.362s] [ 42%] [32mBuilding C object esp-idf/newlib/CMakeFiles/__idf_newlib.dir/src/random.c.obj[0m
[25.362s] [ 42%] [32mBuilding C object esp-idf/newlib/CMakeFiles/__idf_newlib.dir/src/pthread.c.obj[0m
[25.362s] [ 42%] [32mBuilding C object esp-idf/newlib/CMakeFiles/__idf_newlib.dir/src/stdatomic.c.obj[0m
[25.362s] [ 42%] [32mBuilding C object esp-idf/newlib/CMakeFiles/__idf_newlib.dir/src/getentropy.c.obj[0m
[25.364s] [ 42%] [32mBuilding C object esp-idf/newlib/CMakeFiles/__idf_newlib.dir/src/termios.c.obj[0m
[25.369s] [ 42%] [32mBuilding C object esp-idf/newlib/CMakeFiles/__idf_newlib.dir/src/time.c.obj[0m
[25.427s] [ 42%] [32mBuilding C object esp-idf/newlib/CMakeFiles/__idf_newlib.dir/src/sysconf.c.obj[0m
[25.437s] [ 43%] [32mBuilding C object esp-idf/newlib/CMakeFiles/__idf_newlib.dir/src/realpath.c.obj[0m
[25.440s] [ 43%] [32mBuilding C object esp-idf/newlib/CMakeFiles/__idf_newlib.dir/src/reent_syscalls.c.obj[0m
[25.441s] [ 43%] [32mBuilding C object esp-idf/newlib/CMakeFiles/__idf_newlib.dir/src/syscalls.c.obj[0m
[25.441s] [ 43%] [32mBuilding C object esp-idf/newlib/CMakeFiles/__idf_newlib.dir/src/scandir.c.obj[0m
[25.445s] [ 43%] [32mBuilding C object esp-idf/newlib/CMakeFiles/__idf_newlib.dir/src/port/esp_time_impl.c.obj[0m
[25.445s] [ 43%] [32mBuilding C object esp-idf/newlib/CMakeFiles/__idf_newlib.dir/src/flockfile.c.obj[0m
[25.445s] [ 43%] [32mBuilding C object esp-idf/newlib/CMakeFiles/__idf_newlib.dir/src/reent_init.c.obj[0m
[25.448s] [ 43%] [32mBuilding C object esp-idf/newlib/CMakeFiles/__idf_newlib.dir/src/newlib_init.c.obj[0m
[25.545s] [ 43%] [32m[1mLinking C static library libnewlib.a[0m
[25.592s] [ 43%] Built target __idf_newlib
[25.602s] [35m[1mScanning dependencies of target __idf_freertos[0m
[25.621s] [ 43%] [32mBuilding C object esp-idf/freertos/CMakeFiles/__idf_freertos.dir/port_systick.c.obj[0m
[25.622s] [ 43%] [32mBuilding C object esp-idf/freertos/CMakeFiles/__idf_freertos.dir/app_startup.c.obj[0m
[25.622s] [ 43%] [32mBuilding C object esp-idf/freertos/CMakeFiles/__idf_freertos.dir/FreeRTOS-Kernel/tasks.c.obj[0m
[25.622s] [ 43%] [32mBuilding C object esp-idf/freertos/CMakeFiles/__idf_freertos.dir/FreeRTOS-Kernel/list.c.obj[0m
[25.622s] [ 43%] [32mBuilding C object esp-idf/freertos/CMakeFiles/__idf_freertos.dir/port_common.c.obj[0m
[25.622s] [ 43%] [32mBuilding C object esp-idf/freertos/CMakeFiles/__idf_freertos.dir/FreeRTOS-Kernel/queue.c.obj[0m
[25.622s] [ 43%] [32mBuilding C object esp-idf/freertos/CMakeFiles/__idf_freertos.dir/FreeRTOS-Kernel/timers.c.obj[0m
[25.623s] [ 44%] [32mBuilding C object esp-idf/freertos/CMakeFiles/__idf_freertos.dir/FreeRTOS-Kernel/event_groups.c.obj[0m
[25.624s] [ 44%] [32mBuilding C object esp-idf/freertos/CMakeFiles/__idf_freertos.dir/heap_idf.c.obj[0m
[25.629s] [ 44%] [32mBuilding C object esp-idf/freertos/CMakeFiles/__idf_freertos.dir/FreeRTOS-Kernel/stream_buffer.c.obj[0m
[25.632s] [ 44%] [32mBuilding ASM object esp-idf/freertos/CMakeFiles/__idf_freertos.dir/FreeRTOS-Kernel/portable/xtensa/portasm.S.obj[0m
[25.632s] [ 44%] [32mBuilding C object esp-idf/freertos/CMakeFiles/__idf_freertos.dir/FreeRTOS-Kernel/portable/xtensa/port.c.obj[0m
[25.693s] [ 44%] [32mBuilding C object esp-idf/freertos/CMakeFiles/__idf_freertos.dir/FreeRTOS-Kernel/portable/xtensa/xtensa_init.c.obj[0m
[25.726s] [ 44%] [32mBuilding C object esp-idf/freertos/CMakeFiles/__idf_freertos.dir/FreeRTOS-Kernel/portable/xtensa/xtensa_overlay_os_hook.c.obj[0m
[25.737s] [ 44%] [32mBuilding C object esp-idf/freertos/CMakeFiles/__idf_freertos.dir/esp_additions/freertos_compatibility.c.obj[0m
[25.749s] [ 44%] [32mBuilding C object esp-idf/freertos/CMakeFiles/__idf_freertos.dir/esp_additions/idf_additions_event_groups.c.obj[0m
[25.753s] [ 44%] [32mBuilding C object esp-idf/freertos/CMakeFiles/__idf_freertos.dir/esp_additions/idf_additions.c.obj[0m
[26.081s] [ 44%] [32m[1mLinking C static library libfreertos.a[0m
[26.132s] [ 44%] Built target __idf_freertos
[26.159s] [ 44%] [32mBuilding C object esp-idf/esp_hw_support/CMakeFiles/__idf_esp_hw_support.dir/cpu.c.obj[0m
[26.159s] [ 44%] [32mBuilding C object esp-idf/esp_hw_support/CMakeFiles/__idf_esp_hw_support.dir/port/esp32s3/cpu_region_protect.c.obj[0m
[26.159s] [ 44%] [32mBuilding C object esp-idf/esp_hw_support/CMakeFiles/__idf_esp_hw_support.dir/port/esp32s3/esp_cpu_intr.c.obj[0m
[26.159s] [ 44%] [32mBuilding C object esp-idf/esp_hw_support/CMakeFiles/__idf_esp_hw_support.dir/clk_ctrl_os.c.obj[0m
[26.159s] [ 44%] [32mBuilding C object esp-idf/esp_hw_support/CMakeFiles/__idf_esp_hw_support.dir/esp_clk.c.obj[0m
[26.160s] [ 44%] [32mBuilding C object esp-idf/esp_hw_support/CMakeFiles/__idf_esp_hw_support.dir/esp_memory_utils.c.obj[0m
[26.160s] [ 45%] [32mBuilding C object esp-idf/esp_hw_support/CMakeFiles/__idf_esp_hw_support.dir/intr_alloc.c.obj[0m
[26.160s] [ 45%] [32mBuilding C object esp-idf/esp_hw_support/CMakeFiles/__idf_esp_hw_support.dir/hw_random.c.obj[0m
[26.160s] [ 45%] [32mBuilding C object esp-idf/esp_hw_support/CMakeFiles/__idf_esp_hw_support.dir/mac_addr.c.obj[0m
[26.162s] [ 45%] [32mBuilding C object esp-idf/esp_hw_support/CMakeFiles/__idf_esp_hw_support.dir/periph_ctrl.c.obj[0m
[26.163s] [ 45%] [32mBuilding C object esp-idf/esp_hw_support/CMakeFiles/__idf_esp_hw_support.dir/revision.c.obj[0m
[26.165s] [ 45%] [32mBuilding C object esp-idf/esp_hw_support/CMakeFiles/__idf_esp_hw_support.dir/rtc_module.c.obj[0m
[26.223s] [ 45%] [32mBuilding C object esp-idf/esp_hw_support/CMakeFiles/__idf_esp_hw_support.dir/esp_gpio_reserve.c.obj[0m
[26.223s] [ 45%] [32mBuilding C object esp-idf/esp_hw_support/CMakeFiles/__idf_esp_hw_support.dir/regi2c_ctrl.c.obj[0m
[26.225s] [ 45%] [32mBuilding C object esp-idf/esp_hw_support/CMakeFiles/__idf_esp_hw_support.dir/sar_periph_ctrl_common.c.obj[0m
[26.250s] [ 45%] [32mBuilding C object esp-idf/esp_hw_support/CMakeFiles/__idf_esp_hw_support.dir/port/esp32s3/io_mux.c.obj[0m
[26.252s] [ 45%] [32mBuilding C object esp-idf/esp_hw_support/CMakeFiles/__idf_esp_hw_support.dir/port/esp32s3/esp_clk_tree.c.obj[0m
[26.275s] [ 45%] [32mBuilding C object esp-idf/esp_hw_support/CMakeFiles/__idf_esp_hw_support.dir/dma/esp_dma_utils.c.obj[0m
[26.289s] [ 46%] [32mBuilding C object esp-idf/esp_hw_support/CMakeFiles/__idf_esp_hw_support.dir/dma/gdma_link.c.obj[0m
[26.296s] [ 46%] [32mBuilding C object esp-idf/esp_hw_support/CMakeFiles/__idf_esp_hw_support.dir/spi_bus_lock.c.obj[0m
[26.309s] [ 46%] [32mBuilding C object esp-idf/esp_hw_support/CMakeFiles/__idf_esp_hw_support.dir/clk_utils.c.obj[0m
[26.315s] [ 46%] [32mBuilding C object esp-idf/esp_hw_support/CMakeFiles/__idf_esp_hw_support.dir/port/esp_clk_tree_common.c.obj[0m
[26.345s] [ 46%] [32mBuilding C object esp-idf/esp_hw_support/CMakeFiles/__idf_esp_hw_support.dir/spi_share_hw_ctrl.c.obj[0m
[26.375s] [ 46%] [32mBuilding C object esp-idf/esp_hw_support/CMakeFiles/__idf_esp_hw_support.dir/sleep_modem.c.obj[0m
[26.378s] [ 46%] [32mBuilding C object esp-idf/esp_hw_support/CMakeFiles/__idf_esp_hw_support.dir/adc_share_hw_ctrl.c.obj[0m
[26.381s] [ 46%] [32mBuilding C object esp-idf/esp_hw_support/CMakeFiles/__idf_esp_hw_support.dir/sleep_modes.c.obj[0m
[26.408s] [ 46%] [32mBuilding C object esp-idf/esp_hw_support/CMakeFiles/__idf_esp_hw_support.dir/sleep_mspi.c.obj[0m
[26.412s] [ 46%] [32mBuilding C object esp-idf/esp_hw_support/CMakeFiles/__idf_esp_hw_support.dir/sleep_console.c.obj[0m
[26.425s] [ 47%] [32mBuilding C object esp-idf/esp_hw_support/CMakeFiles/__idf_esp_hw_support.dir/sleep_usb.c.obj[0m
[26.443s] [ 47%] [32mBuilding C object esp-idf/esp_hw_support/CMakeFiles/__idf_esp_hw_support.dir/sleep_gpio.c.obj[0m
[26.462s] [ 47%] [32mBuilding C object esp-idf/esp_hw_support/CMakeFiles/__idf_esp_hw_support.dir/sleep_event.c.obj[0m
[26.462s] [ 47%] [32mBuilding C object esp-idf/esp_hw_support/CMakeFiles/__idf_esp_hw_support.dir/dma/gdma.c.obj[0m
[26.467s] [ 47%] [32mBuilding C object esp-idf/esp_hw_support/CMakeFiles/__idf_esp_hw_support.dir/deprecated/gdma_legacy.c.obj[0m
[26.472s] [ 47%] [32mBuilding C object esp-idf/esp_hw_support/CMakeFiles/__idf_esp_hw_support.dir/dma/esp_async_memcpy.c.obj[0m
[26.477s] [ 47%] [32mBuilding C object esp-idf/esp_hw_support/CMakeFiles/__idf_esp_hw_support.dir/dma/async_memcpy_gdma.c.obj[0m
[26.478s] [ 47%] [32mBuilding C object esp-idf/esp_hw_support/CMakeFiles/__idf_esp_hw_support.dir/port/esp32s3/systimer.c.obj[0m
[26.525s] [ 47%] [32mBuilding C object esp-idf/esp_hw_support/CMakeFiles/__idf_esp_hw_support.dir/mspi_timing_tuning/mspi_timing_tuning.c.obj[0m
[26.532s] [ 47%] [32mBuilding C object esp-idf/esp_hw_support/CMakeFiles/__idf_esp_hw_support.dir/sleep_wake_stub.c.obj[0m
[26.543s] [ 47%] [32mBuilding C object esp-idf/esp_hw_support/CMakeFiles/__idf_esp_hw_support.dir/esp_clock_output.c.obj[0m
[26.549s] [ 48%] [32mBuilding C object esp-idf/esp_hw_support/CMakeFiles/__idf_esp_hw_support.dir/power_supply/brownout.c.obj[0m
[26.556s] [ 48%] [32mBuilding C object esp-idf/esp_hw_support/CMakeFiles/__idf_esp_hw_support.dir/port/esp32s3/rtc_clk.c.obj[0m
[26.561s] [ 48%] [32mBuilding C object esp-idf/esp_hw_support/CMakeFiles/__idf_esp_hw_support.dir/port/esp32s3/rtc_clk_init.c.obj[0m
[26.568s] [ 48%] [32mBuilding C object esp-idf/esp_hw_support/CMakeFiles/__idf_esp_hw_support.dir/port/esp32s3/rtc_init.c.obj[0m
[26.662s] [ 48%] [32mBuilding C object esp-idf/esp_hw_support/CMakeFiles/__idf_esp_hw_support.dir/port/esp32s3/rtc_sleep.c.obj[0m
[26.671s] [ 48%] [32mBuilding C object esp-idf/esp_hw_support/CMakeFiles/__idf_esp_hw_support.dir/port/esp32s3/chip_info.c.obj[0m
[26.678s] [ 48%] [32mBuilding C object esp-idf/esp_hw_support/CMakeFiles/__idf_esp_hw_support.dir/port/esp32s3/sar_periph_ctrl.c.obj[0m
[26.678s] [ 48%] [32mBuilding C object esp-idf/esp_hw_support/CMakeFiles/__idf_esp_hw_support.dir/port/esp32s3/rtc_time.c.obj[0m
[26.693s] [ 48%] [32mBuilding C object esp-idf/esp_hw_support/CMakeFiles/__idf_esp_hw_support.dir/port/esp32s3/esp_memprot.c.obj[0m
[26.740s] [ 48%] [32mBuilding C object esp-idf/esp_hw_support/CMakeFiles/__idf_esp_hw_support.dir/port/esp_memprot_conv.c.obj[0m
[26.750s] [ 48%] [32mBuilding C object esp-idf/esp_hw_support/CMakeFiles/__idf_esp_hw_support.dir/mspi_timing_tuning/port/esp32s3/mspi_timing_config.c.obj[0m
[26.767s] [ 50%] [32mBuilding C object esp-idf/esp_hw_support/CMakeFiles/__idf_esp_hw_support.dir/mspi_timing_tuning/port/esp32s3/mspi_timing_by_mspi_delay.c.obj[0m
[26.768s] [ 50%] [32mBuilding C object esp-idf/esp_hw_support/CMakeFiles/__idf_esp_hw_support.dir/lowpower/port/esp32s3/sleep_cpu.c.obj[0m
[27.104s] [ 50%] [32m[1mLinking C static library libesp_hw_support.a[0m
[27.181s] [ 50%] Built target __idf_esp_hw_support
[27.201s] [ 50%] [32mBuilding C object esp-idf/esp_security/CMakeFiles/__idf_esp_security.dir/src/esp_crypto_lock.c.obj[0m
[27.201s] [ 50%] [32mBuilding C object esp-idf/esp_security/CMakeFiles/__idf_esp_security.dir/src/esp_hmac.c.obj[0m
[27.201s] [ 50%] [32mBuilding C object esp-idf/esp_security/CMakeFiles/__idf_esp_security.dir/src/esp_crypto_periph_clk.c.obj[0m
[27.202s] [ 50%] [32mBuilding C object esp-idf/esp_security/CMakeFiles/__idf_esp_security.dir/src/esp_ds.c.obj[0m
[27.202s] [ 50%] [32mBuilding C object esp-idf/esp_security/CMakeFiles/__idf_esp_security.dir/src/init.c.obj[0m
[27.299s] [ 50%] [32m[1mLinking C static library libesp_security.a[0m
[27.336s] [ 50%] Built target __idf_esp_security
[27.362s] [ 50%] [32mBuilding C object esp-idf/soc/CMakeFiles/__idf_soc.dir/lldesc.c.obj[0m
[27.362s] [ 50%] [32mBuilding C object esp-idf/soc/CMakeFiles/__idf_soc.dir/esp32s3/interrupts.c.obj[0m
[27.362s] [ 50%] [32mBuilding C object esp-idf/soc/CMakeFiles/__idf_soc.dir/esp32s3/gpio_periph.c.obj[0m
[27.362s] [ 50%] [32mBuilding C object esp-idf/soc/CMakeFiles/__idf_soc.dir/dport_access_common.c.obj[0m
[27.362s] [ 50%] [32mBuilding C object esp-idf/soc/CMakeFiles/__idf_soc.dir/esp32s3/uart_periph.c.obj[0m
[27.362s] [ 51%] [32mBuilding C object esp-idf/soc/CMakeFiles/__idf_soc.dir/esp32s3/dedic_gpio_periph.c.obj[0m
[27.363s] [ 51%] [32mBuilding C object esp-idf/soc/CMakeFiles/__idf_soc.dir/esp32s3/gdma_periph.c.obj[0m
[27.363s] [ 51%] [32mBuilding C object esp-idf/soc/CMakeFiles/__idf_soc.dir/esp32s3/spi_periph.c.obj[0m
[27.363s] [ 51%] [32mBuilding C object esp-idf/soc/CMakeFiles/__idf_soc.dir/esp32s3/ledc_periph.c.obj[0m
[27.363s] [ 51%] [32mBuilding C object esp-idf/soc/CMakeFiles/__idf_soc.dir/esp32s3/adc_periph.c.obj[0m
[27.364s] [ 51%] [32mBuilding C object esp-idf/soc/CMakeFiles/__idf_soc.dir/esp32s3/rmt_periph.c.obj[0m
[27.367s] [ 51%] [32mBuilding C object esp-idf/soc/CMakeFiles/__idf_soc.dir/esp32s3/pcnt_periph.c.obj[0m
[27.405s] [ 51%] [32mBuilding C object esp-idf/soc/CMakeFiles/__idf_soc.dir/esp32s3/i2s_periph.c.obj[0m
[27.405s] [ 51%] [32mBuilding C object esp-idf/soc/CMakeFiles/__idf_soc.dir/esp32s3/sdm_periph.c.obj[0m
[27.406s] [ 51%] [32mBuilding C object esp-idf/soc/CMakeFiles/__idf_soc.dir/esp32s3/i2c_periph.c.obj[0m
[27.415s] [ 51%] [32mBuilding C object esp-idf/soc/CMakeFiles/__idf_soc.dir/esp32s3/temperature_sensor_periph.c.obj[0m
[27.415s] [ 51%] [32mBuilding C object esp-idf/soc/CMakeFiles/__idf_soc.dir/esp32s3/timer_periph.c.obj[0m
[27.417s] [ 51%] [32mBuilding C object esp-idf/soc/CMakeFiles/__idf_soc.dir/esp32s3/lcd_periph.c.obj[0m
[27.417s] [ 51%] [32mBuilding C object esp-idf/soc/CMakeFiles/__idf_soc.dir/esp32s3/mcpwm_periph.c.obj[0m
[27.421s] [ 52%] [32mBuilding C object esp-idf/soc/CMakeFiles/__idf_soc.dir/esp32s3/sdmmc_periph.c.obj[0m
[27.423s] [ 52%] [32mBuilding C object esp-idf/soc/CMakeFiles/__idf_soc.dir/esp32s3/touch_sensor_periph.c.obj[0m
[27.423s] [ 52%] [32mBuilding C object esp-idf/soc/CMakeFiles/__idf_soc.dir/esp32s3/mpi_periph.c.obj[0m
[27.434s] [ 52%] [32mBuilding C object esp-idf/soc/CMakeFiles/__idf_soc.dir/esp32s3/twai_periph.c.obj[0m
[27.435s] [ 52%] [32mBuilding C object esp-idf/soc/CMakeFiles/__idf_soc.dir/esp32s3/wdt_periph.c.obj[0m
[27.445s] [ 52%] [32mBuilding C object esp-idf/soc/CMakeFiles/__idf_soc.dir/esp32s3/usb_dwc_periph.c.obj[0m
[27.459s] [ 52%] [32mBuilding C object esp-idf/soc/CMakeFiles/__idf_soc.dir/esp32s3/rtc_io_periph.c.obj[0m
[27.464s] [ 52%] [32mBuilding C object esp-idf/soc/CMakeFiles/__idf_soc.dir/esp32s3/cam_periph.c.obj[0m
[27.468s] [ 52%] [32mBuilding C object esp-idf/soc/CMakeFiles/__idf_soc.dir/esp32s3/power_supply_periph.c.obj[0m
[27.504s] [ 52%] [32m[1mLinking C static library libsoc.a[0m
[27.552s] [ 52%] Built target __idf_soc
[27.574s] [ 52%] [32mBuilding C object esp-idf/heap/CMakeFiles/__idf_heap.dir/tlsf/tlsf.c.obj[0m
[27.574s] [ 52%] [32mBuilding C object esp-idf/heap/CMakeFiles/__idf_heap.dir/heap_caps_init.c.obj[0m
[27.574s] [ 52%] [32mBuilding C object esp-idf/heap/CMakeFiles/__idf_heap.dir/multi_heap.c.obj[0m
[27.574s] [ 52%] [32mBuilding C object esp-idf/heap/CMakeFiles/__idf_heap.dir/heap_caps.c.obj[0m
[27.574s] [ 52%] [32mBuilding C object esp-idf/heap/CMakeFiles/__idf_heap.dir/heap_caps_base.c.obj[0m
[27.575s] [ 52%] [32mBuilding C object esp-idf/heap/CMakeFiles/__idf_heap.dir/port/esp32s3/memory_layout.c.obj[0m
[27.577s] [ 52%] [32mBuilding C object esp-idf/heap/CMakeFiles/__idf_heap.dir/port/memory_layout_utils.c.obj[0m
[27.926s] [ 52%] [32m[1mLinking C static library libheap.a[0m
[27.972s] [ 52%] Built target __idf_heap
[27.997s] [ 52%] [32mBuilding C object esp-idf/log/CMakeFiles/__idf_log.dir/src/log_timestamp_common.c.obj[0m
[27.997s] [ 52%] [32mBuilding C object esp-idf/log/CMakeFiles/__idf_log.dir/src/os/log_timestamp.c.obj[0m
[27.997s] [ 52%] [32mBuilding C object esp-idf/log/CMakeFiles/__idf_log.dir/src/os/log_lock.c.obj[0m
[27.997s] [ 52%] [32mBuilding C object esp-idf/log/CMakeFiles/__idf_log.dir/src/buffer/log_buffers.c.obj[0m
[27.997s] [ 52%] [32mBuilding C object esp-idf/log/CMakeFiles/__idf_log.dir/src/os/util.c.obj[0m
[27.997s] [ 52%] [32mBuilding C object esp-idf/log/CMakeFiles/__idf_log.dir/src/util.c.obj[0m
[27.997s] [ 53%] [32mBuilding C object esp-idf/log/CMakeFiles/__idf_log.dir/src/log_print.c.obj[0m
[27.998s] [ 53%] [32mBuilding C object esp-idf/log/CMakeFiles/__idf_log.dir/src/log_format_text.c.obj[0m
[27.998s] [ 53%] [32mBuilding C object esp-idf/log/CMakeFiles/__idf_log.dir/src/log_level/log_level.c.obj[0m
[28.000s] [ 53%] [32mBuilding C object esp-idf/log/CMakeFiles/__idf_log.dir/src/os/log_write.c.obj[0m
[28.000s] [ 53%] [32mBuilding C object esp-idf/log/CMakeFiles/__idf_log.dir/src/log.c.obj[0m
[28.002s] [ 53%] [32mBuilding C object esp-idf/log/CMakeFiles/__idf_log.dir/src/log_level/tag_log_level/tag_log_level.c.obj[0m
[28.059s] [ 53%] [32mBuilding C object esp-idf/log/CMakeFiles/__idf_log.dir/src/log_level/tag_log_level/linked_list/log_linked_list.c.obj[0m
[28.065s] [ 53%] [32mBuilding C object esp-idf/log/CMakeFiles/__idf_log.dir/src/log_level/tag_log_level/cache/log_binary_heap.c.obj[0m
[28.124s] [ 53%] [32m[1mLinking C static library liblog.a[0m
[28.165s] [ 53%] Built target __idf_log
[28.192s] [ 53%] [32mBuilding C object esp-idf/hal/CMakeFiles/__idf_hal.dir/hal_utils.c.obj[0m
[28.192s] [ 53%] [32mBuilding C object esp-idf/hal/CMakeFiles/__idf_hal.dir/efuse_hal.c.obj[0m
[28.193s] [ 53%] [32mBuilding C object esp-idf/hal/CMakeFiles/__idf_hal.dir/mmu_hal.c.obj[0m
[28.194s] [ 54%] [32mBuilding C object esp-idf/hal/CMakeFiles/__idf_hal.dir/esp32s3/efuse_hal.c.obj[0m
[28.194s] [ 54%] [32mBuilding C object esp-idf/hal/CMakeFiles/__idf_hal.dir/color_hal.c.obj[0m
[28.194s] [ 54%] [32mBuilding C object esp-idf/hal/CMakeFiles/__idf_hal.dir/spi_flash_hal_iram.c.obj[0m
[28.194s] [ 54%] [32mBuilding C object esp-idf/hal/CMakeFiles/__idf_hal.dir/spi_flash_hal.c.obj[0m
[28.194s] [ 54%] [32mBuilding C object esp-idf/hal/CMakeFiles/__idf_hal.dir/mpu_hal.c.obj[0m
[28.194s] [ 54%] [32mBuilding C object esp-idf/hal/CMakeFiles/__idf_hal.dir/cache_hal.c.obj[0m
[28.195s] [ 54%] [32mBuilding C object esp-idf/hal/CMakeFiles/__idf_hal.dir/systimer_hal.c.obj[0m
[28.195s] [ 54%] [32mBuilding C object esp-idf/hal/CMakeFiles/__idf_hal.dir/spi_flash_encrypt_hal_iram.c.obj[0m
[28.195s] [ 54%] [32mBuilding C object esp-idf/hal/CMakeFiles/__idf_hal.dir/esp32s3/clk_tree_hal.c.obj[0m
[28.270s] [ 55%] [32mBuilding C object esp-idf/hal/CMakeFiles/__idf_hal.dir/uart_hal.c.obj[0m
[28.271s] [ 55%] [32mBuilding C object esp-idf/hal/CMakeFiles/__idf_hal.dir/uart_hal_iram.c.obj[0m
[28.280s] [ 55%] [32mBuilding C object esp-idf/hal/CMakeFiles/__idf_hal.dir/gpio_hal.c.obj[0m
[28.285s] [ 55%] [32mBuilding C object esp-idf/hal/CMakeFiles/__idf_hal.dir/rtc_io_hal.c.obj[0m
[28.288s] [ 55%] [32mBuilding C object esp-idf/hal/CMakeFiles/__idf_hal.dir/timer_hal.c.obj[0m
[28.304s] [ 55%] [32mBuilding C object esp-idf/hal/CMakeFiles/__idf_hal.dir/ledc_hal.c.obj[0m
[28.323s] [ 55%] [32mBuilding C object esp-idf/hal/CMakeFiles/__idf_hal.dir/ledc_hal_iram.c.obj[0m
[28.329s] [ 55%] [32mBuilding C object esp-idf/hal/CMakeFiles/__idf_hal.dir/i2c_hal.c.obj[0m
[28.353s] [ 55%] [32mBuilding C object esp-idf/hal/CMakeFiles/__idf_hal.dir/i2c_hal_iram.c.obj[0m
[28.361s] [ 55%] [32mBuilding C object esp-idf/hal/CMakeFiles/__idf_hal.dir/rmt_hal.c.obj[0m
[28.372s] [ 55%] [32mBuilding C object esp-idf/hal/CMakeFiles/__idf_hal.dir/pcnt_hal.c.obj[0m
[28.373s] [ 56%] [32mBuilding C object esp-idf/hal/CMakeFiles/__idf_hal.dir/mcpwm_hal.c.obj[0m
[28.379s] [ 56%] [32mBuilding C object esp-idf/hal/CMakeFiles/__idf_hal.dir/twai_hal_v1.c.obj[0m
[28.382s] [ 56%] [32mBuilding C object esp-idf/hal/CMakeFiles/__idf_hal.dir/uhci_hal.c.obj[0m
[28.403s] [ 56%] [32mBuilding C object esp-idf/hal/CMakeFiles/__idf_hal.dir/gdma_hal_top.c.obj[0m
[28.418s] [ 56%] [32mBuilding C object esp-idf/hal/CMakeFiles/__idf_hal.dir/gdma_hal_ahb_v1.c.obj[0m
[28.418s] [ 56%] [32mBuilding C object esp-idf/hal/CMakeFiles/__idf_hal.dir/i2s_hal.c.obj[0m
[28.424s] [ 56%] [32mBuilding C object esp-idf/hal/CMakeFiles/__idf_hal.dir/sdm_hal.c.obj[0m
[28.431s] [ 56%] [32mBuilding C object esp-idf/hal/CMakeFiles/__idf_hal.dir/sdmmc_hal.c.obj[0m
[28.449s] [ 56%] [32mBuilding C object esp-idf/hal/CMakeFiles/__idf_hal.dir/adc_hal_common.c.obj[0m
[28.454s] [ 56%] [32mBuilding C object esp-idf/hal/CMakeFiles/__idf_hal.dir/adc_hal.c.obj[0m
[28.455s] [ 56%] [32mBuilding C object esp-idf/hal/CMakeFiles/__idf_hal.dir/adc_oneshot_hal.c.obj[0m
[28.468s] [ 57%] [32mBuilding C object esp-idf/hal/CMakeFiles/__idf_hal.dir/lcd_hal.c.obj[0m
[28.487s] [ 57%] [32mBuilding C object esp-idf/hal/CMakeFiles/__idf_hal.dir/mpi_hal.c.obj[0m
[28.488s] [ 57%] [32mBuilding C object esp-idf/hal/CMakeFiles/__idf_hal.dir/sha_hal.c.obj[0m
[28.489s] [ 57%] [32mBuilding C object esp-idf/hal/CMakeFiles/__idf_hal.dir/aes_hal.c.obj[0m
[28.498s] [ 57%] [32mBuilding C object esp-idf/hal/CMakeFiles/__idf_hal.dir/brownout_hal.c.obj[0m
[28.520s] [ 57%] [32mBuilding C object esp-idf/hal/CMakeFiles/__idf_hal.dir/spi_hal.c.obj[0m
[28.571s] [ 57%] [32mBuilding C object esp-idf/hal/CMakeFiles/__idf_hal.dir/spi_hal_iram.c.obj[0m
[28.592s] [ 57%] [32mBuilding C object esp-idf/hal/CMakeFiles/__idf_hal.dir/spi_slave_hal.c.obj[0m
[28.592s] [ 57%] [32mBuilding C object esp-idf/hal/CMakeFiles/__idf_hal.dir/spi_slave_hal_iram.c.obj[0m
[28.601s] [ 58%] [32mBuilding C object esp-idf/hal/CMakeFiles/__idf_hal.dir/spi_slave_hd_hal.c.obj[0m
[28.601s] [ 58%] [32mBuilding C object esp-idf/hal/CMakeFiles/__idf_hal.dir/spi_flash_hal_gpspi.c.obj[0m
[28.605s] [ 58%] [32mBuilding C object esp-idf/hal/CMakeFiles/__idf_hal.dir/hmac_hal.c.obj[0m
[28.608s] [ 58%] [32mBuilding C object esp-idf/hal/CMakeFiles/__idf_hal.dir/ds_hal.c.obj[0m
[28.611s] [ 58%] [32mBuilding C object esp-idf/hal/CMakeFiles/__idf_hal.dir/cam_hal.c.obj[0m
[28.623s] [ 58%] [32mBuilding C object esp-idf/hal/CMakeFiles/__idf_hal.dir/usb_serial_jtag_hal.c.obj[0m
[28.643s] [ 58%] [32mBuilding C object esp-idf/hal/CMakeFiles/__idf_hal.dir/usb_dwc_hal.c.obj[0m
[28.666s] [ 58%] [32mBuilding C object esp-idf/hal/CMakeFiles/__idf_hal.dir/usb_wrap_hal.c.obj[0m
[28.684s] [ 58%] [32mBuilding C object esp-idf/hal/CMakeFiles/__idf_hal.dir/esp32s3/touch_sensor_hal.c.obj[0m
[28.700s] [ 58%] [32mBuilding C object esp-idf/hal/CMakeFiles/__idf_hal.dir/touch_sensor_hal.c.obj[0m
[28.704s] [ 58%] [32mBuilding C object esp-idf/hal/CMakeFiles/__idf_hal.dir/xt_wdt_hal.c.obj[0m
[28.711s] [ 58%] [32mBuilding C object esp-idf/hal/CMakeFiles/__idf_hal.dir/touch_sens_hal.c.obj[0m
[28.723s] [ 59%] [32mBuilding C object esp-idf/hal/CMakeFiles/__idf_hal.dir/esp32s3/rtc_cntl_hal.c.obj[0m
[28.825s] [ 59%] [32m[1mLinking C static library libhal.a[0m
[28.903s] [ 59%] Built target __idf_hal
[28.913s] [35m[1mScanning dependencies of target __idf_esp_rom[0m
[28.931s] [ 60%] [32mBuilding C object esp-idf/esp_rom/CMakeFiles/__idf_esp_rom.dir/patches/esp_rom_print.c.obj[0m
[28.931s] [ 60%] [32mBuilding C object esp-idf/esp_rom/CMakeFiles/__idf_esp_rom.dir/patches/esp_rom_sys.c.obj[0m
[28.931s] [ 60%] [32mBuilding C object esp-idf/esp_rom/CMakeFiles/__idf_esp_rom.dir/patches/esp_rom_crc.c.obj[0m
[28.931s] [ 60%] [32mBuilding C object esp-idf/esp_rom/CMakeFiles/__idf_esp_rom.dir/patches/esp_rom_efuse.c.obj[0m
[28.931s] [ 60%] [32mBuilding ASM object esp-idf/esp_rom/CMakeFiles/__idf_esp_rom.dir/patches/esp_rom_longjmp.S.obj[0m
[28.931s] [ 60%] [32mBuilding C object esp-idf/esp_rom/CMakeFiles/__idf_esp_rom.dir/patches/esp_rom_spiflash.c.obj[0m
[28.931s] [ 60%] [32mBuilding C object esp-idf/esp_rom/CMakeFiles/__idf_esp_rom.dir/patches/esp_rom_systimer.c.obj[0m
[28.931s] [ 60%] [32mBuilding C object esp-idf/esp_rom/CMakeFiles/__idf_esp_rom.dir/patches/esp_rom_gpio.c.obj[0m
[28.931s] [ 60%] [32mBuilding C object esp-idf/esp_rom/CMakeFiles/__idf_esp_rom.dir/patches/esp_rom_uart.c.obj[0m
[28.932s] [ 60%] [32mBuilding C object esp-idf/esp_rom/CMakeFiles/__idf_esp_rom.dir/patches/esp_rom_wdt.c.obj[0m
[28.932s] [ 60%] [32mBuilding C object esp-idf/esp_rom/CMakeFiles/__idf_esp_rom.dir/patches/esp_rom_cache_esp32s2_esp32s3.c.obj[0m
[28.933s] [ 61%] [32mBuilding ASM object esp-idf/esp_rom/CMakeFiles/__idf_esp_rom.dir/patches/esp_rom_cache_writeback_esp32s3.S.obj[0m
[29.018s] [ 61%] [32m[1mLinking C static library libesp_rom.a[0m
[29.058s] [ 61%] Built target __idf_esp_rom
[29.077s] [ 61%] [32mBuilding C object esp-idf/esp_common/CMakeFiles/__idf_esp_common.dir/src/esp_err_to_name.c.obj[0m
[29.260s] [ 61%] [32m[1mLinking C static library libesp_common.a[0m
[29.293s] [ 61%] Built target __idf_esp_common
[29.304s] [35m[1mScanning dependencies of target __idf_esp_system[0m
[29.329s] [ 61%] [32mBuilding C object esp-idf/esp_system/CMakeFiles/__idf_esp_system.dir/freertos_hooks.c.obj[0m
[29.330s] [ 61%] [32mBuilding C object esp-idf/esp_system/CMakeFiles/__idf_esp_system.dir/startup.c.obj[0m
[29.330s] [ 61%] [32mBuilding C object esp-idf/esp_system/CMakeFiles/__idf_esp_system.dir/panic.c.obj[0m
[29.330s] [ 62%] [32mBuilding C object esp-idf/esp_system/CMakeFiles/__idf_esp_system.dir/esp_system.c.obj[0m
[29.330s] [ 62%] [32mBuilding C object esp-idf/esp_system/CMakeFiles/__idf_esp_system.dir/esp_system_console.c.obj[0m
[29.330s] [ 62%] [32mBuilding C object esp-idf/esp_system/CMakeFiles/__idf_esp_system.dir/esp_err.c.obj[0m
[29.330s] [ 62%] [32mBuilding C object esp-idf/esp_system/CMakeFiles/__idf_esp_system.dir/startup_funcs.c.obj[0m
[29.330s] [ 62%] [32mBuilding C object esp-idf/esp_system/CMakeFiles/__idf_esp_system.dir/esp_ipc.c.obj[0m
[29.331s] [ 62%] [32mBuilding C object esp-idf/esp_system/CMakeFiles/__idf_esp_system.dir/int_wdt.c.obj[0m
[29.331s] [ 62%] [32mBuilding C object esp-idf/esp_system/CMakeFiles/__idf_esp_system.dir/crosscore_int.c.obj[0m
[29.333s] [ 62%] [32mBuilding C object esp-idf/esp_system/CMakeFiles/__idf_esp_system.dir/system_time.c.obj[0m
[29.333s] [ 62%] [32mBuilding C object esp-idf/esp_system/CMakeFiles/__idf_esp_system.dir/stack_check.c.obj[0m
[29.396s] [ 62%] [32mBuilding C object esp-idf/esp_system/CMakeFiles/__idf_esp_system.dir/ubsan.c.obj[0m
[29.411s] [ 62%] [32mBuilding C object esp-idf/esp_system/CMakeFiles/__idf_esp_system.dir/xt_wdt.c.obj[0m
[29.425s] [ 63%] [32mBuilding C object esp-idf/esp_system/CMakeFiles/__idf_esp_system.dir/task_wdt/task_wdt.c.obj[0m
[29.436s] [ 63%] [32mBuilding C object esp-idf/esp_system/CMakeFiles/__idf_esp_system.dir/task_wdt/task_wdt_impl_timergroup.c.obj[0m
[29.437s] [ 63%] [32mBuilding C object esp-idf/esp_system/CMakeFiles/__idf_esp_system.dir/port/cpu_start.c.obj[0m
[29.459s] [ 63%] [32mBuilding C object esp-idf/esp_system/CMakeFiles/__idf_esp_system.dir/port/panic_handler.c.obj[0m
[29.460s] [ 63%] [32mBuilding C object esp-idf/esp_system/CMakeFiles/__idf_esp_system.dir/port/esp_system_chip.c.obj[0m
[29.468s] [ 63%] [32mBuilding C object esp-idf/esp_system/CMakeFiles/__idf_esp_system.dir/port/image_process.c.obj[0m
[29.469s] [ 63%] [32mBuilding C object esp-idf/esp_system/CMakeFiles/__idf_esp_system.dir/port/esp_ipc_isr.c.obj[0m
[29.513s] [ 63%] [32mBuilding C object esp-idf/esp_system/CMakeFiles/__idf_esp_system.dir/port/arch/xtensa/esp_ipc_isr_port.c.obj[0m
[29.518s] [ 63%] [32mBuilding ASM object esp-idf/esp_system/CMakeFiles/__idf_esp_system.dir/port/arch/xtensa/esp_ipc_isr_handler.S.obj[0m
[29.547s] [ 63%] [32mBuilding ASM object esp-idf/esp_system/CMakeFiles/__idf_esp_system.dir/port/arch/xtensa/esp_ipc_isr_routines.S.obj[0m
[29.551s] [ 64%] [32mBuilding C object esp-idf/esp_system/CMakeFiles/__idf_esp_system.dir/port/arch/xtensa/panic_arch.c.obj[0m
[29.556s] [ 64%] [32mBuilding ASM object esp-idf/esp_system/CMakeFiles/__idf_esp_system.dir/port/arch/xtensa/panic_handler_asm.S.obj[0m
[29.583s] [ 64%] [32mBuilding C object esp-idf/esp_system/CMakeFiles/__idf_esp_system.dir/port/arch/xtensa/expression_with_stack.c.obj[0m
[29.597s] [ 64%] [32mBuilding ASM object esp-idf/esp_system/CMakeFiles/__idf_esp_system.dir/port/arch/xtensa/expression_with_stack_asm.S.obj[0m
[29.598s] [ 64%] [32mBuilding C object esp-idf/esp_system/CMakeFiles/__idf_esp_system.dir/port/arch/xtensa/debug_helpers.c.obj[0m
[29.605s] [ 64%] [32mBuilding C object esp-idf/esp_system/CMakeFiles/__idf_esp_system.dir/port/arch/xtensa/debug_stubs.c.obj[0m
[29.605s] [ 64%] [32mBuilding ASM object esp-idf/esp_system/CMakeFiles/__idf_esp_system.dir/port/arch/xtensa/debug_helpers_asm.S.obj[0m
[29.605s] [ 64%] [32mBuilding C object esp-idf/esp_system/CMakeFiles/__idf_esp_system.dir/port/arch/xtensa/trax.c.obj[0m
[29.613s] [ 64%] [32mBuilding ASM object esp-idf/esp_system/CMakeFiles/__idf_esp_system.dir/port/soc/esp32s3/highint_hdl.S.obj[0m
[29.623s] [ 64%] [32mBuilding C object esp-idf/esp_system/CMakeFiles/__idf_esp_system.dir/port/soc/esp32s3/clk.c.obj[0m
[29.629s] [ 64%] [32mBuilding C object esp-idf/esp_system/CMakeFiles/__idf_esp_system.dir/port/soc/esp32s3/reset_reason.c.obj[0m
[29.660s] [ 65%] [32mBuilding C object esp-idf/esp_system/CMakeFiles/__idf_esp_system.dir/port/soc/esp32s3/system_internal.c.obj[0m
[29.666s] [ 65%] [32mBuilding C object esp-idf/esp_system/CMakeFiles/__idf_esp_system.dir/port/soc/esp32s3/cache_err_int.c.obj[0m
[29.685s] [ 65%] [32mBuilding C object esp-idf/esp_system/CMakeFiles/__idf_esp_system.dir/port/soc/esp32s3/apb_backup_dma.c.obj[0m
[29.797s] [ 65%] [32m[1mLinking C static library libesp_system.a[0m
[29.860s] [ 65%] Built target __idf_esp_system
[29.887s] [ 65%] [32mBuilding C object esp-idf/spi_flash/CMakeFiles/__idf_spi_flash.dir/spi_flash_chip_issi.c.obj[0m
[29.887s] [ 65%] [32mBuilding C object esp-idf/spi_flash/CMakeFiles/__idf_spi_flash.dir/esp32s3/spi_flash_oct_flash_init.c.obj[0m
[29.887s] [ 66%] [32mBuilding C object esp-idf/spi_flash/CMakeFiles/__idf_spi_flash.dir/spi_flash_chip_drivers.c.obj[0m
[29.888s] [ 66%] [32mBuilding C object esp-idf/spi_flash/CMakeFiles/__idf_spi_flash.dir/spi_flash_hpm_enable.c.obj[0m
[29.888s] [ 66%] [32mBuilding C object esp-idf/spi_flash/CMakeFiles/__idf_spi_flash.dir/spi_flash_chip_generic.c.obj[0m
[29.888s] [ 66%] [32mBuilding C object esp-idf/spi_flash/CMakeFiles/__idf_spi_flash.dir/spi_flash_chip_gd.c.obj[0m
[29.888s] [ 66%] [32mBuilding C object esp-idf/spi_flash/CMakeFiles/__idf_spi_flash.dir/spi_flash_chip_winbond.c.obj[0m
[29.888s] [ 66%] [32mBuilding C object esp-idf/spi_flash/CMakeFiles/__idf_spi_flash.dir/spi_flash_chip_mxic.c.obj[0m
[29.888s] [ 66%] [32mBuilding C object esp-idf/spi_flash/CMakeFiles/__idf_spi_flash.dir/flash_brownout_hook.c.obj[0m
[29.889s] [ 66%] [32mBuilding C object esp-idf/spi_flash/CMakeFiles/__idf_spi_flash.dir/spi_flash_chip_th.c.obj[0m
[29.890s] [ 66%] [32mBuilding C object esp-idf/spi_flash/CMakeFiles/__idf_spi_flash.dir/spi_flash_chip_boya.c.obj[0m
[29.891s] [ 66%] [32mBuilding C object esp-idf/spi_flash/CMakeFiles/__idf_spi_flash.dir/spi_flash_chip_mxic_opi.c.obj[0m
[29.938s] [ 66%] [32mBuilding C object esp-idf/spi_flash/CMakeFiles/__idf_spi_flash.dir/memspi_host_driver.c.obj[0m
[29.961s] [ 66%] [32mBuilding C object esp-idf/spi_flash/CMakeFiles/__idf_spi_flash.dir/flash_mmap.c.obj[0m
[29.962s] [ 67%] [32mBuilding C object esp-idf/spi_flash/CMakeFiles/__idf_spi_flash.dir/cache_utils.c.obj[0m
[29.974s] [ 67%] [32mBuilding C object esp-idf/spi_flash/CMakeFiles/__idf_spi_flash.dir/flash_ops.c.obj[0m
[29.990s] [ 67%] [32mBuilding C object esp-idf/spi_flash/CMakeFiles/__idf_spi_flash.dir/esp_flash_spi_init.c.obj[0m
[29.991s] [ 67%] [32mBuilding C object esp-idf/spi_flash/CMakeFiles/__idf_spi_flash.dir/spi_flash_wrap.c.obj[0m
[29.994s] [ 67%] [32mBuilding C object esp-idf/spi_flash/CMakeFiles/__idf_spi_flash.dir/esp_flash_api.c.obj[0m
[30.005s] [ 67%] [32mBuilding C object esp-idf/spi_flash/CMakeFiles/__idf_spi_flash.dir/spi_flash_os_func_app.c.obj[0m
[30.021s] [ 67%] [32mBuilding C object esp-idf/spi_flash/CMakeFiles/__idf_spi_flash.dir/spi_flash_os_func_noos.c.obj[0m
[30.273s] [ 67%] [32m[1mLinking C static library libspi_flash.a[0m
[30.324s] [ 67%] Built target __idf_spi_flash
[30.345s] [ 68%] [32mBuilding C object esp-idf/esp_mm/CMakeFiles/__idf_esp_mm.dir/heap_align_hw.c.obj[0m
[30.346s] [ 68%] [32mBuilding C object esp-idf/esp_mm/CMakeFiles/__idf_esp_mm.dir/esp_cache_utils.c.obj[0m
[30.346s] [ 68%] [32mBuilding C object esp-idf/esp_mm/CMakeFiles/__idf_esp_mm.dir/esp_mmu_map.c.obj[0m
[30.346s] [ 68%] [32mBuilding C object esp-idf/esp_mm/CMakeFiles/__idf_esp_mm.dir/port/esp32s3/ext_mem_layout.c.obj[0m
[30.346s] [ 68%] [32mBuilding C object esp-idf/esp_mm/CMakeFiles/__idf_esp_mm.dir/esp_cache_msync.c.obj[0m
[30.524s] [ 68%] [32m[1mLinking C static library libesp_mm.a[0m
[30.563s] [ 68%] Built target __idf_esp_mm
[30.588s] [ 68%] [32mBuilding C object esp-idf/bootloader_support/CMakeFiles/__idf_bootloader_support.dir/src/bootloader_random.c.obj[0m
[30.588s] [ 68%] [32mBuilding C object esp-idf/bootloader_support/CMakeFiles/__idf_bootloader_support.dir/src/bootloader_common_loader.c.obj[0m
[30.588s] [ 68%] [32mBuilding C object esp-idf/bootloader_support/CMakeFiles/__idf_bootloader_support.dir/src/bootloader_common.c.obj[0m
[30.588s] [ 68%] [32mBuilding C object esp-idf/bootloader_support/CMakeFiles/__idf_bootloader_support.dir/src/bootloader_mem.c.obj[0m
[30.591s] [ 68%] [32mBuilding C object esp-idf/bootloader_support/CMakeFiles/__idf_bootloader_support.dir/src/bootloader_efuse.c.obj[0m
[30.592s] [ 68%] [32mBuilding C object esp-idf/bootloader_support/CMakeFiles/__idf_bootloader_support.dir/src/secure_boot.c.obj[0m
[30.592s] [ 68%] [32mBuilding C object esp-idf/bootloader_support/CMakeFiles/__idf_bootloader_support.dir/bootloader_flash/src/bootloader_flash_config_esp32s3.c.obj[0m
[30.592s] [ 68%] [32mBuilding C object esp-idf/bootloader_support/CMakeFiles/__idf_bootloader_support.dir/src/bootloader_random_esp32s3.c.obj[0m
[30.592s] [ 68%] [32mBuilding C object esp-idf/bootloader_support/CMakeFiles/__idf_bootloader_support.dir/src/flash_encrypt.c.obj[0m
[30.592s] [ 68%] [32mBuilding C object esp-idf/bootloader_support/CMakeFiles/__idf_bootloader_support.dir/src/bootloader_clock_init.c.obj[0m
[30.593s] [ 68%] [32mBuilding C object esp-idf/bootloader_support/CMakeFiles/__idf_bootloader_support.dir/bootloader_flash/src/bootloader_flash.c.obj[0m
[30.602s] [ 69%] [32mBuilding C object esp-idf/bootloader_support/CMakeFiles/__idf_bootloader_support.dir/bootloader_flash/src/flash_qio_mode.c.obj[0m
[30.679s] [ 69%] [32mBuilding C object esp-idf/bootloader_support/CMakeFiles/__idf_bootloader_support.dir/src/bootloader_utility.c.obj[0m
[30.690s] [ 69%] [32mBuilding C object esp-idf/bootloader_support/CMakeFiles/__idf_bootloader_support.dir/src/esp_image_format.c.obj[0m
[30.695s] [ 69%] [32mBuilding C object esp-idf/bootloader_support/CMakeFiles/__idf_bootloader_support.dir/src/flash_partitions.c.obj[0m
[30.718s] [ 69%] [32mBuilding C object esp-idf/bootloader_support/CMakeFiles/__idf_bootloader_support.dir/src/esp32s3/secure_boot_secure_features.c.obj[0m
[30.724s] [ 69%] [32mBuilding C object esp-idf/bootloader_support/CMakeFiles/__idf_bootloader_support.dir/src/bootloader_sha.c.obj[0m
[30.920s] [ 69%] [32m[1mLinking C static library libbootloader_support.a[0m
[30.967s] [ 69%] Built target __idf_bootloader_support
[30.989s] [ 69%] [32mBuilding C object esp-idf/efuse/CMakeFiles/__idf_efuse.dir/esp32s3/esp_efuse_fields.c.obj[0m
[30.989s] [ 69%] [32mBuilding C object esp-idf/efuse/CMakeFiles/__idf_efuse.dir/esp32s3/esp_efuse_utility.c.obj[0m
[30.989s] [ 69%] [32mBuilding C object esp-idf/efuse/CMakeFiles/__idf_efuse.dir/esp32s3/esp_efuse_table.c.obj[0m
[30.991s] [ 69%] [32mBuilding C object esp-idf/efuse/CMakeFiles/__idf_efuse.dir/esp32s3/esp_efuse_rtc_calib.c.obj[0m
[30.991s] [ 69%] [32mBuilding C object esp-idf/efuse/CMakeFiles/__idf_efuse.dir/src/esp_efuse_api.c.obj[0m
[30.992s] [ 69%] [32mBuilding C object esp-idf/efuse/CMakeFiles/__idf_efuse.dir/src/efuse_controller/keys/with_key_purposes/esp_efuse_api_key.c.obj[0m
[30.993s] [ 69%] [32mBuilding C object esp-idf/efuse/CMakeFiles/__idf_efuse.dir/src/esp_efuse_utility.c.obj[0m
[30.993s] [ 70%] [32mBuilding C object esp-idf/efuse/CMakeFiles/__idf_efuse.dir/src/esp_efuse_fields.c.obj[0m
[30.993s] [ 70%] [32mBuilding C object esp-idf/efuse/CMakeFiles/__idf_efuse.dir/src/esp_efuse_startup.c.obj[0m
[31.137s] [ 70%] [32m[1mLinking C static library libefuse.a[0m
[31.180s] [ 70%] Built target __idf_efuse
[31.200s] [ 70%] [32mBuilding C object esp-idf/esp_partition/CMakeFiles/__idf_esp_partition.dir/partition_target.c.obj[0m
[31.201s] [ 70%] [32mBuilding C object esp-idf/esp_partition/CMakeFiles/__idf_esp_partition.dir/partition.c.obj[0m
[31.317s] [ 70%] [32m[1mLinking C static library libesp_partition.a[0m
[31.353s] [ 70%] Built target __idf_esp_partition
[31.374s] [ 70%] [32mBuilding C object esp-idf/app_update/CMakeFiles/__idf_app_update.dir/esp_ota_ops.c.obj[0m
[31.374s] [ 70%] [32mBuilding C object esp-idf/app_update/CMakeFiles/__idf_app_update.dir/esp_ota_app_desc.c.obj[0m
[31.587s] [ 71%] [32m[1mLinking C static library libapp_update.a[0m
[31.623s] [ 71%] Built target __idf_app_update
[31.643s] [ 71%] [32mBuilding C object esp-idf/esp_bootloader_format/CMakeFiles/__idf_esp_bootloader_format.dir/esp_bootloader_desc.c.obj[0m
[31.682s] [ 71%] [32m[1mLinking C static library libesp_bootloader_format.a[0m
[31.715s] [ 71%] Built target __idf_esp_bootloader_format
[31.735s] [ 71%] [32mBuilding C object esp-idf/esp_app_format/CMakeFiles/__idf_esp_app_format.dir/esp_app_desc.c.obj[0m
[31.797s] [ 71%] [32m[1mLinking C static library libesp_app_format.a[0m
[31.830s] [ 71%] Built target __idf_esp_app_format
[31.855s] [ 71%] [32mBuilding C object esp-idf/mbedtls/mbedtls/library/CMakeFiles/mbedtls.dir/ssl_ciphersuites.c.obj[0m
[31.855s] [ 71%] [32mBuilding C object esp-idf/mbedtls/mbedtls/library/CMakeFiles/mbedtls.dir/ssl_cache.c.obj[0m
[31.857s] [ 71%] [32mBuilding C object esp-idf/mbedtls/mbedtls/library/CMakeFiles/mbedtls.dir/mps_trace.c.obj[0m
[31.858s] [ 71%] [32mBuilding C object esp-idf/mbedtls/mbedtls/library/CMakeFiles/mbedtls.dir/mps_reader.c.obj[0m
[31.858s] [ 71%] [32mBuilding C object esp-idf/mbedtls/mbedtls/library/CMakeFiles/mbedtls.dir/ssl_client.c.obj[0m
[31.858s] [ 71%] [32mBuilding C object esp-idf/mbedtls/mbedtls/library/CMakeFiles/mbedtls.dir/ssl_cookie.c.obj[0m
[31.858s] [ 72%] [32mBuilding C object esp-idf/mbedtls/mbedtls/library/CMakeFiles/mbedtls.dir/ssl_debug_helpers_generated.c.obj[0m
[31.858s] [ 72%] [32mBuilding C object esp-idf/mbedtls/mbedtls/library/CMakeFiles/mbedtls.dir/debug.c.obj[0m
[31.858s] [ 72%] [32mBuilding C object esp-idf/mbedtls/mbedtls/library/CMakeFiles/mbedtls.dir/ssl_tls.c.obj[0m
[31.858s] [ 72%] [32mBuilding C object esp-idf/mbedtls/mbedtls/library/CMakeFiles/mbedtls.dir/ssl_ticket.c.obj[0m
[31.859s] [ 72%] [32mBuilding C object esp-idf/mbedtls/mbedtls/library/CMakeFiles/mbedtls.dir/ssl_msg.c.obj[0m
[31.861s] [ 72%] [32mBuilding C object esp-idf/mbedtls/mbedtls/library/CMakeFiles/mbedtls.dir/ssl_tls12_client.c.obj[0m
[31.916s] [ 72%] [32mBuilding C object esp-idf/mbedtls/mbedtls/library/CMakeFiles/mbedtls.dir/ssl_tls12_server.c.obj[0m
[31.918s] [ 72%] [32mBuilding C object esp-idf/mbedtls/mbedtls/library/CMakeFiles/mbedtls.dir/ssl_tls13_keys.c.obj[0m
[31.919s] [ 72%] [32mBuilding C object esp-idf/mbedtls/mbedtls/library/CMakeFiles/mbedtls.dir/ssl_tls13_server.c.obj[0m
[31.989s] [ 72%] [32mBuilding C object esp-idf/mbedtls/mbedtls/library/CMakeFiles/mbedtls.dir/ssl_tls13_client.c.obj[0m
[32.012s] [ 72%] [32mBuilding C object esp-idf/mbedtls/mbedtls/library/CMakeFiles/mbedtls.dir/ssl_tls13_generic.c.obj[0m
[32.014s] [ 72%] [32mBuilding C object esp-idf/mbedtls/mbedtls/library/CMakeFiles/mbedtls.dir/home/diego/.espressif/v5.5/esp-idf/components/mbedtls/port/mbedtls_debug.c.obj[0m
[32.016s] [ 73%] [32mBuilding C object esp-idf/mbedtls/mbedtls/library/CMakeFiles/mbedtls.dir/home/diego/.espressif/v5.5/esp-idf/components/mbedtls/port/esp_platform_time.c.obj[0m
[32.017s] [ 73%] [32mBuilding C object esp-idf/mbedtls/mbedtls/library/CMakeFiles/mbedtls.dir/home/diego/.espressif/v5.5/esp-idf/components/mbedtls/port/net_sockets.c.obj[0m
[32.388s] [ 73%] [32m[1mLinking CXX static library libmbedtls.a[0m
[32.440s] [ 73%] Built target mbedtls
[32.463s] [ 73%] [32mBuilding C object esp-idf/mbedtls/mbedtls/library/CMakeFiles/mbedx509.dir/x509_crl.c.obj[0m
[32.463s] [ 73%] [32mBuilding C object esp-idf/mbedtls/mbedtls/library/CMakeFiles/mbedx509.dir/pkcs7.c.obj[0m
[32.463s] [ 73%] [32mBuilding C object esp-idf/mbedtls/mbedtls/library/CMakeFiles/mbedx509.dir/x509_create.c.obj[0m
[32.464s] [ 73%] [32mBuilding C object esp-idf/mbedtls/mbedtls/library/CMakeFiles/mbedx509.dir/x509.c.obj[0m
[32.464s] [ 73%] [32mBuilding C object esp-idf/mbedtls/mbedtls/library/CMakeFiles/mbedx509.dir/x509_csr.c.obj[0m
[32.464s] [ 73%] [32mBuilding C object esp-idf/mbedtls/mbedtls/library/CMakeFiles/mbedx509.dir/x509_crt.c.obj[0m
[32.465s] [ 73%] [32mBuilding C object esp-idf/mbedtls/mbedtls/library/CMakeFiles/mbedx509.dir/x509write_crt.c.obj[0m
[32.465s] [ 73%] [32mBuilding C object esp-idf/mbedtls/mbedtls/library/CMakeFiles/mbedx509.dir/x509write.c.obj[0m
[32.465s] [ 74%] [32mBuilding C object esp-idf/mbedtls/mbedtls/library/CMakeFiles/mbedx509.dir/x509write_csr.c.obj[0m
[32.842s] [ 74%] [32m[1mLinking CXX static library libmbedx509.a[0m
[32.885s] [ 74%] Built target mbedx509
[32.914s] [ 74%] [32mBuilding C object esp-idf/mbedtls/mbedtls/library/CMakeFiles/mbedcrypto.dir/aesce.c.obj[0m
[32.915s] [ 74%] [32mBuilding C object esp-idf/mbedtls/mbedtls/library/CMakeFiles/mbedcrypto.dir/aesni.c.obj[0m
[32.915s] [ 74%] [32mBuilding C object esp-idf/mbedtls/mbedtls/library/CMakeFiles/mbedcrypto.dir/aes.c.obj[0m
[32.915s] [ 74%] [32mBuilding C object esp-idf/mbedtls/mbedtls/library/CMakeFiles/mbedcrypto.dir/aria.c.obj[0m
[32.915s] [ 75%] [32mBuilding C object esp-idf/mbedtls/mbedtls/library/CMakeFiles/mbedcrypto.dir/asn1parse.c.obj[0m
[32.915s] [ 75%] [32mBuilding C object esp-idf/mbedtls/mbedtls/library/CMakeFiles/mbedcrypto.dir/asn1write.c.obj[0m
[32.915s] [ 75%] [32mBuilding C object esp-idf/mbedtls/mbedtls/library/CMakeFiles/mbedcrypto.dir/bignum.c.obj[0m
[32.915s] [ 75%] [32mBuilding C object esp-idf/mbedtls/mbedtls/library/CMakeFiles/mbedcrypto.dir/base64.c.obj[0m
[32.915s] [ 75%] [32mBuilding C object esp-idf/mbedtls/mbedtls/library/CMakeFiles/mbedcrypto.dir/bignum_mod.c.obj[0m
[32.915s] [ 75%] [32mBuilding C object esp-idf/mbedtls/mbedtls/library/CMakeFiles/mbedcrypto.dir/bignum_core.c.obj[0m
[32.916s] [ 75%] [32mBuilding C object esp-idf/mbedtls/mbedtls/library/CMakeFiles/mbedcrypto.dir/bignum_mod_raw.c.obj[0m
[32.920s] [ 75%] [32mBuilding C object esp-idf/mbedtls/mbedtls/library/CMakeFiles/mbedcrypto.dir/block_cipher.c.obj[0m
[32.980s] [ 75%] [32mBuilding C object esp-idf/mbedtls/mbedtls/library/CMakeFiles/mbedcrypto.dir/camellia.c.obj[0m
[32.986s] [ 75%] [32mBuilding C object esp-idf/mbedtls/mbedtls/library/CMakeFiles/mbedcrypto.dir/chacha20.c.obj[0m
[32.986s] [ 75%] [32mBuilding C object esp-idf/mbedtls/mbedtls/library/CMakeFiles/mbedcrypto.dir/chachapoly.c.obj[0m
[32.986s] [ 75%] [32mBuilding C object esp-idf/mbedtls/mbedtls/library/CMakeFiles/mbedcrypto.dir/ccm.c.obj[0m
[32.999s] [ 76%] [32mBuilding C object esp-idf/mbedtls/mbedtls/library/CMakeFiles/mbedcrypto.dir/cipher.c.obj[0m
[33.052s] [ 76%] [32mBuilding C object esp-idf/mbedtls/mbedtls/library/CMakeFiles/mbedcrypto.dir/cmac.c.obj[0m
[33.052s] [ 76%] [32mBuilding C object esp-idf/mbedtls/mbedtls/library/CMakeFiles/mbedcrypto.dir/constant_time.c.obj[0m
[33.054s] [ 76%] [32mBuilding C object esp-idf/mbedtls/mbedtls/library/CMakeFiles/mbedcrypto.dir/cipher_wrap.c.obj[0m
[33.062s] [ 76%] [32mBuilding C object esp-idf/mbedtls/mbedtls/library/CMakeFiles/mbedcrypto.dir/ctr_drbg.c.obj[0m
[33.064s] [ 76%] [32mBuilding C object esp-idf/mbedtls/mbedtls/library/CMakeFiles/mbedcrypto.dir/des.c.obj[0m
[33.065s] [ 76%] [32mBuilding C object esp-idf/mbedtls/mbedtls/library/CMakeFiles/mbedcrypto.dir/dhm.c.obj[0m
[33.068s] [ 76%] [32mBuilding C object esp-idf/mbedtls/mbedtls/library/CMakeFiles/mbedcrypto.dir/ecdh.c.obj[0m
[33.144s] [ 76%] [32mBuilding C object esp-idf/mbedtls/mbedtls/library/CMakeFiles/mbedcrypto.dir/ecdsa.c.obj[0m
[33.145s] [ 76%] [32mBuilding C object esp-idf/mbedtls/mbedtls/library/CMakeFiles/mbedcrypto.dir/ecjpake.c.obj[0m
[33.154s] [ 77%] [32mBuilding C object esp-idf/mbedtls/mbedtls/library/CMakeFiles/mbedcrypto.dir/ecp.c.obj[0m
[33.163s] [ 77%] [32mBuilding C object esp-idf/mbedtls/mbedtls/library/CMakeFiles/mbedcrypto.dir/ecp_curves.c.obj[0m
[33.199s] [ 77%] [32mBuilding C object esp-idf/mbedtls/mbedtls/library/CMakeFiles/mbedcrypto.dir/ecp_curves_new.c.obj[0m
[33.202s] [ 77%] [32mBuilding C object esp-idf/mbedtls/mbedtls/library/CMakeFiles/mbedcrypto.dir/entropy.c.obj[0m
[33.209s] [ 77%] [32mBuilding C object esp-idf/mbedtls/mbedtls/library/CMakeFiles/mbedcrypto.dir/entropy_poll.c.obj[0m
[33.215s] [ 77%] [32mBuilding C object esp-idf/mbedtls/mbedtls/library/CMakeFiles/mbedcrypto.dir/error.c.obj[0m
[33.226s] [ 77%] [32mBuilding C object esp-idf/mbedtls/mbedtls/library/CMakeFiles/mbedcrypto.dir/gcm.c.obj[0m
[33.278s] [ 77%] [32mBuilding C object esp-idf/mbedtls/mbedtls/library/CMakeFiles/mbedcrypto.dir/hmac_drbg.c.obj[0m
[33.285s] [ 77%] [32mBuilding C object esp-idf/mbedtls/mbedtls/library/CMakeFiles/mbedcrypto.dir/hkdf.c.obj[0m
[33.291s] [ 77%] [32mBuilding C object esp-idf/mbedtls/mbedtls/library/CMakeFiles/mbedcrypto.dir/lms.c.obj[0m
[33.292s] [ 77%] [32mBuilding C object esp-idf/mbedtls/mbedtls/library/CMakeFiles/mbedcrypto.dir/lmots.c.obj[0m
[33.297s] [ 78%] [32mBuilding C object esp-idf/mbedtls/mbedtls/library/CMakeFiles/mbedcrypto.dir/md.c.obj[0m
[33.319s] [ 78%] [32mBuilding C object esp-idf/mbedtls/mbedtls/library/CMakeFiles/mbedcrypto.dir/md5.c.obj[0m
[33.369s] [ 78%] [32mBuilding C object esp-idf/mbedtls/mbedtls/library/CMakeFiles/mbedcrypto.dir/memory_buffer_alloc.c.obj[0m
[33.379s] [ 78%] [32mBuilding C object esp-idf/mbedtls/mbedtls/library/CMakeFiles/mbedcrypto.dir/nist_kw.c.obj[0m
[33.383s] [ 78%] [32mBuilding C object esp-idf/mbedtls/mbedtls/library/CMakeFiles/mbedcrypto.dir/oid.c.obj[0m
[33.427s] [ 78%] [32mBuilding C object esp-idf/mbedtls/mbedtls/library/CMakeFiles/mbedcrypto.dir/padlock.c.obj[0m
[33.434s] [ 78%] [32mBuilding C object esp-idf/mbedtls/mbedtls/library/CMakeFiles/mbedcrypto.dir/pem.c.obj[0m
[33.440s] [ 78%] [32mBuilding C object esp-idf/mbedtls/mbedtls/library/CMakeFiles/mbedcrypto.dir/pk.c.obj[0m
[33.441s] [ 78%] [32mBuilding C object esp-idf/mbedtls/mbedtls/library/CMakeFiles/mbedcrypto.dir/pk_ecc.c.obj[0m
[33.442s] [ 78%] [32mBuilding C object esp-idf/mbedtls/mbedtls/library/CMakeFiles/mbedcrypto.dir/pk_wrap.c.obj[0m
[33.470s] [ 78%] [32mBuilding C object esp-idf/mbedtls/mbedtls/library/CMakeFiles/mbedcrypto.dir/pkcs12.c.obj[0m
[33.481s] [ 79%] [32mBuilding C object esp-idf/mbedtls/mbedtls/library/CMakeFiles/mbedcrypto.dir/pkcs5.c.obj[0m
[33.494s] [ 79%] [32mBuilding C object esp-idf/mbedtls/mbedtls/library/CMakeFiles/mbedcrypto.dir/pkparse.c.obj[0m
[33.497s] [ 79%] [32mBuilding C object esp-idf/mbedtls/mbedtls/library/CMakeFiles/mbedcrypto.dir/pkwrite.c.obj[0m
[33.510s] [ 79%] [32mBuilding C object esp-idf/mbedtls/mbedtls/library/CMakeFiles/mbedcrypto.dir/platform.c.obj[0m
[33.519s] [ 79%] [32mBuilding C object esp-idf/mbedtls/mbedtls/library/CMakeFiles/mbedcrypto.dir/platform_util.c.obj[0m
[33.560s] [ 79%] [32mBuilding C object esp-idf/mbedtls/mbedtls/library/CMakeFiles/mbedcrypto.dir/poly1305.c.obj[0m
[33.608s] [ 79%] [32mBuilding C object esp-idf/mbedtls/mbedtls/library/CMakeFiles/mbedcrypto.dir/psa_crypto.c.obj[0m
[33.609s] [ 79%] [32mBuilding C object esp-idf/mbedtls/mbedtls/library/CMakeFiles/mbedcrypto.dir/psa_crypto_aead.c.obj[0m
[33.615s] [ 79%] [32mBuilding C object esp-idf/mbedtls/mbedtls/library/CMakeFiles/mbedcrypto.dir/psa_crypto_cipher.c.obj[0m
[33.633s] [ 79%] [32mBuilding C object esp-idf/mbedtls/mbedtls/library/CMakeFiles/mbedcrypto.dir/psa_crypto_client.c.obj[0m
[33.640s] [ 79%] [32mBuilding C object esp-idf/mbedtls/mbedtls/library/CMakeFiles/mbedcrypto.dir/psa_crypto_driver_wrappers_no_static.c.obj[0m
[33.647s] [ 80%] [32mBuilding C object esp-idf/mbedtls/mbedtls/library/CMakeFiles/mbedcrypto.dir/psa_crypto_ecp.c.obj[0m
[33.659s] [ 80%] [32mBuilding C object esp-idf/mbedtls/mbedtls/library/CMakeFiles/mbedcrypto.dir/psa_crypto_ffdh.c.obj[0m
[33.671s] [ 80%] [32mBuilding C object esp-idf/mbedtls/mbedtls/library/CMakeFiles/mbedcrypto.dir/psa_crypto_hash.c.obj[0m
[33.674s] [ 80%] [32mBuilding C object esp-idf/mbedtls/mbedtls/library/CMakeFiles/mbedcrypto.dir/psa_crypto_mac.c.obj[0m
[33.680s] [ 80%] [32mBuilding C object esp-idf/mbedtls/mbedtls/library/CMakeFiles/mbedcrypto.dir/psa_crypto_pake.c.obj[0m
[33.748s] [ 80%] [32mBuilding C object esp-idf/mbedtls/mbedtls/library/CMakeFiles/mbedcrypto.dir/psa_crypto_rsa.c.obj[0m
[33.753s] [ 80%] [32mBuilding C object esp-idf/mbedtls/mbedtls/library/CMakeFiles/mbedcrypto.dir/psa_crypto_random.c.obj[0m
[33.766s] [ 80%] [32mBuilding C object esp-idf/mbedtls/mbedtls/library/CMakeFiles/mbedcrypto.dir/psa_crypto_se.c.obj[0m
[33.776s] [ 80%] [32mBuilding C object esp-idf/mbedtls/mbedtls/library/CMakeFiles/mbedcrypto.dir/psa_crypto_slot_management.c.obj[0m
[33.789s] [ 80%] [32mBuilding C object esp-idf/mbedtls/mbedtls/library/CMakeFiles/mbedcrypto.dir/psa_crypto_storage.c.obj[0m
[33.794s] [ 80%] [32mBuilding C object esp-idf/mbedtls/mbedtls/library/CMakeFiles/mbedcrypto.dir/psa_its_file.c.obj[0m
[33.799s] [ 81%] [32mBuilding C object esp-idf/mbedtls/mbedtls/library/CMakeFiles/mbedcrypto.dir/psa_util.c.obj[0m
[33.811s] [ 81%] [32mBuilding C object esp-idf/mbedtls/mbedtls/library/CMakeFiles/mbedcrypto.dir/ripemd160.c.obj[0m
[33.834s] [ 81%] [32mBuilding C object esp-idf/mbedtls/mbedtls/library/CMakeFiles/mbedcrypto.dir/rsa.c.obj[0m
[33.837s] [ 81%] [32mBuilding C object esp-idf/mbedtls/mbedtls/library/CMakeFiles/mbedcrypto.dir/rsa_alt_helpers.c.obj[0m
[33.848s] [ 81%] [32mBuilding C object esp-idf/mbedtls/mbedtls/library/CMakeFiles/mbedcrypto.dir/sha256.c.obj[0m
[33.849s] [ 81%] [32mBuilding C object esp-idf/mbedtls/mbedtls/library/CMakeFiles/mbedcrypto.dir/sha1.c.obj[0m
[33.879s] [ 81%] [32mBuilding C object esp-idf/mbedtls/mbedtls/library/CMakeFiles/mbedcrypto.dir/sha512.c.obj[0m
[33.886s] [ 81%] [32mBuilding C object esp-idf/mbedtls/mbedtls/library/CMakeFiles/mbedcrypto.dir/sha3.c.obj[0m
[33.912s] [ 81%] [32mBuilding C object esp-idf/mbedtls/mbedtls/library/CMakeFiles/mbedcrypto.dir/threading.c.obj[0m
[33.948s] [ 81%] [32mBuilding C object esp-idf/mbedtls/mbedtls/library/CMakeFiles/mbedcrypto.dir/timing.c.obj[0m
[33.957s] [ 81%] [32mBuilding C object esp-idf/mbedtls/mbedtls/library/CMakeFiles/mbedcrypto.dir/version.c.obj[0m
[33.963s] [ 82%] [32mBuilding C object esp-idf/mbedtls/mbedtls/library/CMakeFiles/mbedcrypto.dir/version_features.c.obj[0m
[33.965s] [ 82%] [32mBuilding C object esp-idf/mbedtls/mbedtls/library/CMakeFiles/mbedcrypto.dir/home/diego/.espressif/v5.5/esp-idf/components/mbedtls/port/sha/core/esp_sha_gdma_impl.c.obj[0m
[33.968s] [ 82%] [32mBuilding C object esp-idf/mbedtls/mbedtls/library/CMakeFiles/mbedcrypto.dir/home/diego/.espressif/v5.5/esp-idf/components/mbedtls/port/aes/dma/esp_aes_dma_core.c.obj[0m
[33.968s] [ 82%] [32mBuilding C object esp-idf/mbedtls/mbedtls/library/CMakeFiles/mbedcrypto.dir/home/diego/.espressif/v5.5/esp-idf/components/mbedtls/port/aes/dma/esp_aes_gdma_impl.c.obj[0m
[33.973s] [ 82%] [32mBuilding C object esp-idf/mbedtls/mbedtls/library/CMakeFiles/mbedcrypto.dir/home/diego/.espressif/v5.5/esp-idf/components/mbedtls/port/crypto_shared_gdma/esp_crypto_shared_gdma.c.obj[0m
[33.989s] [ 82%] [32mBuilding C object esp-idf/mbedtls/mbedtls/library/CMakeFiles/mbedcrypto.dir/home/diego/.espressif/v5.5/esp-idf/components/mbedtls/port/esp_hardware.c.obj[0m
[33.991s] [ 82%] [32mBuilding C object esp-idf/mbedtls/mbedtls/library/CMakeFiles/mbedcrypto.dir/home/diego/.espressif/v5.5/esp-idf/components/mbedtls/port/esp_mem.c.obj[0m
[33.997s] [ 82%] [32mBuilding C object esp-idf/mbedtls/mbedtls/library/CMakeFiles/mbedcrypto.dir/home/diego/.espressif/v5.5/esp-idf/components/mbedtls/port/esp_timing.c.obj[0m
[34.021s] [ 82%] [32mBuilding C object esp-idf/mbedtls/mbedtls/library/CMakeFiles/mbedcrypto.dir/home/diego/.espressif/v5.5/esp-idf/components/mbedtls/port/aes/esp_aes_xts.c.obj[0m
[34.027s] [ 82%] [32mBuilding C object esp-idf/mbedtls/mbedtls/library/CMakeFiles/mbedcrypto.dir/home/diego/.espressif/v5.5/esp-idf/components/mbedtls/port/aes/esp_aes_common.c.obj[0m
[34.036s] [ 83%] [32mBuilding C object esp-idf/mbedtls/mbedtls/library/CMakeFiles/mbedcrypto.dir/home/diego/.espressif/v5.5/esp-idf/components/mbedtls/port/aes/dma/esp_aes.c.obj[0m
[34.054s] [ 83%] [32mBuilding C object esp-idf/mbedtls/mbedtls/library/CMakeFiles/mbedcrypto.dir/home/diego/.espressif/v5.5/esp-idf/components/mbedtls/port/sha/esp_sha.c.obj[0m
[34.058s] [ 83%] [32mBuilding C object esp-idf/mbedtls/mbedtls/library/CMakeFiles/mbedcrypto.dir/home/diego/.espressif/v5.5/esp-idf/components/mbedtls/port/esp_ds/esp_rsa_sign_alt.c.obj[0m
[34.059s] [ 83%] [32mBuilding C object esp-idf/mbedtls/mbedtls/library/CMakeFiles/mbedcrypto.dir/home/diego/.espressif/v5.5/esp-idf/components/mbedtls/port/sha/core/sha.c.obj[0m
[34.076s] [ 83%] [32mBuilding C object esp-idf/mbedtls/mbedtls/library/CMakeFiles/mbedcrypto.dir/home/diego/.espressif/v5.5/esp-idf/components/mbedtls/port/esp_ds/esp_rsa_dec_alt.c.obj[0m
[34.085s] [ 83%] [32mBuilding C object esp-idf/mbedtls/mbedtls/library/CMakeFiles/mbedcrypto.dir/home/diego/.espressif/v5.5/esp-idf/components/mbedtls/port/esp_ds/esp_ds_common.c.obj[0m
[34.135s] [ 83%] [32mBuilding C object esp-idf/mbedtls/mbedtls/library/CMakeFiles/mbedcrypto.dir/home/diego/.espressif/v5.5/esp-idf/components/mbedtls/port/esp_hmac_pbkdf2.c.obj[0m
[34.137s] [ 83%] [32mBuilding C object esp-idf/mbedtls/mbedtls/library/CMakeFiles/mbedcrypto.dir/home/diego/.espressif/v5.5/esp-idf/components/mbedtls/port/bignum/esp_bignum.c.obj[0m
[34.153s] [ 83%] [32mBuilding C object esp-idf/mbedtls/mbedtls/library/CMakeFiles/mbedcrypto.dir/home/diego/.espressif/v5.5/esp-idf/components/mbedtls/port/bignum/bignum_alt.c.obj[0m
[34.169s] [ 83%] [32mBuilding C object esp-idf/mbedtls/mbedtls/library/CMakeFiles/mbedcrypto.dir/home/diego/.espressif/v5.5/esp-idf/components/mbedtls/port/sha/core/esp_sha1.c.obj[0m
[34.207s] [ 84%] [32mBuilding C object esp-idf/mbedtls/mbedtls/library/CMakeFiles/mbedcrypto.dir/home/diego/.espressif/v5.5/esp-idf/components/mbedtls/port/sha/core/esp_sha512.c.obj[0m
[34.213s] [ 84%] [32mBuilding C object esp-idf/mbedtls/mbedtls/library/CMakeFiles/mbedcrypto.dir/home/diego/.espressif/v5.5/esp-idf/components/mbedtls/port/sha/core/esp_sha256.c.obj[0m
[34.228s] [ 84%] [32mBuilding C object esp-idf/mbedtls/mbedtls/library/CMakeFiles/mbedcrypto.dir/home/diego/.espressif/v5.5/esp-idf/components/mbedtls/port/aes/esp_aes_gcm.c.obj[0m
[34.234s] [ 84%] [32mBuilding C object esp-idf/mbedtls/mbedtls/library/CMakeFiles/mbedcrypto.dir/home/diego/.espressif/v5.5/esp-idf/components/mbedtls/port/md/esp_md.c.obj[0m
[34.627s] [ 84%] [32m[1mLinking CXX static library libmbedcrypto.a[0m
[34.747s] [ 84%] Built target mbedcrypto
[34.768s] [ 84%] [32mBuilding C object esp-idf/mbedtls/mbedtls/3rdparty/p256-m/CMakeFiles/p256m.dir/p256-m_driver_entrypoints.c.obj[0m
[34.768s] [ 84%] [32mBuilding C object esp-idf/mbedtls/mbedtls/3rdparty/p256-m/CMakeFiles/p256m.dir/p256-m/p256-m.c.obj[0m
[34.834s] [ 84%] [32m[1mLinking CXX static library libp256m.a[0m
[34.868s] [ 84%] Built target p256m
[34.888s] [ 84%] [32mBuilding C object esp-idf/mbedtls/mbedtls/3rdparty/everest/CMakeFiles/everest.dir/library/everest.c.obj[0m
[34.888s] [ 84%] [32mBuilding C object esp-idf/mbedtls/mbedtls/3rdparty/everest/CMakeFiles/everest.dir/library/Hacl_Curve25519_joined.c.obj[0m
[34.888s] [ 84%] [32mBuilding C object esp-idf/mbedtls/mbedtls/3rdparty/everest/CMakeFiles/everest.dir/library/x25519.c.obj[0m
[34.955s] [ 84%] [32m[1mLinking CXX static library libeverest.a[0m
[34.994s] [ 84%] Built target everest
[35.003s] [ 84%] [34m[1mGenerating x509_crt_bundle[0m
[35.104s] [ 84%] [34m[1mGenerating ../../x509_crt_bundle.S[0m
[35.207s] [35m[1mScanning dependencies of target __idf_mbedtls[0m
[35.218s] [ 84%] [32mBuilding C object esp-idf/mbedtls/CMakeFiles/__idf_mbedtls.dir/esp_crt_bundle/esp_crt_bundle.c.obj[0m
[35.218s] [ 85%] [32mBuilding ASM object esp-idf/mbedtls/CMakeFiles/__idf_mbedtls.dir/__/__/x509_crt_bundle.S.obj[0m
[35.329s] [ 85%] [32m[1mLinking C static library libmbedtls.a[0m
[35.363s] [ 85%] Built target __idf_mbedtls
[35.384s] [ 85%] [32mBuilding C object esp-idf/esp_pm/CMakeFiles/__idf_esp_pm.dir/pm_impl.c.obj[0m
[35.384s] [ 85%] [32mBuilding C object esp-idf/esp_pm/CMakeFiles/__idf_esp_pm.dir/pm_trace.c.obj[0m
[35.384s] [ 85%] [32mBuilding C object esp-idf/esp_pm/CMakeFiles/__idf_esp_pm.dir/pm_locks.c.obj[0m
[35.521s] [ 85%] [32m[1mLinking C static library libesp_pm.a[0m
[35.556s] [ 85%] Built target __idf_esp_pm
[35.577s] [ 85%] [32mBuilding C object esp-idf/esp_driver_gpio/CMakeFiles/__idf_esp_driver_gpio.dir/src/gpio.c.obj[0m
[35.578s] [ 85%] [32mBuilding C object esp-idf/esp_driver_gpio/CMakeFiles/__idf_esp_driver_gpio.dir/src/rtc_io.c.obj[0m
[35.578s] [ 85%] [32mBuilding C object esp-idf/esp_driver_gpio/CMakeFiles/__idf_esp_driver_gpio.dir/src/gpio_pin_glitch_filter.c.obj[0m
[35.578s] [ 85%] [32mBuilding C object esp-idf/esp_driver_gpio/CMakeFiles/__idf_esp_driver_gpio.dir/src/dedic_gpio.c.obj[0m
[35.579s] [ 85%] [32mBuilding C object esp-idf/esp_driver_gpio/CMakeFiles/__idf_esp_driver_gpio.dir/src/gpio_glitch_filter_ops.c.obj[0m
[35.919s] [ 85%] [32m[1mLinking C static library libesp_driver_gpio.a[0m
[35.958s] [ 85%] Built target __idf_esp_driver_gpio
[35.969s] [35m[1mScanning dependencies of target __idf_xtensa[0m
[35.985s] [ 85%] [32mBuilding C object esp-idf/xtensa/CMakeFiles/__idf_xtensa.dir/eri.c.obj[0m
[35.986s] [ 85%] [32mBuilding ASM object esp-idf/xtensa/CMakeFiles/__idf_xtensa.dir/xtensa_context.S.obj[0m
[35.986s] [ 85%] [32mBuilding C object esp-idf/xtensa/CMakeFiles/__idf_xtensa.dir/xtensa_intr.c.obj[0m
[35.986s] [ 85%] [32mBuilding C object esp-idf/xtensa/CMakeFiles/__idf_xtensa.dir/xt_trax.c.obj[0m
[35.986s] [ 85%] [32mBuilding ASM object esp-idf/xtensa/CMakeFiles/__idf_xtensa.dir/xtensa_intr_asm.S.obj[0m
[35.986s] [ 85%] [32mBuilding ASM object esp-idf/xtensa/CMakeFiles/__idf_xtensa.dir/xtensa_vectors.S.obj[0m
[36.053s] [ 85%] [32m[1mLinking C static library libxtensa.a[0m
[36.090s] [ 85%] Built target __idf_xtensa
[36.120s] [35m[1mScanning dependencies of target __idf_espcoredump[0m
[36.121s] [ 85%] [32mBuilding C object esp-idf/unity/CMakeFiles/__idf_unity.dir/unity/src/unity.c.obj[0m
[36.122s] [ 85%] [32mBuilding C object esp-idf/esp_hid/CMakeFiles/__idf_esp_hid.dir/src/esp_hidd.c.obj[0m
[36.122s] [ 85%] [32mBuilding C object esp-idf/esp_https_server/CMakeFiles/__idf_esp_https_server.dir/src/https_server.c.obj[0m
[36.125s] [ 86%] [32mBuilding C object esp-idf/esp_eth/CMakeFiles/__idf_esp_eth.dir/src/esp_eth.c.obj[0m
[36.126s] [ 86%] [32mBuilding C object esp-idf/esp_driver_cam/CMakeFiles/__idf_esp_driver_cam.dir/esp_cam_ctlr.c.obj[0m
[36.126s] [ 86%] [32mBuilding C object esp-idf/esp_driver_touch_sens/CMakeFiles/__idf_esp_driver_touch_sens.dir/common/touch_sens_common.c.obj[0m
[36.127s] [ 86%] [32mBuilding C object esp-idf/app_trace/CMakeFiles/__idf_app_trace.dir/app_trace.c.obj[0m
[36.129s] [ 86%] [32mBuilding C object esp-idf/protobuf-c/CMakeFiles/__idf_protobuf-c.dir/protobuf-c/protobuf-c/protobuf-c.c.obj[0m
[36.134s] [ 86%] [32mBuilding C object esp-idf/esp_lcd/CMakeFiles/__idf_esp_lcd.dir/src/esp_lcd_common.c.obj[0m
[36.136s] [ 86%] [32mBuilding C object esp-idf/console/CMakeFiles/__idf_console.dir/commands.c.obj[0m
[36.137s] [ 86%] [32mBuilding CXX object esp-idf/wear_levelling/CMakeFiles/__idf_wear_levelling.dir/Partition.cpp.obj[0m
[36.141s] [ 86%] [32mBuilding C object esp-idf/espcoredump/CMakeFiles/__idf_espcoredump.dir/src/core_dump_init.c.obj[0m
[36.181s] [ 86%] [32mBuilding C object esp-idf/espcoredump/CMakeFiles/__idf_espcoredump.dir/src/core_dump_common.c.obj[0m
[36.252s] [ 86%] [32mBuilding CXX object esp-idf/wear_levelling/CMakeFiles/__idf_wear_levelling.dir/SPI_Flash.cpp.obj[0m
[36.260s] [ 86%] [32mBuilding C object esp-idf/esp_hid/CMakeFiles/__idf_esp_hid.dir/src/esp_hidh.c.obj[0m
[36.272s] [ 86%] [32mBuilding C object esp-idf/esp_driver_cam/CMakeFiles/__idf_esp_driver_cam.dir/dvp_share_ctrl.c.obj[0m
[36.280s] [ 86%] [32mBuilding C object esp-idf/esp_lcd/CMakeFiles/__idf_esp_lcd.dir/src/esp_lcd_panel_io.c.obj[0m
[36.288s] [ 86%] [32mBuilding C object esp-idf/espcoredump/CMakeFiles/__idf_espcoredump.dir/src/core_dump_flash.c.obj[0m
[36.355s] [ 86%] [32mBuilding C object esp-idf/app_trace/CMakeFiles/__idf_app_trace.dir/app_trace_util.c.obj[0m
[36.371s] [ 87%] [32mBuilding C object esp-idf/console/CMakeFiles/__idf_console.dir/esp_console_common.c.obj[0m
[36.388s] [ 87%] [32mBuilding CXX object esp-idf/wear_levelling/CMakeFiles/__idf_wear_levelling.dir/WL_Ext_Perf.cpp.obj[0m
[36.409s] [ 87%] [32m[1mLinking C static library libesp_https_server.a[0m
[36.410s] [ 87%] [32mBuilding C object esp-idf/esp_driver_cam/CMakeFiles/__idf_esp_driver_cam.dir/dvp/src/esp_cam_ctlr_dvp_gdma.c.obj[0m
[36.444s] [ 87%] [32mBuilding C object esp-idf/esp_lcd/CMakeFiles/__idf_esp_lcd.dir/src/esp_lcd_panel_nt35510.c.obj[0m
[36.503s] [ 87%] [32mBuilding C object esp-idf/esp_driver_touch_sens/CMakeFiles/__idf_esp_driver_touch_sens.dir/hw_ver2/touch_version_specific.c.obj[0m
[36.506s] [ 87%] Built target __idf_esp_https_server
[36.521s] [ 87%] [32mBuilding C object esp-idf/esp_eth/CMakeFiles/__idf_esp_eth.dir/src/phy/esp_eth_phy_802_3.c.obj[0m
[36.533s] [ 87%] [32mBuilding C object esp-idf/unity/CMakeFiles/__idf_unity.dir/unity_compat.c.obj[0m
[36.533s] [ 87%] [32mBuilding C object esp-idf/console/CMakeFiles/__idf_console.dir/esp_console_repl_internal.c.obj[0m
[36.536s] [ 87%] [32mBuilding C object esp-idf/app_trace/CMakeFiles/__idf_app_trace.dir/host_file_io.c.obj[0m
[36.536s] [ 87%] [32mBuilding C object esp-idf/espcoredump/CMakeFiles/__idf_espcoredump.dir/src/core_dump_uart.c.obj[0m
[36.547s] [ 87%] [32mBuilding C object esp-idf/json/CMakeFiles/__idf_json.dir/cJSON/cJSON.c.obj[0m
[36.570s] [ 87%] [32mBuilding C object esp-idf/esp_hid/CMakeFiles/__idf_esp_hid.dir/src/esp_hid_common.c.obj[0m
[36.589s] [ 87%] [32mBuilding C object esp-idf/esp_driver_cam/CMakeFiles/__idf_esp_driver_cam.dir/dvp/src/esp_cam_ctlr_dvp_cam.c.obj[0m
[36.595s] [ 88%] [32mBuilding CXX object esp-idf/wear_levelling/CMakeFiles/__idf_wear_levelling.dir/WL_Ext_Safe.cpp.obj[0m
[36.611s] [ 88%] [32mBuilding C object esp-idf/unity/CMakeFiles/__idf_unity.dir/unity_runner.c.obj[0m
[36.636s] [ 88%] [32mBuilding C object esp-idf/app_trace/CMakeFiles/__idf_app_trace.dir/port/port_uart.c.obj[0m
[36.682s] [ 88%] [32mBuilding C object esp-idf/espcoredump/CMakeFiles/__idf_espcoredump.dir/src/core_dump_elf.c.obj[0m
[36.684s] [ 88%] [32mBuilding C object esp-idf/esp_lcd/CMakeFiles/__idf_esp_lcd.dir/src/esp_lcd_panel_ssd1306.c.obj[0m
[36.691s] [ 88%] [32mBuilding C object esp-idf/console/CMakeFiles/__idf_console.dir/split_argv.c.obj[0m
[36.760s] [ 88%] [32mBuilding C object esp-idf/unity/CMakeFiles/__idf_unity.dir/unity_utils_freertos.c.obj[0m
[36.768s] [ 88%] [32mBuilding C object esp-idf/console/CMakeFiles/__idf_console.dir/linenoise/linenoise.c.obj[0m
[36.768s] [ 88%] [32m[1mLinking C static library libapp_trace.a[0m
[36.803s] [ 88%] [32mBuilding CXX object esp-idf/wear_levelling/CMakeFiles/__idf_wear_levelling.dir/WL_Flash.cpp.obj[0m
[36.827s] [ 88%] [32mBuilding C object esp-idf/espcoredump/CMakeFiles/__idf_espcoredump.dir/src/core_dump_binary.c.obj[0m
[36.834s] [ 88%] [32m[1mLinking C static library libprotobuf-c.a[0m
[36.837s] [ 88%] Built target __idf_app_trace
[36.840s] [ 88%] [32m[1mLinking C static library libesp_hid.a[0m
[36.854s] [ 88%] [32mBuilding C object esp-idf/espcoredump/CMakeFiles/__idf_espcoredump.dir/src/core_dump_sha.c.obj[0m
[36.887s] [ 88%] [32m[1mLinking C static library libesp_driver_touch_sens.a[0m
[36.894s] [ 88%] [32mBuilding C object esp-idf/esp_lcd/CMakeFiles/__idf_esp_lcd.dir/src/esp_lcd_panel_st7789.c.obj[0m
[36.895s] [ 88%] [32mBuilding C object esp-idf/esp_lcd/CMakeFiles/__idf_esp_lcd.dir/src/esp_lcd_panel_ops.c.obj[0m
[36.896s] [ 89%] [32mBuilding C object esp-idf/unity/CMakeFiles/__idf_unity.dir/unity_utils_cache.c.obj[0m
[36.909s] [ 89%] Built target __idf_protobuf-c
[36.912s] [ 89%] Built target __idf_esp_hid
[36.921s] [ 89%] [32mBuilding C object esp-idf/esp_eth/CMakeFiles/__idf_esp_eth.dir/src/esp_eth_netif_glue.c.obj[0m
[36.927s] [ 89%] [32mBuilding C object esp-idf/unity/CMakeFiles/__idf_unity.dir/unity_utils_memory.c.obj[0m
[36.947s] [ 89%] [32mBuilding C object esp-idf/mqtt/CMakeFiles/__idf_mqtt.dir/esp-mqtt/mqtt_client.c.obj[0m
[36.955s] [ 89%] Built target __idf_esp_driver_touch_sens
[36.958s] [ 89%] [32mBuilding C object esp-idf/espcoredump/CMakeFiles/__idf_espcoredump.dir/src/core_dump_crc.c.obj[0m
[36.972s] [ 89%] [32mBuilding C object esp-idf/console/CMakeFiles/__idf_console.dir/esp_console_repl_chip.c.obj[0m
[36.991s] [ 89%] [32m[1mLinking C static library libesp_driver_cam.a[0m
[37.004s] [ 89%] [32mBuilding C object esp-idf/espcoredump/CMakeFiles/__idf_espcoredump.dir/src/port/xtensa/core_dump_port.c.obj[0m
[37.020s] [ 89%] [32mBuilding C object esp-idf/console/CMakeFiles/__idf_console.dir/argtable3/arg_cmd.c.obj[0m
[37.037s] [ 89%] [32mBuilding C object esp-idf/console/CMakeFiles/__idf_console.dir/argtable3/arg_date.c.obj[0m
[37.053s] [ 89%] [32mBuilding C object esp-idf/unity/CMakeFiles/__idf_unity.dir/unity_port_esp32.c.obj[0m
[37.063s] [ 89%] Built target __idf_esp_driver_cam
[37.083s] [ 89%] [32mBuilding C object esp-idf/unity/CMakeFiles/__idf_unity.dir/port/esp/unity_utils_memory_esp.c.obj[0m
[37.087s] [ 89%] [32mBuilding C object esp-idf/json/CMakeFiles/__idf_json.dir/cJSON/cJSON_Utils.c.obj[0m
[37.093s] [ 89%] [32mBuilding C object esp-idf/mqtt/CMakeFiles/__idf_mqtt.dir/esp-mqtt/lib/mqtt_msg.c.obj[0m
[37.114s] [ 90%] [32mBuilding ASM object esp-idf/espcoredump/CMakeFiles/__idf_espcoredump.dir/src/port/xtensa/core_dump_stack_switch.S.obj[0m
[37.116s] [ 90%] [32m[1mLinking C static library libesp_eth.a[0m
[37.119s] [ 90%] [32mBuilding C object esp-idf/esp_lcd/CMakeFiles/__idf_esp_lcd.dir/i2c/esp_lcd_panel_io_i2c_v1.c.obj[0m
[37.134s] [ 90%] [32mBuilding C object esp-idf/esp_lcd/CMakeFiles/__idf_esp_lcd.dir/i2c/esp_lcd_panel_io_i2c_v2.c.obj[0m
[37.152s] [ 90%] [32mBuilding CXX object esp-idf/wear_levelling/CMakeFiles/__idf_wear_levelling.dir/crc32.cpp.obj[0m
[37.164s] [ 90%] [32m[1mLinking C static library libespcoredump.a[0m
[37.189s] [ 90%] Built target __idf_esp_eth
[37.201s] [ 90%] [32mBuilding C object esp-idf/mqtt/CMakeFiles/__idf_mqtt.dir/esp-mqtt/lib/mqtt_outbox.c.obj[0m
[37.201s] [ 90%] [32m[1mLinking C static library libunity.a[0m
[37.204s] [ 90%] [32mBuilding C object esp-idf/console/CMakeFiles/__idf_console.dir/argtable3/arg_dbl.c.obj[0m
[37.229s] [ 90%] [32mBuilding C object esp-idf/nvs_sec_provider/CMakeFiles/__idf_nvs_sec_provider.dir/nvs_sec_provider.c.obj[0m
[37.237s] [ 90%] Built target __idf_espcoredump
[37.241s] [ 90%] [32mBuilding C object esp-idf/perfmon/CMakeFiles/__idf_perfmon.dir/xtensa_perfmon_access.c.obj[0m
[37.256s] [ 91%] [32mBuilding C object esp-idf/esp_lcd/CMakeFiles/__idf_esp_lcd.dir/spi/esp_lcd_panel_io_spi.c.obj[0m
[37.281s] [ 91%] Built target __idf_unity
[37.288s] [ 91%] [32mBuilding CXX object esp-idf/wear_levelling/CMakeFiles/__idf_wear_levelling.dir/wear_levelling.cpp.obj[0m
[37.295s] [ 91%] [32mBuilding C object esp-idf/mqtt/CMakeFiles/__idf_mqtt.dir/esp-mqtt/lib/platform_esp32_idf.c.obj[0m
[37.303s] [ 91%] [32mBuilding C object esp-idf/console/CMakeFiles/__idf_console.dir/argtable3/arg_dstr.c.obj[0m
[37.322s] [ 91%] [32mBuilding C object esp-idf/console/CMakeFiles/__idf_console.dir/argtable3/arg_end.c.obj[0m
[37.332s] [ 91%] [32mBuilding C object esp-idf/perfmon/CMakeFiles/__idf_perfmon.dir/xtensa_perfmon_apis.c.obj[0m
[37.337s] [ 91%] [32mBuilding C object esp-idf/console/CMakeFiles/__idf_console.dir/argtable3/arg_file.c.obj[0m
[37.353s] [ 91%] [32mBuilding C object esp-idf/perfmon/CMakeFiles/__idf_perfmon.dir/xtensa_perfmon_masks.c.obj[0m
[37.369s] [ 91%] [32m[1mLinking C static library libnvs_sec_provider.a[0m
[37.389s] [ 91%] [32m[1mLinking C static library libjson.a[0m
[37.403s] [ 91%] [32mBuilding C object esp-idf/rt/CMakeFiles/__idf_rt.dir/FreeRTOS_POSIX_mqueue.c.obj[0m
[37.421s] [ 91%] [32mBuilding C object esp-idf/rt/CMakeFiles/__idf_rt.dir/FreeRTOS_POSIX_utils.c.obj[0m
[37.430s] [ 92%] [32m[1mLinking C static library libperfmon.a[0m
[37.439s] [ 92%] [32mBuilding C object esp-idf/spiffs/CMakeFiles/__idf_spiffs.dir/spiffs_api.c.obj[0m
[37.444s] [ 92%] Built target __idf_nvs_sec_provider
[37.447s] [ 93%] [32mBuilding C object esp-idf/console/CMakeFiles/__idf_console.dir/argtable3/arg_hashtable.c.obj[0m
[37.449s] [ 93%] [32mBuilding C object esp-idf/touch_element/CMakeFiles/__idf_touch_element.dir/touch_element.c.obj[0m
[37.454s] [ 93%] [32m[1mLinking C static library libwear_levelling.a[0m
[37.455s] [ 93%] [32mBuilding C object esp-idf/usb/CMakeFiles/__idf_usb.dir/hcd_dwc.c.obj[0m
[37.461s] [ 93%] [32mBuilding C object esp-idf/console/CMakeFiles/__idf_console.dir/argtable3/arg_int.c.obj[0m
[37.467s] [ 93%] Built target __idf_json
[37.486s] [ 93%] [32mBuilding C object esp-idf/esp_lcd/CMakeFiles/__idf_esp_lcd.dir/i80/esp_lcd_panel_io_i80.c.obj[0m
[37.519s] [ 93%] Built target __idf_perfmon
[37.529s] [ 93%] [32mBuilding C object esp-idf/usb/CMakeFiles/__idf_usb.dir/enum.c.obj[0m
[37.540s] [ 93%] Built target __idf_wear_levelling
[37.553s] [ 93%] [32mBuilding C object esp-idf/esp_lcd/CMakeFiles/__idf_esp_lcd.dir/rgb/esp_lcd_panel_rgb.c.obj[0m
[37.557s] [ 93%] [32mBuilding C object esp-idf/micro_ros_espidf_component/CMakeFiles/__idf_micro_ros_espidf_component.dir/network_interfaces/uros_wlan_netif.c.obj[0m
[37.560s] [ 93%] [32mBuilding C object esp-idf/touch_element/CMakeFiles/__idf_touch_element.dir/touch_button.c.obj[0m
[37.566s] [ 93%] [32mBuilding C object esp-idf/usb/CMakeFiles/__idf_usb.dir/hub.c.obj[0m
[37.566s] [ 93%] [32mBuilding C object esp-idf/spiffs/CMakeFiles/__idf_spiffs.dir/spiffs/src/spiffs_cache.c.obj[0m
[37.584s] [ 93%] [32mBuilding C object esp-idf/console/CMakeFiles/__idf_console.dir/argtable3/arg_lit.c.obj[0m
[37.608s] [ 93%] [32m[1mLinking C static library librt.a[0m
[37.688s] [ 93%] Built target __idf_rt
[37.688s] [ 93%] [32mBuilding C object esp-idf/console/CMakeFiles/__idf_console.dir/argtable3/arg_rem.c.obj[0m
[37.700s] [ 94%] [32mBuilding C object esp-idf/spiffs/CMakeFiles/__idf_spiffs.dir/spiffs/src/spiffs_check.c.obj[0m
[37.711s] [ 94%] [32m[1mLinking C static library libmicro_ros_espidf_component.a[0m
[37.723s] [ 94%] [32mBuilding C object esp-idf/touch_element/CMakeFiles/__idf_touch_element.dir/touch_slider.c.obj[0m
[37.740s] [ 94%] [32m[1mLinking C static library libmqtt.a[0m
[37.765s] [ 94%] [32mBuilding C object esp-idf/console/CMakeFiles/__idf_console.dir/argtable3/arg_rex.c.obj[0m
[37.786s] [ 94%] Built target __idf_micro_ros_espidf_component
[37.792s] [ 94%] [32mBuilding C object esp-idf/usb/CMakeFiles/__idf_usb.dir/usb_helpers.c.obj[0m
[37.804s] [ 94%] [32mBuilding C object esp-idf/spiffs/CMakeFiles/__idf_spiffs.dir/spiffs/src/spiffs_gc.c.obj[0m
[37.813s] [ 94%] [32mBuilding C object esp-idf/spiffs/CMakeFiles/__idf_spiffs.dir/spiffs/src/spiffs_hydrogen.c.obj[0m
[37.818s] [ 94%] Built target __idf_mqtt
[37.836s] [ 94%] [32mBuilding C object esp-idf/console/CMakeFiles/__idf_console.dir/argtable3/arg_str.c.obj[0m
[37.896s] [ 94%] [32mBuilding C object esp-idf/cmock/CMakeFiles/__idf_cmock.dir/CMock/src/cmock.c.obj[0m
[37.906s] [ 94%] [32mBuilding C object esp-idf/fatfs/CMakeFiles/__idf_fatfs.dir/diskio/diskio.c.obj[0m
[37.945s] [ 94%] [32mBuilding C object esp-idf/spiffs/CMakeFiles/__idf_spiffs.dir/spiffs/src/spiffs_nucleus.c.obj[0m
[37.988s] [ 94%] [32mBuilding C object esp-idf/spiffs/CMakeFiles/__idf_spiffs.dir/esp_spiffs.c.obj[0m
[37.998s] [ 94%] [32m[1mLinking C static library libcmock.a[0m
[38.001s] [ 94%] [32mBuilding C object esp-idf/touch_element/CMakeFiles/__idf_touch_element.dir/touch_matrix.c.obj[0m
[38.014s] [ 94%] [32mBuilding C object esp-idf/console/CMakeFiles/__idf_console.dir/argtable3/arg_utils.c.obj[0m
[38.024s] [ 94%] [32mBuilding C object esp-idf/fatfs/CMakeFiles/__idf_fatfs.dir/diskio/diskio_rawflash.c.obj[0m
[38.029s] [ 94%] [32mBuilding C object esp-idf/usb/CMakeFiles/__idf_usb.dir/usb_host.c.obj[0m
[38.030s] [ 94%] [32mBuilding C object esp-idf/fatfs/CMakeFiles/__idf_fatfs.dir/diskio/diskio_wl.c.obj[0m
[38.059s] [ 94%] [32mBuilding C object esp-idf/fatfs/CMakeFiles/__idf_fatfs.dir/src/ff.c.obj[0m
[38.066s] [ 94%] Built target __idf_cmock
[38.084s] [ 94%] [32mBuilding C object esp-idf/console/CMakeFiles/__idf_console.dir/argtable3/argtable3.c.obj[0m
[38.117s] [ 94%] [32mBuilding C object esp-idf/fatfs/CMakeFiles/__idf_fatfs.dir/src/ffunicode.c.obj[0m
[38.141s] [ 94%] [32mBuilding CXX object esp-idf/main/CMakeFiles/__idf_main.dir/micro-ros-esp32.cpp.obj[0m
[38.179s] [ 94%] [32mBuilding C object esp-idf/fatfs/CMakeFiles/__idf_fatfs.dir/port/freertos/ffsystem.c.obj[0m
[38.202s] [ 94%] [32mBuilding C object esp-idf/usb/CMakeFiles/__idf_usb.dir/usb_private.c.obj[0m
[38.207s] [ 94%] [32mBuilding C object esp-idf/fatfs/CMakeFiles/__idf_fatfs.dir/diskio/diskio_sdmmc.c.obj[0m
[38.273s] [ 94%] [32mBuilding C object esp-idf/main/CMakeFiles/__idf_main.dir/esp32_serial_transport.c.obj[0m
[38.275s] [ 94%] [32m[1mLinking C static library libesp_lcd.a[0m
[38.282s] [ 95%] [32mBuilding C object esp-idf/usb/CMakeFiles/__idf_usb.dir/usbh.c.obj[0m
[38.298s] [ 95%] [32mBuilding C object esp-idf/fatfs/CMakeFiles/__idf_fatfs.dir/vfs/vfs_fat.c.obj[0m
[38.325s] [ 95%] [32m[1mLinking C static library libtouch_element.a[0m
[38.330s] [ 95%] [32m[1mLinking C static library libconsole.a[0m
[38.344s] [ 96%] [32mBuilding C object esp-idf/fatfs/CMakeFiles/__idf_fatfs.dir/vfs/vfs_fat_sdmmc.c.obj[0m
[38.353s] [ 96%] Built target __idf_esp_lcd
[38.365s] [ 96%] [32mBuilding C object esp-idf/usb/CMakeFiles/__idf_usb.dir/usb_phy.c.obj[0m
[38.368s] [ 96%] [32mBuilding C object esp-idf/fatfs/CMakeFiles/__idf_fatfs.dir/vfs/vfs_fat_spiflash.c.obj[0m
[38.398s] [ 96%] Built target __idf_touch_element
[38.414s] [ 96%] Built target __idf_console
[38.448s] [ 96%] [32mBuilding C object esp-idf/protocomm/CMakeFiles/__idf_protocomm.dir/proto-c/constants.pb-c.c.obj[0m
[38.449s] [ 96%] [32mBuilding C object esp-idf/protocomm/CMakeFiles/__idf_protocomm.dir/src/common/protocomm.c.obj[0m
[38.450s] [ 96%] [32mBuilding C object esp-idf/protocomm/CMakeFiles/__idf_protocomm.dir/proto-c/sec0.pb-c.c.obj[0m
[38.513s] [01m[K/home/diego/Ros2_esp32/main/micro-ros-esp32.cpp:[m[K In function '[01m[Kvoid[01;32m[K init_servo[m[K()[m[K':
[38.516s] [01m[K/home/diego/Ros2_esp32/main/micro-ros-esp32.cpp:55:3:[m[K [01;35m[Kwarning: [m[Kmissing initializer for member '[01m[Kledc_timer_config_t::deconfigure[m[K' [[01;35m[K]8;;https://gcc.gnu.org/onlinedocs/gcc-14.2.0/gcc/Warning-Options.html#index-Wmissing-field-initializers-Wmissing-field-initializers]8;;[m[K]
[38.517s]    55 |   [01;35m[K}[m[K;
[38.517s]       |   [01;35m[K^[m[K
[38.517s] [01m[K/home/diego/Ros2_esp32/main/micro-ros-esp32.cpp:66:3:[m[K [01;35m[Kwarning: [m[Kmissing initializer for member '[01m[Kledc_channel_config_t::sleep_mode[m[K' [[01;35m[K]8;;https://gcc.gnu.org/onlinedocs/gcc-14.2.0/gcc/Warning-Options.html#index-Wmissing-field-initializers-Wmissing-field-initializers]8;;[m[K]
[38.517s]    66 |   [01;35m[K}[m[K;
[38.517s]       |   [01;35m[K^[m[K
[38.517s] [01m[K/home/diego/Ros2_esp32/main/micro-ros-esp32.cpp:66:3:[m[K [01;35m[Kwarning: [m[Kmissing initializer for member '[01m[Kledc_channel_config_t::flags[m[K' [[01;35m[K]8;;https://gcc.gnu.org/onlinedocs/gcc-14.2.0/gcc/Warning-Options.html#index-Wmissing-field-initializers-Wmissing-field-initializers]8;;[m[K]
[38.521s] [ 96%] [32mBuilding C object esp-idf/protocomm/CMakeFiles/__idf_protocomm.dir/proto-c/sec1.pb-c.c.obj[0m
[38.528s] [ 96%] [32mBuilding C object esp-idf/protocomm/CMakeFiles/__idf_protocomm.dir/proto-c/sec2.pb-c.c.obj[0m
[38.546s] [ 96%] [32m[1mLinking C static library libspiffs.a[0m
[38.565s] [ 96%] [32mBuilding C object esp-idf/protocomm/CMakeFiles/__idf_protocomm.dir/proto-c/session.pb-c.c.obj[0m
[38.594s] [ 96%] [32mBuilding C object esp-idf/protocomm/CMakeFiles/__idf_protocomm.dir/src/transports/protocomm_console.c.obj[0m
[38.616s] [ 96%] [32m[1mLinking C static library libmain.a[0m
[38.625s] [ 96%] Built target __idf_spiffs
[38.634s] [ 96%] [32mBuilding C object esp-idf/protocomm/CMakeFiles/__idf_protocomm.dir/src/transports/protocomm_httpd.c.obj[0m
[38.640s] [ 97%] [32mBuilding C object esp-idf/protocomm/CMakeFiles/__idf_protocomm.dir/src/security/security0.c.obj[0m
[38.672s] [ 97%] [32mBuilding C object esp-idf/protocomm/CMakeFiles/__idf_protocomm.dir/src/security/security2.c.obj[0m
[38.673s] [ 97%] [32mBuilding C object esp-idf/protocomm/CMakeFiles/__idf_protocomm.dir/src/security/security1.c.obj[0m
[38.673s] [ 97%] [32mBuilding C object esp-idf/protocomm/CMakeFiles/__idf_protocomm.dir/src/crypto/srp6a/esp_srp.c.obj[0m
[38.678s] [ 97%] [32mBuilding C object esp-idf/protocomm/CMakeFiles/__idf_protocomm.dir/src/crypto/srp6a/esp_srp_mpi.c.obj[0m
[38.688s] [ 97%] [32m[1mLinking C static library libusb.a[0m
[38.696s] [ 97%] Built target __idf_main
[38.739s] [ 97%] [32m[1mLinking C static library libfatfs.a[0m
[38.762s] [ 97%] Built target __idf_usb
[38.794s] [ 97%] Built target __idf_fatfs
[38.869s] [ 97%] [32m[1mLinking C static library libprotocomm.a[0m
[38.914s] [ 97%] Built target __idf_protocomm
[38.940s] [ 97%] [32mBuilding C object esp-idf/esp_local_ctrl/CMakeFiles/__idf_esp_local_ctrl.dir/src/esp_local_ctrl.c.obj[0m
[38.940s] [ 97%] [32mBuilding C object esp-idf/wifi_provisioning/CMakeFiles/__idf_wifi_provisioning.dir/src/wifi_config.c.obj[0m
[38.941s] [ 97%] [32mBuilding C object esp-idf/wifi_provisioning/CMakeFiles/__idf_wifi_provisioning.dir/src/wifi_scan.c.obj[0m
[38.941s] [ 97%] [32mBuilding C object esp-idf/esp_local_ctrl/CMakeFiles/__idf_esp_local_ctrl.dir/proto-c/esp_local_ctrl.pb-c.c.obj[0m
[38.941s] [ 97%] [32mBuilding C object esp-idf/wifi_provisioning/CMakeFiles/__idf_wifi_provisioning.dir/src/handlers.c.obj[0m
[38.941s] [ 97%] [32mBuilding C object esp-idf/esp_local_ctrl/CMakeFiles/__idf_esp_local_ctrl.dir/src/esp_local_ctrl_handler.c.obj[0m
[38.941s] [ 97%] [32mBuilding C object esp-idf/esp_local_ctrl/CMakeFiles/__idf_esp_local_ctrl.dir/src/esp_local_ctrl_transport_httpd.c.obj[0m
[38.941s] [ 97%] [32mBuilding C object esp-idf/wifi_provisioning/CMakeFiles/__idf_wifi_provisioning.dir/src/manager.c.obj[0m
[38.941s] [ 97%] [32mBuilding C object esp-idf/wifi_provisioning/CMakeFiles/__idf_wifi_provisioning.dir/src/scheme_console.c.obj[0m
[38.942s] [ 97%] [32mBuilding C object esp-idf/wifi_provisioning/CMakeFiles/__idf_wifi_provisioning.dir/src/wifi_ctrl.c.obj[0m
[38.944s] [ 98%] [32mBuilding C object esp-idf/wifi_provisioning/CMakeFiles/__idf_wifi_provisioning.dir/proto-c/wifi_config.pb-c.c.obj[0m
[38.951s] [ 98%] [32mBuilding C object esp-idf/wifi_provisioning/CMakeFiles/__idf_wifi_provisioning.dir/proto-c/wifi_scan.pb-c.c.obj[0m
[39.059s] [ 98%] [32mBuilding C object esp-idf/wifi_provisioning/CMakeFiles/__idf_wifi_provisioning.dir/proto-c/wifi_ctrl.pb-c.c.obj[0m
[39.082s] [ 98%] [32mBuilding C object esp-idf/wifi_provisioning/CMakeFiles/__idf_wifi_provisioning.dir/proto-c/wifi_constants.pb-c.c.obj[0m
[39.088s] [ 98%] [32mBuilding C object esp-idf/wifi_provisioning/CMakeFiles/__idf_wifi_provisioning.dir/src/scheme_softap.c.obj[0m
[39.160s] [ 98%] [32m[1mLinking C static library libesp_local_ctrl.a[0m
[39.200s] [ 98%] Built target __idf_esp_local_ctrl
[39.351s] [ 98%] [32m[1mLinking C static library libwifi_provisioning.a[0m
[39.396s] [ 98%] Built target __idf_wifi_provisioning
[39.417s] [100%] [34m[1mGenerating esp-idf/esp_system/ld/sections.ld[0m
[46.248s] [100%] Built target __ldgen_output_sections.ld
[46.270s] [100%] [32mBuilding C object CMakeFiles/Ros2_esp32.elf.dir/project_elf_src_esp32s3.c.obj[0m
[46.294s] [100%] [32m[1mLinking CXX executable Ros2_esp32.elf[0m
[47.174s] [100%] Built target Ros2_esp32.elf
[47.193s] [100%] [34m[1mGenerating binary image from built executable[0m
[47.266s] esptool.py v4.12.dev3
[47.266s] Creating esp32s3 image...
[47.272s] Merged 2 ELF sections
[47.283s] Successfully created esp32s3 image.
[47.304s] Generated /home/diego/Ros2_esp32/build/Ros2_esp32/Ros2_esp32.bin
[47.322s] [100%] Built target gen_project_binary
[47.359s] Ros2_esp32.bin binary size 0x48a70 bytes. Smallest app partition is 0x400000 bytes. 0x3b7590 bytes (93%) free.
[47.371s] [100%] Built target app_check_size
[47.390s] [100%] Built target app
[47.405s] Invoked command in '/home/diego/Ros2_esp32/build/Ros2_esp32' returned '0': /usr/bin/cmake --build /home/diego/Ros2_esp32/build/Ros2_esp32 -- -j12 -l12
[47.417s] Invoking command in '/home/diego/Ros2_esp32/build/Ros2_esp32': /usr/bin/cmake --install /home/diego/Ros2_esp32/build/Ros2_esp32
[47.423s] -- Install configuration: ""
[47.424s] -- Installing: /home/diego/Ros2_esp32/install/Ros2_esp32/include/mbedtls/aes.h
[47.424s] -- Installing: /home/diego/Ros2_esp32/install/Ros2_esp32/include/mbedtls/aria.h
[47.424s] -- Installing: /home/diego/Ros2_esp32/install/Ros2_esp32/include/mbedtls/asn1.h
[47.424s] -- Installing: /home/diego/Ros2_esp32/install/Ros2_esp32/include/mbedtls/asn1write.h
[47.424s] -- Installing: /home/diego/Ros2_esp32/install/Ros2_esp32/include/mbedtls/base64.h
[47.425s] -- Installing: /home/diego/Ros2_esp32/install/Ros2_esp32/include/mbedtls/bignum.h
[47.425s] -- Installing: /home/diego/Ros2_esp32/install/Ros2_esp32/include/mbedtls/block_cipher.h
[47.425s] -- Installing: /home/diego/Ros2_esp32/install/Ros2_esp32/include/mbedtls/build_info.h
[47.425s] -- Installing: /home/diego/Ros2_esp32/install/Ros2_esp32/include/mbedtls/camellia.h
[47.425s] -- Installing: /home/diego/Ros2_esp32/install/Ros2_esp32/include/mbedtls/ccm.h
[47.425s] -- Installing: /home/diego/Ros2_esp32/install/Ros2_esp32/include/mbedtls/chacha20.h
[47.425s] -- Installing: /home/diego/Ros2_esp32/install/Ros2_esp32/include/mbedtls/chachapoly.h
[47.426s] -- Installing: /home/diego/Ros2_esp32/install/Ros2_esp32/include/mbedtls/check_config.h
[47.426s] -- Installing: /home/diego/Ros2_esp32/install/Ros2_esp32/include/mbedtls/cipher.h
[47.426s] -- Installing: /home/diego/Ros2_esp32/install/Ros2_esp32/include/mbedtls/cmac.h
[47.426s] -- Installing: /home/diego/Ros2_esp32/install/Ros2_esp32/include/mbedtls/compat-2.x.h
[47.437s] -- Installing: /home/diego/Ros2_esp32/install/Ros2_esp32/include/mbedtls/config_adjust_legacy_crypto.h
[47.438s] -- Installing: /home/diego/Ros2_esp32/install/Ros2_esp32/include/mbedtls/config_adjust_legacy_from_psa.h
[47.438s] -- Installing: /home/diego/Ros2_esp32/install/Ros2_esp32/include/mbedtls/config_adjust_psa_from_legacy.h
[47.438s] -- Installing: /home/diego/Ros2_esp32/install/Ros2_esp32/include/mbedtls/config_adjust_psa_superset_legacy.h
[47.438s] -- Installing: /home/diego/Ros2_esp32/install/Ros2_esp32/include/mbedtls/config_adjust_ssl.h
[47.439s] -- Installing: /home/diego/Ros2_esp32/install/Ros2_esp32/include/mbedtls/config_adjust_x509.h
[47.439s] -- Installing: /home/diego/Ros2_esp32/install/Ros2_esp32/include/mbedtls/config_psa.h
[47.439s] -- Installing: /home/diego/Ros2_esp32/install/Ros2_esp32/include/mbedtls/constant_time.h
[47.439s] -- Installing: /home/diego/Ros2_esp32/install/Ros2_esp32/include/mbedtls/ctr_drbg.h
[47.439s] -- Installing: /home/diego/Ros2_esp32/install/Ros2_esp32/include/mbedtls/debug.h
[47.439s] -- Installing: /home/diego/Ros2_esp32/install/Ros2_esp32/include/mbedtls/des.h
[47.439s] -- Installing: /home/diego/Ros2_esp32/install/Ros2_esp32/include/mbedtls/dhm.h
[47.440s] -- Installing: /home/diego/Ros2_esp32/install/Ros2_esp32/include/mbedtls/ecdh.h
[47.440s] -- Installing: /home/diego/Ros2_esp32/install/Ros2_esp32/include/mbedtls/ecdsa.h
[47.440s] -- Installing: /home/diego/Ros2_esp32/install/Ros2_esp32/include/mbedtls/ecjpake.h
[47.440s] -- Installing: /home/diego/Ros2_esp32/install/Ros2_esp32/include/mbedtls/ecp.h
[47.440s] -- Installing: /home/diego/Ros2_esp32/install/Ros2_esp32/include/mbedtls/entropy.h
[47.440s] -- Installing: /home/diego/Ros2_esp32/install/Ros2_esp32/include/mbedtls/error.h
[47.440s] -- Installing: /home/diego/Ros2_esp32/install/Ros2_esp32/include/mbedtls/gcm.h
[47.441s] -- Installing: /home/diego/Ros2_esp32/install/Ros2_esp32/include/mbedtls/hkdf.h
[47.441s] -- Installing: /home/diego/Ros2_esp32/install/Ros2_esp32/include/mbedtls/hmac_drbg.h
[47.441s] -- Installing: /home/diego/Ros2_esp32/install/Ros2_esp32/include/mbedtls/lms.h
[47.441s] -- Installing: /home/diego/Ros2_esp32/install/Ros2_esp32/include/mbedtls/mbedtls_config.h
[47.441s] -- Installing: /home/diego/Ros2_esp32/install/Ros2_esp32/include/mbedtls/md.h
[47.442s] -- Installing: /home/diego/Ros2_esp32/install/Ros2_esp32/include/mbedtls/md5.h
[47.442s] -- Installing: /home/diego/Ros2_esp32/install/Ros2_esp32/include/mbedtls/memory_buffer_alloc.h
[47.442s] -- Installing: /home/diego/Ros2_esp32/install/Ros2_esp32/include/mbedtls/net_sockets.h
[47.442s] -- Installing: /home/diego/Ros2_esp32/install/Ros2_esp32/include/mbedtls/nist_kw.h
[47.442s] -- Installing: /home/diego/Ros2_esp32/install/Ros2_esp32/include/mbedtls/oid.h
[47.443s] -- Installing: /home/diego/Ros2_esp32/install/Ros2_esp32/include/mbedtls/pem.h
[47.443s] -- Installing: /home/diego/Ros2_esp32/install/Ros2_esp32/include/mbedtls/pk.h
[47.443s] -- Installing: /home/diego/Ros2_esp32/install/Ros2_esp32/include/mbedtls/pkcs12.h
[47.443s] -- Installing: /home/diego/Ros2_esp32/install/Ros2_esp32/include/mbedtls/pkcs5.h
[47.443s] -- Installing: /home/diego/Ros2_esp32/install/Ros2_esp32/include/mbedtls/pkcs7.h
[47.443s] -- Installing: /home/diego/Ros2_esp32/install/Ros2_esp32/include/mbedtls/platform.h
[47.443s] -- Installing: /home/diego/Ros2_esp32/install/Ros2_esp32/include/mbedtls/platform_time.h
[47.444s] -- Installing: /home/diego/Ros2_esp32/install/Ros2_esp32/include/mbedtls/platform_util.h
[47.444s] -- Installing: /home/diego/Ros2_esp32/install/Ros2_esp32/include/mbedtls/poly1305.h
[47.444s] -- Installing: /home/diego/Ros2_esp32/install/Ros2_esp32/include/mbedtls/private_access.h
[47.444s] -- Installing: /home/diego/Ros2_esp32/install/Ros2_esp32/include/mbedtls/psa_util.h
[47.444s] -- Installing: /home/diego/Ros2_esp32/install/Ros2_esp32/include/mbedtls/ripemd160.h
[47.444s] -- Installing: /home/diego/Ros2_esp32/install/Ros2_esp32/include/mbedtls/rsa.h
[47.445s] -- Installing: /home/diego/Ros2_esp32/install/Ros2_esp32/include/mbedtls/sha1.h
[47.445s] -- Installing: /home/diego/Ros2_esp32/install/Ros2_esp32/include/mbedtls/sha256.h
[47.445s] -- Installing: /home/diego/Ros2_esp32/install/Ros2_esp32/include/mbedtls/sha3.h
[47.445s] -- Installing: /home/diego/Ros2_esp32/install/Ros2_esp32/include/mbedtls/sha512.h
[47.445s] -- Installing: /home/diego/Ros2_esp32/install/Ros2_esp32/include/mbedtls/ssl.h
[47.446s] -- Installing: /home/diego/Ros2_esp32/install/Ros2_esp32/include/mbedtls/ssl_cache.h
[47.446s] -- Installing: /home/diego/Ros2_esp32/install/Ros2_esp32/include/mbedtls/ssl_ciphersuites.h
[47.446s] -- Installing: /home/diego/Ros2_esp32/install/Ros2_esp32/include/mbedtls/ssl_cookie.h
[47.446s] -- Installing: /home/diego/Ros2_esp32/install/Ros2_esp32/include/mbedtls/ssl_ticket.h
[47.446s] -- Installing: /home/diego/Ros2_esp32/install/Ros2_esp32/include/mbedtls/threading.h
[47.446s] -- Installing: /home/diego/Ros2_esp32/install/Ros2_esp32/include/mbedtls/timing.h
[47.446s] -- Installing: /home/diego/Ros2_esp32/install/Ros2_esp32/include/mbedtls/version.h
[47.446s] -- Installing: /home/diego/Ros2_esp32/install/Ros2_esp32/include/mbedtls/x509.h
[47.447s] -- Installing: /home/diego/Ros2_esp32/install/Ros2_esp32/include/mbedtls/x509_crl.h
[47.447s] -- Installing: /home/diego/Ros2_esp32/install/Ros2_esp32/include/mbedtls/x509_crt.h
[47.447s] -- Installing: /home/diego/Ros2_esp32/install/Ros2_esp32/include/mbedtls/x509_csr.h
[47.447s] -- Installing: /home/diego/Ros2_esp32/install/Ros2_esp32/include/psa/build_info.h
[47.448s] -- Installing: /home/diego/Ros2_esp32/install/Ros2_esp32/include/psa/crypto.h
[47.448s] -- Installing: /home/diego/Ros2_esp32/install/Ros2_esp32/include/psa/crypto_adjust_auto_enabled.h
[47.448s] -- Installing: /home/diego/Ros2_esp32/install/Ros2_esp32/include/psa/crypto_adjust_config_dependencies.h
[47.448s] -- Installing: /home/diego/Ros2_esp32/install/Ros2_esp32/include/psa/crypto_adjust_config_key_pair_types.h
[47.448s] -- Installing: /home/diego/Ros2_esp32/install/Ros2_esp32/include/psa/crypto_adjust_config_synonyms.h
[47.448s] -- Installing: /home/diego/Ros2_esp32/install/Ros2_esp32/include/psa/crypto_builtin_composites.h
[47.449s] -- Installing: /home/diego/Ros2_esp32/install/Ros2_esp32/include/psa/crypto_builtin_key_derivation.h
[47.449s] -- Installing: /home/diego/Ros2_esp32/install/Ros2_esp32/include/psa/crypto_builtin_primitives.h
[47.449s] -- Installing: /home/diego/Ros2_esp32/install/Ros2_esp32/include/psa/crypto_compat.h
[47.449s] -- Installing: /home/diego/Ros2_esp32/install/Ros2_esp32/include/psa/crypto_config.h
[47.449s] -- Installing: /home/diego/Ros2_esp32/install/Ros2_esp32/include/psa/crypto_driver_common.h
[47.449s] -- Installing: /home/diego/Ros2_esp32/install/Ros2_esp32/include/psa/crypto_driver_contexts_composites.h
[47.450s] -- Installing: /home/diego/Ros2_esp32/install/Ros2_esp32/include/psa/crypto_driver_contexts_key_derivation.h
[47.450s] -- Installing: /home/diego/Ros2_esp32/install/Ros2_esp32/include/psa/crypto_driver_contexts_primitives.h
[47.450s] -- Installing: /home/diego/Ros2_esp32/install/Ros2_esp32/include/psa/crypto_extra.h
[47.450s] -- Installing: /home/diego/Ros2_esp32/install/Ros2_esp32/include/psa/crypto_legacy.h
[47.450s] -- Installing: /home/diego/Ros2_esp32/install/Ros2_esp32/include/psa/crypto_platform.h
[47.450s] -- Installing: /home/diego/Ros2_esp32/install/Ros2_esp32/include/psa/crypto_se_driver.h
[47.451s] -- Installing: /home/diego/Ros2_esp32/install/Ros2_esp32/include/psa/crypto_sizes.h
[47.451s] -- Installing: /home/diego/Ros2_esp32/install/Ros2_esp32/include/psa/crypto_struct.h
[47.451s] -- Installing: /home/diego/Ros2_esp32/install/Ros2_esp32/include/psa/crypto_types.h
[47.451s] -- Installing: /home/diego/Ros2_esp32/install/Ros2_esp32/include/psa/crypto_values.h
[47.452s] -- Installing: /home/diego/Ros2_esp32/install/Ros2_esp32/include/everest
[47.452s] -- Installing: /home/diego/Ros2_esp32/install/Ros2_esp32/include/everest/kremlib
[47.452s] -- Installing: /home/diego/Ros2_esp32/install/Ros2_esp32/include/everest/kremlib/FStar_UInt64_FStar_UInt32_FStar_UInt16_FStar_UInt8.h
[47.452s] -- Installing: /home/diego/Ros2_esp32/install/Ros2_esp32/include/everest/kremlib/FStar_UInt128.h
[47.452s] -- Installing: /home/diego/Ros2_esp32/install/Ros2_esp32/include/everest/kremlin
[47.452s] -- Installing: /home/diego/Ros2_esp32/install/Ros2_esp32/include/everest/kremlin/internal
[47.452s] -- Installing: /home/diego/Ros2_esp32/install/Ros2_esp32/include/everest/kremlin/internal/compat.h
[47.453s] -- Installing: /home/diego/Ros2_esp32/install/Ros2_esp32/include/everest/kremlin/internal/debug.h
[47.453s] -- Installing: /home/diego/Ros2_esp32/install/Ros2_esp32/include/everest/kremlin/internal/target.h
[47.453s] -- Installing: /home/diego/Ros2_esp32/install/Ros2_esp32/include/everest/kremlin/internal/wasmsupport.h
[47.453s] -- Installing: /home/diego/Ros2_esp32/install/Ros2_esp32/include/everest/kremlin/internal/types.h
[47.454s] -- Installing: /home/diego/Ros2_esp32/install/Ros2_esp32/include/everest/kremlin/internal/builtin.h
[47.454s] -- Installing: /home/diego/Ros2_esp32/install/Ros2_esp32/include/everest/kremlin/internal/callconv.h
[47.454s] -- Installing: /home/diego/Ros2_esp32/install/Ros2_esp32/include/everest/kremlin/c_endianness.h
[47.454s] -- Installing: /home/diego/Ros2_esp32/install/Ros2_esp32/include/everest/vs2013
[47.454s] -- Installing: /home/diego/Ros2_esp32/install/Ros2_esp32/include/everest/vs2013/Hacl_Curve25519.h
[47.454s] -- Installing: /home/diego/Ros2_esp32/install/Ros2_esp32/include/everest/everest.h
[47.455s] -- Installing: /home/diego/Ros2_esp32/install/Ros2_esp32/include/everest/x25519.h
[47.455s] -- Installing: /home/diego/Ros2_esp32/install/Ros2_esp32/include/everest/Hacl_Curve25519.h
[47.455s] -- Installing: /home/diego/Ros2_esp32/install/Ros2_esp32/include/everest/kremlib.h
[47.455s] -- Installing: /home/diego/Ros2_esp32/install/Ros2_esp32/lib/libeverest.a
[47.455s] -- Installing: /home/diego/Ros2_esp32/install/Ros2_esp32/lib/libp256m.a
[47.456s] -- Installing: /home/diego/Ros2_esp32/install/Ros2_esp32/lib/libmbedcrypto.a
[47.465s] -- Installing: /home/diego/Ros2_esp32/install/Ros2_esp32/lib/libmbedx509.a
[47.466s] -- Installing: /home/diego/Ros2_esp32/install/Ros2_esp32/lib/libmbedtls.a
[47.478s] Invoked command in '/home/diego/Ros2_esp32/build/Ros2_esp32' returned '0': /usr/bin/cmake --install /home/diego/Ros2_esp32/build/Ros2_esp32
