[0.000000] (-) TimerEvent: {}
[0.000468] (Ros2_esp32) JobQueued: {'identifier': 'Ros2_esp32', 'dependencies': OrderedDict()}
[0.000502] (Ros2_esp32) JobStarted: {'identifier': 'Ros2_esp32'}
[0.005564] (Ros2_esp32) JobProgress: {'identifier': 'Ros2_esp32', 'progress': 'cmake'}
[0.005989] (Ros2_esp32) Command: {'cmd': ['/usr/bin/cmake', '/home/diego/Ros2_esp32', '-DCMAKE_INSTALL_PREFIX=/home/diego/Ros2_esp32/install/Ros2_esp32'], 'cwd': '/home/diego/Ros2_esp32/build/Ros2_esp32', 'env': OrderedDict([('LINOROBOT2_BASE', '2wd'), ('LESSOPEN', '| /usr/bin/lesspipe %s'), ('USER', 'diego'), ('XDG_SESSION_TYPE', 'wayland'), ('IDF_TOOLS_INSTALL_CMD', '/home/diego/.espressif/v5.5/esp-idf/install.sh'), ('SHLVL', '1'), ('HOME', '/home/diego'), ('IDF_PY_COMP_WORDBREAKS', ' \t\n"\'><=;|&(:'), ('OLDPWD', '/home/diego'), ('DESKTOP_SESSION', 'ubuntu'), ('GNOME_SHELL_SESSION_MODE', 'ubuntu'), ('GTK_MODULES', 'gail:atk-bridge'), ('SYSTEMD_EXEC_PID', '6885'), ('DBUS_SESSION_BUS_ADDRESS', 'unix:path=/run/user/1000/bus'), ('COLORTERM', 'truecolor'), ('OPENOCD_SCRIPTS', '/home/diego/.espressif/tools/openocd-esp32/v0.12.0-esp32-20260424/openocd-esp32/share/openocd/scripts'), ('IM_CONFIG_PHASE', '1'), ('WAYLAND_DISPLAY', 'wayland-0'), ('LOGNAME', 'diego'), ('_', '/home/diego/.espressif/python_env/idf5.5_py3.10_env/bin/colcon'), ('XDG_SESSION_CLASS', 'user'), ('USERNAME', 'diego'), ('TERM', 'xterm-256color'), ('GNOME_DESKTOP_SESSION_ID', 'this-is-deprecated'), ('IDF_DEACTIVATE_FILE_PATH', '/tmp/tmpjlrq2srmidf_20502'), ('IDF_PATH', '/home/diego/.espressif/v5.5/esp-idf'), ('PATH', '/home/diego/.espressif/v5.5/esp-idf/components/espcoredump:/home/diego/.espressif/v5.5/esp-idf/components/partition_table:/home/diego/.espressif/v5.5/esp-idf/components/app_update:/home/diego/.espressif/tools/xtensa-esp-elf-gdb/17.1_20260402/xtensa-esp-elf-gdb/bin:/home/diego/.espressif/tools/xtensa-esp-elf/esp-14.2.0_20260121/xtensa-esp-elf/bin:/home/diego/.espressif/tools/riscv32-esp-elf/esp-14.2.0_20260121/riscv32-esp-elf/bin:/home/diego/.espressif/tools/esp32ulp-elf/2.38_20240113/esp32ulp-elf/bin:/home/diego/.espressif/tools/openocd-esp32/v0.12.0-esp32-20260424/openocd-esp32/bin:/home/diego/.espressif/tools/ninja/1.12.1/:/home/diego/.espressif/python_env/idf5.5_py3.10_env/bin:/home/diego/.espressif/v5.5/esp-idf/tools:/home/diego/.espressif/eim_gui:/home/diego/.local/bin:/usr/local/sbin:/usr/local/bin:/usr/sbin:/usr/bin:/sbin:/bin:/usr/games:/usr/local/games:/snap/bin:/snap/bin'), ('SESSION_MANAGER', 'local/diego-desktop:@/tmp/.ICE-unix/1858,unix/diego-desktop:/tmp/.ICE-unix/1858'), ('XDG_MENU_PREFIX', 'gnome-'), ('GNOME_TERMINAL_SCREEN', '/org/gnome/Terminal/screen/91377f96_c3a1_46cb_8c1b_214af858cdb9'), ('GNOME_SETUP_DISPLAY', ':1'), ('XDG_RUNTIME_DIR', '/run/user/1000'), ('DISPLAY', ':0'), ('LANG', 'en_US.UTF-8'), ('XDG_CURRENT_DESKTOP', 'ubuntu:GNOME'), ('XMODIFIERS', '@im=ibus'), ('XDG_SESSION_DESKTOP', 'ubuntu'), ('XAUTHORITY', '/run/user/1000/.mutter-Xwaylandauth.8DRMT3'), ('ESP_IDF_VERSION', '5.5'), ('LS_COLORS', 'rs=0:di=01;34:ln=01;36:mh=00:pi=40;33:so=01;35:do=01;35:bd=40;33;01:cd=40;33;01:or=40;31;01:mi=00:su=37;41:sg=30;43:ca=30;41:tw=30;42:ow=34;42:st=37;44:ex=01;32:*.tar=01;31:*.tgz=01;31:*.arc=01;31:*.arj=01;31:*.taz=01;31:*.lha=01;31:*.lz4=01;31:*.lzh=01;31:*.lzma=01;31:*.tlz=01;31:*.txz=01;31:*.tzo=01;31:*.t7z=01;31:*.zip=01;31:*.z=01;31:*.dz=01;31:*.gz=01;31:*.lrz=01;31:*.lz=01;31:*.lzo=01;31:*.xz=01;31:*.zst=01;31:*.tzst=01;31:*.bz2=01;31:*.bz=01;31:*.tbz=01;31:*.tbz2=01;31:*.tz=01;31:*.deb=01;31:*.rpm=01;31:*.jar=01;31:*.war=01;31:*.ear=01;31:*.sar=01;31:*.rar=01;31:*.alz=01;31:*.ace=01;31:*.zoo=01;31:*.cpio=01;31:*.7z=01;31:*.rz=01;31:*.cab=01;31:*.wim=01;31:*.swm=01;31:*.dwm=01;31:*.esd=01;31:*.jpg=01;35:*.jpeg=01;35:*.mjpg=01;35:*.mjpeg=01;35:*.gif=01;35:*.bmp=01;35:*.pbm=01;35:*.pgm=01;35:*.ppm=01;35:*.tga=01;35:*.xbm=01;35:*.xpm=01;35:*.tif=01;35:*.tiff=01;35:*.png=01;35:*.svg=01;35:*.svgz=01;35:*.mng=01;35:*.pcx=01;35:*.mov=01;35:*.mpg=01;35:*.mpeg=01;35:*.m2v=01;35:*.mkv=01;35:*.webm=01;35:*.webp=01;35:*.ogm=01;35:*.mp4=01;35:*.m4v=01;35:*.mp4v=01;35:*.vob=01;35:*.qt=01;35:*.nuv=01;35:*.wmv=01;35:*.asf=01;35:*.rm=01;35:*.rmvb=01;35:*.flc=01;35:*.avi=01;35:*.fli=01;35:*.flv=01;35:*.gl=01;35:*.dl=01;35:*.xcf=01;35:*.xwd=01;35:*.yuv=01;35:*.cgm=01;35:*.emf=01;35:*.ogv=01;35:*.ogx=01;35:*.aac=00;36:*.au=00;36:*.flac=00;36:*.m4a=00;36:*.mid=00;36:*.midi=00;36:*.mka=00;36:*.mp3=00;36:*.mpc=00;36:*.ogg=00;36:*.ra=00;36:*.wav=00;36:*.oga=00;36:*.opus=00;36:*.spx=00;36:*.xspf=00;36:'), ('GNOME_TERMINAL_SERVICE', ':1.159'), ('SSH_AGENT_LAUNCHER', 'gnome-keyring'), ('SSH_AUTH_SOCK', '/run/user/1000/keyring/ssh'), ('SHELL', '/bin/bash'), ('QT_ACCESSIBILITY', '1'), ('IDF_PYTHON_ENV_PATH', '/home/diego/.espressif/python_env/idf5.5_py3.10_env'), ('GDMSESSION', 'ubuntu'), ('LESSCLOSE', '/usr/bin/lesspipe %s %s'), ('IDF_TOOLS_EXPORT_CMD', '/home/diego/.espressif/v5.5/esp-idf/export.sh'), ('QT_IM_MODULE', 'ibus'), ('PWD', '/home/diego/Ros2_esp32/build/Ros2_esp32'), ('LC_ALL', 'en_US.UTF-8'), ('XDG_CONFIG_DIRS', '/etc/xdg/xdg-ubuntu:/etc/xdg'), ('XDG_DATA_DIRS', '/usr/share/ubuntu:/home/diego/.local/share/flatpak/exports/share:/var/lib/flatpak/exports/share:/usr/local/share/:/usr/share/:/var/lib/snapd/desktop'), ('ESP_ROM_ELF_DIR', '/home/diego/.espressif/tools/esp-rom-elfs/20241011/'), ('COLCON', '1'), ('VTE_VERSION', '6800')]), 'shell': False}
[0.020217] (Ros2_esp32) StdoutLine: {'line': b"-- IDF_TARGET is not set, guessed 'esp32s3' from sdkconfig '/home/diego/Ros2_esp32/sdkconfig'\n"}
[0.029506] (Ros2_esp32) StdoutLine: {'line': b'-- Found Git: /usr/bin/git (found version "2.34.1") \n'}
[0.048938] (Ros2_esp32) StdoutLine: {'line': b'-- Component directory /home/diego/.espressif/v5.5/esp-idf/components/esp_blockdev does not contain a CMakeLists.txt file. No component will be added\n'}
[0.099865] (-) TimerEvent: {}
[0.200132] (-) TimerEvent: {}
[0.300403] (-) TimerEvent: {}
[0.400683] (-) TimerEvent: {}
[0.500954] (-) TimerEvent: {}
[0.601244] (-) TimerEvent: {}
[0.701547] (-) TimerEvent: {}
[0.761755] (Ros2_esp32) StdoutLine: {'line': b'-- Minimal build - OFF\n'}
[0.801681] (-) TimerEvent: {}
[0.901943] (-) TimerEvent: {}
[0.944229] (Ros2_esp32) StdoutLine: {'line': b'-- The C compiler identification is GNU 14.2.0\n'}
[1.002061] (-) TimerEvent: {}
[1.100981] (Ros2_esp32) StdoutLine: {'line': b'-- The CXX compiler identification is GNU 14.2.0\n'}
[1.102135] (-) TimerEvent: {}
[1.116400] (Ros2_esp32) StdoutLine: {'line': b'-- The ASM compiler identification is GNU\n'}
[1.117927] (Ros2_esp32) StdoutLine: {'line': b'-- Found assembler: /home/diego/.espressif/tools/xtensa-esp-elf/esp-14.2.0_20260121/xtensa-esp-elf/bin/xtensa-esp32s3-elf-gcc\n'}
[1.121199] (Ros2_esp32) StdoutLine: {'line': b'-- Detecting C compiler ABI info\n'}
[1.179992] (Ros2_esp32) StdoutLine: {'line': b'-- Detecting C compiler ABI info - done\n'}
[1.186850] (Ros2_esp32) StdoutLine: {'line': b'-- Check for working C compiler: /home/diego/.espressif/tools/xtensa-esp-elf/esp-14.2.0_20260121/xtensa-esp-elf/bin/xtensa-esp32s3-elf-gcc - skipped\n'}
[1.187070] (Ros2_esp32) StdoutLine: {'line': b'-- Detecting C compile features\n'}
[1.187401] (Ros2_esp32) StdoutLine: {'line': b'-- Detecting C compile features - done\n'}
[1.190479] (Ros2_esp32) StdoutLine: {'line': b'-- Detecting CXX compiler ABI info\n'}
[1.202242] (-) TimerEvent: {}
[1.252983] (Ros2_esp32) StdoutLine: {'line': b'-- Detecting CXX compiler ABI info - done\n'}
[1.260376] (Ros2_esp32) StdoutLine: {'line': b'-- Check for working CXX compiler: /home/diego/.espressif/tools/xtensa-esp-elf/esp-14.2.0_20260121/xtensa-esp-elf/bin/xtensa-esp32s3-elf-g++ - skipped\n'}
[1.260616] (Ros2_esp32) StdoutLine: {'line': b'-- Detecting CXX compile features\n'}
[1.261087] (Ros2_esp32) StdoutLine: {'line': b'-- Detecting CXX compile features - done\n'}
[1.265326] (Ros2_esp32) StdoutLine: {'line': b"-- git rev-parse returned 'fatal: not a git repository (or any of the parent directories): .git'\n"}
[1.265528] (Ros2_esp32) StdoutLine: {'line': b"-- Could not use 'git describe' to determine PROJECT_VER.\n"}
[1.265615] (Ros2_esp32) StdoutLine: {'line': b'-- Building ESP-IDF components for target esp32s3\n'}
[1.266761] (Ros2_esp32) StdoutLine: {'line': b'-- Checking Python dependencies...\n'}
[1.302349] (-) TimerEvent: {}
[1.402613] (-) TimerEvent: {}
[1.502379] (Ros2_esp32) StdoutLine: {'line': b'Python requirements are satisfied.\n'}
[1.502678] (-) TimerEvent: {}
[1.514410] (Ros2_esp32) StdoutLine: {'line': b'Constraint file: /home/diego/.espressif/espidf.constraints.v5.5.txt\n'}
[1.514606] (Ros2_esp32) StdoutLine: {'line': b'Requirement files:\n'}
[1.514703] (Ros2_esp32) StdoutLine: {'line': b' - /home/diego/.espressif/v5.5/esp-idf/tools/requirements/requirements.core.txt\n'}
[1.514778] (Ros2_esp32) StdoutLine: {'line': b'Python being checked: /home/diego/.espressif/python_env/idf5.5_py3.10_env/bin/python\n'}
[1.602787] (-) TimerEvent: {}
[1.703060] (-) TimerEvent: {}
[1.803331] (-) TimerEvent: {}
[1.886256] (Ros2_esp32) StdoutLine: {'line': b'NOTICE: Skipping optional dependency: espressif/esp_wifi_remote\n'}
[1.886623] (Ros2_esp32) StdoutLine: {'line': b'NOTICE: Skipping optional dependency: espressif/esp_hosted\n'}
[1.903428] (-) TimerEvent: {}
[1.919241] (Ros2_esp32) StdoutLine: {'line': b'NOTICE: Processing 1 dependencies:\n'}
[1.919399] (Ros2_esp32) StdoutLine: {'line': b'NOTICE: [1/1] idf (5.5.4)\n'}
[2.003541] (-) TimerEvent: {}
[2.066042] (Ros2_esp32) StdoutLine: {'line': b'-- ESP-TEE is currently supported only on the esp32c6;esp32h2;esp32c5 SoCs\n'}
[2.103639] (-) TimerEvent: {}
[2.203921] (-) TimerEvent: {}
[2.304207] (-) TimerEvent: {}
[2.404481] (-) TimerEvent: {}
[2.408495] (Ros2_esp32) StdoutLine: {'line': b'NOTICE: Skipping optional dependency: espressif/esp_wifi_remote\n'}
[2.408863] (Ros2_esp32) StdoutLine: {'line': b'NOTICE: Skipping optional dependency: espressif/esp_hosted\n'}
[2.504587] (-) TimerEvent: {}
[2.604867] (-) TimerEvent: {}
[2.705152] (-) TimerEvent: {}
[2.805434] (-) TimerEvent: {}
[2.905712] (-) TimerEvent: {}
[2.958588] (Ros2_esp32) StdoutLine: {'line': b'-- Project sdkconfig file /home/diego/Ros2_esp32/sdkconfig\n'}
[3.005800] (-) TimerEvent: {}
[3.106071] (-) TimerEvent: {}
[3.206337] (-) TimerEvent: {}
[3.292372] (Ros2_esp32) StdoutLine: {'line': b'-- Compiler supported targets: xtensa-esp-elf\n'}
[3.306451] (-) TimerEvent: {}
[3.400110] (Ros2_esp32) StdoutLine: {'line': b'-- Detecting C compiler ABI info\n'}
[3.406523] (-) TimerEvent: {}
[3.461636] (Ros2_esp32) StdoutLine: {'line': b'-- Detecting C compiler ABI info - done\n'}
[3.468207] (Ros2_esp32) StdoutLine: {'line': b'-- Detecting CXX compiler ABI info\n'}
[3.506698] (-) TimerEvent: {}
[3.530415] (Ros2_esp32) StdoutLine: {'line': b'-- Detecting CXX compiler ABI info - done\n'}
[3.544604] (Ros2_esp32) StdoutLine: {'line': b'-- Detecting C compiler ABI info\n'}
[3.606080] (Ros2_esp32) StdoutLine: {'line': b'-- Detecting C compiler ABI info - done\n'}
[3.606762] (-) TimerEvent: {}
[3.612401] (Ros2_esp32) StdoutLine: {'line': b'-- Detecting CXX compiler ABI info\n'}
[3.674509] (Ros2_esp32) StdoutLine: {'line': b'-- Detecting CXX compiler ABI info - done\n'}
[3.706880] (-) TimerEvent: {}
[3.807179] (-) TimerEvent: {}
[3.907507] (-) TimerEvent: {}
[3.923097] (Ros2_esp32) StdoutLine: {'line': b'-- Found Python3: /home/diego/.espressif/python_env/idf5.5_py3.10_env/bin/python3.10 (found version "3.10.12") found components: Interpreter \n'}
[3.980273] (Ros2_esp32) StdoutLine: {'line': b'-- Looking for pthread.h\n'}
[4.007618] (-) TimerEvent: {}
[4.053099] (Ros2_esp32) StdoutLine: {'line': b'-- Looking for pthread.h - found\n'}
[4.053338] (Ros2_esp32) StdoutLine: {'line': b'-- Performing Test CMAKE_HAVE_LIBC_PTHREAD\n'}
[4.107744] (-) TimerEvent: {}
[4.122310] (Ros2_esp32) StdoutLine: {'line': b'-- Performing Test CMAKE_HAVE_LIBC_PTHREAD - Success\n'}
[4.123198] (Ros2_esp32) StdoutLine: {'line': b'-- Found Threads: TRUE  \n'}
[4.128448] (Ros2_esp32) StdoutLine: {'line': b'-- Performing Test C_COMPILER_SUPPORTS_WFORMAT_SIGNEDNESS\n'}
[4.187080] (Ros2_esp32) StdoutLine: {'line': b'-- Performing Test C_COMPILER_SUPPORTS_WFORMAT_SIGNEDNESS - Success\n'}
[4.187300] (Ros2_esp32) StdoutLine: {'line': b'-- USING O3\n'}
[4.207836] (-) TimerEvent: {}
[4.308108] (-) TimerEvent: {}
[4.321910] (Ros2_esp32) StdoutLine: {'line': b'-- App "Ros2_esp32" version: 1\n'}
[4.408233] (-) TimerEvent: {}
[4.420069] (Ros2_esp32) StdoutLine: {'line': b'-- Adding linker script /home/diego/Ros2_esp32/build/Ros2_esp32/esp-idf/esp_system/ld/memory.ld\n'}
[4.420282] (Ros2_esp32) StdoutLine: {'line': b'-- Adding linker script /home/diego/Ros2_esp32/build/Ros2_esp32/esp-idf/esp_system/ld/sections.ld.in\n'}
[4.428969] (Ros2_esp32) StdoutLine: {'line': b'-- Adding linker script /home/diego/.espressif/v5.5/esp-idf/components/esp_rom/esp32s3/ld/esp32s3.rom.ld\n'}
[4.429170] (Ros2_esp32) StdoutLine: {'line': b'-- Adding linker script /home/diego/.espressif/v5.5/esp-idf/components/esp_rom/esp32s3/ld/esp32s3.rom.api.ld\n'}
[4.429267] (Ros2_esp32) StdoutLine: {'line': b'-- Adding linker script /home/diego/.espressif/v5.5/esp-idf/components/esp_rom/esp32s3/ld/esp32s3.rom.bt_funcs.ld\n'}
[4.429419] (Ros2_esp32) StdoutLine: {'line': b'-- Adding linker script /home/diego/.espressif/v5.5/esp-idf/components/esp_rom/esp32s3/ld/esp32s3.rom.libgcc.ld\n'}
[4.429511] (Ros2_esp32) StdoutLine: {'line': b'-- Adding linker script /home/diego/.espressif/v5.5/esp-idf/components/esp_rom/esp32s3/ld/esp32s3.rom.wdt.ld\n'}
[4.429631] (Ros2_esp32) StdoutLine: {'line': b'-- Adding linker script /home/diego/.espressif/v5.5/esp-idf/components/esp_rom/esp32s3/ld/esp32s3.rom.version.ld\n'}
[4.429776] (Ros2_esp32) StdoutLine: {'line': b'-- Adding linker script /home/diego/.espressif/v5.5/esp-idf/components/esp_rom/esp32s3/ld/esp32s3.rom.ble_master.ld\n'}
[4.429898] (Ros2_esp32) StdoutLine: {'line': b'-- Adding linker script /home/diego/.espressif/v5.5/esp-idf/components/esp_rom/esp32s3/ld/esp32s3.rom.ble_50.ld\n'}
[4.430013] (Ros2_esp32) StdoutLine: {'line': b'-- Adding linker script /home/diego/.espressif/v5.5/esp-idf/components/esp_rom/esp32s3/ld/esp32s3.rom.ble_smp.ld\n'}
[4.430146] (Ros2_esp32) StdoutLine: {'line': b'-- Adding linker script /home/diego/.espressif/v5.5/esp-idf/components/esp_rom/esp32s3/ld/esp32s3.rom.ble_dtm.ld\n'}
[4.430258] (Ros2_esp32) StdoutLine: {'line': b'-- Adding linker script /home/diego/.espressif/v5.5/esp-idf/components/esp_rom/esp32s3/ld/esp32s3.rom.ble_test.ld\n'}
[4.430385] (Ros2_esp32) StdoutLine: {'line': b'-- Adding linker script /home/diego/.espressif/v5.5/esp-idf/components/esp_rom/esp32s3/ld/esp32s3.rom.ble_scan.ld\n'}
[4.430518] (Ros2_esp32) StdoutLine: {'line': b'-- Adding linker script /home/diego/.espressif/v5.5/esp-idf/components/esp_rom/esp32s3/ld/esp32s3.rom.libc.ld\n'}
[4.430658] (Ros2_esp32) StdoutLine: {'line': b'-- Adding linker script /home/diego/.espressif/v5.5/esp-idf/components/esp_rom/esp32s3/ld/esp32s3.rom.newlib.ld\n'}
[4.443759] (Ros2_esp32) StdoutLine: {'line': b'-- Adding linker script /home/diego/.espressif/v5.5/esp-idf/components/soc/esp32s3/ld/esp32s3.peripherals.ld\n'}
[4.508360] (-) TimerEvent: {}
[4.608688] (-) TimerEvent: {}
[4.691469] (Ros2_esp32) StdoutLine: {'line': b'-- Using Micro XRCE-DDS middleware\n'}
[4.708781] (-) TimerEvent: {}
[4.733946] (Ros2_esp32) StdoutLine: {'line': b"make: Nothing to be done for 'all'.\n"}
[4.808896] (-) TimerEvent: {}
[4.909170] (-) TimerEvent: {}
[4.957809] (Ros2_esp32) StdoutLine: {'line': b'-- Components: app_trace app_update bootloader bootloader_support bt cmock console cxx driver efuse esp-tls esp_adc esp_app_format esp_bootloader_format esp_coex esp_common esp_driver_ana_cmpr esp_driver_bitscrambler esp_driver_cam esp_driver_dac esp_driver_gpio esp_driver_gptimer esp_driver_i2c esp_driver_i2s esp_driver_isp esp_driver_jpeg esp_driver_ledc esp_driver_mcpwm esp_driver_parlio esp_driver_pcnt esp_driver_ppa esp_driver_rmt esp_driver_sdio esp_driver_sdm esp_driver_sdmmc esp_driver_sdspi esp_driver_spi esp_driver_touch_sens esp_driver_tsens esp_driver_twai esp_driver_uart esp_driver_usb_serial_jtag esp_eth esp_event esp_gdbstub esp_hal_ieee802154 esp_hid esp_http_client esp_http_server esp_https_ota esp_https_server esp_hw_support esp_lcd esp_local_ctrl esp_mm esp_netif esp_netif_stack esp_partition esp_phy esp_pm esp_psram esp_ringbuf esp_rom esp_security esp_system esp_timer esp_vfs_console esp_wifi espcoredump esptool_py fatfs freertos hal heap http_parser idf_test ieee802154 json log lwip main mbedtls micro_ros_espidf_component mqtt newlib nvs_flash nvs_sec_provider openthread partition_table perfmon protobuf-c protocomm pthread rt sdmmc soc spi_flash spiffs tcp_transport touch_element ulp unity usb vfs wear_levelling wifi_provisioning wpa_supplicant xtensa\n'}
[4.957999] (Ros2_esp32) StdoutLine: {'line': b'-- Component paths: /home/diego/.espressif/v5.5/esp-idf/components/app_trace /home/diego/.espressif/v5.5/esp-idf/components/app_update /home/diego/.espressif/v5.5/esp-idf/components/bootloader /home/diego/.espressif/v5.5/esp-idf/components/bootloader_support /home/diego/.espressif/v5.5/esp-idf/components/bt /home/diego/.espressif/v5.5/esp-idf/components/cmock /home/diego/.espressif/v5.5/esp-idf/components/console /home/diego/.espressif/v5.5/esp-idf/components/cxx /home/diego/.espressif/v5.5/esp-idf/components/driver /home/diego/.espressif/v5.5/esp-idf/components/efuse /home/diego/.espressif/v5.5/esp-idf/components/esp-tls /home/diego/.espressif/v5.5/esp-idf/components/esp_adc /home/diego/.espressif/v5.5/esp-idf/components/esp_app_format /home/diego/.espressif/v5.5/esp-idf/components/esp_bootloader_format /home/diego/.espressif/v5.5/esp-idf/components/esp_coex /home/diego/.espressif/v5.5/esp-idf/components/esp_common /home/diego/.espressif/v5.5/esp-idf/components/esp_driver_ana_cmpr /home/diego/.espressif/v5.5/esp-idf/components/esp_driver_bitscrambler /home/diego/.espressif/v5.5/esp-idf/components/esp_driver_cam /home/diego/.espressif/v5.5/esp-idf/components/esp_driver_dac /home/diego/.espressif/v5.5/esp-idf/components/esp_driver_gpio /home/diego/.espressif/v5.5/esp-idf/components/esp_driver_gptimer /home/diego/.espressif/v5.5/esp-idf/components/esp_driver_i2c /home/diego/.espressif/v5.5/esp-idf/components/esp_driver_i2s /home/diego/.espressif/v5.5/esp-idf/components/esp_driver_isp /home/diego/.espressif/v5.5/esp-idf/components/esp_driver_jpeg /home/diego/.espressif/v5.5/esp-idf/components/esp_driver_ledc /home/diego/.espressif/v5.5/esp-idf/components/esp_driver_mcpwm /home/diego/.espressif/v5.5/esp-idf/components/esp_driver_parlio /home/diego/.espressif/v5.5/esp-idf/components/esp_driver_pcnt /home/diego/.espressif/v5.5/esp-idf/components/esp_driver_ppa /home/diego/.espressif/v5.5/esp-idf/components/esp_driver_rmt /home/diego/.espressif/v5.5/esp-idf/components/esp_driver_sdio /home/diego/.espressif/v5.5/esp-idf/components/esp_driver_sdm /home/diego/.espressif/v5.5/esp-idf/components/esp_driver_sdmmc /home/diego/.espressif/v5.5/esp-idf/components/esp_driver_sdspi /home/diego/.espressif/v5.5/esp-idf/components/esp_driver_spi /home/diego/.espressif/v5.5/esp-idf/components/esp_driver_touch_sens /home/diego/.espressif/v5.5/esp-idf/components/esp_driver_tsens /home/diego/.espressif/v5.5/esp-idf/components/esp_driver_twai /home/diego/.espressif/v5.5/esp-idf/components/esp_driver_uart /home/diego/.espressif/v5.5/esp-idf/components/esp_driver_usb_serial_jtag /home/diego/.espressif/v5.5/esp-idf/components/esp_eth /home/diego/.espressif/v5.5/esp-idf/components/esp_event /home/diego/.espressif/v5.5/esp-idf/components/esp_gdbstub /home/diego/.espressif/v5.5/esp-idf/components/esp_hal_ieee802154 /home/diego/.espressif/v5.5/esp-idf/components/esp_hid /home/diego/.espressif/v5.5/esp-idf/components/esp_http_client /home/diego/.espressif/v5.5/esp-idf/components/esp_http_server /home/diego/.espressif/v5.5/esp-idf/components/esp_https_ota /home/diego/.espressif/v5.5/esp-idf/components/esp_https_server /home/diego/.espressif/v5.5/esp-idf/components/esp_hw_support /home/diego/.espressif/v5.5/esp-idf/components/esp_lcd /home/diego/.espressif/v5.5/esp-idf/components/esp_local_ctrl /home/diego/.espressif/v5.5/esp-idf/components/esp_mm /home/diego/.espressif/v5.5/esp-idf/components/esp_netif /home/diego/.espressif/v5.5/esp-idf/components/esp_netif_stack /home/diego/.espressif/v5.5/esp-idf/components/esp_partition /home/diego/.espressif/v5.5/esp-idf/components/esp_phy /home/diego/.espressif/v5.5/esp-idf/components/esp_pm /home/diego/.espressif/v5.5/esp-idf/components/esp_psram /home/diego/.espressif/v5.5/esp-idf/components/esp_ringbuf /home/diego/.espressif/v5.5/esp-idf/components/esp_rom /home/diego/.espressif/v5.5/esp-idf/components/esp_security /home/diego/.espressif/v5.5/esp-idf/components/esp_system /home/diego/.espressif/v5.5/esp-idf/components/esp_timer /home/diego/.espressif/v5.5/esp-idf/components/esp_vfs_console /home/diego/.espressif/v5.5/esp-idf/components/esp_wifi /home/diego/.espressif/v5.5/esp-idf/components/espcoredump /home/diego/.espressif/v5.5/esp-idf/components/esptool_py /home/diego/.espressif/v5.5/esp-idf/components/fatfs /home/diego/.espressif/v5.5/esp-idf/components/freertos /home/diego/.espressif/v5.5/esp-idf/components/hal /home/diego/.espressif/v5.5/esp-idf/components/heap /home/diego/.espressif/v5.5/esp-idf/components/http_parser /home/diego/.espressif/v5.5/esp-idf/components/idf_test /home/diego/.espressif/v5.5/esp-idf/components/ieee802154 /home/diego/.espressif/v5.5/esp-idf/components/json /home/diego/.espressif/v5.5/esp-idf/components/log /home/diego/.espressif/v5.5/esp-idf/components/lwip /home/diego/Ros2_esp32/main /home/diego/.espressif/v5.5/esp-idf/components/mbedtls /home/diego/Ros2_esp32/components/micro_ros_espidf_component /home/diego/.espressif/v5.5/esp-idf/components/mqtt /home/diego/.espressif/v5.5/esp-idf/components/newlib /home/diego/.espressif/v5.5/esp-idf/components/nvs_flash /home/diego/.espressif/v5.5/esp-idf/components/nvs_sec_provider /home/diego/.espressif/v5.5/esp-idf/components/openthread /home/diego/.espressif/v5.5/esp-idf/components/partition_table /home/diego/.espressif/v5.5/esp-idf/components/perfmon /home/diego/.espressif/v5.5/esp-idf/components/protobuf-c /home/diego/.espressif/v5.5/esp-idf/components/protocomm /home/diego/.espressif/v5.5/esp-idf/components/pthread /home/diego/.espressif/v5.5/esp-idf/components/rt /home/diego/.espressif/v5.5/esp-idf/components/sdmmc /home/diego/.espressif/v5.5/esp-idf/components/soc /home/diego/.espressif/v5.5/esp-idf/components/spi_flash /home/diego/.espressif/v5.5/esp-idf/components/spiffs /home/diego/.espressif/v5.5/esp-idf/components/tcp_transport /home/diego/.espressif/v5.5/esp-idf/components/touch_element /home/diego/.espressif/v5.5/esp-idf/components/ulp /home/diego/.espressif/v5.5/esp-idf/components/unity /home/diego/.espressif/v5.5/esp-idf/components/usb /home/diego/.espressif/v5.5/esp-idf/components/vfs /home/diego/.espressif/v5.5/esp-idf/components/wear_levelling /home/diego/.espressif/v5.5/esp-idf/components/wifi_provisioning /home/diego/.espressif/v5.5/esp-idf/components/wpa_supplicant /home/diego/.espressif/v5.5/esp-idf/components/xtensa\n'}
[4.962808] (Ros2_esp32) StdoutLine: {'line': b'-- Configuring done\n'}
[5.009280] (-) TimerEvent: {}
[5.109575] (-) TimerEvent: {}
[5.209863] (-) TimerEvent: {}
[5.310176] (-) TimerEvent: {}
[5.410490] (-) TimerEvent: {}
[5.510831] (-) TimerEvent: {}
[5.611168] (-) TimerEvent: {}
[5.711508] (-) TimerEvent: {}
[5.770490] (Ros2_esp32) StdoutLine: {'line': b'-- Generating done\n'}
[5.811632] (-) TimerEvent: {}
[5.911981] (-) TimerEvent: {}
[5.926938] (Ros2_esp32) StdoutLine: {'line': b'-- Build files have been written to: /home/diego/Ros2_esp32/build/Ros2_esp32\n'}
[5.988295] (Ros2_esp32) CommandEnded: {'returncode': 0}
[5.988823] (Ros2_esp32) JobProgress: {'identifier': 'Ros2_esp32', 'progress': 'build'}
[5.989523] (Ros2_esp32) Command: {'cmd': ['/usr/bin/cmake', '--build', '/home/diego/Ros2_esp32/build/Ros2_esp32', '--', '-j12', '-l12'], 'cwd': '/home/diego/Ros2_esp32/build/Ros2_esp32', 'env': OrderedDict([('LINOROBOT2_BASE', '2wd'), ('LESSOPEN', '| /usr/bin/lesspipe %s'), ('USER', 'diego'), ('XDG_SESSION_TYPE', 'wayland'), ('IDF_TOOLS_INSTALL_CMD', '/home/diego/.espressif/v5.5/esp-idf/install.sh'), ('SHLVL', '1'), ('HOME', '/home/diego'), ('IDF_PY_COMP_WORDBREAKS', ' \t\n"\'><=;|&(:'), ('OLDPWD', '/home/diego'), ('DESKTOP_SESSION', 'ubuntu'), ('GNOME_SHELL_SESSION_MODE', 'ubuntu'), ('GTK_MODULES', 'gail:atk-bridge'), ('SYSTEMD_EXEC_PID', '6885'), ('DBUS_SESSION_BUS_ADDRESS', 'unix:path=/run/user/1000/bus'), ('COLORTERM', 'truecolor'), ('OPENOCD_SCRIPTS', '/home/diego/.espressif/tools/openocd-esp32/v0.12.0-esp32-20260424/openocd-esp32/share/openocd/scripts'), ('IM_CONFIG_PHASE', '1'), ('WAYLAND_DISPLAY', 'wayland-0'), ('LOGNAME', 'diego'), ('_', '/home/diego/.espressif/python_env/idf5.5_py3.10_env/bin/colcon'), ('XDG_SESSION_CLASS', 'user'), ('USERNAME', 'diego'), ('TERM', 'xterm-256color'), ('GNOME_DESKTOP_SESSION_ID', 'this-is-deprecated'), ('IDF_DEACTIVATE_FILE_PATH', '/tmp/tmpjlrq2srmidf_20502'), ('IDF_PATH', '/home/diego/.espressif/v5.5/esp-idf'), ('PATH', '/home/diego/.espressif/v5.5/esp-idf/components/espcoredump:/home/diego/.espressif/v5.5/esp-idf/components/partition_table:/home/diego/.espressif/v5.5/esp-idf/components/app_update:/home/diego/.espressif/tools/xtensa-esp-elf-gdb/17.1_20260402/xtensa-esp-elf-gdb/bin:/home/diego/.espressif/tools/xtensa-esp-elf/esp-14.2.0_20260121/xtensa-esp-elf/bin:/home/diego/.espressif/tools/riscv32-esp-elf/esp-14.2.0_20260121/riscv32-esp-elf/bin:/home/diego/.espressif/tools/esp32ulp-elf/2.38_20240113/esp32ulp-elf/bin:/home/diego/.espressif/tools/openocd-esp32/v0.12.0-esp32-20260424/openocd-esp32/bin:/home/diego/.espressif/tools/ninja/1.12.1/:/home/diego/.espressif/python_env/idf5.5_py3.10_env/bin:/home/diego/.espressif/v5.5/esp-idf/tools:/home/diego/.espressif/eim_gui:/home/diego/.local/bin:/usr/local/sbin:/usr/local/bin:/usr/sbin:/usr/bin:/sbin:/bin:/usr/games:/usr/local/games:/snap/bin:/snap/bin'), ('SESSION_MANAGER', 'local/diego-desktop:@/tmp/.ICE-unix/1858,unix/diego-desktop:/tmp/.ICE-unix/1858'), ('XDG_MENU_PREFIX', 'gnome-'), ('GNOME_TERMINAL_SCREEN', '/org/gnome/Terminal/screen/91377f96_c3a1_46cb_8c1b_214af858cdb9'), ('GNOME_SETUP_DISPLAY', ':1'), ('XDG_RUNTIME_DIR', '/run/user/1000'), ('DISPLAY', ':0'), ('LANG', 'en_US.UTF-8'), ('XDG_CURRENT_DESKTOP', 'ubuntu:GNOME'), ('XMODIFIERS', '@im=ibus'), ('XDG_SESSION_DESKTOP', 'ubuntu'), ('XAUTHORITY', '/run/user/1000/.mutter-Xwaylandauth.8DRMT3'), ('ESP_IDF_VERSION', '5.5'), ('LS_COLORS', 'rs=0:di=01;34:ln=01;36:mh=00:pi=40;33:so=01;35:do=01;35:bd=40;33;01:cd=40;33;01:or=40;31;01:mi=00:su=37;41:sg=30;43:ca=30;41:tw=30;42:ow=34;42:st=37;44:ex=01;32:*.tar=01;31:*.tgz=01;31:*.arc=01;31:*.arj=01;31:*.taz=01;31:*.lha=01;31:*.lz4=01;31:*.lzh=01;31:*.lzma=01;31:*.tlz=01;31:*.txz=01;31:*.tzo=01;31:*.t7z=01;31:*.zip=01;31:*.z=01;31:*.dz=01;31:*.gz=01;31:*.lrz=01;31:*.lz=01;31:*.lzo=01;31:*.xz=01;31:*.zst=01;31:*.tzst=01;31:*.bz2=01;31:*.bz=01;31:*.tbz=01;31:*.tbz2=01;31:*.tz=01;31:*.deb=01;31:*.rpm=01;31:*.jar=01;31:*.war=01;31:*.ear=01;31:*.sar=01;31:*.rar=01;31:*.alz=01;31:*.ace=01;31:*.zoo=01;31:*.cpio=01;31:*.7z=01;31:*.rz=01;31:*.cab=01;31:*.wim=01;31:*.swm=01;31:*.dwm=01;31:*.esd=01;31:*.jpg=01;35:*.jpeg=01;35:*.mjpg=01;35:*.mjpeg=01;35:*.gif=01;35:*.bmp=01;35:*.pbm=01;35:*.pgm=01;35:*.ppm=01;35:*.tga=01;35:*.xbm=01;35:*.xpm=01;35:*.tif=01;35:*.tiff=01;35:*.png=01;35:*.svg=01;35:*.svgz=01;35:*.mng=01;35:*.pcx=01;35:*.mov=01;35:*.mpg=01;35:*.mpeg=01;35:*.m2v=01;35:*.mkv=01;35:*.webm=01;35:*.webp=01;35:*.ogm=01;35:*.mp4=01;35:*.m4v=01;35:*.mp4v=01;35:*.vob=01;35:*.qt=01;35:*.nuv=01;35:*.wmv=01;35:*.asf=01;35:*.rm=01;35:*.rmvb=01;35:*.flc=01;35:*.avi=01;35:*.fli=01;35:*.flv=01;35:*.gl=01;35:*.dl=01;35:*.xcf=01;35:*.xwd=01;35:*.yuv=01;35:*.cgm=01;35:*.emf=01;35:*.ogv=01;35:*.ogx=01;35:*.aac=00;36:*.au=00;36:*.flac=00;36:*.m4a=00;36:*.mid=00;36:*.midi=00;36:*.mka=00;36:*.mp3=00;36:*.mpc=00;36:*.ogg=00;36:*.ra=00;36:*.wav=00;36:*.oga=00;36:*.opus=00;36:*.spx=00;36:*.xspf=00;36:'), ('GNOME_TERMINAL_SERVICE', ':1.159'), ('SSH_AGENT_LAUNCHER', 'gnome-keyring'), ('SSH_AUTH_SOCK', '/run/user/1000/keyring/ssh'), ('SHELL', '/bin/bash'), ('QT_ACCESSIBILITY', '1'), ('IDF_PYTHON_ENV_PATH', '/home/diego/.espressif/python_env/idf5.5_py3.10_env'), ('GDMSESSION', 'ubuntu'), ('LESSCLOSE', '/usr/bin/lesspipe %s %s'), ('IDF_TOOLS_EXPORT_CMD', '/home/diego/.espressif/v5.5/esp-idf/export.sh'), ('QT_IM_MODULE', 'ibus'), ('PWD', '/home/diego/Ros2_esp32/build/Ros2_esp32'), ('LC_ALL', 'en_US.UTF-8'), ('XDG_CONFIG_DIRS', '/etc/xdg/xdg-ubuntu:/etc/xdg'), ('XDG_DATA_DIRS', '/usr/share/ubuntu:/home/diego/.local/share/flatpak/exports/share:/var/lib/flatpak/exports/share:/usr/local/share/:/usr/share/:/var/lib/snapd/desktop'), ('ESP_ROM_ELF_DIR', '/home/diego/.espressif/tools/esp-rom-elfs/20241011/'), ('COLCON', '1'), ('VTE_VERSION', '6800')]), 'shell': False}
[6.012104] (-) TimerEvent: {}
[6.054316] (Ros2_esp32) StdoutLine: {'line': b'[  0%] \x1b[34m\x1b[1mGenerating project_elf_src_esp32s3.c\x1b[0m\n'}
[6.054547] (Ros2_esp32) StdoutLine: {'line': b'[  0%] \x1b[34m\x1b[1mGenerating /home/diego/Ros2_esp32/build/Ros2_esp32/esp-idf/esp_system/ld/sections.ld.in linker script...\x1b[0m\n'}
[6.054632] (Ros2_esp32) StdoutLine: {'line': b'[  0%] \x1b[34m\x1b[1mGenerating /home/diego/Ros2_esp32/build/Ros2_esp32/esp-idf/esp_system/ld/memory.ld linker script...\x1b[0m\n'}
[6.055745] (Ros2_esp32) StdoutLine: {'line': b'[  0%] \x1b[34m\x1b[1mGenerating ../../partition_table/partition-table.bin\x1b[0m\n'}
[6.056036] (Ros2_esp32) StdoutLine: {'line': b'[  0%] Built target custom_bundle\n'}
[6.078531] (Ros2_esp32) StdoutLine: {'line': b'[  0%] Built target _project_elf_src\n'}
[6.088763] (Ros2_esp32) StdoutLine: {'line': b'[  0%] Built target memory.ld\n'}
[6.088985] (Ros2_esp32) StdoutLine: {'line': b'[  0%] Built target sections.ld.in\n'}
[6.109900] (Ros2_esp32) StdoutLine: {'line': b'[  1%] \x1b[32mBuilding C object esp-idf/esp_https_ota/CMakeFiles/__idf_esp_https_ota.dir/src/esp_https_ota.c.obj\x1b[0m\n'}
[6.111910] (Ros2_esp32) StdoutLine: {'line': b'Partition table binary generated. Contents:\n'}
[6.112165] (-) TimerEvent: {}
[6.120461] (Ros2_esp32) StdoutLine: {'line': b'*******************************************************************************\n'}
[6.149702] (Ros2_esp32) StdoutLine: {'line': b'# ESP-IDF Partition Table\n'}
[6.149906] (Ros2_esp32) StdoutLine: {'line': b'# Name, Type, SubType, Offset, Size, Flags\n'}
[6.149982] (Ros2_esp32) StdoutLine: {'line': b'nvs,data,nvs,0x9000,24K,\n'}
[6.150054] (Ros2_esp32) StdoutLine: {'line': b'phy_init,data,phy,0xf000,4K,\n'}
[6.150124] (Ros2_esp32) StdoutLine: {'line': b'factory,app,factory,0x10000,4M,\n'}
[6.150195] (Ros2_esp32) StdoutLine: {'line': b'storage,data,spiffs,0x410000,10M,\n'}
[6.161418] (Ros2_esp32) StdoutLine: {'line': b'*******************************************************************************\n'}
[6.170219] (Ros2_esp32) StdoutLine: {'line': b'[  1%] Built target partition_table_bin\n'}
[6.190672] (Ros2_esp32) StdoutLine: {'line': b"[  1%] \x1b[34m\x1b[1mCreating directories for 'bootloader'\x1b[0m\n"}
[6.212294] (-) TimerEvent: {}
[6.266110] (Ros2_esp32) StdoutLine: {'line': b"[  1%] \x1b[34m\x1b[1mNo download step for 'bootloader'\x1b[0m\n"}
[6.290950] (Ros2_esp32) StdoutLine: {'line': b"[  1%] \x1b[34m\x1b[1mNo update step for 'bootloader'\x1b[0m\n"}
[6.312387] (-) TimerEvent: {}
[6.315834] (Ros2_esp32) StdoutLine: {'line': b"[  1%] \x1b[34m\x1b[1mNo patch step for 'bootloader'\x1b[0m\n"}
[6.332925] (Ros2_esp32) StdoutLine: {'line': b'[  1%] \x1b[32m\x1b[1mLinking C static library libesp_https_ota.a\x1b[0m\n'}
[6.341175] (Ros2_esp32) StdoutLine: {'line': b"[  1%] \x1b[34m\x1b[1mPerforming configure step for 'bootloader'\x1b[0m\n"}
[6.360634] (Ros2_esp32) StdoutLine: {'line': b'-- Found Git: /usr/bin/git (found version "2.34.1") \n'}
[6.367889] (Ros2_esp32) StdoutLine: {'line': b'[  1%] Built target __idf_esp_https_ota\n'}
[6.379151] (Ros2_esp32) StdoutLine: {'line': b'-- Component directory /home/diego/.espressif/v5.5/esp-idf/components/esp_blockdev does not contain a CMakeLists.txt file. No component will be added\n'}
[6.389788] (Ros2_esp32) StdoutLine: {'line': b'[  1%] \x1b[32mBuilding C object esp-idf/esp_http_server/CMakeFiles/__idf_esp_http_server.dir/src/httpd_ws.c.obj\x1b[0m\n'}
[6.390043] (Ros2_esp32) StdoutLine: {'line': b'[  1%] \x1b[32mBuilding C object esp-idf/esp_http_server/CMakeFiles/__idf_esp_http_server.dir/src/httpd_txrx.c.obj\x1b[0m\n'}
[6.390222] (Ros2_esp32) StdoutLine: {'line': b'[  1%] \x1b[32mBuilding C object esp-idf/esp_http_server/CMakeFiles/__idf_esp_http_server.dir/src/util/ctrl_sock.c.obj\x1b[0m\n'}
[6.390329] (Ros2_esp32) StdoutLine: {'line': b'[  1%] \x1b[32mBuilding C object esp-idf/esp_http_server/CMakeFiles/__idf_esp_http_server.dir/src/httpd_parse.c.obj\x1b[0m\n'}
[6.390399] (Ros2_esp32) StdoutLine: {'line': b'[  1%] \x1b[32mBuilding C object esp-idf/esp_http_server/CMakeFiles/__idf_esp_http_server.dir/src/httpd_main.c.obj\x1b[0m\n'}
[6.390474] (Ros2_esp32) StdoutLine: {'line': b'[  1%] \x1b[32mBuilding C object esp-idf/esp_http_server/CMakeFiles/__idf_esp_http_server.dir/src/httpd_sess.c.obj\x1b[0m\n'}
[6.391984] (Ros2_esp32) StdoutLine: {'line': b'[  1%] \x1b[32mBuilding C object esp-idf/esp_http_server/CMakeFiles/__idf_esp_http_server.dir/src/httpd_uri.c.obj\x1b[0m\n'}
[6.412523] (-) TimerEvent: {}
[6.512912] (-) TimerEvent: {}
[6.613301] (-) TimerEvent: {}
[6.638846] (Ros2_esp32) StdoutLine: {'line': b'[  1%] \x1b[32m\x1b[1mLinking C static library libesp_http_server.a\x1b[0m\n'}
[6.678796] (Ros2_esp32) StdoutLine: {'line': b'[  1%] Built target __idf_esp_http_server\n'}
[6.699437] (Ros2_esp32) StdoutLine: {'line': b'[  1%] \x1b[32mBuilding C object esp-idf/esp_http_client/CMakeFiles/__idf_esp_http_client.dir/lib/http_auth.c.obj\x1b[0m\n'}
[6.699715] (Ros2_esp32) StdoutLine: {'line': b'[  1%] \x1b[32mBuilding C object esp-idf/esp_http_client/CMakeFiles/__idf_esp_http_client.dir/esp_http_client.c.obj\x1b[0m\n'}
[6.699856] (Ros2_esp32) StdoutLine: {'line': b'[  2%] \x1b[32mBuilding C object esp-idf/esp_http_client/CMakeFiles/__idf_esp_http_client.dir/lib/http_utils.c.obj\x1b[0m\n'}
[6.699931] (Ros2_esp32) StdoutLine: {'line': b'[  2%] \x1b[32mBuilding C object esp-idf/esp_http_client/CMakeFiles/__idf_esp_http_client.dir/lib/http_header.c.obj\x1b[0m\n'}
[6.713410] (-) TimerEvent: {}
[6.813788] (-) TimerEvent: {}
[6.914155] (-) TimerEvent: {}
[7.014486] (-) TimerEvent: {}
[7.100882] (Ros2_esp32) StdoutLine: {'line': b'[  2%] \x1b[32m\x1b[1mLinking C static library libesp_http_client.a\x1b[0m\n'}
[7.114602] (-) TimerEvent: {}
[7.138741] (Ros2_esp32) StdoutLine: {'line': b'[  2%] Built target __idf_esp_http_client\n'}
[7.151832] (Ros2_esp32) StdoutLine: {'line': b'-- Minimal build - OFF\n'}
[7.160183] (Ros2_esp32) StdoutLine: {'line': b'[  2%] \x1b[32mBuilding C object esp-idf/tcp_transport/CMakeFiles/__idf_tcp_transport.dir/transport_ws.c.obj\x1b[0m\n'}
[7.160425] (Ros2_esp32) StdoutLine: {'line': b'[  2%] \x1b[32mBuilding C object esp-idf/tcp_transport/CMakeFiles/__idf_tcp_transport.dir/transport.c.obj\x1b[0m\n'}
[7.160501] (Ros2_esp32) StdoutLine: {'line': b'[  2%] \x1b[32mBuilding C object esp-idf/tcp_transport/CMakeFiles/__idf_tcp_transport.dir/transport_internal.c.obj\x1b[0m\n'}
[7.160806] (Ros2_esp32) StdoutLine: {'line': b'[  2%] \x1b[32mBuilding C object esp-idf/tcp_transport/CMakeFiles/__idf_tcp_transport.dir/transport_ssl.c.obj\x1b[0m\n'}
[7.161351] (Ros2_esp32) StdoutLine: {'line': b'[  2%] \x1b[32mBuilding C object esp-idf/tcp_transport/CMakeFiles/__idf_tcp_transport.dir/transport_socks_proxy.c.obj\x1b[0m\n'}
[7.214748] (-) TimerEvent: {}
[7.315138] (-) TimerEvent: {}
[7.351706] (Ros2_esp32) StdoutLine: {'line': b'-- The C compiler identification is GNU 14.2.0\n'}
[7.415275] (-) TimerEvent: {}
[7.455912] (Ros2_esp32) StdoutLine: {'line': b'[  3%] \x1b[32m\x1b[1mLinking C static library libtcp_transport.a\x1b[0m\n'}
[7.495358] (Ros2_esp32) StdoutLine: {'line': b'[  3%] Built target __idf_tcp_transport\n'}
[7.516627] (-) TimerEvent: {}
[7.520392] (Ros2_esp32) StdoutLine: {'line': b'[  3%] \x1b[32mBuilding C object esp-idf/esp_adc/CMakeFiles/__idf_esp_adc.dir/deprecated/esp_adc_cal_common_legacy.c.obj\x1b[0m\n'}
[7.520671] (Ros2_esp32) StdoutLine: {'line': b'[  3%] \x1b[32mBuilding C object esp-idf/esp_adc/CMakeFiles/__idf_esp_adc.dir/adc_common.c.obj\x1b[0m\n'}
[7.520745] (Ros2_esp32) StdoutLine: {'line': b'[  3%] \x1b[32mBuilding C object esp-idf/esp_adc/CMakeFiles/__idf_esp_adc.dir/adc_cali.c.obj\x1b[0m\n'}
[7.520804] (Ros2_esp32) StdoutLine: {'line': b'[  3%] \x1b[32mBuilding C object esp-idf/esp_adc/CMakeFiles/__idf_esp_adc.dir/adc_cali_curve_fitting.c.obj\x1b[0m\n'}
[7.520876] (Ros2_esp32) StdoutLine: {'line': b'[  3%] \x1b[32mBuilding C object esp-idf/esp_adc/CMakeFiles/__idf_esp_adc.dir/adc_continuous.c.obj\x1b[0m\n'}
[7.520930] (Ros2_esp32) StdoutLine: {'line': b'[  3%] \x1b[32mBuilding C object esp-idf/esp_adc/CMakeFiles/__idf_esp_adc.dir/adc_monitor.c.obj\x1b[0m\n'}
[7.521083] (Ros2_esp32) StdoutLine: {'line': b'-- The CXX compiler identification is GNU 14.2.0\n'}
[7.521203] (Ros2_esp32) StdoutLine: {'line': b'[  3%] \x1b[32mBuilding C object esp-idf/esp_adc/CMakeFiles/__idf_esp_adc.dir/gdma/adc_dma.c.obj\x1b[0m\n'}
[7.521283] (Ros2_esp32) StdoutLine: {'line': b'[  4%] \x1b[32mBuilding C object esp-idf/esp_adc/CMakeFiles/__idf_esp_adc.dir/adc_oneshot.c.obj\x1b[0m\n'}
[7.521468] (Ros2_esp32) StdoutLine: {'line': b'[  4%] \x1b[32mBuilding C object esp-idf/esp_adc/CMakeFiles/__idf_esp_adc.dir/esp32s3/curve_fitting_coefficients.c.obj\x1b[0m\n'}
[7.524905] (Ros2_esp32) StdoutLine: {'line': b'[  4%] \x1b[32mBuilding C object esp-idf/esp_adc/CMakeFiles/__idf_esp_adc.dir/adc_filter.c.obj\x1b[0m\n'}
[7.525311] (Ros2_esp32) StdoutLine: {'line': b'[  4%] \x1b[32mBuilding C object esp-idf/esp_adc/CMakeFiles/__idf_esp_adc.dir/deprecated/esp32s3/esp_adc_cal_legacy.c.obj\x1b[0m\n'}
[7.547214] (Ros2_esp32) StdoutLine: {'line': b'-- The ASM compiler identification is GNU\n'}
[7.550800] (Ros2_esp32) StdoutLine: {'line': b'-- Found assembler: /home/diego/.espressif/tools/xtensa-esp-elf/esp-14.2.0_20260121/xtensa-esp-elf/bin/xtensa-esp32s3-elf-gcc\n'}
[7.556210] (Ros2_esp32) StdoutLine: {'line': b'-- Detecting C compiler ABI info\n'}
[7.616786] (-) TimerEvent: {}
[7.644024] (Ros2_esp32) StdoutLine: {'line': b'-- Detecting C compiler ABI info - done\n'}
[7.652474] (Ros2_esp32) StdoutLine: {'line': b'-- Check for working C compiler: /home/diego/.espressif/tools/xtensa-esp-elf/esp-14.2.0_20260121/xtensa-esp-elf/bin/xtensa-esp32s3-elf-gcc - skipped\n'}
[7.652778] (Ros2_esp32) StdoutLine: {'line': b'-- Detecting C compile features\n'}
[7.653059] (Ros2_esp32) StdoutLine: {'line': b'-- Detecting C compile features - done\n'}
[7.656703] (Ros2_esp32) StdoutLine: {'line': b'-- Detecting CXX compiler ABI info\n'}
[7.716901] (-) TimerEvent: {}
[7.726226] (Ros2_esp32) StdoutLine: {'line': b'-- Detecting CXX compiler ABI info - done\n'}
[7.733954] (Ros2_esp32) StdoutLine: {'line': b'-- Check for working CXX compiler: /home/diego/.espressif/tools/xtensa-esp-elf/esp-14.2.0_20260121/xtensa-esp-elf/bin/xtensa-esp32s3-elf-g++ - skipped\n'}
[7.734218] (Ros2_esp32) StdoutLine: {'line': b'-- Detecting CXX compile features\n'}
[7.734692] (Ros2_esp32) StdoutLine: {'line': b'-- Detecting CXX compile features - done\n'}
[7.759345] (Ros2_esp32) StdoutLine: {'line': b'[  5%] \x1b[32m\x1b[1mLinking C static library libesp_adc.a\x1b[0m\n'}
[7.802019] (Ros2_esp32) StdoutLine: {'line': b'[  5%] Built target __idf_esp_adc\n'}
[7.817042] (-) TimerEvent: {}
[7.823140] (Ros2_esp32) StdoutLine: {'line': b'[  5%] \x1b[32mBuilding C object esp-idf/esp-tls/CMakeFiles/__idf_esp-tls.dir/esp_tls_mbedtls.c.obj\x1b[0m\n'}
[7.823390] (Ros2_esp32) StdoutLine: {'line': b'[  5%] \x1b[32mBuilding C object esp-idf/esp-tls/CMakeFiles/__idf_esp-tls.dir/esp_tls_error_capture.c.obj\x1b[0m\n'}
[7.823465] (Ros2_esp32) StdoutLine: {'line': b'[  5%] \x1b[32mBuilding C object esp-idf/esp-tls/CMakeFiles/__idf_esp-tls.dir/esp_tls_platform_port.c.obj\x1b[0m\n'}
[7.823545] (Ros2_esp32) StdoutLine: {'line': b'[  5%] \x1b[32mBuilding C object esp-idf/esp-tls/CMakeFiles/__idf_esp-tls.dir/esp-tls-crypto/esp_tls_crypto.c.obj\x1b[0m\n'}
[7.823620] (Ros2_esp32) StdoutLine: {'line': b'[  5%] \x1b[32mBuilding C object esp-idf/esp-tls/CMakeFiles/__idf_esp-tls.dir/esp_tls.c.obj\x1b[0m\n'}
[7.917144] (-) TimerEvent: {}
[8.010168] (Ros2_esp32) StdoutLine: {'line': b'-- Building ESP-IDF components for target esp32s3\n'}
[8.017259] (-) TimerEvent: {}
[8.097459] (Ros2_esp32) StdoutLine: {'line': b'[  5%] \x1b[32m\x1b[1mLinking C static library libesp-tls.a\x1b[0m\n'}
[8.117365] (-) TimerEvent: {}
[8.135230] (Ros2_esp32) StdoutLine: {'line': b'[  5%] Built target __idf_esp-tls\n'}
[8.154969] (Ros2_esp32) StdoutLine: {'line': b'[  5%] \x1b[32mBuilding C object esp-idf/http_parser/CMakeFiles/__idf_http_parser.dir/http_parser.c.obj\x1b[0m\n'}
[8.217467] (-) TimerEvent: {}
[8.317719] (-) TimerEvent: {}
[8.417983] (-) TimerEvent: {}
[8.518270] (-) TimerEvent: {}
[8.522609] (Ros2_esp32) StdoutLine: {'line': b'-- ESP-TEE is currently supported only on the esp32c6;esp32h2;esp32c5 SoCs\n'}
[8.528863] (Ros2_esp32) StdoutLine: {'line': b'[  6%] \x1b[32m\x1b[1mLinking C static library libhttp_parser.a\x1b[0m\n'}
[8.564475] (Ros2_esp32) StdoutLine: {'line': b'[  6%] Built target __idf_http_parser\n'}
[8.590984] (Ros2_esp32) StdoutLine: {'line': b'[  6%] \x1b[32mBuilding C object esp-idf/driver/CMakeFiles/__idf_driver.dir/deprecated/adc_dma_legacy.c.obj\x1b[0m\n'}
[8.591280] (Ros2_esp32) StdoutLine: {'line': b'[  6%] \x1b[32mBuilding C object esp-idf/driver/CMakeFiles/__idf_driver.dir/deprecated/timer_legacy.c.obj\x1b[0m\n'}
[8.591355] (Ros2_esp32) StdoutLine: {'line': b'[  6%] \x1b[32mBuilding C object esp-idf/driver/CMakeFiles/__idf_driver.dir/deprecated/adc_legacy.c.obj\x1b[0m\n'}
[8.591423] (Ros2_esp32) StdoutLine: {'line': b'[  6%] \x1b[32mBuilding C object esp-idf/driver/CMakeFiles/__idf_driver.dir/deprecated/i2s_legacy.c.obj\x1b[0m\n'}
[8.591489] (Ros2_esp32) StdoutLine: {'line': b'[  6%] \x1b[32mBuilding C object esp-idf/driver/CMakeFiles/__idf_driver.dir/deprecated/pcnt_legacy.c.obj\x1b[0m\n'}
[8.591556] (Ros2_esp32) StdoutLine: {'line': b'[  6%] \x1b[32mBuilding C object esp-idf/driver/CMakeFiles/__idf_driver.dir/deprecated/rmt_legacy.c.obj\x1b[0m\n'}
[8.591626] (Ros2_esp32) StdoutLine: {'line': b'[  6%] \x1b[32mBuilding C object esp-idf/driver/CMakeFiles/__idf_driver.dir/deprecated/mcpwm_legacy.c.obj\x1b[0m\n'}
[8.591719] (Ros2_esp32) StdoutLine: {'line': b'[  6%] \x1b[32mBuilding C object esp-idf/driver/CMakeFiles/__idf_driver.dir/i2c/i2c.c.obj\x1b[0m\n'}
[8.596228] (Ros2_esp32) StdoutLine: {'line': b'[  7%] \x1b[32mBuilding C object esp-idf/driver/CMakeFiles/__idf_driver.dir/deprecated/sigma_delta_legacy.c.obj\x1b[0m\n'}
[8.596541] (Ros2_esp32) StdoutLine: {'line': b'[  7%] \x1b[32mBuilding C object esp-idf/driver/CMakeFiles/__idf_driver.dir/deprecated/rtc_temperature_legacy.c.obj\x1b[0m\n'}
[8.597095] (Ros2_esp32) StdoutLine: {'line': b'[  7%] \x1b[32mBuilding C object esp-idf/driver/CMakeFiles/__idf_driver.dir/touch_sensor/touch_sensor_common.c.obj\x1b[0m\n'}
[8.619738] (-) TimerEvent: {}
[8.720407] (-) TimerEvent: {}
[8.786834] (Ros2_esp32) StdoutLine: {'line': b'[  7%] \x1b[32mBuilding C object esp-idf/driver/CMakeFiles/__idf_driver.dir/touch_sensor/esp32s3/touch_sensor.c.obj\x1b[0m\n'}
[8.820554] (-) TimerEvent: {}
[8.824876] (Ros2_esp32) StdoutLine: {'line': b'[  7%] \x1b[32mBuilding C object esp-idf/driver/CMakeFiles/__idf_driver.dir/twai/twai.c.obj\x1b[0m\n'}
[8.920764] (-) TimerEvent: {}
[9.021792] (-) TimerEvent: {}
[9.122415] (-) TimerEvent: {}
[9.222821] (-) TimerEvent: {}
[9.257470] (Ros2_esp32) StdoutLine: {'line': b'[  7%] \x1b[32m\x1b[1mLinking C static library libdriver.a\x1b[0m\n'}
[9.306298] (Ros2_esp32) StdoutLine: {'line': b'-- Project sdkconfig file /home/diego/Ros2_esp32/sdkconfig\n'}
[9.315161] (Ros2_esp32) StdoutLine: {'line': b'[  7%] Built target __idf_driver\n'}
[9.322922] (-) TimerEvent: {}
[9.335788] (Ros2_esp32) StdoutLine: {'line': b'[  8%] \x1b[32mBuilding C object esp-idf/esp_driver_twai/CMakeFiles/__idf_esp_driver_twai.dir/esp_twai.c.obj\x1b[0m\n'}
[9.335988] (Ros2_esp32) StdoutLine: {'line': b'[  8%] \x1b[32mBuilding C object esp-idf/esp_driver_twai/CMakeFiles/__idf_esp_driver_twai.dir/esp_twai_onchip.c.obj\x1b[0m\n'}
[9.423021] (-) TimerEvent: {}
[9.462226] (Ros2_esp32) StdoutLine: {'line': b'-- Compiler supported targets: xtensa-esp-elf\n'}
[9.464594] (Ros2_esp32) StdoutLine: {'line': b'-- Detecting C compiler ABI info\n'}
[9.523141] (-) TimerEvent: {}
[9.524350] (Ros2_esp32) StdoutLine: {'line': b'-- Detecting C compiler ABI info - done\n'}
[9.531430] (Ros2_esp32) StdoutLine: {'line': b'-- Detecting CXX compiler ABI info\n'}
[9.561249] (Ros2_esp32) StdoutLine: {'line': b'[  8%] \x1b[32m\x1b[1mLinking C static library libesp_driver_twai.a\x1b[0m\n'}
[9.595419] (Ros2_esp32) StdoutLine: {'line': b'-- Detecting CXX compiler ABI info - done\n'}
[9.599085] (Ros2_esp32) StdoutLine: {'line': b'[  8%] Built target __idf_esp_driver_twai\n'}
[9.618946] (Ros2_esp32) StdoutLine: {'line': b'[  8%] \x1b[32mBuilding C object esp-idf/esp_driver_ledc/CMakeFiles/__idf_esp_driver_ledc.dir/src/ledc.c.obj\x1b[0m\n'}
[9.623250] (-) TimerEvent: {}
[9.706791] (Ros2_esp32) StdoutLine: {'line': b'-- Detecting C compiler ABI info\n'}
[9.723364] (-) TimerEvent: {}
[9.765419] (Ros2_esp32) StdoutLine: {'line': b'-- Detecting C compiler ABI info - done\n'}
[9.772113] (Ros2_esp32) StdoutLine: {'line': b'-- Detecting CXX compiler ABI info\n'}
[9.823475] (-) TimerEvent: {}
[9.832545] (Ros2_esp32) StdoutLine: {'line': b'-- Detecting CXX compiler ABI info - done\n'}
[9.847636] (Ros2_esp32) StdoutLine: {'line': b'-- Adding linker script /home/diego/.espressif/v5.5/esp-idf/components/soc/esp32s3/ld/esp32s3.peripherals.ld\n'}
[9.858259] (Ros2_esp32) StdoutLine: {'line': b'-- Bootloader project name: "bootloader" version: 1\n'}
[9.878380] (Ros2_esp32) StdoutLine: {'line': b'-- Adding linker script /home/diego/.espressif/v5.5/esp-idf/components/esp_rom/esp32s3/ld/esp32s3.rom.ld\n'}
[9.878567] (Ros2_esp32) StdoutLine: {'line': b'-- Adding linker script /home/diego/.espressif/v5.5/esp-idf/components/esp_rom/esp32s3/ld/esp32s3.rom.api.ld\n'}
[9.878699] (Ros2_esp32) StdoutLine: {'line': b'-- Adding linker script /home/diego/.espressif/v5.5/esp-idf/components/esp_rom/esp32s3/ld/esp32s3.rom.bt_funcs.ld\n'}
[9.878791] (Ros2_esp32) StdoutLine: {'line': b'-- Adding linker script /home/diego/.espressif/v5.5/esp-idf/components/esp_rom/esp32s3/ld/esp32s3.rom.libgcc.ld\n'}
[9.878849] (Ros2_esp32) StdoutLine: {'line': b'-- Adding linker script /home/diego/.espressif/v5.5/esp-idf/components/esp_rom/esp32s3/ld/esp32s3.rom.wdt.ld\n'}
[9.878921] (Ros2_esp32) StdoutLine: {'line': b'-- Adding linker script /home/diego/.espressif/v5.5/esp-idf/components/esp_rom/esp32s3/ld/esp32s3.rom.version.ld\n'}
[9.879034] (Ros2_esp32) StdoutLine: {'line': b'-- Adding linker script /home/diego/.espressif/v5.5/esp-idf/components/esp_rom/esp32s3/ld/esp32s3.rom.libc.ld\n'}
[9.879138] (Ros2_esp32) StdoutLine: {'line': b'-- Adding linker script /home/diego/.espressif/v5.5/esp-idf/components/esp_rom/esp32s3/ld/esp32s3.rom.newlib.ld\n'}
[9.891761] (Ros2_esp32) StdoutLine: {'line': b'-- Adding linker script /home/diego/.espressif/v5.5/esp-idf/components/bootloader/subproject/main/ld/esp32s3/bootloader.rom.ld\n'}
[9.923587] (-) TimerEvent: {}
[9.954741] (Ros2_esp32) StdoutLine: {'line': b'-- Components: bootloader bootloader_support efuse esp_app_format esp_bootloader_format esp_common esp_hw_support esp_rom esp_security esp_system esptool_py freertos hal log main micro-ecc newlib partition_table soc spi_flash xtensa\n'}
[9.954930] (Ros2_esp32) StdoutLine: {'line': b'-- Component paths: /home/diego/.espressif/v5.5/esp-idf/components/bootloader /home/diego/.espressif/v5.5/esp-idf/components/bootloader_support /home/diego/.espressif/v5.5/esp-idf/components/efuse /home/diego/.espressif/v5.5/esp-idf/components/esp_app_format /home/diego/.espressif/v5.5/esp-idf/components/esp_bootloader_format /home/diego/.espressif/v5.5/esp-idf/components/esp_common /home/diego/.espressif/v5.5/esp-idf/components/esp_hw_support /home/diego/.espressif/v5.5/esp-idf/components/esp_rom /home/diego/.espressif/v5.5/esp-idf/components/esp_security /home/diego/.espressif/v5.5/esp-idf/components/esp_system /home/diego/.espressif/v5.5/esp-idf/components/esptool_py /home/diego/.espressif/v5.5/esp-idf/components/freertos /home/diego/.espressif/v5.5/esp-idf/components/hal /home/diego/.espressif/v5.5/esp-idf/components/log /home/diego/.espressif/v5.5/esp-idf/components/bootloader/subproject/main /home/diego/.espressif/v5.5/esp-idf/components/bootloader/subproject/components/micro-ecc /home/diego/.espressif/v5.5/esp-idf/components/newlib /home/diego/.espressif/v5.5/esp-idf/components/partition_table /home/diego/.espressif/v5.5/esp-idf/components/soc /home/diego/.espressif/v5.5/esp-idf/components/spi_flash /home/diego/.espressif/v5.5/esp-idf/components/xtensa\n'}
[9.955010] (Ros2_esp32) StdoutLine: {'line': b'-- Adding linker script /home/diego/.espressif/v5.5/esp-idf/components/bootloader/subproject/main/ld/esp32s3/bootloader.ld\n'}
[9.955774] (Ros2_esp32) StdoutLine: {'line': b'-- Configuring done\n'}
[10.020918] (Ros2_esp32) StdoutLine: {'line': b'[  8%] \x1b[32m\x1b[1mLinking C static library libesp_driver_ledc.a\x1b[0m\n'}
[10.023707] (-) TimerEvent: {}
[10.025943] (Ros2_esp32) StdoutLine: {'line': b'-- Generating done\n'}
[10.031589] (Ros2_esp32) StdoutLine: {'line': b'-- Build files have been written to: /home/diego/Ros2_esp32/build/Ros2_esp32/bootloader\n'}
[10.059221] (Ros2_esp32) StdoutLine: {'line': b'[  8%] Built target __idf_esp_driver_ledc\n'}
[10.067772] (Ros2_esp32) StdoutLine: {'line': b"[  8%] \x1b[34m\x1b[1mPerforming build step for 'bootloader'\x1b[0m\n"}
[10.078459] (Ros2_esp32) StdoutLine: {'line': b'[  8%] \x1b[32mBuilding C object esp-idf/esp_driver_i2c/CMakeFiles/__idf_esp_driver_i2c.dir/i2c_common.c.obj\x1b[0m\n'}
[10.078704] (Ros2_esp32) StdoutLine: {'line': b'[  8%] \x1b[32mBuilding C object esp-idf/esp_driver_i2c/CMakeFiles/__idf_esp_driver_i2c.dir/i2c_master.c.obj\x1b[0m\n'}
[10.078793] (Ros2_esp32) StdoutLine: {'line': b'[  8%] \x1b[32mBuilding C object esp-idf/esp_driver_i2c/CMakeFiles/__idf_esp_driver_i2c.dir/i2c_slave.c.obj\x1b[0m\n'}
[10.116975] (Ros2_esp32) StdoutLine: {'line': b'[  4%] \x1b[32mBuilding C object esp-idf/log/CMakeFiles/__idf_log.dir/src/noos/log_lock.c.obj\x1b[0m\n'}
[10.117262] (Ros2_esp32) StdoutLine: {'line': b'[  4%] \x1b[32mBuilding C object esp-idf/log/CMakeFiles/__idf_log.dir/src/log_timestamp_common.c.obj\x1b[0m\n'}
[10.117332] (Ros2_esp32) StdoutLine: {'line': b'[  4%] \x1b[32mBuilding C object esp-idf/log/CMakeFiles/__idf_log.dir/src/buffer/log_buffers.c.obj\x1b[0m\n'}
[10.117388] (Ros2_esp32) StdoutLine: {'line': b'[  4%] \x1b[34m\x1b[1mGenerating project_elf_src_esp32s3.c\x1b[0m\n'}
[10.117442] (Ros2_esp32) StdoutLine: {'line': b'[  4%] \x1b[32mBuilding C object esp-idf/log/CMakeFiles/__idf_log.dir/src/noos/log_timestamp.c.obj\x1b[0m\n'}
[10.117662] (Ros2_esp32) StdoutLine: {'line': b'[  5%] \x1b[32mBuilding C object esp-idf/log/CMakeFiles/__idf_log.dir/src/util.c.obj\x1b[0m\n'}
[10.121045] (Ros2_esp32) StdoutLine: {'line': b'[  6%] \x1b[32mBuilding C object esp-idf/log/CMakeFiles/__idf_log.dir/src/noos/util.c.obj\x1b[0m\n'}
[10.123879] (Ros2_esp32) StdoutLine: {'line': b'[  7%] \x1b[32mBuilding C object esp-idf/log/CMakeFiles/__idf_log.dir/src/log_format_text.c.obj\x1b[0m\n'}
[10.124165] (-) TimerEvent: {}
[10.130966] (Ros2_esp32) StdoutLine: {'line': b'[  7%] \x1b[32mBuilding C object esp-idf/log/CMakeFiles/__idf_log.dir/src/log_print.c.obj\x1b[0m\n'}
[10.144885] (Ros2_esp32) StdoutLine: {'line': b'[  7%] Built target _project_elf_src\n'}
[10.163023] (Ros2_esp32) StdoutLine: {'line': b'[  8%] \x1b[32mBuilding C object esp-idf/log/CMakeFiles/__idf_log.dir/src/log.c.obj\x1b[0m\n'}
[10.220404] (Ros2_esp32) StdoutLine: {'line': b'[  9%] \x1b[32m\x1b[1mLinking C static library liblog.a\x1b[0m\n'}
[10.224296] (-) TimerEvent: {}
[10.263388] (Ros2_esp32) StdoutLine: {'line': b'[  9%] Built target __idf_log\n'}
[10.273946] (Ros2_esp32) StdoutLine: {'line': b'\x1b[35m\x1b[1mScanning dependencies of target __idf_esp_rom\x1b[0m\n'}
[10.290817] (Ros2_esp32) StdoutLine: {'line': b'[ 12%] \x1b[32mBuilding C object esp-idf/esp_rom/CMakeFiles/__idf_esp_rom.dir/patches/esp_rom_uart.c.obj\x1b[0m\n'}
[10.291101] (Ros2_esp32) StdoutLine: {'line': b'[ 12%] \x1b[32mBuilding C object esp-idf/esp_rom/CMakeFiles/__idf_esp_rom.dir/patches/esp_rom_print.c.obj\x1b[0m\n'}
[10.291189] (Ros2_esp32) StdoutLine: {'line': b'[ 12%] \x1b[32mBuilding C object esp-idf/esp_rom/CMakeFiles/__idf_esp_rom.dir/patches/esp_rom_sys.c.obj\x1b[0m\n'}
[10.291266] (Ros2_esp32) StdoutLine: {'line': b'[ 12%] \x1b[32mBuilding C object esp-idf/esp_rom/CMakeFiles/__idf_esp_rom.dir/patches/esp_rom_crc.c.obj\x1b[0m\n'}
[10.291482] (Ros2_esp32) StdoutLine: {'line': b'[ 13%] \x1b[32mBuilding C object esp-idf/esp_rom/CMakeFiles/__idf_esp_rom.dir/patches/esp_rom_spiflash.c.obj\x1b[0m\n'}
[10.291780] (Ros2_esp32) StdoutLine: {'line': b'[ 14%] \x1b[32mBuilding C object esp-idf/esp_rom/CMakeFiles/__idf_esp_rom.dir/patches/esp_rom_efuse.c.obj\x1b[0m\n'}
[10.291911] (Ros2_esp32) StdoutLine: {'line': b'[ 15%] \x1b[32mBuilding C object esp-idf/esp_rom/CMakeFiles/__idf_esp_rom.dir/patches/esp_rom_systimer.c.obj\x1b[0m\n'}
[10.291988] (Ros2_esp32) StdoutLine: {'line': b'[ 15%] \x1b[32mBuilding ASM object esp-idf/esp_rom/CMakeFiles/__idf_esp_rom.dir/patches/esp_rom_longjmp.S.obj\x1b[0m\n'}
[10.293399] (Ros2_esp32) StdoutLine: {'line': b'[ 16%] \x1b[32mBuilding C object esp-idf/esp_rom/CMakeFiles/__idf_esp_rom.dir/patches/esp_rom_gpio.c.obj\x1b[0m\n'}
[10.299679] (Ros2_esp32) StdoutLine: {'line': b'[ 17%] \x1b[32mBuilding C object esp-idf/esp_rom/CMakeFiles/__idf_esp_rom.dir/patches/esp_rom_wdt.c.obj\x1b[0m\n'}
[10.324712] (-) TimerEvent: {}
[10.327158] (Ros2_esp32) StdoutLine: {'line': b'[ 17%] \x1b[32mBuilding C object esp-idf/esp_rom/CMakeFiles/__idf_esp_rom.dir/patches/esp_rom_cache_esp32s2_esp32s3.c.obj\x1b[0m\n'}
[10.334856] (Ros2_esp32) StdoutLine: {'line': b'[ 18%] \x1b[32mBuilding ASM object esp-idf/esp_rom/CMakeFiles/__idf_esp_rom.dir/patches/esp_rom_cache_writeback_esp32s3.S.obj\x1b[0m\n'}
[10.424818] (-) TimerEvent: {}
[10.448997] (Ros2_esp32) StdoutLine: {'line': b'[ 19%] \x1b[32m\x1b[1mLinking C static library libesp_rom.a\x1b[0m\n'}
[10.490313] (Ros2_esp32) StdoutLine: {'line': b'[ 19%] Built target __idf_esp_rom\n'}
[10.510660] (Ros2_esp32) StdoutLine: {'line': b'[ 20%] \x1b[32mBuilding C object esp-idf/esp_common/CMakeFiles/__idf_esp_common.dir/src/esp_err_to_name.c.obj\x1b[0m\n'}
[10.515748] (Ros2_esp32) StdoutLine: {'line': b'[  8%] \x1b[32m\x1b[1mLinking C static library libesp_driver_i2c.a\x1b[0m\n'}
[10.524928] (-) TimerEvent: {}
[10.554823] (Ros2_esp32) StdoutLine: {'line': b'[  8%] Built target __idf_esp_driver_i2c\n'}
[10.567362] (Ros2_esp32) StdoutLine: {'line': b'[ 21%] \x1b[32m\x1b[1mLinking C static library libesp_common.a\x1b[0m\n'}
[10.574849] (Ros2_esp32) StdoutLine: {'line': b'[  8%] \x1b[32mBuilding C object esp-idf/esp_driver_sdm/CMakeFiles/__idf_esp_driver_sdm.dir/src/sdm.c.obj\x1b[0m\n'}
[10.602213] (Ros2_esp32) StdoutLine: {'line': b'[ 21%] Built target __idf_esp_common\n'}
[10.626748] (Ros2_esp32) StdoutLine: {'line': b'[ 23%] \x1b[32mBuilding C object esp-idf/esp_hw_support/CMakeFiles/__idf_esp_hw_support.dir/port/esp32s3/esp_cpu_intr.c.obj\x1b[0m\n'}
[10.627093] (-) TimerEvent: {}
[10.627218] (Ros2_esp32) StdoutLine: {'line': b'[ 23%] \x1b[32mBuilding C object esp-idf/esp_hw_support/CMakeFiles/__idf_esp_hw_support.dir/cpu.c.obj\x1b[0m\n'}
[10.627311] (Ros2_esp32) StdoutLine: {'line': b'[ 24%] \x1b[32mBuilding C object esp-idf/esp_hw_support/CMakeFiles/__idf_esp_hw_support.dir/port/esp32s3/cpu_region_protect.c.obj\x1b[0m\n'}
[10.627386] (Ros2_esp32) StdoutLine: {'line': b'[ 24%] \x1b[32mBuilding C object esp-idf/esp_hw_support/CMakeFiles/__idf_esp_hw_support.dir/esp_memory_utils.c.obj\x1b[0m\n'}
[10.627475] (Ros2_esp32) StdoutLine: {'line': b'[ 25%] \x1b[32mBuilding C object esp-idf/esp_hw_support/CMakeFiles/__idf_esp_hw_support.dir/port/esp32s3/rtc_clk.c.obj\x1b[0m\n'}
[10.627668] (Ros2_esp32) StdoutLine: {'line': b'[ 26%] \x1b[32mBuilding C object esp-idf/esp_hw_support/CMakeFiles/__idf_esp_hw_support.dir/port/esp32s3/rtc_clk_init.c.obj\x1b[0m\n'}
[10.627793] (Ros2_esp32) StdoutLine: {'line': b'[ 26%] \x1b[32mBuilding C object esp-idf/esp_hw_support/CMakeFiles/__idf_esp_hw_support.dir/port/esp32s3/rtc_init.c.obj\x1b[0m\n'}
[10.628051] (Ros2_esp32) StdoutLine: {'line': b'[ 27%] \x1b[32mBuilding C object esp-idf/esp_hw_support/CMakeFiles/__idf_esp_hw_support.dir/port/esp32s3/rtc_sleep.c.obj\x1b[0m\n'}
[10.628683] (Ros2_esp32) StdoutLine: {'line': b'[ 28%] \x1b[32mBuilding C object esp-idf/esp_hw_support/CMakeFiles/__idf_esp_hw_support.dir/port/esp32s3/rtc_time.c.obj\x1b[0m\n'}
[10.630491] (Ros2_esp32) StdoutLine: {'line': b'[ 29%] \x1b[32mBuilding C object esp-idf/esp_hw_support/CMakeFiles/__idf_esp_hw_support.dir/port/esp32s3/chip_info.c.obj\x1b[0m\n'}
[10.728397] (-) TimerEvent: {}
[10.741286] (Ros2_esp32) StdoutLine: {'line': b'[  8%] \x1b[32m\x1b[1mLinking C static library libesp_driver_sdm.a\x1b[0m\n'}
[10.782023] (Ros2_esp32) StdoutLine: {'line': b'[  8%] Built target __idf_esp_driver_sdm\n'}
[10.802856] (Ros2_esp32) StdoutLine: {'line': b'[  8%] \x1b[32mBuilding C object esp-idf/esp_driver_tsens/CMakeFiles/__idf_esp_driver_tsens.dir/src/temperature_sensor.c.obj\x1b[0m\n'}
[10.828504] (-) TimerEvent: {}
[10.862515] (Ros2_esp32) StdoutLine: {'line': b'[ 30%] \x1b[32m\x1b[1mLinking C static library libesp_hw_support.a\x1b[0m\n'}
[10.904425] (Ros2_esp32) StdoutLine: {'line': b'[ 30%] Built target __idf_esp_hw_support\n'}
[10.921019] (Ros2_esp32) StdoutLine: {'line': b'[  8%] \x1b[32m\x1b[1mLinking C static library libesp_driver_tsens.a\x1b[0m\n'}
[10.924441] (Ros2_esp32) StdoutLine: {'line': b'[ 31%] \x1b[32mBuilding C object esp-idf/esp_system/CMakeFiles/__idf_esp_system.dir/esp_err.c.obj\x1b[0m\n'}
[10.928632] (-) TimerEvent: {}
[10.957051] (Ros2_esp32) StdoutLine: {'line': b'[  8%] Built target __idf_esp_driver_tsens\n'}
[10.978838] (Ros2_esp32) StdoutLine: {'line': b'[  8%] \x1b[32mBuilding C object esp-idf/esp_driver_rmt/CMakeFiles/__idf_esp_driver_rmt.dir/src/rmt_encoder_bytes.c.obj\x1b[0m\n'}
[10.979142] (Ros2_esp32) StdoutLine: {'line': b'[  8%] \x1b[32mBuilding C object esp-idf/esp_driver_rmt/CMakeFiles/__idf_esp_driver_rmt.dir/src/rmt_encoder_copy.c.obj\x1b[0m\n'}
[10.979236] (Ros2_esp32) StdoutLine: {'line': b'[  8%] \x1b[32mBuilding C object esp-idf/esp_driver_rmt/CMakeFiles/__idf_esp_driver_rmt.dir/src/rmt_common.c.obj\x1b[0m\n'}
[10.979310] (Ros2_esp32) StdoutLine: {'line': b'[  8%] \x1b[32mBuilding C object esp-idf/esp_driver_rmt/CMakeFiles/__idf_esp_driver_rmt.dir/src/rmt_encoder_simple.c.obj\x1b[0m\n'}
[10.979390] (Ros2_esp32) StdoutLine: {'line': b'[  8%] \x1b[32mBuilding C object esp-idf/esp_driver_rmt/CMakeFiles/__idf_esp_driver_rmt.dir/src/rmt_encoder.c.obj\x1b[0m\n'}
[10.981033] (Ros2_esp32) StdoutLine: {'line': b'[ 32%] \x1b[32m\x1b[1mLinking C static library libesp_system.a\x1b[0m\n'}
[10.981317] (Ros2_esp32) StdoutLine: {'line': b'[  9%] \x1b[32mBuilding C object esp-idf/esp_driver_rmt/CMakeFiles/__idf_esp_driver_rmt.dir/src/rmt_tx.c.obj\x1b[0m\n'}
[10.981479] (Ros2_esp32) StdoutLine: {'line': b'[  9%] \x1b[32mBuilding C object esp-idf/esp_driver_rmt/CMakeFiles/__idf_esp_driver_rmt.dir/src/rmt_rx.c.obj\x1b[0m\n'}
[11.026332] (Ros2_esp32) StdoutLine: {'line': b'[ 32%] Built target __idf_esp_system\n'}
[11.028742] (-) TimerEvent: {}
[11.060664] (Ros2_esp32) StdoutLine: {'line': b'[ 32%] \x1b[32mBuilding C object esp-idf/efuse/CMakeFiles/__idf_efuse.dir/esp32s3/esp_efuse_table.c.obj\x1b[0m\n'}
[11.060987] (Ros2_esp32) StdoutLine: {'line': b'[ 34%] \x1b[32mBuilding C object esp-idf/efuse/CMakeFiles/__idf_efuse.dir/esp32s3/esp_efuse_fields.c.obj\x1b[0m\n'}
[11.061108] (Ros2_esp32) StdoutLine: {'line': b'[ 35%] \x1b[32mBuilding C object esp-idf/efuse/CMakeFiles/__idf_efuse.dir/esp32s3/esp_efuse_rtc_calib.c.obj\x1b[0m\n'}
[11.063718] (Ros2_esp32) StdoutLine: {'line': b'[ 36%] \x1b[32mBuilding C object esp-idf/efuse/CMakeFiles/__idf_efuse.dir/esp32s3/esp_efuse_utility.c.obj\x1b[0m\n'}
[11.065664] (Ros2_esp32) StdoutLine: {'line': b'[ 37%] \x1b[32mBuilding C object esp-idf/efuse/CMakeFiles/__idf_efuse.dir/src/esp_efuse_api.c.obj\x1b[0m\n'}
[11.102113] (Ros2_esp32) StdoutLine: {'line': b'[ 37%] \x1b[32mBuilding C object esp-idf/efuse/CMakeFiles/__idf_efuse.dir/src/esp_efuse_fields.c.obj\x1b[0m\n'}
[11.129089] (-) TimerEvent: {}
[11.139882] (Ros2_esp32) StdoutLine: {'line': b'[ 38%] \x1b[32mBuilding C object esp-idf/efuse/CMakeFiles/__idf_efuse.dir/src/esp_efuse_utility.c.obj\x1b[0m\n'}
[11.148300] (Ros2_esp32) StdoutLine: {'line': b'[ 39%] \x1b[32mBuilding C object esp-idf/efuse/CMakeFiles/__idf_efuse.dir/src/efuse_controller/keys/with_key_purposes/esp_efuse_api_key.c.obj\x1b[0m\n'}
[11.229008] (-) TimerEvent: {}
[11.318395] (Ros2_esp32) StdoutLine: {'line': b'[ 40%] \x1b[32m\x1b[1mLinking C static library libefuse.a\x1b[0m\n'}
[11.329115] (-) TimerEvent: {}
[11.360771] (Ros2_esp32) StdoutLine: {'line': b'[ 40%] Built target __idf_efuse\n'}
[11.386628] (Ros2_esp32) StdoutLine: {'line': b'[  9%] \x1b[32m\x1b[1mLinking C static library libesp_driver_rmt.a\x1b[0m\n'}
[11.386928] (Ros2_esp32) StdoutLine: {'line': b'[ 42%] \x1b[32mBuilding C object esp-idf/bootloader_support/CMakeFiles/__idf_bootloader_support.dir/src/bootloader_mem.c.obj\x1b[0m\n'}
[11.387018] (Ros2_esp32) StdoutLine: {'line': b'[ 43%] \x1b[32mBuilding C object esp-idf/bootloader_support/CMakeFiles/__idf_bootloader_support.dir/src/bootloader_clock_init.c.obj\x1b[0m\n'}
[11.387086] (Ros2_esp32) StdoutLine: {'line': b'[ 43%] \x1b[32mBuilding C object esp-idf/bootloader_support/CMakeFiles/__idf_bootloader_support.dir/src/bootloader_common.c.obj\x1b[0m\n'}
[11.387157] (Ros2_esp32) StdoutLine: {'line': b'[ 42%] \x1b[32mBuilding C object esp-idf/bootloader_support/CMakeFiles/__idf_bootloader_support.dir/src/bootloader_common_loader.c.obj\x1b[0m\n'}
[11.387230] (Ros2_esp32) StdoutLine: {'line': b'[ 45%] \x1b[32mBuilding C object esp-idf/bootloader_support/CMakeFiles/__idf_bootloader_support.dir/src/bootloader_random.c.obj\x1b[0m\n'}
[11.387297] (Ros2_esp32) StdoutLine: {'line': b'[ 45%] \x1b[32mBuilding C object esp-idf/bootloader_support/CMakeFiles/__idf_bootloader_support.dir/src/bootloader_efuse.c.obj\x1b[0m\n'}
[11.387366] (Ros2_esp32) StdoutLine: {'line': b'[ 45%] \x1b[32mBuilding C object esp-idf/bootloader_support/CMakeFiles/__idf_bootloader_support.dir/src/flash_encrypt.c.obj\x1b[0m\n'}
[11.387749] (Ros2_esp32) StdoutLine: {'line': b'[ 47%] \x1b[32mBuilding C object esp-idf/bootloader_support/CMakeFiles/__idf_bootloader_support.dir/src/bootloader_random_esp32s3.c.obj\x1b[0m\n'}
[11.387947] (Ros2_esp32) StdoutLine: {'line': b'[ 47%] \x1b[32mBuilding C object esp-idf/bootloader_support/CMakeFiles/__idf_bootloader_support.dir/src/secure_boot.c.obj\x1b[0m\n'}
[11.388588] (Ros2_esp32) StdoutLine: {'line': b'[ 47%] \x1b[32mBuilding C object esp-idf/bootloader_support/CMakeFiles/__idf_bootloader_support.dir/bootloader_flash/src/bootloader_flash.c.obj\x1b[0m\n'}
[11.393843] (Ros2_esp32) StdoutLine: {'line': b'[ 48%] \x1b[32mBuilding C object esp-idf/bootloader_support/CMakeFiles/__idf_bootloader_support.dir/bootloader_flash/src/flash_qio_mode.c.obj\x1b[0m\n'}
[11.429900] (-) TimerEvent: {}
[11.459151] (Ros2_esp32) StdoutLine: {'line': b'[ 49%] \x1b[32mBuilding C object esp-idf/bootloader_support/CMakeFiles/__idf_bootloader_support.dir/bootloader_flash/src/bootloader_flash_config_esp32s3.c.obj\x1b[0m\n'}
[11.462515] (Ros2_esp32) StdoutLine: {'line': b'[  9%] Built target __idf_esp_driver_rmt\n'}
[11.467329] (Ros2_esp32) StdoutLine: {'line': b'[ 50%] \x1b[32mBuilding C object esp-idf/bootloader_support/CMakeFiles/__idf_bootloader_support.dir/src/bootloader_utility.c.obj\x1b[0m\n'}
[11.485909] (Ros2_esp32) StdoutLine: {'line': b'[ 51%] \x1b[32mBuilding C object esp-idf/bootloader_support/CMakeFiles/__idf_bootloader_support.dir/src/flash_partitions.c.obj\x1b[0m\n'}
[11.486195] (Ros2_esp32) StdoutLine: {'line': b'[ 51%] \x1b[32mBuilding C object esp-idf/bootloader_support/CMakeFiles/__idf_bootloader_support.dir/src/esp_image_format.c.obj\x1b[0m\n'}
[11.494908] (Ros2_esp32) StdoutLine: {'line': b'[ 52%] \x1b[32mBuilding C object esp-idf/bootloader_support/CMakeFiles/__idf_bootloader_support.dir/src/bootloader_sha.c.obj\x1b[0m\n'}
[11.499492] (Ros2_esp32) StdoutLine: {'line': b'[ 53%] \x1b[32mBuilding C object esp-idf/bootloader_support/CMakeFiles/__idf_bootloader_support.dir/src/bootloader_init.c.obj\x1b[0m\n'}
[11.502280] (Ros2_esp32) StdoutLine: {'line': b'[  9%] \x1b[32mBuilding C object esp-idf/esp_driver_sdspi/CMakeFiles/__idf_esp_driver_sdspi.dir/src/sdspi_crc.c.obj\x1b[0m\n'}
[11.530061] (-) TimerEvent: {}
[11.551757] (Ros2_esp32) StdoutLine: {'line': b'[  9%] \x1b[32mBuilding C object esp-idf/esp_driver_sdspi/CMakeFiles/__idf_esp_driver_sdspi.dir/src/sdspi_host.c.obj\x1b[0m\n'}
[11.560597] (Ros2_esp32) StdoutLine: {'line': b'[ 54%] \x1b[32mBuilding C object esp-idf/bootloader_support/CMakeFiles/__idf_bootloader_support.dir/src/bootloader_clock_loader.c.obj\x1b[0m\n'}
[11.566137] (Ros2_esp32) StdoutLine: {'line': b'[ 55%] \x1b[32mBuilding C object esp-idf/bootloader_support/CMakeFiles/__idf_bootloader_support.dir/src/bootloader_console.c.obj\x1b[0m\n'}
[11.588143] (Ros2_esp32) StdoutLine: {'line': b'[ 55%] \x1b[32mBuilding C object esp-idf/bootloader_support/CMakeFiles/__idf_bootloader_support.dir/src/bootloader_console_loader.c.obj\x1b[0m\n'}
[11.602106] (Ros2_esp32) StdoutLine: {'line': b'[ 56%] \x1b[32mBuilding C object esp-idf/bootloader_support/CMakeFiles/__idf_bootloader_support.dir/src/esp32s3/bootloader_esp32s3.c.obj\x1b[0m\n'}
[11.605064] (Ros2_esp32) StdoutLine: {'line': b'[ 57%] \x1b[32mBuilding C object esp-idf/bootloader_support/CMakeFiles/__idf_bootloader_support.dir/src/esp32s3/bootloader_soc.c.obj\x1b[0m\n'}
[11.606865] (Ros2_esp32) StdoutLine: {'line': b'[  9%] \x1b[32mBuilding C object esp-idf/esp_driver_sdspi/CMakeFiles/__idf_esp_driver_sdspi.dir/src/sdspi_transaction.c.obj\x1b[0m\n'}
[11.630760] (-) TimerEvent: {}
[11.639767] (Ros2_esp32) StdoutLine: {'line': b'[ 58%] \x1b[32mBuilding C object esp-idf/bootloader_support/CMakeFiles/__idf_bootloader_support.dir/src/bootloader_panic.c.obj\x1b[0m\n'}
[11.730905] (-) TimerEvent: {}
[11.800634] (Ros2_esp32) StdoutLine: {'line': b'[  9%] \x1b[32m\x1b[1mLinking C static library libesp_driver_sdspi.a\x1b[0m\n'}
[11.831031] (-) TimerEvent: {}
[11.834371] (Ros2_esp32) StdoutLine: {'line': b'[ 59%] \x1b[32m\x1b[1mLinking C static library libbootloader_support.a\x1b[0m\n'}
[11.839908] (Ros2_esp32) StdoutLine: {'line': b'[  9%] Built target __idf_esp_driver_sdspi\n'}
[11.861424] (Ros2_esp32) StdoutLine: {'line': b'[  9%] \x1b[32mBuilding C object esp-idf/esp_driver_sdmmc/CMakeFiles/__idf_esp_driver_sdmmc.dir/src/sdmmc_transaction.c.obj\x1b[0m\n'}
[11.861677] (Ros2_esp32) StdoutLine: {'line': b'[  9%] \x1b[32mBuilding C object esp-idf/esp_driver_sdmmc/CMakeFiles/__idf_esp_driver_sdmmc.dir/src/sdmmc_host.c.obj\x1b[0m\n'}
[11.889287] (Ros2_esp32) StdoutLine: {'line': b'[ 59%] Built target __idf_bootloader_support\n'}
[11.911508] (Ros2_esp32) StdoutLine: {'line': b'[ 59%] \x1b[32mBuilding C object esp-idf/esp_bootloader_format/CMakeFiles/__idf_esp_bootloader_format.dir/esp_bootloader_desc.c.obj\x1b[0m\n'}
[11.931155] (-) TimerEvent: {}
[11.951424] (Ros2_esp32) StdoutLine: {'line': b'[ 60%] \x1b[32m\x1b[1mLinking C static library libesp_bootloader_format.a\x1b[0m\n'}
[11.990500] (Ros2_esp32) StdoutLine: {'line': b'[ 60%] Built target __idf_esp_bootloader_format\n'}
[12.011848] (Ros2_esp32) StdoutLine: {'line': b'[ 61%] \x1b[32mBuilding C object esp-idf/spi_flash/CMakeFiles/__idf_spi_flash.dir/spi_flash_wrap.c.obj\x1b[0m\n'}
[12.031272] (-) TimerEvent: {}
[12.097491] (Ros2_esp32) StdoutLine: {'line': b'[ 62%] \x1b[32m\x1b[1mLinking C static library libspi_flash.a\x1b[0m\n'}
[12.131419] (-) TimerEvent: {}
[12.136056] (Ros2_esp32) StdoutLine: {'line': b'[ 62%] Built target __idf_spi_flash\n'}
[12.158709] (Ros2_esp32) StdoutLine: {'line': b'[ 64%] \x1b[32mBuilding C object esp-idf/hal/CMakeFiles/__idf_hal.dir/mmu_hal.c.obj\x1b[0m\n'}
[12.159144] (Ros2_esp32) StdoutLine: {'line': b'[ 64%] \x1b[32mBuilding C object esp-idf/hal/CMakeFiles/__idf_hal.dir/cache_hal.c.obj\x1b[0m\n'}
[12.159224] (Ros2_esp32) StdoutLine: {'line': b'[ 64%] \x1b[32mBuilding C object esp-idf/hal/CMakeFiles/__idf_hal.dir/mpu_hal.c.obj\x1b[0m\n'}
[12.159300] (Ros2_esp32) StdoutLine: {'line': b'[ 64%] \x1b[32mBuilding C object esp-idf/hal/CMakeFiles/__idf_hal.dir/hal_utils.c.obj\x1b[0m\n'}
[12.160619] (Ros2_esp32) StdoutLine: {'line': b'[ 67%] \x1b[32mBuilding C object esp-idf/hal/CMakeFiles/__idf_hal.dir/efuse_hal.c.obj\x1b[0m\n'}
[12.160871] (Ros2_esp32) StdoutLine: {'line': b'[ 67%] \x1b[32mBuilding C object esp-idf/hal/CMakeFiles/__idf_hal.dir/esp32s3/efuse_hal.c.obj\x1b[0m\n'}
[12.204827] (Ros2_esp32) StdoutLine: {'line': b'[  9%] \x1b[32m\x1b[1mLinking C static library libesp_driver_sdmmc.a\x1b[0m\n'}
[12.231558] (-) TimerEvent: {}
[12.251705] (Ros2_esp32) StdoutLine: {'line': b'[  9%] Built target __idf_esp_driver_sdmmc\n'}
[12.276727] (Ros2_esp32) StdoutLine: {'line': b'[  9%] \x1b[32mBuilding C object esp-idf/sdmmc/CMakeFiles/__idf_sdmmc.dir/sdmmc_io.c.obj\x1b[0m\n'}
[12.276966] (Ros2_esp32) StdoutLine: {'line': b'[  9%] \x1b[32mBuilding C object esp-idf/sdmmc/CMakeFiles/__idf_sdmmc.dir/sdmmc_common.c.obj\x1b[0m\n'}
[12.277042] (Ros2_esp32) StdoutLine: {'line': b'[  9%] \x1b[32mBuilding C object esp-idf/sdmmc/CMakeFiles/__idf_sdmmc.dir/sdmmc_cmd.c.obj\x1b[0m\n'}
[12.277108] (Ros2_esp32) StdoutLine: {'line': b'[  9%] \x1b[32mBuilding C object esp-idf/sdmmc/CMakeFiles/__idf_sdmmc.dir/sd_pwr_ctrl/sd_pwr_ctrl.c.obj\x1b[0m\n'}
[12.277188] (Ros2_esp32) StdoutLine: {'line': b'[  9%] \x1b[32mBuilding C object esp-idf/sdmmc/CMakeFiles/__idf_sdmmc.dir/sdmmc_mmc.c.obj\x1b[0m\n'}
[12.277259] (Ros2_esp32) StdoutLine: {'line': b'[  9%] \x1b[32mBuilding C object esp-idf/sdmmc/CMakeFiles/__idf_sdmmc.dir/sdmmc_init.c.obj\x1b[0m\n'}
[12.277324] (Ros2_esp32) StdoutLine: {'line': b'[  9%] \x1b[32mBuilding C object esp-idf/sdmmc/CMakeFiles/__idf_sdmmc.dir/sdmmc_sd.c.obj\x1b[0m\n'}
[12.289709] (Ros2_esp32) StdoutLine: {'line': b'[ 68%] \x1b[32m\x1b[1mLinking C static library libhal.a\x1b[0m\n'}
[12.331803] (-) TimerEvent: {}
[12.339809] (Ros2_esp32) StdoutLine: {'line': b'[ 68%] Built target __idf_hal\n'}
[12.368851] (Ros2_esp32) StdoutLine: {'line': b'[ 68%] \x1b[32mBuilding C object esp-idf/micro-ecc/CMakeFiles/__idf_micro-ecc.dir/uECC_verify_antifault.c.obj\x1b[0m\n'}
[12.431913] (-) TimerEvent: {}
[12.502856] (Ros2_esp32) StdoutLine: {'line': b'[ 10%] \x1b[32m\x1b[1mLinking C static library libsdmmc.a\x1b[0m\n'}
[12.532031] (-) TimerEvent: {}
[12.544472] (Ros2_esp32) StdoutLine: {'line': b'[ 10%] Built target __idf_sdmmc\n'}
[12.566886] (Ros2_esp32) StdoutLine: {'line': b'[ 11%] \x1b[32mBuilding C object esp-idf/esp_driver_i2s/CMakeFiles/__idf_esp_driver_i2s.dir/i2s_std.c.obj\x1b[0m\n'}
[12.567164] (Ros2_esp32) StdoutLine: {'line': b'[ 11%] \x1b[32mBuilding C object esp-idf/esp_driver_i2s/CMakeFiles/__idf_esp_driver_i2s.dir/i2s_tdm.c.obj\x1b[0m\n'}
[12.567257] (Ros2_esp32) StdoutLine: {'line': b'[ 11%] \x1b[32mBuilding C object esp-idf/esp_driver_i2s/CMakeFiles/__idf_esp_driver_i2s.dir/i2s_common.c.obj\x1b[0m\n'}
[12.567328] (Ros2_esp32) StdoutLine: {'line': b'[ 11%] \x1b[32mBuilding C object esp-idf/esp_driver_i2s/CMakeFiles/__idf_esp_driver_i2s.dir/i2s_pdm.c.obj\x1b[0m\n'}
[12.569569] (Ros2_esp32) StdoutLine: {'line': b'[ 11%] \x1b[32mBuilding C object esp-idf/esp_driver_i2s/CMakeFiles/__idf_esp_driver_i2s.dir/i2s_platform.c.obj\x1b[0m\n'}
[12.632176] (-) TimerEvent: {}
[12.732668] (-) TimerEvent: {}
[12.833067] (-) TimerEvent: {}
[12.881847] (Ros2_esp32) StdoutLine: {'line': b'[ 11%] \x1b[32m\x1b[1mLinking C static library libesp_driver_i2s.a\x1b[0m\n'}
[12.923281] (Ros2_esp32) StdoutLine: {'line': b'[ 11%] Built target __idf_esp_driver_i2s\n'}
[12.933187] (-) TimerEvent: {}
[12.933792] (Ros2_esp32) StdoutLine: {'line': b'[ 69%] \x1b[32m\x1b[1mLinking C static library libmicro-ecc.a\x1b[0m\n'}
[12.948037] (Ros2_esp32) StdoutLine: {'line': b'[ 11%] \x1b[32mBuilding C object esp-idf/esp_driver_mcpwm/CMakeFiles/__idf_esp_driver_mcpwm.dir/src/mcpwm_cmpr.c.obj\x1b[0m\n'}
[12.948320] (Ros2_esp32) StdoutLine: {'line': b'[ 11%] \x1b[32mBuilding C object esp-idf/esp_driver_mcpwm/CMakeFiles/__idf_esp_driver_mcpwm.dir/src/mcpwm_fault.c.obj\x1b[0m\n'}
[12.948402] (Ros2_esp32) StdoutLine: {'line': b'[ 11%] \x1b[32mBuilding C object esp-idf/esp_driver_mcpwm/CMakeFiles/__idf_esp_driver_mcpwm.dir/src/mcpwm_cap.c.obj\x1b[0m\n'}
[12.948470] (Ros2_esp32) StdoutLine: {'line': b'[ 11%] \x1b[32mBuilding C object esp-idf/esp_driver_mcpwm/CMakeFiles/__idf_esp_driver_mcpwm.dir/src/mcpwm_oper.c.obj\x1b[0m\n'}
[12.948538] (Ros2_esp32) StdoutLine: {'line': b'[ 11%] \x1b[32mBuilding C object esp-idf/esp_driver_mcpwm/CMakeFiles/__idf_esp_driver_mcpwm.dir/src/mcpwm_gen.c.obj\x1b[0m\n'}
[12.948625] (Ros2_esp32) StdoutLine: {'line': b'[ 11%] \x1b[32mBuilding C object esp-idf/esp_driver_mcpwm/CMakeFiles/__idf_esp_driver_mcpwm.dir/src/mcpwm_com.c.obj\x1b[0m\n'}
[12.949629] (Ros2_esp32) StdoutLine: {'line': b'[ 12%] \x1b[32mBuilding C object esp-idf/esp_driver_mcpwm/CMakeFiles/__idf_esp_driver_mcpwm.dir/src/mcpwm_sync.c.obj\x1b[0m\n'}
[12.950880] (Ros2_esp32) StdoutLine: {'line': b'[ 12%] \x1b[32mBuilding C object esp-idf/esp_driver_mcpwm/CMakeFiles/__idf_esp_driver_mcpwm.dir/src/mcpwm_timer.c.obj\x1b[0m\n'}
[12.985410] (Ros2_esp32) StdoutLine: {'line': b'[ 69%] Built target __idf_micro-ecc\n'}
[13.016057] (Ros2_esp32) StdoutLine: {'line': b'[ 70%] \x1b[32mBuilding C object esp-idf/soc/CMakeFiles/__idf_soc.dir/dport_access_common.c.obj\x1b[0m\n'}
[13.016465] (Ros2_esp32) StdoutLine: {'line': b'[ 70%] \x1b[32mBuilding C object esp-idf/soc/CMakeFiles/__idf_soc.dir/esp32s3/gpio_periph.c.obj\x1b[0m\n'}
[13.019058] (Ros2_esp32) StdoutLine: {'line': b'[ 71%] \x1b[32mBuilding C object esp-idf/soc/CMakeFiles/__idf_soc.dir/esp32s3/interrupts.c.obj\x1b[0m\n'}
[13.022772] (Ros2_esp32) StdoutLine: {'line': b'[ 72%] \x1b[32mBuilding C object esp-idf/soc/CMakeFiles/__idf_soc.dir/lldesc.c.obj\x1b[0m\n'}
[13.033338] (-) TimerEvent: {}
[13.075241] (Ros2_esp32) StdoutLine: {'line': b'[ 73%] \x1b[32mBuilding C object esp-idf/soc/CMakeFiles/__idf_soc.dir/esp32s3/uart_periph.c.obj\x1b[0m\n'}
[13.079986] (Ros2_esp32) StdoutLine: {'line': b'[ 74%] \x1b[32mBuilding C object esp-idf/soc/CMakeFiles/__idf_soc.dir/esp32s3/adc_periph.c.obj\x1b[0m\n'}
[13.105737] (Ros2_esp32) StdoutLine: {'line': b'[ 75%] \x1b[32mBuilding C object esp-idf/soc/CMakeFiles/__idf_soc.dir/esp32s3/dedic_gpio_periph.c.obj\x1b[0m\n'}
[13.114795] (Ros2_esp32) StdoutLine: {'line': b'[ 76%] \x1b[32mBuilding C object esp-idf/soc/CMakeFiles/__idf_soc.dir/esp32s3/gdma_periph.c.obj\x1b[0m\n'}
[13.133504] (-) TimerEvent: {}
[13.151815] (Ros2_esp32) StdoutLine: {'line': b'[ 77%] \x1b[32mBuilding C object esp-idf/soc/CMakeFiles/__idf_soc.dir/esp32s3/ledc_periph.c.obj\x1b[0m\n'}
[13.165154] (Ros2_esp32) StdoutLine: {'line': b'[ 77%] \x1b[32mBuilding C object esp-idf/soc/CMakeFiles/__idf_soc.dir/esp32s3/spi_periph.c.obj\x1b[0m\n'}
[13.170062] (Ros2_esp32) StdoutLine: {'line': b'[ 78%] \x1b[32mBuilding C object esp-idf/soc/CMakeFiles/__idf_soc.dir/esp32s3/pcnt_periph.c.obj\x1b[0m\n'}
[13.189611] (Ros2_esp32) StdoutLine: {'line': b'[ 79%] \x1b[32mBuilding C object esp-idf/soc/CMakeFiles/__idf_soc.dir/esp32s3/rmt_periph.c.obj\x1b[0m\n'}
[13.190484] (Ros2_esp32) StdoutLine: {'line': b'[ 80%] \x1b[32mBuilding C object esp-idf/soc/CMakeFiles/__idf_soc.dir/esp32s3/sdm_periph.c.obj\x1b[0m\n'}
[13.190905] (Ros2_esp32) StdoutLine: {'line': b'[ 80%] \x1b[32mBuilding C object esp-idf/soc/CMakeFiles/__idf_soc.dir/esp32s3/i2s_periph.c.obj\x1b[0m\n'}
[13.205873] (Ros2_esp32) StdoutLine: {'line': b'[ 81%] \x1b[32mBuilding C object esp-idf/soc/CMakeFiles/__idf_soc.dir/esp32s3/i2c_periph.c.obj\x1b[0m\n'}
[13.216838] (Ros2_esp32) StdoutLine: {'line': b'[ 82%] \x1b[32mBuilding C object esp-idf/soc/CMakeFiles/__idf_soc.dir/esp32s3/temperature_sensor_periph.c.obj\x1b[0m\n'}
[13.226729] (Ros2_esp32) StdoutLine: {'line': b'[ 83%] \x1b[32mBuilding C object esp-idf/soc/CMakeFiles/__idf_soc.dir/esp32s3/timer_periph.c.obj\x1b[0m\n'}
[13.232007] (Ros2_esp32) StdoutLine: {'line': b'[ 84%] \x1b[32mBuilding C object esp-idf/soc/CMakeFiles/__idf_soc.dir/esp32s3/mcpwm_periph.c.obj\x1b[0m\n'}
[13.233133] (Ros2_esp32) StdoutLine: {'line': b'[ 84%] \x1b[32mBuilding C object esp-idf/soc/CMakeFiles/__idf_soc.dir/esp32s3/lcd_periph.c.obj\x1b[0m\n'}
[13.233692] (-) TimerEvent: {}
[13.244746] (Ros2_esp32) StdoutLine: {'line': b'[ 85%] \x1b[32mBuilding C object esp-idf/soc/CMakeFiles/__idf_soc.dir/esp32s3/mpi_periph.c.obj\x1b[0m\n'}
[13.246770] (Ros2_esp32) StdoutLine: {'line': b'[ 86%] \x1b[32mBuilding C object esp-idf/soc/CMakeFiles/__idf_soc.dir/esp32s3/sdmmc_periph.c.obj\x1b[0m\n'}
[13.259441] (Ros2_esp32) StdoutLine: {'line': b'[ 87%] \x1b[32mBuilding C object esp-idf/soc/CMakeFiles/__idf_soc.dir/esp32s3/touch_sensor_periph.c.obj\x1b[0m\n'}
[13.268553] (Ros2_esp32) StdoutLine: {'line': b'[ 87%] \x1b[32mBuilding C object esp-idf/soc/CMakeFiles/__idf_soc.dir/esp32s3/twai_periph.c.obj\x1b[0m\n'}
[13.275814] (Ros2_esp32) StdoutLine: {'line': b'[ 88%] \x1b[32mBuilding C object esp-idf/soc/CMakeFiles/__idf_soc.dir/esp32s3/wdt_periph.c.obj\x1b[0m\n'}
[13.279667] (Ros2_esp32) StdoutLine: {'line': b'[ 89%] \x1b[32mBuilding C object esp-idf/soc/CMakeFiles/__idf_soc.dir/esp32s3/rtc_io_periph.c.obj\x1b[0m\n'}
[13.280538] (Ros2_esp32) StdoutLine: {'line': b'[ 90%] \x1b[32mBuilding C object esp-idf/soc/CMakeFiles/__idf_soc.dir/esp32s3/usb_dwc_periph.c.obj\x1b[0m\n'}
[13.293512] (Ros2_esp32) StdoutLine: {'line': b'[ 90%] \x1b[32mBuilding C object esp-idf/soc/CMakeFiles/__idf_soc.dir/esp32s3/power_supply_periph.c.obj\x1b[0m\n'}
[13.296078] (Ros2_esp32) StdoutLine: {'line': b'[ 91%] \x1b[32mBuilding C object esp-idf/soc/CMakeFiles/__idf_soc.dir/esp32s3/cam_periph.c.obj\x1b[0m\n'}
[13.325221] (Ros2_esp32) StdoutLine: {'line': b'[ 12%] \x1b[32m\x1b[1mLinking C static library libesp_driver_mcpwm.a\x1b[0m\n'}
[13.327388] (Ros2_esp32) StdoutLine: {'line': b'[ 92%] \x1b[32m\x1b[1mLinking C static library libsoc.a\x1b[0m\n'}
[13.333808] (-) TimerEvent: {}
[13.369924] (Ros2_esp32) StdoutLine: {'line': b'[ 12%] Built target __idf_esp_driver_mcpwm\n'}
[13.379965] (Ros2_esp32) StdoutLine: {'line': b'[ 92%] Built target __idf_soc\n'}
[13.390579] (Ros2_esp32) StdoutLine: {'line': b'[ 12%] \x1b[32mBuilding C object esp-idf/esp_driver_pcnt/CMakeFiles/__idf_esp_driver_pcnt.dir/src/pulse_cnt.c.obj\x1b[0m\n'}
[13.401640] (Ros2_esp32) StdoutLine: {'line': b'[ 93%] \x1b[32mBuilding C object esp-idf/xtensa/CMakeFiles/__idf_xtensa.dir/xt_trax.c.obj\x1b[0m\n'}
[13.401850] (Ros2_esp32) StdoutLine: {'line': b'[ 93%] \x1b[32mBuilding C object esp-idf/xtensa/CMakeFiles/__idf_xtensa.dir/eri.c.obj\x1b[0m\n'}
[13.433927] (-) TimerEvent: {}
[13.444984] (Ros2_esp32) StdoutLine: {'line': b'[ 94%] \x1b[32m\x1b[1mLinking C static library libxtensa.a\x1b[0m\n'}
[13.481400] (Ros2_esp32) StdoutLine: {'line': b'[ 94%] Built target __idf_xtensa\n'}
[13.502486] (Ros2_esp32) StdoutLine: {'line': b'[ 95%] \x1b[32mBuilding C object esp-idf/main/CMakeFiles/__idf_main.dir/bootloader_start.c.obj\x1b[0m\n'}
[13.534042] (-) TimerEvent: {}
[13.551340] (Ros2_esp32) StdoutLine: {'line': b'[ 96%] \x1b[32m\x1b[1mLinking C static library libmain.a\x1b[0m\n'}
[13.587208] (Ros2_esp32) StdoutLine: {'line': b'[ 96%] Built target __idf_main\n'}
[13.607524] (Ros2_esp32) StdoutLine: {'line': b'[ 97%] \x1b[32mBuilding C object CMakeFiles/bootloader.elf.dir/project_elf_src_esp32s3.c.obj\x1b[0m\n'}
[13.630014] (Ros2_esp32) StdoutLine: {'line': b'[ 97%] \x1b[32m\x1b[1mLinking C executable bootloader.elf\x1b[0m\n'}
[13.634164] (-) TimerEvent: {}
[13.646940] (Ros2_esp32) StdoutLine: {'line': b'[ 12%] \x1b[32m\x1b[1mLinking C static library libesp_driver_pcnt.a\x1b[0m\n'}
[13.682920] (Ros2_esp32) StdoutLine: {'line': b'[ 12%] Built target __idf_esp_driver_pcnt\n'}
[13.693465] (Ros2_esp32) StdoutLine: {'line': b'\x1b[35m\x1b[1mScanning dependencies of target __idf_esp_gdbstub\x1b[0m\n'}
[13.708578] (Ros2_esp32) StdoutLine: {'line': b'[ 98%] Built target bootloader.elf\n'}
[13.709158] (Ros2_esp32) StdoutLine: {'line': b'[ 12%] \x1b[32mBuilding C object esp-idf/esp_gdbstub/CMakeFiles/__idf_esp_gdbstub.dir/src/gdbstub.c.obj\x1b[0m\n'}
[13.709318] (Ros2_esp32) StdoutLine: {'line': b'[ 12%] \x1b[32mBuilding C object esp-idf/esp_gdbstub/CMakeFiles/__idf_esp_gdbstub.dir/src/gdbstub_transport.c.obj\x1b[0m\n'}
[13.709390] (Ros2_esp32) StdoutLine: {'line': b'[ 12%] \x1b[32mBuilding C object esp-idf/esp_gdbstub/CMakeFiles/__idf_esp_gdbstub.dir/src/port/xtensa/gdbstub_xtensa.c.obj\x1b[0m\n'}
[13.709459] (Ros2_esp32) StdoutLine: {'line': b'[ 13%] \x1b[32mBuilding C object esp-idf/esp_gdbstub/CMakeFiles/__idf_esp_gdbstub.dir/src/packet.c.obj\x1b[0m\n'}
[13.711975] (Ros2_esp32) StdoutLine: {'line': b'[ 13%] \x1b[32mBuilding ASM object esp-idf/esp_gdbstub/CMakeFiles/__idf_esp_gdbstub.dir/src/port/xtensa/gdbstub-entry.S.obj\x1b[0m\n'}
[13.712225] (Ros2_esp32) StdoutLine: {'line': b'[ 13%] \x1b[32mBuilding ASM object esp-idf/esp_gdbstub/CMakeFiles/__idf_esp_gdbstub.dir/src/port/xtensa/xt_debugexception.S.obj\x1b[0m\n'}
[13.734306] (-) TimerEvent: {}
[13.735730] (Ros2_esp32) StdoutLine: {'line': b'[100%] \x1b[34m\x1b[1mGenerating binary image from built executable\x1b[0m\n'}
[13.819146] (Ros2_esp32) StdoutLine: {'line': b'esptool.py v4.12.dev3\n'}
[13.819422] (Ros2_esp32) StdoutLine: {'line': b'Creating esp32s3 image...\n'}
[13.819522] (Ros2_esp32) StdoutLine: {'line': b'Merged 2 ELF sections\n'}
[13.820473] (Ros2_esp32) StdoutLine: {'line': b'Successfully created esp32s3 image.\n'}
[13.834402] (-) TimerEvent: {}
[13.840876] (Ros2_esp32) StdoutLine: {'line': b'Generated /home/diego/Ros2_esp32/build/Ros2_esp32/bootloader/bootloader.bin\n'}
[13.859214] (Ros2_esp32) StdoutLine: {'line': b'[100%] Built target gen_project_binary\n'}
[13.875200] (Ros2_esp32) StdoutLine: {'line': b'[ 13%] \x1b[32m\x1b[1mLinking C static library libesp_gdbstub.a\x1b[0m\n'}
[13.897912] (Ros2_esp32) StdoutLine: {'line': b'Bootloader binary size 0x5160 bytes. 0x2ea0 bytes (36%) free.\n'}
[13.909625] (Ros2_esp32) StdoutLine: {'line': b'[100%] Built target bootloader_check_size\n'}
[13.913992] (Ros2_esp32) StdoutLine: {'line': b'[ 13%] Built target __idf_esp_gdbstub\n'}
[13.929174] (Ros2_esp32) StdoutLine: {'line': b'[100%] Built target app\n'}
[13.934544] (-) TimerEvent: {}
[13.934980] (Ros2_esp32) StdoutLine: {'line': b'[ 14%] \x1b[32mBuilding C object esp-idf/esp_driver_spi/CMakeFiles/__idf_esp_driver_spi.dir/src/gpspi/spi_slave.c.obj\x1b[0m\n'}
[13.935152] (Ros2_esp32) StdoutLine: {'line': b'[ 14%] \x1b[32mBuilding C object esp-idf/esp_driver_spi/CMakeFiles/__idf_esp_driver_spi.dir/src/gpspi/spi_master.c.obj\x1b[0m\n'}
[13.935231] (Ros2_esp32) StdoutLine: {'line': b'[ 14%] \x1b[32mBuilding C object esp-idf/esp_driver_spi/CMakeFiles/__idf_esp_driver_spi.dir/src/gpspi/spi_common.c.obj\x1b[0m\n'}
[13.935335] (Ros2_esp32) StdoutLine: {'line': b'[ 14%] \x1b[32mBuilding C object esp-idf/esp_driver_spi/CMakeFiles/__idf_esp_driver_spi.dir/src/gpspi/spi_slave_hd.c.obj\x1b[0m\n'}
[13.951639] (Ros2_esp32) StdoutLine: {'line': b"[ 14%] \x1b[34m\x1b[1mNo install step for 'bootloader'\x1b[0m\n"}
[13.980418] (Ros2_esp32) StdoutLine: {'line': b"[ 14%] \x1b[34m\x1b[1mCompleted 'bootloader'\x1b[0m\n"}
[14.015800] (Ros2_esp32) StdoutLine: {'line': b'[ 14%] Built target bootloader\n'}
[14.034673] (-) TimerEvent: {}
[14.135015] (-) TimerEvent: {}
[14.235356] (-) TimerEvent: {}
[14.288870] (Ros2_esp32) StdoutLine: {'line': b'[ 14%] \x1b[32m\x1b[1mLinking C static library libesp_driver_spi.a\x1b[0m\n'}
[14.328409] (Ros2_esp32) StdoutLine: {'line': b'[ 14%] Built target __idf_esp_driver_spi\n'}
[14.335465] (-) TimerEvent: {}
[14.352343] (Ros2_esp32) StdoutLine: {'line': b'[ 14%] \x1b[32mBuilding C object esp-idf/esp_wifi/CMakeFiles/__idf_esp_wifi.dir/src/mesh_event.c.obj\x1b[0m\n'}
[14.352603] (Ros2_esp32) StdoutLine: {'line': b'[ 14%] \x1b[32mBuilding C object esp-idf/esp_wifi/CMakeFiles/__idf_esp_wifi.dir/src/wifi_init.c.obj\x1b[0m\n'}
[14.352717] (Ros2_esp32) StdoutLine: {'line': b'[ 14%] \x1b[32mBuilding C object esp-idf/esp_wifi/CMakeFiles/__idf_esp_wifi.dir/src/smartconfig.c.obj\x1b[0m\n'}
[14.352832] (Ros2_esp32) StdoutLine: {'line': b'[ 14%] \x1b[32mBuilding C object esp-idf/esp_wifi/CMakeFiles/__idf_esp_wifi.dir/src/wifi_default.c.obj\x1b[0m\n'}
[14.352905] (Ros2_esp32) StdoutLine: {'line': b'[ 14%] \x1b[32mBuilding C object esp-idf/esp_wifi/CMakeFiles/__idf_esp_wifi.dir/src/lib_printf.c.obj\x1b[0m\n'}
[14.352977] (Ros2_esp32) StdoutLine: {'line': b'[ 14%] \x1b[32mBuilding C object esp-idf/esp_wifi/CMakeFiles/__idf_esp_wifi.dir/src/wifi_default_ap.c.obj\x1b[0m\n'}
[14.353049] (Ros2_esp32) StdoutLine: {'line': b'[ 14%] \x1b[32mBuilding C object esp-idf/esp_wifi/CMakeFiles/__idf_esp_wifi.dir/src/wifi_netif.c.obj\x1b[0m\n'}
[14.353120] (Ros2_esp32) StdoutLine: {'line': b'[ 14%] \x1b[32mBuilding C object esp-idf/esp_wifi/CMakeFiles/__idf_esp_wifi.dir/regulatory/esp_wifi_regulatory.c.obj\x1b[0m\n'}
[14.353217] (Ros2_esp32) StdoutLine: {'line': b'[ 14%] \x1b[32mBuilding C object esp-idf/esp_wifi/CMakeFiles/__idf_esp_wifi.dir/esp32s3/esp_adapter.c.obj\x1b[0m\n'}
[14.357566] (Ros2_esp32) StdoutLine: {'line': b'[ 15%] \x1b[32mBuilding C object esp-idf/esp_wifi/CMakeFiles/__idf_esp_wifi.dir/src/smartconfig_ack.c.obj\x1b[0m\n'}
[14.435602] (-) TimerEvent: {}
[14.536104] (-) TimerEvent: {}
[14.542062] (Ros2_esp32) StdoutLine: {'line': b'[ 15%] \x1b[32m\x1b[1mLinking C static library libesp_wifi.a\x1b[0m\n'}
[14.583519] (Ros2_esp32) StdoutLine: {'line': b'[ 15%] Built target __idf_esp_wifi\n'}
[14.603517] (Ros2_esp32) StdoutLine: {'line': b'[ 15%] \x1b[32mBuilding C object esp-idf/esp_coex/CMakeFiles/__idf_esp_coex.dir/src/coexist_debug_diagram.c.obj\x1b[0m\n'}
[14.603769] (Ros2_esp32) StdoutLine: {'line': b'[ 15%] \x1b[32mBuilding C object esp-idf/esp_coex/CMakeFiles/__idf_esp_coex.dir/src/coexist_debug.c.obj\x1b[0m\n'}
[14.603841] (Ros2_esp32) StdoutLine: {'line': b'[ 15%] \x1b[32mBuilding C object esp-idf/esp_coex/CMakeFiles/__idf_esp_coex.dir/esp32s3/esp_coex_adapter.c.obj\x1b[0m\n'}
[14.636233] (-) TimerEvent: {}
[14.698769] (Ros2_esp32) StdoutLine: {'line': b'[ 15%] \x1b[32m\x1b[1mLinking C static library libesp_coex.a\x1b[0m\n'}
[14.733691] (Ros2_esp32) StdoutLine: {'line': b'[ 15%] Built target __idf_esp_coex\n'}
[14.736329] (-) TimerEvent: {}
[14.761841] (Ros2_esp32) StdoutLine: {'line': b'[ 15%] \x1b[32mBuilding C object esp-idf/wpa_supplicant/CMakeFiles/__idf_wpa_supplicant.dir/port/os_xtensa.c.obj\x1b[0m\n'}
[14.762182] (Ros2_esp32) StdoutLine: {'line': b'[ 15%] \x1b[32mBuilding C object esp-idf/wpa_supplicant/CMakeFiles/__idf_wpa_supplicant.dir/src/ap/wpa_auth.c.obj\x1b[0m\n'}
[14.762295] (Ros2_esp32) StdoutLine: {'line': b'[ 15%] \x1b[32mBuilding C object esp-idf/wpa_supplicant/CMakeFiles/__idf_wpa_supplicant.dir/src/ap/ap_config.c.obj\x1b[0m\n'}
[14.762369] (Ros2_esp32) StdoutLine: {'line': b'[ 15%] \x1b[32mBuilding C object esp-idf/wpa_supplicant/CMakeFiles/__idf_wpa_supplicant.dir/src/ap/sta_info.c.obj\x1b[0m\n'}
[14.762843] (Ros2_esp32) StdoutLine: {'line': b'[ 15%] \x1b[32mBuilding C object esp-idf/wpa_supplicant/CMakeFiles/__idf_wpa_supplicant.dir/src/ap/ieee802_1x.c.obj\x1b[0m\n'}
[14.762963] (Ros2_esp32) StdoutLine: {'line': b'[ 16%] \x1b[32mBuilding C object esp-idf/wpa_supplicant/CMakeFiles/__idf_wpa_supplicant.dir/src/ap/pmksa_cache_auth.c.obj\x1b[0m\n'}
[14.763165] (Ros2_esp32) StdoutLine: {'line': b'[ 16%] \x1b[32mBuilding C object esp-idf/wpa_supplicant/CMakeFiles/__idf_wpa_supplicant.dir/src/ap/wpa_auth_ie.c.obj\x1b[0m\n'}
[14.763363] (Ros2_esp32) StdoutLine: {'line': b'[ 16%] \x1b[32mBuilding C object esp-idf/wpa_supplicant/CMakeFiles/__idf_wpa_supplicant.dir/src/ap/comeback_token.c.obj\x1b[0m\n'}
[14.763528] (Ros2_esp32) StdoutLine: {'line': b'[ 16%] \x1b[32mBuilding C object esp-idf/wpa_supplicant/CMakeFiles/__idf_wpa_supplicant.dir/src/ap/ieee802_11.c.obj\x1b[0m\n'}
[14.763735] (Ros2_esp32) StdoutLine: {'line': b'[ 16%] \x1b[32mBuilding C object esp-idf/wpa_supplicant/CMakeFiles/__idf_wpa_supplicant.dir/src/common/sae.c.obj\x1b[0m\n'}
[14.764808] (Ros2_esp32) StdoutLine: {'line': b'[ 16%] \x1b[32mBuilding C object esp-idf/wpa_supplicant/CMakeFiles/__idf_wpa_supplicant.dir/port/eloop.c.obj\x1b[0m\n'}
[14.766491] (Ros2_esp32) StdoutLine: {'line': b'[ 16%] \x1b[32mBuilding C object esp-idf/wpa_supplicant/CMakeFiles/__idf_wpa_supplicant.dir/src/common/dragonfly.c.obj\x1b[0m\n'}
[14.836752] (-) TimerEvent: {}
[14.936877] (Ros2_esp32) StdoutLine: {'line': b'[ 16%] \x1b[32mBuilding C object esp-idf/wpa_supplicant/CMakeFiles/__idf_wpa_supplicant.dir/src/utils/bitfield.c.obj\x1b[0m\n'}
[14.937336] (-) TimerEvent: {}
[14.941177] (Ros2_esp32) StdoutLine: {'line': b'[ 16%] \x1b[32mBuilding C object esp-idf/wpa_supplicant/CMakeFiles/__idf_wpa_supplicant.dir/src/common/wpa_common.c.obj\x1b[0m\n'}
[14.957894] (Ros2_esp32) StdoutLine: {'line': b'[ 16%] \x1b[32mBuilding C object esp-idf/wpa_supplicant/CMakeFiles/__idf_wpa_supplicant.dir/src/crypto/aes-siv.c.obj\x1b[0m\n'}
[14.961583] (Ros2_esp32) StdoutLine: {'line': b'[ 17%] \x1b[32mBuilding C object esp-idf/wpa_supplicant/CMakeFiles/__idf_wpa_supplicant.dir/src/crypto/sha256-kdf.c.obj\x1b[0m\n'}
[14.971857] (Ros2_esp32) StdoutLine: {'line': b'[ 17%] \x1b[32mBuilding C object esp-idf/wpa_supplicant/CMakeFiles/__idf_wpa_supplicant.dir/src/crypto/ccmp.c.obj\x1b[0m\n'}
[14.986888] (Ros2_esp32) StdoutLine: {'line': b'[ 17%] \x1b[32mBuilding C object esp-idf/wpa_supplicant/CMakeFiles/__idf_wpa_supplicant.dir/src/crypto/aes-gcm.c.obj\x1b[0m\n'}
[14.995434] (Ros2_esp32) StdoutLine: {'line': b'[ 17%] \x1b[32mBuilding C object esp-idf/wpa_supplicant/CMakeFiles/__idf_wpa_supplicant.dir/src/crypto/crypto_ops.c.obj\x1b[0m\n'}
[15.008734] (Ros2_esp32) StdoutLine: {'line': b'[ 17%] \x1b[32mBuilding C object esp-idf/wpa_supplicant/CMakeFiles/__idf_wpa_supplicant.dir/src/crypto/dh_group5.c.obj\x1b[0m\n'}
[15.037503] (-) TimerEvent: {}
[15.068128] (Ros2_esp32) StdoutLine: {'line': b'[ 17%] \x1b[32mBuilding C object esp-idf/wpa_supplicant/CMakeFiles/__idf_wpa_supplicant.dir/src/crypto/dh_groups.c.obj\x1b[0m\n'}
[15.069639] (Ros2_esp32) StdoutLine: {'line': b'[ 17%] \x1b[32mBuilding C object esp-idf/wpa_supplicant/CMakeFiles/__idf_wpa_supplicant.dir/src/crypto/ms_funcs.c.obj\x1b[0m\n'}
[15.098291] (Ros2_esp32) StdoutLine: {'line': b'[ 17%] \x1b[32mBuilding C object esp-idf/wpa_supplicant/CMakeFiles/__idf_wpa_supplicant.dir/src/crypto/sha1-tlsprf.c.obj\x1b[0m\n'}
[15.106736] (Ros2_esp32) StdoutLine: {'line': b'[ 17%] \x1b[32mBuilding C object esp-idf/wpa_supplicant/CMakeFiles/__idf_wpa_supplicant.dir/src/crypto/sha256-tlsprf.c.obj\x1b[0m\n'}
[15.137883] (Ros2_esp32) StdoutLine: {'line': b'[ 17%] \x1b[32mBuilding C object esp-idf/wpa_supplicant/CMakeFiles/__idf_wpa_supplicant.dir/src/crypto/sha384-tlsprf.c.obj\x1b[0m\n'}
[15.138187] (-) TimerEvent: {}
[15.143789] (Ros2_esp32) StdoutLine: {'line': b'[ 17%] \x1b[32mBuilding C object esp-idf/wpa_supplicant/CMakeFiles/__idf_wpa_supplicant.dir/src/crypto/sha256-prf.c.obj\x1b[0m\n'}
[15.172086] (Ros2_esp32) StdoutLine: {'line': b'[ 18%] \x1b[32mBuilding C object esp-idf/wpa_supplicant/CMakeFiles/__idf_wpa_supplicant.dir/src/crypto/sha1-prf.c.obj\x1b[0m\n'}
[15.187788] (Ros2_esp32) StdoutLine: {'line': b'[ 18%] \x1b[32mBuilding C object esp-idf/wpa_supplicant/CMakeFiles/__idf_wpa_supplicant.dir/src/crypto/sha384-prf.c.obj\x1b[0m\n'}
[15.219357] (Ros2_esp32) StdoutLine: {'line': b'[ 18%] \x1b[32mBuilding C object esp-idf/wpa_supplicant/CMakeFiles/__idf_wpa_supplicant.dir/src/crypto/md4-internal.c.obj\x1b[0m\n'}
[15.238364] (-) TimerEvent: {}
[15.240348] (Ros2_esp32) StdoutLine: {'line': b'[ 18%] \x1b[32mBuilding C object esp-idf/wpa_supplicant/CMakeFiles/__idf_wpa_supplicant.dir/src/crypto/sha1-tprf.c.obj\x1b[0m\n'}
[15.269773] (Ros2_esp32) StdoutLine: {'line': b'[ 18%] \x1b[32mBuilding C object esp-idf/wpa_supplicant/CMakeFiles/__idf_wpa_supplicant.dir/src/eap_common/eap_wsc_common.c.obj\x1b[0m\n'}
[15.270155] (Ros2_esp32) StdoutLine: {'line': b'[ 18%] \x1b[32mBuilding C object esp-idf/wpa_supplicant/CMakeFiles/__idf_wpa_supplicant.dir/src/common/ieee802_11_common.c.obj\x1b[0m\n'}
[15.273388] (Ros2_esp32) StdoutLine: {'line': b'[ 18%] \x1b[32mBuilding C object esp-idf/wpa_supplicant/CMakeFiles/__idf_wpa_supplicant.dir/src/eap_peer/chap.c.obj\x1b[0m\n'}
[15.290851] (Ros2_esp32) StdoutLine: {'line': b'[ 18%] \x1b[32mBuilding C object esp-idf/wpa_supplicant/CMakeFiles/__idf_wpa_supplicant.dir/src/eap_peer/eap.c.obj\x1b[0m\n'}
[15.291227] (Ros2_esp32) StdoutLine: {'line': b'[ 18%] \x1b[32mBuilding C object esp-idf/wpa_supplicant/CMakeFiles/__idf_wpa_supplicant.dir/src/eap_peer/eap_common.c.obj\x1b[0m\n'}
[15.317266] (Ros2_esp32) StdoutLine: {'line': b'[ 18%] \x1b[32mBuilding C object esp-idf/wpa_supplicant/CMakeFiles/__idf_wpa_supplicant.dir/src/eap_peer/eap_mschapv2.c.obj\x1b[0m\n'}
[15.325214] (Ros2_esp32) StdoutLine: {'line': b'[ 18%] \x1b[32mBuilding C object esp-idf/wpa_supplicant/CMakeFiles/__idf_wpa_supplicant.dir/src/eap_peer/eap_peap.c.obj\x1b[0m\n'}
[15.338877] (-) TimerEvent: {}
[15.339934] (Ros2_esp32) StdoutLine: {'line': b'[ 19%] \x1b[32mBuilding C object esp-idf/wpa_supplicant/CMakeFiles/__idf_wpa_supplicant.dir/src/eap_peer/eap_peap_common.c.obj\x1b[0m\n'}
[15.350584] (Ros2_esp32) StdoutLine: {'line': b'[ 19%] \x1b[32mBuilding C object esp-idf/wpa_supplicant/CMakeFiles/__idf_wpa_supplicant.dir/src/eap_peer/eap_tls.c.obj\x1b[0m\n'}
[15.400830] (Ros2_esp32) StdoutLine: {'line': b'[ 19%] \x1b[32mBuilding C object esp-idf/wpa_supplicant/CMakeFiles/__idf_wpa_supplicant.dir/src/eap_peer/eap_tls_common.c.obj\x1b[0m\n'}
[15.411172] (Ros2_esp32) StdoutLine: {'line': b'[ 19%] \x1b[32mBuilding C object esp-idf/wpa_supplicant/CMakeFiles/__idf_wpa_supplicant.dir/src/eap_peer/eap_ttls.c.obj\x1b[0m\n'}
[15.416969] (Ros2_esp32) StdoutLine: {'line': b'[ 19%] \x1b[32mBuilding C object esp-idf/wpa_supplicant/CMakeFiles/__idf_wpa_supplicant.dir/src/eap_peer/mschapv2.c.obj\x1b[0m\n'}
[15.417474] (Ros2_esp32) StdoutLine: {'line': b'[ 19%] \x1b[32mBuilding C object esp-idf/wpa_supplicant/CMakeFiles/__idf_wpa_supplicant.dir/src/eap_peer/eap_fast.c.obj\x1b[0m\n'}
[15.418085] (Ros2_esp32) StdoutLine: {'line': b'[ 19%] \x1b[32mBuilding C object esp-idf/wpa_supplicant/CMakeFiles/__idf_wpa_supplicant.dir/src/eap_peer/eap_fast_common.c.obj\x1b[0m\n'}
[15.440308] (-) TimerEvent: {}
[15.468939] (Ros2_esp32) StdoutLine: {'line': b'[ 19%] \x1b[32mBuilding C object esp-idf/wpa_supplicant/CMakeFiles/__idf_wpa_supplicant.dir/src/eap_peer/eap_fast_pac.c.obj\x1b[0m\n'}
[15.484859] (Ros2_esp32) StdoutLine: {'line': b'[ 19%] \x1b[32mBuilding C object esp-idf/wpa_supplicant/CMakeFiles/__idf_wpa_supplicant.dir/src/rsn_supp/pmksa_cache.c.obj\x1b[0m\n'}
[15.501760] (Ros2_esp32) StdoutLine: {'line': b'[ 19%] \x1b[32mBuilding C object esp-idf/wpa_supplicant/CMakeFiles/__idf_wpa_supplicant.dir/src/rsn_supp/wpa.c.obj\x1b[0m\n'}
[15.540459] (-) TimerEvent: {}
[15.562737] (Ros2_esp32) StdoutLine: {'line': b'[ 19%] \x1b[32mBuilding C object esp-idf/wpa_supplicant/CMakeFiles/__idf_wpa_supplicant.dir/src/rsn_supp/wpa_ie.c.obj\x1b[0m\n'}
[15.564897] (Ros2_esp32) StdoutLine: {'line': b'[ 20%] \x1b[32mBuilding C object esp-idf/wpa_supplicant/CMakeFiles/__idf_wpa_supplicant.dir/src/utils/base64.c.obj\x1b[0m\n'}
[15.578126] (Ros2_esp32) StdoutLine: {'line': b'[ 20%] \x1b[32mBuilding C object esp-idf/wpa_supplicant/CMakeFiles/__idf_wpa_supplicant.dir/src/utils/common.c.obj\x1b[0m\n'}
[15.615703] (Ros2_esp32) StdoutLine: {'line': b'[ 20%] \x1b[32mBuilding C object esp-idf/wpa_supplicant/CMakeFiles/__idf_wpa_supplicant.dir/src/utils/ext_password.c.obj\x1b[0m\n'}
[15.618843] (Ros2_esp32) StdoutLine: {'line': b'[ 20%] \x1b[32mBuilding C object esp-idf/wpa_supplicant/CMakeFiles/__idf_wpa_supplicant.dir/src/utils/uuid.c.obj\x1b[0m\n'}
[15.640604] (-) TimerEvent: {}
[15.695687] (Ros2_esp32) StdoutLine: {'line': b'[ 20%] \x1b[32mBuilding C object esp-idf/wpa_supplicant/CMakeFiles/__idf_wpa_supplicant.dir/src/utils/wpabuf.c.obj\x1b[0m\n'}
[15.705423] (Ros2_esp32) StdoutLine: {'line': b'[ 20%] \x1b[32mBuilding C object esp-idf/wpa_supplicant/CMakeFiles/__idf_wpa_supplicant.dir/src/utils/wpa_debug.c.obj\x1b[0m\n'}
[15.708314] (Ros2_esp32) StdoutLine: {'line': b'[ 20%] \x1b[32mBuilding C object esp-idf/wpa_supplicant/CMakeFiles/__idf_wpa_supplicant.dir/src/utils/json.c.obj\x1b[0m\n'}
[15.740749] (-) TimerEvent: {}
[15.753027] (Ros2_esp32) StdoutLine: {'line': b'[ 20%] \x1b[32mBuilding C object esp-idf/wpa_supplicant/CMakeFiles/__idf_wpa_supplicant.dir/src/wps/wps.c.obj\x1b[0m\n'}
[15.771608] (Ros2_esp32) StdoutLine: {'line': b'[ 20%] \x1b[32mBuilding C object esp-idf/wpa_supplicant/CMakeFiles/__idf_wpa_supplicant.dir/src/wps/wps_attr_build.c.obj\x1b[0m\n'}
[15.775858] (Ros2_esp32) StdoutLine: {'line': b'[ 20%] \x1b[32mBuilding C object esp-idf/wpa_supplicant/CMakeFiles/__idf_wpa_supplicant.dir/src/wps/wps_attr_parse.c.obj\x1b[0m\n'}
[15.782239] (Ros2_esp32) StdoutLine: {'line': b'[ 20%] \x1b[32mBuilding C object esp-idf/wpa_supplicant/CMakeFiles/__idf_wpa_supplicant.dir/src/wps/wps_attr_process.c.obj\x1b[0m\n'}
[15.790155] (Ros2_esp32) StdoutLine: {'line': b'[ 21%] \x1b[32mBuilding C object esp-idf/wpa_supplicant/CMakeFiles/__idf_wpa_supplicant.dir/src/wps/wps_common.c.obj\x1b[0m\n'}
[15.833746] (Ros2_esp32) StdoutLine: {'line': b'[ 21%] \x1b[32mBuilding C object esp-idf/wpa_supplicant/CMakeFiles/__idf_wpa_supplicant.dir/src/wps/wps_dev_attr.c.obj\x1b[0m\n'}
[15.840911] (-) TimerEvent: {}
[15.870536] (Ros2_esp32) StdoutLine: {'line': b'[ 21%] \x1b[32mBuilding C object esp-idf/wpa_supplicant/CMakeFiles/__idf_wpa_supplicant.dir/src/wps/wps_enrollee.c.obj\x1b[0m\n'}
[15.874486] (Ros2_esp32) StdoutLine: {'line': b'[ 21%] \x1b[32mBuilding C object esp-idf/wpa_supplicant/CMakeFiles/__idf_wpa_supplicant.dir/src/common/sae_pk.c.obj\x1b[0m\n'}
[15.877167] (Ros2_esp32) StdoutLine: {'line': b'[ 21%] \x1b[32mBuilding C object esp-idf/wpa_supplicant/CMakeFiles/__idf_wpa_supplicant.dir/esp_supplicant/src/esp_eap_client.c.obj\x1b[0m\n'}
[15.941084] (-) TimerEvent: {}
[15.959167] (Ros2_esp32) StdoutLine: {'line': b'[ 21%] \x1b[32mBuilding C object esp-idf/wpa_supplicant/CMakeFiles/__idf_wpa_supplicant.dir/esp_supplicant/src/esp_wpa2_api_port.c.obj\x1b[0m\n'}
[15.969283] (Ros2_esp32) StdoutLine: {'line': b'[ 21%] \x1b[32mBuilding C object esp-idf/wpa_supplicant/CMakeFiles/__idf_wpa_supplicant.dir/esp_supplicant/src/esp_wpa_main.c.obj\x1b[0m\n'}
[15.986475] (Ros2_esp32) StdoutLine: {'line': b'[ 21%] \x1b[32mBuilding C object esp-idf/wpa_supplicant/CMakeFiles/__idf_wpa_supplicant.dir/esp_supplicant/src/esp_wpas_glue.c.obj\x1b[0m\n'}
[16.012436] (Ros2_esp32) StdoutLine: {'line': b'[ 21%] \x1b[32mBuilding C object esp-idf/wpa_supplicant/CMakeFiles/__idf_wpa_supplicant.dir/esp_supplicant/src/esp_common.c.obj\x1b[0m\n'}
[16.043768] (-) TimerEvent: {}
[16.048892] (Ros2_esp32) StdoutLine: {'line': b'[ 21%] \x1b[32mBuilding C object esp-idf/wpa_supplicant/CMakeFiles/__idf_wpa_supplicant.dir/esp_supplicant/src/esp_wps.c.obj\x1b[0m\n'}
[16.054090] (Ros2_esp32) StdoutLine: {'line': b'[ 21%] \x1b[32mBuilding C object esp-idf/wpa_supplicant/CMakeFiles/__idf_wpa_supplicant.dir/esp_supplicant/src/esp_wpa3.c.obj\x1b[0m\n'}
[16.061242] (Ros2_esp32) StdoutLine: {'line': b'[ 22%] \x1b[32mBuilding C object esp-idf/wpa_supplicant/CMakeFiles/__idf_wpa_supplicant.dir/esp_supplicant/src/esp_owe.c.obj\x1b[0m\n'}
[16.074449] (Ros2_esp32) StdoutLine: {'line': b'[ 22%] \x1b[32mBuilding C object esp-idf/wpa_supplicant/CMakeFiles/__idf_wpa_supplicant.dir/esp_supplicant/src/esp_hostap.c.obj\x1b[0m\n'}
[16.090211] (Ros2_esp32) StdoutLine: {'line': b'[ 22%] \x1b[32mBuilding C object esp-idf/wpa_supplicant/CMakeFiles/__idf_wpa_supplicant.dir/esp_supplicant/src/crypto/tls_mbedtls.c.obj\x1b[0m\n'}
[16.104847] (Ros2_esp32) StdoutLine: {'line': b'[ 22%] \x1b[32mBuilding C object esp-idf/wpa_supplicant/CMakeFiles/__idf_wpa_supplicant.dir/esp_supplicant/src/crypto/crypto_mbedtls.c.obj\x1b[0m\n'}
[16.143900] (-) TimerEvent: {}
[16.148794] (Ros2_esp32) StdoutLine: {'line': b'[ 22%] \x1b[32mBuilding C object esp-idf/wpa_supplicant/CMakeFiles/__idf_wpa_supplicant.dir/esp_supplicant/src/crypto/crypto_mbedtls-bignum.c.obj\x1b[0m\n'}
[16.171793] (Ros2_esp32) StdoutLine: {'line': b'[ 22%] \x1b[32mBuilding C object esp-idf/wpa_supplicant/CMakeFiles/__idf_wpa_supplicant.dir/esp_supplicant/src/crypto/crypto_mbedtls-rsa.c.obj\x1b[0m\n'}
[16.207767] (Ros2_esp32) StdoutLine: {'line': b'[ 22%] \x1b[32mBuilding C object esp-idf/wpa_supplicant/CMakeFiles/__idf_wpa_supplicant.dir/esp_supplicant/src/crypto/crypto_mbedtls-ec.c.obj\x1b[0m\n'}
[16.215199] (Ros2_esp32) StdoutLine: {'line': b'[ 22%] \x1b[32mBuilding C object esp-idf/wpa_supplicant/CMakeFiles/__idf_wpa_supplicant.dir/esp_supplicant/src/crypto/fastpsk.c.obj\x1b[0m\n'}
[16.235116] (Ros2_esp32) StdoutLine: {'line': b'[ 22%] \x1b[32mBuilding C object esp-idf/wpa_supplicant/CMakeFiles/__idf_wpa_supplicant.dir/src/crypto/rc4.c.obj\x1b[0m\n'}
[16.244036] (-) TimerEvent: {}
[16.249898] (Ros2_esp32) StdoutLine: {'line': b'[ 22%] \x1b[32mBuilding C object esp-idf/wpa_supplicant/CMakeFiles/__idf_wpa_supplicant.dir/src/crypto/des-internal.c.obj\x1b[0m\n'}
[16.327342] (Ros2_esp32) StdoutLine: {'line': b'[ 23%] \x1b[32mBuilding C object esp-idf/wpa_supplicant/CMakeFiles/__idf_wpa_supplicant.dir/src/crypto/aes-wrap.c.obj\x1b[0m\n'}
[16.344182] (-) TimerEvent: {}
[16.352132] (Ros2_esp32) StdoutLine: {'line': b'[ 23%] \x1b[32mBuilding C object esp-idf/wpa_supplicant/CMakeFiles/__idf_wpa_supplicant.dir/src/crypto/aes-unwrap.c.obj\x1b[0m\n'}
[16.358993] (Ros2_esp32) StdoutLine: {'line': b'[ 23%] \x1b[32mBuilding C object esp-idf/wpa_supplicant/CMakeFiles/__idf_wpa_supplicant.dir/src/crypto/aes-ccm.c.obj\x1b[0m\n'}
[16.444316] (-) TimerEvent: {}
[16.544718] (-) TimerEvent: {}
[16.571079] (Ros2_esp32) StdoutLine: {'line': b'[ 23%] \x1b[32m\x1b[1mLinking C static library libwpa_supplicant.a\x1b[0m\n'}
[16.644824] (-) TimerEvent: {}
[16.684410] (Ros2_esp32) StdoutLine: {'line': b'[ 23%] Built target __idf_wpa_supplicant\n'}
[16.707517] (Ros2_esp32) StdoutLine: {'line': b'[ 24%] \x1b[32mBuilding C object esp-idf/esp_netif/CMakeFiles/__idf_esp_netif.dir/lwip/esp_netif_sntp.c.obj\x1b[0m\n'}
[16.707892] (Ros2_esp32) StdoutLine: {'line': b'[ 24%] \x1b[32mBuilding C object esp-idf/esp_netif/CMakeFiles/__idf_esp_netif.dir/esp_netif_objects.c.obj\x1b[0m\n'}
[16.707996] (Ros2_esp32) StdoutLine: {'line': b'[ 24%] \x1b[32mBuilding C object esp-idf/esp_netif/CMakeFiles/__idf_esp_netif.dir/lwip/netif/ethernetif.c.obj\x1b[0m\n'}
[16.708066] (Ros2_esp32) StdoutLine: {'line': b'[ 24%] \x1b[32mBuilding C object esp-idf/esp_netif/CMakeFiles/__idf_esp_netif.dir/lwip/esp_netif_lwip.c.obj\x1b[0m\n'}
[16.708134] (Ros2_esp32) StdoutLine: {'line': b'[ 24%] \x1b[32mBuilding C object esp-idf/esp_netif/CMakeFiles/__idf_esp_netif.dir/esp_netif_defaults.c.obj\x1b[0m\n'}
[16.708201] (Ros2_esp32) StdoutLine: {'line': b'[ 24%] \x1b[32mBuilding C object esp-idf/esp_netif/CMakeFiles/__idf_esp_netif.dir/esp_netif_handlers.c.obj\x1b[0m\n'}
[16.708269] (Ros2_esp32) StdoutLine: {'line': b'[ 24%] \x1b[32mBuilding C object esp-idf/esp_netif/CMakeFiles/__idf_esp_netif.dir/lwip/netif/wlanif.c.obj\x1b[0m\n'}
[16.708494] (Ros2_esp32) StdoutLine: {'line': b'[ 24%] \x1b[32mBuilding C object esp-idf/esp_netif/CMakeFiles/__idf_esp_netif.dir/lwip/esp_netif_lwip_defaults.c.obj\x1b[0m\n'}
[16.710004] (Ros2_esp32) StdoutLine: {'line': b'[ 24%] \x1b[32mBuilding C object esp-idf/esp_netif/CMakeFiles/__idf_esp_netif.dir/lwip/netif/esp_pbuf_ref.c.obj\x1b[0m\n'}
[16.746750] (-) TimerEvent: {}
[16.847280] (-) TimerEvent: {}
[16.947625] (-) TimerEvent: {}
[17.047924] (-) TimerEvent: {}
[17.148250] (-) TimerEvent: {}
[17.168071] (Ros2_esp32) StdoutLine: {'line': b'[ 24%] \x1b[32m\x1b[1mLinking C static library libesp_netif.a\x1b[0m\n'}
[17.209930] (Ros2_esp32) StdoutLine: {'line': b'[ 24%] Built target __idf_esp_netif\n'}
[17.238840] (Ros2_esp32) StdoutLine: {'line': b'[ 24%] \x1b[32mBuilding C object esp-idf/lwip/CMakeFiles/__idf_lwip.dir/lwip/src/api/if_api.c.obj\x1b[0m\n'}
[17.239410] (Ros2_esp32) StdoutLine: {'line': b'[ 24%] \x1b[32mBuilding C object esp-idf/lwip/CMakeFiles/__idf_lwip.dir/lwip/src/api/netbuf.c.obj\x1b[0m\n'}
[17.239523] (Ros2_esp32) StdoutLine: {'line': b'[ 24%] \x1b[32mBuilding C object esp-idf/lwip/CMakeFiles/__idf_lwip.dir/lwip/src/api/api_msg.c.obj\x1b[0m\n'}
[17.239640] (Ros2_esp32) StdoutLine: {'line': b'[ 24%] \x1b[32mBuilding C object esp-idf/lwip/CMakeFiles/__idf_lwip.dir/lwip/src/api/api_lib.c.obj\x1b[0m\n'}
[17.239815] (Ros2_esp32) StdoutLine: {'line': b'[ 24%] \x1b[32mBuilding C object esp-idf/lwip/CMakeFiles/__idf_lwip.dir/apps/sntp/sntp.c.obj\x1b[0m\n'}
[17.239890] (Ros2_esp32) StdoutLine: {'line': b'[ 25%] \x1b[32mBuilding C object esp-idf/lwip/CMakeFiles/__idf_lwip.dir/lwip/src/api/sockets.c.obj\x1b[0m\n'}
[17.239962] (Ros2_esp32) StdoutLine: {'line': b'[ 25%] \x1b[32mBuilding C object esp-idf/lwip/CMakeFiles/__idf_lwip.dir/lwip/src/api/netdb.c.obj\x1b[0m\n'}
[17.240033] (Ros2_esp32) StdoutLine: {'line': b'[ 25%] \x1b[32mBuilding C object esp-idf/lwip/CMakeFiles/__idf_lwip.dir/lwip/src/api/err.c.obj\x1b[0m\n'}
[17.240106] (Ros2_esp32) StdoutLine: {'line': b'[ 25%] \x1b[32mBuilding C object esp-idf/lwip/CMakeFiles/__idf_lwip.dir/lwip/src/api/netifapi.c.obj\x1b[0m\n'}
[17.240241] (Ros2_esp32) StdoutLine: {'line': b'[ 25%] \x1b[32mBuilding C object esp-idf/lwip/CMakeFiles/__idf_lwip.dir/lwip/src/api/tcpip.c.obj\x1b[0m\n'}
[17.240314] (Ros2_esp32) StdoutLine: {'line': b'[ 25%] \x1b[32mBuilding C object esp-idf/lwip/CMakeFiles/__idf_lwip.dir/lwip/src/apps/netbiosns/netbiosns.c.obj\x1b[0m\n'}
[17.240388] (Ros2_esp32) StdoutLine: {'line': b'[ 25%] \x1b[32mBuilding C object esp-idf/lwip/CMakeFiles/__idf_lwip.dir/lwip/src/apps/sntp/sntp.c.obj\x1b[0m\n'}
[17.248408] (-) TimerEvent: {}
[17.350583] (-) TimerEvent: {}
[17.382869] (Ros2_esp32) StdoutLine: {'line': b'[ 25%] \x1b[32mBuilding C object esp-idf/lwip/CMakeFiles/__idf_lwip.dir/lwip/src/core/def.c.obj\x1b[0m\n'}
[17.384969] (Ros2_esp32) StdoutLine: {'line': b'[ 26%] \x1b[32mBuilding C object esp-idf/lwip/CMakeFiles/__idf_lwip.dir/lwip/src/core/dns.c.obj\x1b[0m\n'}
[17.386250] (Ros2_esp32) StdoutLine: {'line': b'[ 26%] \x1b[32mBuilding C object esp-idf/lwip/CMakeFiles/__idf_lwip.dir/lwip/src/core/inet_chksum.c.obj\x1b[0m\n'}
[17.406423] (Ros2_esp32) StdoutLine: {'line': b'[ 26%] \x1b[32mBuilding C object esp-idf/lwip/CMakeFiles/__idf_lwip.dir/lwip/src/core/init.c.obj\x1b[0m\n'}
[17.413739] (Ros2_esp32) StdoutLine: {'line': b'[ 26%] \x1b[32mBuilding C object esp-idf/lwip/CMakeFiles/__idf_lwip.dir/lwip/src/core/ip.c.obj\x1b[0m\n'}
[17.423352] (Ros2_esp32) StdoutLine: {'line': b'[ 26%] \x1b[32mBuilding C object esp-idf/lwip/CMakeFiles/__idf_lwip.dir/lwip/src/core/mem.c.obj\x1b[0m\n'}
[17.429838] (Ros2_esp32) StdoutLine: {'line': b'[ 26%] \x1b[32mBuilding C object esp-idf/lwip/CMakeFiles/__idf_lwip.dir/lwip/src/core/memp.c.obj\x1b[0m\n'}
[17.431841] (Ros2_esp32) StdoutLine: {'line': b'[ 26%] \x1b[32mBuilding C object esp-idf/lwip/CMakeFiles/__idf_lwip.dir/lwip/src/core/netif.c.obj\x1b[0m\n'}
[17.450749] (-) TimerEvent: {}
[17.465346] (Ros2_esp32) StdoutLine: {'line': b'[ 26%] \x1b[32mBuilding C object esp-idf/lwip/CMakeFiles/__idf_lwip.dir/lwip/src/core/pbuf.c.obj\x1b[0m\n'}
[17.517335] (Ros2_esp32) StdoutLine: {'line': b'[ 26%] \x1b[32mBuilding C object esp-idf/lwip/CMakeFiles/__idf_lwip.dir/lwip/src/core/raw.c.obj\x1b[0m\n'}
[17.534042] (Ros2_esp32) StdoutLine: {'line': b'[ 26%] \x1b[32mBuilding C object esp-idf/lwip/CMakeFiles/__idf_lwip.dir/lwip/src/core/stats.c.obj\x1b[0m\n'}
[17.550889] (-) TimerEvent: {}
[17.551932] (Ros2_esp32) StdoutLine: {'line': b'[ 26%] \x1b[32mBuilding C object esp-idf/lwip/CMakeFiles/__idf_lwip.dir/lwip/src/core/sys.c.obj\x1b[0m\n'}
[17.560250] (Ros2_esp32) StdoutLine: {'line': b'[ 27%] \x1b[32mBuilding C object esp-idf/lwip/CMakeFiles/__idf_lwip.dir/lwip/src/core/tcp.c.obj\x1b[0m\n'}
[17.576878] (Ros2_esp32) StdoutLine: {'line': b'[ 27%] \x1b[32mBuilding C object esp-idf/lwip/CMakeFiles/__idf_lwip.dir/lwip/src/core/tcp_in.c.obj\x1b[0m\n'}
[17.587580] (Ros2_esp32) StdoutLine: {'line': b'[ 27%] \x1b[32mBuilding C object esp-idf/lwip/CMakeFiles/__idf_lwip.dir/lwip/src/core/tcp_out.c.obj\x1b[0m\n'}
[17.606360] (Ros2_esp32) StdoutLine: {'line': b'[ 27%] \x1b[32mBuilding C object esp-idf/lwip/CMakeFiles/__idf_lwip.dir/lwip/src/core/timeouts.c.obj\x1b[0m\n'}
[17.652759] (-) TimerEvent: {}
[17.661034] (Ros2_esp32) StdoutLine: {'line': b'[ 27%] \x1b[32mBuilding C object esp-idf/lwip/CMakeFiles/__idf_lwip.dir/lwip/src/core/udp.c.obj\x1b[0m\n'}
[17.678303] (Ros2_esp32) StdoutLine: {'line': b'[ 27%] \x1b[32mBuilding C object esp-idf/lwip/CMakeFiles/__idf_lwip.dir/lwip/src/core/ipv4/autoip.c.obj\x1b[0m\n'}
[17.679913] (Ros2_esp32) StdoutLine: {'line': b'[ 27%] \x1b[32mBuilding C object esp-idf/lwip/CMakeFiles/__idf_lwip.dir/lwip/src/core/ipv4/dhcp.c.obj\x1b[0m\n'}
[17.753771] (-) TimerEvent: {}
[17.760790] (Ros2_esp32) StdoutLine: {'line': b'[ 27%] \x1b[32mBuilding C object esp-idf/lwip/CMakeFiles/__idf_lwip.dir/lwip/src/core/ipv4/etharp.c.obj\x1b[0m\n'}
[17.776489] (Ros2_esp32) StdoutLine: {'line': b'[ 27%] \x1b[32mBuilding C object esp-idf/lwip/CMakeFiles/__idf_lwip.dir/lwip/src/core/ipv4/icmp.c.obj\x1b[0m\n'}
[17.786159] (Ros2_esp32) StdoutLine: {'line': b'[ 27%] \x1b[32mBuilding C object esp-idf/lwip/CMakeFiles/__idf_lwip.dir/lwip/src/core/ipv4/igmp.c.obj\x1b[0m\n'}
[17.791773] (Ros2_esp32) StdoutLine: {'line': b'[ 27%] \x1b[32mBuilding C object esp-idf/lwip/CMakeFiles/__idf_lwip.dir/lwip/src/core/ipv4/ip4.c.obj\x1b[0m\n'}
[17.795943] (Ros2_esp32) StdoutLine: {'line': b'[ 28%] \x1b[32mBuilding C object esp-idf/lwip/CMakeFiles/__idf_lwip.dir/lwip/src/core/ipv4/ip4_napt.c.obj\x1b[0m\n'}
[17.821862] (Ros2_esp32) StdoutLine: {'line': b'[ 28%] \x1b[32mBuilding C object esp-idf/lwip/CMakeFiles/__idf_lwip.dir/lwip/src/core/ipv4/ip4_addr.c.obj\x1b[0m\n'}
[17.853917] (-) TimerEvent: {}
[17.935861] (Ros2_esp32) StdoutLine: {'line': b'[ 28%] \x1b[32mBuilding C object esp-idf/lwip/CMakeFiles/__idf_lwip.dir/lwip/src/core/ipv4/ip4_frag.c.obj\x1b[0m\n'}
[17.941883] (Ros2_esp32) StdoutLine: {'line': b'[ 28%] \x1b[32mBuilding C object esp-idf/lwip/CMakeFiles/__idf_lwip.dir/lwip/src/core/ipv6/dhcp6.c.obj\x1b[0m\n'}
[17.954832] (-) TimerEvent: {}
[17.960751] (Ros2_esp32) StdoutLine: {'line': b'[ 28%] \x1b[32mBuilding C object esp-idf/lwip/CMakeFiles/__idf_lwip.dir/lwip/src/core/ipv6/ethip6.c.obj\x1b[0m\n'}
[17.992585] (Ros2_esp32) StdoutLine: {'line': b'[ 28%] \x1b[32mBuilding C object esp-idf/lwip/CMakeFiles/__idf_lwip.dir/lwip/src/core/ipv6/icmp6.c.obj\x1b[0m\n'}
[18.005791] (Ros2_esp32) StdoutLine: {'line': b'[ 28%] \x1b[32mBuilding C object esp-idf/lwip/CMakeFiles/__idf_lwip.dir/lwip/src/core/ipv6/inet6.c.obj\x1b[0m\n'}
[18.008947] (Ros2_esp32) StdoutLine: {'line': b'[ 28%] \x1b[32mBuilding C object esp-idf/lwip/CMakeFiles/__idf_lwip.dir/lwip/src/core/ipv6/ip6.c.obj\x1b[0m\n'}
[18.012167] (Ros2_esp32) StdoutLine: {'line': b'[ 28%] \x1b[32mBuilding C object esp-idf/lwip/CMakeFiles/__idf_lwip.dir/lwip/src/core/ipv6/ip6_addr.c.obj\x1b[0m\n'}
[18.024489] (Ros2_esp32) StdoutLine: {'line': b'[ 28%] \x1b[32mBuilding C object esp-idf/lwip/CMakeFiles/__idf_lwip.dir/lwip/src/core/ipv6/ip6_frag.c.obj\x1b[0m\n'}
[18.033274] (Ros2_esp32) StdoutLine: {'line': b'[ 28%] \x1b[32mBuilding C object esp-idf/lwip/CMakeFiles/__idf_lwip.dir/lwip/src/core/ipv6/mld6.c.obj\x1b[0m\n'}
[18.044225] (Ros2_esp32) StdoutLine: {'line': b'[ 29%] \x1b[32mBuilding C object esp-idf/lwip/CMakeFiles/__idf_lwip.dir/lwip/src/core/ipv6/nd6.c.obj\x1b[0m\n'}
[18.054964] (-) TimerEvent: {}
[18.079927] (Ros2_esp32) StdoutLine: {'line': b'[ 29%] \x1b[32mBuilding C object esp-idf/lwip/CMakeFiles/__idf_lwip.dir/lwip/src/netif/ethernet.c.obj\x1b[0m\n'}
[18.083891] (Ros2_esp32) StdoutLine: {'line': b'[ 29%] \x1b[32mBuilding C object esp-idf/lwip/CMakeFiles/__idf_lwip.dir/lwip/src/netif/bridgeif.c.obj\x1b[0m\n'}
[18.089364] (Ros2_esp32) StdoutLine: {'line': b'[ 29%] \x1b[32mBuilding C object esp-idf/lwip/CMakeFiles/__idf_lwip.dir/lwip/src/netif/bridgeif_fdb.c.obj\x1b[0m\n'}
[18.102063] (Ros2_esp32) StdoutLine: {'line': b'[ 29%] \x1b[32mBuilding C object esp-idf/lwip/CMakeFiles/__idf_lwip.dir/lwip/src/netif/slipif.c.obj\x1b[0m\n'}
[18.106049] (Ros2_esp32) StdoutLine: {'line': b'[ 29%] \x1b[32mBuilding C object esp-idf/lwip/CMakeFiles/__idf_lwip.dir/lwip/src/netif/ppp/auth.c.obj\x1b[0m\n'}
[18.126901] (Ros2_esp32) StdoutLine: {'line': b'[ 29%] \x1b[32mBuilding C object esp-idf/lwip/CMakeFiles/__idf_lwip.dir/lwip/src/netif/ppp/ccp.c.obj\x1b[0m\n'}
[18.155767] (-) TimerEvent: {}
[18.174800] (Ros2_esp32) StdoutLine: {'line': b'[ 29%] \x1b[32mBuilding C object esp-idf/lwip/CMakeFiles/__idf_lwip.dir/lwip/src/netif/ppp/chap-md5.c.obj\x1b[0m\n'}
[18.191676] (Ros2_esp32) StdoutLine: {'line': b'[ 29%] \x1b[32mBuilding C object esp-idf/lwip/CMakeFiles/__idf_lwip.dir/lwip/src/netif/ppp/chap-new.c.obj\x1b[0m\n'}
[18.202009] (Ros2_esp32) StdoutLine: {'line': b'[ 29%] \x1b[32mBuilding C object esp-idf/lwip/CMakeFiles/__idf_lwip.dir/lwip/src/netif/ppp/chap_ms.c.obj\x1b[0m\n'}
[18.228422] (Ros2_esp32) StdoutLine: {'line': b'[ 29%] \x1b[32mBuilding C object esp-idf/lwip/CMakeFiles/__idf_lwip.dir/lwip/src/netif/ppp/demand.c.obj\x1b[0m\n'}
[18.236073] (Ros2_esp32) StdoutLine: {'line': b'[ 30%] \x1b[32mBuilding C object esp-idf/lwip/CMakeFiles/__idf_lwip.dir/lwip/src/netif/ppp/eap.c.obj\x1b[0m\n'}
[18.245948] (Ros2_esp32) StdoutLine: {'line': b'[ 30%] \x1b[32mBuilding C object esp-idf/lwip/CMakeFiles/__idf_lwip.dir/lwip/src/netif/ppp/ecp.c.obj\x1b[0m\n'}
[18.255995] (-) TimerEvent: {}
[18.257908] (Ros2_esp32) StdoutLine: {'line': b'[ 30%] \x1b[32mBuilding C object esp-idf/lwip/CMakeFiles/__idf_lwip.dir/lwip/src/netif/ppp/eui64.c.obj\x1b[0m\n'}
[18.260473] (Ros2_esp32) StdoutLine: {'line': b'[ 30%] \x1b[32mBuilding C object esp-idf/lwip/CMakeFiles/__idf_lwip.dir/lwip/src/netif/ppp/fsm.c.obj\x1b[0m\n'}
[18.268836] (Ros2_esp32) StdoutLine: {'line': b'[ 30%] \x1b[32mBuilding C object esp-idf/lwip/CMakeFiles/__idf_lwip.dir/lwip/src/netif/ppp/ipcp.c.obj\x1b[0m\n'}
[18.270416] (Ros2_esp32) StdoutLine: {'line': b'[ 30%] \x1b[32mBuilding C object esp-idf/lwip/CMakeFiles/__idf_lwip.dir/lwip/src/netif/ppp/ipv6cp.c.obj\x1b[0m\n'}
[18.295837] (Ros2_esp32) StdoutLine: {'line': b'[ 30%] \x1b[32mBuilding C object esp-idf/lwip/CMakeFiles/__idf_lwip.dir/lwip/src/netif/ppp/lcp.c.obj\x1b[0m\n'}
[18.315906] (Ros2_esp32) StdoutLine: {'line': b'[ 30%] \x1b[32mBuilding C object esp-idf/lwip/CMakeFiles/__idf_lwip.dir/lwip/src/netif/ppp/magic.c.obj\x1b[0m\n'}
[18.321140] (Ros2_esp32) StdoutLine: {'line': b'[ 30%] \x1b[32mBuilding C object esp-idf/lwip/CMakeFiles/__idf_lwip.dir/lwip/src/netif/ppp/mppe.c.obj\x1b[0m\n'}
[18.325424] (Ros2_esp32) StdoutLine: {'line': b'[ 30%] \x1b[32mBuilding C object esp-idf/lwip/CMakeFiles/__idf_lwip.dir/lwip/src/netif/ppp/multilink.c.obj\x1b[0m\n'}
[18.355391] (Ros2_esp32) StdoutLine: {'line': b'[ 30%] \x1b[32mBuilding C object esp-idf/lwip/CMakeFiles/__idf_lwip.dir/lwip/src/netif/ppp/ppp.c.obj\x1b[0m\n'}
[18.357976] (-) TimerEvent: {}
[18.359175] (Ros2_esp32) StdoutLine: {'line': b'[ 30%] \x1b[32mBuilding C object esp-idf/lwip/CMakeFiles/__idf_lwip.dir/lwip/src/netif/ppp/pppcrypt.c.obj\x1b[0m\n'}
[18.359767] (Ros2_esp32) StdoutLine: {'line': b'[ 31%] \x1b[32mBuilding C object esp-idf/lwip/CMakeFiles/__idf_lwip.dir/lwip/src/netif/ppp/pppapi.c.obj\x1b[0m\n'}
[18.364124] (Ros2_esp32) StdoutLine: {'line': b'[ 31%] \x1b[32mBuilding C object esp-idf/lwip/CMakeFiles/__idf_lwip.dir/lwip/src/netif/ppp/pppoe.c.obj\x1b[0m\n'}
[18.396175] (Ros2_esp32) StdoutLine: {'line': b'[ 31%] \x1b[32mBuilding C object esp-idf/lwip/CMakeFiles/__idf_lwip.dir/lwip/src/netif/ppp/pppol2tp.c.obj\x1b[0m\n'}
[18.403709] (Ros2_esp32) StdoutLine: {'line': b'[ 31%] \x1b[32mBuilding C object esp-idf/lwip/CMakeFiles/__idf_lwip.dir/lwip/src/netif/ppp/pppos.c.obj\x1b[0m\n'}
[18.414351] (Ros2_esp32) StdoutLine: {'line': b'[ 31%] \x1b[32mBuilding C object esp-idf/lwip/CMakeFiles/__idf_lwip.dir/lwip/src/netif/ppp/utils.c.obj\x1b[0m\n'}
[18.418773] (Ros2_esp32) StdoutLine: {'line': b'[ 31%] \x1b[32mBuilding C object esp-idf/lwip/CMakeFiles/__idf_lwip.dir/lwip/src/netif/ppp/upap.c.obj\x1b[0m\n'}
[18.446838] (Ros2_esp32) StdoutLine: {'line': b'[ 31%] \x1b[32mBuilding C object esp-idf/lwip/CMakeFiles/__idf_lwip.dir/lwip/src/netif/ppp/vj.c.obj\x1b[0m\n'}
[18.447263] (Ros2_esp32) StdoutLine: {'line': b'[ 31%] \x1b[32mBuilding C object esp-idf/lwip/CMakeFiles/__idf_lwip.dir/port/hooks/tcp_isn_default.c.obj\x1b[0m\n'}
[18.458428] (-) TimerEvent: {}
[18.462635] (Ros2_esp32) StdoutLine: {'line': b'[ 31%] \x1b[32mBuilding C object esp-idf/lwip/CMakeFiles/__idf_lwip.dir/port/hooks/lwip_default_hooks.c.obj\x1b[0m\n'}
[18.469951] (Ros2_esp32) StdoutLine: {'line': b'[ 32%] \x1b[32mBuilding C object esp-idf/lwip/CMakeFiles/__idf_lwip.dir/port/debug/lwip_debug.c.obj\x1b[0m\n'}
[18.475372] (Ros2_esp32) StdoutLine: {'line': b'[ 32%] \x1b[32mBuilding C object esp-idf/lwip/CMakeFiles/__idf_lwip.dir/port/freertos/sys_arch.c.obj\x1b[0m\n'}
[18.475752] (Ros2_esp32) StdoutLine: {'line': b'[ 32%] \x1b[32mBuilding C object esp-idf/lwip/CMakeFiles/__idf_lwip.dir/port/sockets_ext.c.obj\x1b[0m\n'}
[18.487495] (Ros2_esp32) StdoutLine: {'line': b'[ 32%] \x1b[32mBuilding C object esp-idf/lwip/CMakeFiles/__idf_lwip.dir/port/if_index.c.obj\x1b[0m\n'}
[18.520701] (Ros2_esp32) StdoutLine: {'line': b'[ 32%] \x1b[32mBuilding C object esp-idf/lwip/CMakeFiles/__idf_lwip.dir/port/acd_dhcp_check.c.obj\x1b[0m\n'}
[18.529631] (Ros2_esp32) StdoutLine: {'line': b'[ 32%] \x1b[32mBuilding C object esp-idf/lwip/CMakeFiles/__idf_lwip.dir/port/esp32xx/vfs_lwip.c.obj\x1b[0m\n'}
[18.533005] (Ros2_esp32) StdoutLine: {'line': b'[ 32%] \x1b[32mBuilding C object esp-idf/lwip/CMakeFiles/__idf_lwip.dir/apps/ping/esp_ping.c.obj\x1b[0m\n'}
[18.535700] (Ros2_esp32) StdoutLine: {'line': b'[ 32%] \x1b[32mBuilding C object esp-idf/lwip/CMakeFiles/__idf_lwip.dir/apps/ping/ping.c.obj\x1b[0m\n'}
[18.558569] (-) TimerEvent: {}
[18.576546] (Ros2_esp32) StdoutLine: {'line': b'[ 32%] \x1b[32mBuilding C object esp-idf/lwip/CMakeFiles/__idf_lwip.dir/apps/ping/ping_sock.c.obj\x1b[0m\n'}
[18.590256] (Ros2_esp32) StdoutLine: {'line': b'[ 32%] \x1b[32mBuilding C object esp-idf/lwip/CMakeFiles/__idf_lwip.dir/lwip/src/netif/ppp/polarssl/arc4.c.obj\x1b[0m\n'}
[18.595387] (Ros2_esp32) StdoutLine: {'line': b'[ 32%] \x1b[32mBuilding C object esp-idf/lwip/CMakeFiles/__idf_lwip.dir/lwip/src/netif/ppp/polarssl/des.c.obj\x1b[0m\n'}
[18.619486] (Ros2_esp32) StdoutLine: {'line': b'[ 33%] \x1b[32mBuilding C object esp-idf/lwip/CMakeFiles/__idf_lwip.dir/lwip/src/netif/ppp/polarssl/md4.c.obj\x1b[0m\n'}
[18.625920] (Ros2_esp32) StdoutLine: {'line': b'[ 33%] \x1b[32mBuilding C object esp-idf/lwip/CMakeFiles/__idf_lwip.dir/lwip/src/netif/ppp/polarssl/md5.c.obj\x1b[0m\n'}
[18.629031] (Ros2_esp32) StdoutLine: {'line': b'[ 33%] \x1b[32mBuilding C object esp-idf/lwip/CMakeFiles/__idf_lwip.dir/lwip/src/netif/ppp/polarssl/sha1.c.obj\x1b[0m\n'}
[18.658839] (-) TimerEvent: {}
[18.679683] (Ros2_esp32) StdoutLine: {'line': b'[ 33%] \x1b[32mBuilding C object esp-idf/lwip/CMakeFiles/__idf_lwip.dir/apps/dhcpserver/dhcpserver.c.obj\x1b[0m\n'}
[18.758958] (-) TimerEvent: {}
[18.859304] (-) TimerEvent: {}
[18.881502] (Ros2_esp32) StdoutLine: {'line': b'[ 33%] \x1b[32m\x1b[1mLinking C static library liblwip.a\x1b[0m\n'}
[18.959401] (-) TimerEvent: {}
[18.986749] (Ros2_esp32) StdoutLine: {'line': b'[ 33%] Built target __idf_lwip\n'}
[19.007759] (Ros2_esp32) StdoutLine: {'line': b'[ 33%] \x1b[32mBuilding C object esp-idf/vfs/CMakeFiles/__idf_vfs.dir/vfs_semihost.c.obj\x1b[0m\n'}
[19.008005] (Ros2_esp32) StdoutLine: {'line': b'[ 33%] \x1b[32mBuilding C object esp-idf/vfs/CMakeFiles/__idf_vfs.dir/nullfs.c.obj\x1b[0m\n'}
[19.008091] (Ros2_esp32) StdoutLine: {'line': b'[ 33%] \x1b[32mBuilding C object esp-idf/vfs/CMakeFiles/__idf_vfs.dir/vfs_eventfd.c.obj\x1b[0m\n'}
[19.008701] (Ros2_esp32) StdoutLine: {'line': b'[ 33%] \x1b[32mBuilding C object esp-idf/vfs/CMakeFiles/__idf_vfs.dir/vfs.c.obj\x1b[0m\n'}
[19.059515] (-) TimerEvent: {}
[19.159864] (-) TimerEvent: {}
[19.260135] (-) TimerEvent: {}
[19.350770] (Ros2_esp32) StdoutLine: {'line': b'[ 33%] \x1b[32m\x1b[1mLinking C static library libvfs.a\x1b[0m\n'}
[19.360227] (-) TimerEvent: {}
[19.389366] (Ros2_esp32) StdoutLine: {'line': b'[ 33%] Built target __idf_vfs\n'}
[19.408384] (Ros2_esp32) StdoutLine: {'line': b'[ 34%] \x1b[32mBuilding C object esp-idf/esp_vfs_console/CMakeFiles/__idf_esp_vfs_console.dir/vfs_console.c.obj\x1b[0m\n'}
[19.460335] (-) TimerEvent: {}
[19.504029] (Ros2_esp32) StdoutLine: {'line': b'[ 34%] \x1b[32m\x1b[1mLinking C static library libesp_vfs_console.a\x1b[0m\n'}
[19.537986] (Ros2_esp32) StdoutLine: {'line': b'[ 34%] Built target __idf_esp_vfs_console\n'}
[19.557995] (Ros2_esp32) StdoutLine: {'line': b'[ 34%] \x1b[32mBuilding C object esp-idf/esp_driver_usb_serial_jtag/CMakeFiles/__idf_esp_driver_usb_serial_jtag.dir/src/usb_serial_jtag.c.obj\x1b[0m\n'}
[19.558189] (Ros2_esp32) StdoutLine: {'line': b'[ 34%] \x1b[32mBuilding C object esp-idf/esp_driver_usb_serial_jtag/CMakeFiles/__idf_esp_driver_usb_serial_jtag.dir/src/usb_serial_jtag_connection_monitor.c.obj\x1b[0m\n'}
[19.558253] (Ros2_esp32) StdoutLine: {'line': b'[ 34%] \x1b[32mBuilding C object esp-idf/esp_driver_usb_serial_jtag/CMakeFiles/__idf_esp_driver_usb_serial_jtag.dir/src/usb_serial_jtag_vfs.c.obj\x1b[0m\n'}
[19.560450] (-) TimerEvent: {}
[19.660798] (-) TimerEvent: {}
[19.715587] (Ros2_esp32) StdoutLine: {'line': b'[ 35%] \x1b[32m\x1b[1mLinking C static library libesp_driver_usb_serial_jtag.a\x1b[0m\n'}
[19.751702] (Ros2_esp32) StdoutLine: {'line': b'[ 35%] Built target __idf_esp_driver_usb_serial_jtag\n'}
[19.760885] (-) TimerEvent: {}
[19.771854] (Ros2_esp32) StdoutLine: {'line': b'[ 35%] \x1b[32mBuilding C object esp-idf/esp_phy/CMakeFiles/__idf_esp_phy.dir/src/phy_override.c.obj\x1b[0m\n'}
[19.772145] (Ros2_esp32) StdoutLine: {'line': b'[ 35%] \x1b[32mBuilding C object esp-idf/esp_phy/CMakeFiles/__idf_esp_phy.dir/src/btbb_init.c.obj\x1b[0m\n'}
[19.772227] (Ros2_esp32) StdoutLine: {'line': b'[ 35%] \x1b[32mBuilding C object esp-idf/esp_phy/CMakeFiles/__idf_esp_phy.dir/src/phy_init.c.obj\x1b[0m\n'}
[19.772297] (Ros2_esp32) StdoutLine: {'line': b'[ 35%] \x1b[32mBuilding C object esp-idf/esp_phy/CMakeFiles/__idf_esp_phy.dir/src/lib_printf.c.obj\x1b[0m\n'}
[19.772364] (Ros2_esp32) StdoutLine: {'line': b'[ 35%] \x1b[32mBuilding C object esp-idf/esp_phy/CMakeFiles/__idf_esp_phy.dir/src/phy_common.c.obj\x1b[0m\n'}
[19.772432] (Ros2_esp32) StdoutLine: {'line': b'[ 36%] \x1b[32mBuilding C object esp-idf/esp_phy/CMakeFiles/__idf_esp_phy.dir/esp32s3/phy_init_data.c.obj\x1b[0m\n'}
[19.861012] (-) TimerEvent: {}
[19.932181] (Ros2_esp32) StdoutLine: {'line': b'[ 36%] \x1b[32m\x1b[1mLinking C static library libesp_phy.a\x1b[0m\n'}
[19.961120] (-) TimerEvent: {}
[19.969416] (Ros2_esp32) StdoutLine: {'line': b'[ 36%] Built target __idf_esp_phy\n'}
[19.995866] (Ros2_esp32) StdoutLine: {'line': b'[ 36%] \x1b[32mBuilding CXX object esp-idf/nvs_flash/CMakeFiles/__idf_nvs_flash.dir/src/nvs_cxx_api.cpp.obj\x1b[0m\n'}
[19.996147] (Ros2_esp32) StdoutLine: {'line': b'[ 36%] \x1b[32mBuilding CXX object esp-idf/nvs_flash/CMakeFiles/__idf_nvs_flash.dir/src/nvs_page.cpp.obj\x1b[0m\n'}
[19.996210] (Ros2_esp32) StdoutLine: {'line': b'[ 36%] \x1b[32mBuilding CXX object esp-idf/nvs_flash/CMakeFiles/__idf_nvs_flash.dir/src/nvs_api.cpp.obj\x1b[0m\n'}
[19.996263] (Ros2_esp32) StdoutLine: {'line': b'[ 36%] \x1b[32mBuilding CXX object esp-idf/nvs_flash/CMakeFiles/__idf_nvs_flash.dir/src/nvs_handle_simple.cpp.obj\x1b[0m\n'}
[19.996317] (Ros2_esp32) StdoutLine: {'line': b'[ 36%] \x1b[32mBuilding CXX object esp-idf/nvs_flash/CMakeFiles/__idf_nvs_flash.dir/src/nvs_handle_locked.cpp.obj\x1b[0m\n'}
[19.996369] (Ros2_esp32) StdoutLine: {'line': b'[ 36%] \x1b[32mBuilding CXX object esp-idf/nvs_flash/CMakeFiles/__idf_nvs_flash.dir/src/nvs_pagemanager.cpp.obj\x1b[0m\n'}
[19.996436] (Ros2_esp32) StdoutLine: {'line': b'[ 36%] \x1b[32mBuilding CXX object esp-idf/nvs_flash/CMakeFiles/__idf_nvs_flash.dir/src/nvs_storage.cpp.obj\x1b[0m\n'}
[19.996505] (Ros2_esp32) StdoutLine: {'line': b'[ 36%] \x1b[32mBuilding CXX object esp-idf/nvs_flash/CMakeFiles/__idf_nvs_flash.dir/src/nvs_partition_lookup.cpp.obj\x1b[0m\n'}
[19.996844] (Ros2_esp32) StdoutLine: {'line': b'[ 36%] \x1b[32mBuilding CXX object esp-idf/nvs_flash/CMakeFiles/__idf_nvs_flash.dir/src/nvs_partition.cpp.obj\x1b[0m\n'}
[19.997070] (Ros2_esp32) StdoutLine: {'line': b'[ 36%] \x1b[32mBuilding CXX object esp-idf/nvs_flash/CMakeFiles/__idf_nvs_flash.dir/src/nvs_partition_manager.cpp.obj\x1b[0m\n'}
[19.998460] (Ros2_esp32) StdoutLine: {'line': b'[ 36%] \x1b[32mBuilding CXX object esp-idf/nvs_flash/CMakeFiles/__idf_nvs_flash.dir/src/nvs_types.cpp.obj\x1b[0m\n'}
[19.998878] (Ros2_esp32) StdoutLine: {'line': b'[ 37%] \x1b[32mBuilding CXX object esp-idf/nvs_flash/CMakeFiles/__idf_nvs_flash.dir/src/nvs_item_hash_list.cpp.obj\x1b[0m\n'}
[20.061413] (-) TimerEvent: {}
[20.162502] (-) TimerEvent: {}
[20.263520] (-) TimerEvent: {}
[20.365010] (-) TimerEvent: {}
[20.466769] (-) TimerEvent: {}
[20.511872] (Ros2_esp32) StdoutLine: {'line': b'[ 38%] \x1b[32mBuilding CXX object esp-idf/nvs_flash/CMakeFiles/__idf_nvs_flash.dir/src/nvs_platform.cpp.obj\x1b[0m\n'}
[20.524891] (Ros2_esp32) StdoutLine: {'line': b'[ 38%] \x1b[32mBuilding C object esp-idf/nvs_flash/CMakeFiles/__idf_nvs_flash.dir/src/nvs_bootloader.c.obj\x1b[0m\n'}
[20.568750] (-) TimerEvent: {}
[20.600766] (Ros2_esp32) StdoutLine: {'line': b'[ 38%] \x1b[32mBuilding CXX object esp-idf/nvs_flash/CMakeFiles/__idf_nvs_flash.dir/src/nvs_encrypted_partition.cpp.obj\x1b[0m\n'}
[20.668894] (-) TimerEvent: {}
[20.769528] (-) TimerEvent: {}
[20.809139] (Ros2_esp32) StdoutLine: {'line': b'[ 38%] \x1b[32mBuilding C object esp-idf/nvs_flash/CMakeFiles/__idf_nvs_flash.dir/src/nvs_bootloader_aes.c.obj\x1b[0m\n'}
[20.869706] (-) TimerEvent: {}
[20.902221] (Ros2_esp32) StdoutLine: {'line': b'[ 38%] \x1b[32mBuilding C object esp-idf/nvs_flash/CMakeFiles/__idf_nvs_flash.dir/src/nvs_bootloader_xts_aes.c.obj\x1b[0m\n'}
[20.969856] (-) TimerEvent: {}
[21.072134] (-) TimerEvent: {}
[21.173761] (-) TimerEvent: {}
[21.274231] (-) TimerEvent: {}
[21.374831] (-) TimerEvent: {}
[21.475450] (-) TimerEvent: {}
[21.575950] (-) TimerEvent: {}
[21.676810] (-) TimerEvent: {}
[21.779294] (-) TimerEvent: {}
[21.883235] (-) TimerEvent: {}
[21.989432] (-) TimerEvent: {}
[22.089891] (-) TimerEvent: {}
[22.190331] (-) TimerEvent: {}
[22.292768] (-) TimerEvent: {}
[22.393422] (-) TimerEvent: {}
[22.494082] (-) TimerEvent: {}
[22.594762] (-) TimerEvent: {}
[22.695541] (-) TimerEvent: {}
[22.795945] (-) TimerEvent: {}
[22.896282] (-) TimerEvent: {}
[22.996815] (-) TimerEvent: {}
[23.041394] (Ros2_esp32) StdoutLine: {'line': b'[ 38%] \x1b[32m\x1b[1mLinking C static library libnvs_flash.a\x1b[0m\n'}
[23.096692] (Ros2_esp32) StdoutLine: {'line': b'[ 38%] Built target __idf_nvs_flash\n'}
[23.096897] (-) TimerEvent: {}
[23.118204] (Ros2_esp32) StdoutLine: {'line': b'[ 38%] \x1b[32mBuilding C object esp-idf/esp_event/CMakeFiles/__idf_esp_event.dir/default_event_loop.c.obj\x1b[0m\n'}
[23.118392] (Ros2_esp32) StdoutLine: {'line': b'[ 38%] \x1b[32mBuilding C object esp-idf/esp_event/CMakeFiles/__idf_esp_event.dir/esp_event.c.obj\x1b[0m\n'}
[23.118454] (Ros2_esp32) StdoutLine: {'line': b'[ 38%] \x1b[32mBuilding C object esp-idf/esp_event/CMakeFiles/__idf_esp_event.dir/esp_event_private.c.obj\x1b[0m\n'}
[23.197039] (-) TimerEvent: {}
[23.297393] (-) TimerEvent: {}
[23.297668] (Ros2_esp32) StdoutLine: {'line': b'[ 38%] \x1b[32m\x1b[1mLinking C static library libesp_event.a\x1b[0m\n'}
[23.335363] (Ros2_esp32) StdoutLine: {'line': b'[ 38%] Built target __idf_esp_event\n'}
[23.355911] (Ros2_esp32) StdoutLine: {'line': b'[ 38%] \x1b[32mBuilding C object esp-idf/esp_driver_uart/CMakeFiles/__idf_esp_driver_uart.dir/src/uart_vfs.c.obj\x1b[0m\n'}
[23.356143] (Ros2_esp32) StdoutLine: {'line': b'[ 38%] \x1b[32mBuilding C object esp-idf/esp_driver_uart/CMakeFiles/__idf_esp_driver_uart.dir/src/uart.c.obj\x1b[0m\n'}
[23.356216] (Ros2_esp32) StdoutLine: {'line': b'[ 38%] \x1b[32mBuilding C object esp-idf/esp_driver_uart/CMakeFiles/__idf_esp_driver_uart.dir/src/uart_wakeup.c.obj\x1b[0m\n'}
[23.356274] (Ros2_esp32) StdoutLine: {'line': b'[ 38%] \x1b[32mBuilding C object esp-idf/esp_driver_uart/CMakeFiles/__idf_esp_driver_uart.dir/src/uhci.c.obj\x1b[0m\n'}
[23.397528] (-) TimerEvent: {}
[23.497912] (-) TimerEvent: {}
[23.598276] (-) TimerEvent: {}
[23.698546] (-) TimerEvent: {}
[23.798843] (-) TimerEvent: {}
[23.875942] (Ros2_esp32) StdoutLine: {'line': b'[ 38%] \x1b[32m\x1b[1mLinking C static library libesp_driver_uart.a\x1b[0m\n'}
[23.898948] (-) TimerEvent: {}
[23.921607] (Ros2_esp32) StdoutLine: {'line': b'[ 38%] Built target __idf_esp_driver_uart\n'}
[23.941845] (Ros2_esp32) StdoutLine: {'line': b'[ 38%] \x1b[32mBuilding C object esp-idf/esp_psram/CMakeFiles/__idf_esp_psram.dir/system_layer/esp_psram_mspi.c.obj\x1b[0m\n'}
[23.987361] (Ros2_esp32) StdoutLine: {'line': b'[ 38%] \x1b[32m\x1b[1mLinking C static library libesp_psram.a\x1b[0m\n'}
[23.999056] (-) TimerEvent: {}
[24.020586] (Ros2_esp32) StdoutLine: {'line': b'[ 38%] Built target __idf_esp_psram\n'}
[24.039870] (Ros2_esp32) StdoutLine: {'line': b'[ 38%] \x1b[32mBuilding C object esp-idf/esp_ringbuf/CMakeFiles/__idf_esp_ringbuf.dir/ringbuf.c.obj\x1b[0m\n'}
[24.099158] (-) TimerEvent: {}
[24.199448] (-) TimerEvent: {}
[24.265581] (Ros2_esp32) StdoutLine: {'line': b'[ 38%] \x1b[32m\x1b[1mLinking C static library libesp_ringbuf.a\x1b[0m\n'}
[24.299553] (-) TimerEvent: {}
[24.300198] (Ros2_esp32) StdoutLine: {'line': b'[ 38%] Built target __idf_esp_ringbuf\n'}
[24.319970] (Ros2_esp32) StdoutLine: {'line': b'[ 39%] \x1b[32mBuilding C object esp-idf/esp_driver_gptimer/CMakeFiles/__idf_esp_driver_gptimer.dir/src/gptimer_common.c.obj\x1b[0m\n'}
[24.320156] (Ros2_esp32) StdoutLine: {'line': b'[ 39%] \x1b[32mBuilding C object esp-idf/esp_driver_gptimer/CMakeFiles/__idf_esp_driver_gptimer.dir/src/gptimer.c.obj\x1b[0m\n'}
[24.399677] (-) TimerEvent: {}
[24.481013] (Ros2_esp32) StdoutLine: {'line': b'[ 39%] \x1b[32m\x1b[1mLinking C static library libesp_driver_gptimer.a\x1b[0m\n'}
[24.499775] (-) TimerEvent: {}
[24.516353] (Ros2_esp32) StdoutLine: {'line': b'[ 39%] Built target __idf_esp_driver_gptimer\n'}
[24.537248] (Ros2_esp32) StdoutLine: {'line': b'[ 39%] \x1b[32mBuilding C object esp-idf/esp_timer/CMakeFiles/__idf_esp_timer.dir/src/esp_timer_init.c.obj\x1b[0m\n'}
[24.537499] (Ros2_esp32) StdoutLine: {'line': b'[ 39%] \x1b[32mBuilding C object esp-idf/esp_timer/CMakeFiles/__idf_esp_timer.dir/src/esp_timer.c.obj\x1b[0m\n'}
[24.537606] (Ros2_esp32) StdoutLine: {'line': b'[ 39%] \x1b[32mBuilding C object esp-idf/esp_timer/CMakeFiles/__idf_esp_timer.dir/src/ets_timer_legacy.c.obj\x1b[0m\n'}
[24.537926] (Ros2_esp32) StdoutLine: {'line': b'[ 39%] \x1b[32mBuilding C object esp-idf/esp_timer/CMakeFiles/__idf_esp_timer.dir/src/esp_timer_impl_systimer.c.obj\x1b[0m\n'}
[24.538955] (Ros2_esp32) StdoutLine: {'line': b'[ 39%] \x1b[32mBuilding C object esp-idf/esp_timer/CMakeFiles/__idf_esp_timer.dir/src/system_time.c.obj\x1b[0m\n'}
[24.539163] (Ros2_esp32) StdoutLine: {'line': b'[ 39%] \x1b[32mBuilding C object esp-idf/esp_timer/CMakeFiles/__idf_esp_timer.dir/src/esp_timer_impl_common.c.obj\x1b[0m\n'}
[24.599898] (-) TimerEvent: {}
[24.678746] (Ros2_esp32) StdoutLine: {'line': b'[ 39%] \x1b[32m\x1b[1mLinking C static library libesp_timer.a\x1b[0m\n'}
[24.700000] (-) TimerEvent: {}
[24.716289] (Ros2_esp32) StdoutLine: {'line': b'[ 39%] Built target __idf_esp_timer\n'}
[24.736626] (Ros2_esp32) StdoutLine: {'line': b'[ 40%] \x1b[32mBuilding CXX object esp-idf/cxx/CMakeFiles/__idf_cxx.dir/cxx_exception_stubs.cpp.obj\x1b[0m\n'}
[24.736819] (Ros2_esp32) StdoutLine: {'line': b'[ 40%] \x1b[32mBuilding CXX object esp-idf/cxx/CMakeFiles/__idf_cxx.dir/cxx_guards.cpp.obj\x1b[0m\n'}
[24.736890] (Ros2_esp32) StdoutLine: {'line': b'[ 40%] \x1b[32mBuilding CXX object esp-idf/cxx/CMakeFiles/__idf_cxx.dir/cxx_init.cpp.obj\x1b[0m\n'}
[24.800117] (-) TimerEvent: {}
[24.900475] (-) TimerEvent: {}
[25.000755] (-) TimerEvent: {}
[25.067555] (Ros2_esp32) StdoutLine: {'line': b'[ 40%] \x1b[32m\x1b[1mLinking C static library libcxx.a\x1b[0m\n'}
[25.100882] (-) TimerEvent: {}
[25.102850] (Ros2_esp32) StdoutLine: {'line': b'[ 40%] Built target __idf_cxx\n'}
[25.123399] (Ros2_esp32) StdoutLine: {'line': b'[ 40%] \x1b[32mBuilding C object esp-idf/pthread/CMakeFiles/__idf_pthread.dir/pthread_semaphore.c.obj\x1b[0m\n'}
[25.123631] (Ros2_esp32) StdoutLine: {'line': b'[ 40%] \x1b[32mBuilding C object esp-idf/pthread/CMakeFiles/__idf_pthread.dir/pthread_rwlock.c.obj\x1b[0m\n'}
[25.123733] (Ros2_esp32) StdoutLine: {'line': b'[ 40%] \x1b[32mBuilding C object esp-idf/pthread/CMakeFiles/__idf_pthread.dir/pthread_cond_var.c.obj\x1b[0m\n'}
[25.123804] (Ros2_esp32) StdoutLine: {'line': b'[ 40%] \x1b[32mBuilding C object esp-idf/pthread/CMakeFiles/__idf_pthread.dir/pthread_local_storage.c.obj\x1b[0m\n'}
[25.123872] (Ros2_esp32) StdoutLine: {'line': b'[ 40%] \x1b[32mBuilding C object esp-idf/pthread/CMakeFiles/__idf_pthread.dir/pthread.c.obj\x1b[0m\n'}
[25.201016] (-) TimerEvent: {}
[25.298785] (Ros2_esp32) StdoutLine: {'line': b'[ 41%] \x1b[32m\x1b[1mLinking C static library libpthread.a\x1b[0m\n'}
[25.301082] (-) TimerEvent: {}
[25.336459] (Ros2_esp32) StdoutLine: {'line': b'[ 41%] Built target __idf_pthread\n'}
[25.361768] (Ros2_esp32) StdoutLine: {'line': b'[ 42%] \x1b[32mBuilding C object esp-idf/newlib/CMakeFiles/__idf_newlib.dir/src/locks.c.obj\x1b[0m\n'}
[25.362029] (Ros2_esp32) StdoutLine: {'line': b'[ 42%] \x1b[32mBuilding C object esp-idf/newlib/CMakeFiles/__idf_newlib.dir/src/assert.c.obj\x1b[0m\n'}
[25.362134] (Ros2_esp32) StdoutLine: {'line': b'[ 42%] \x1b[32mBuilding C object esp-idf/newlib/CMakeFiles/__idf_newlib.dir/src/heap.c.obj\x1b[0m\n'}
[25.362212] (Ros2_esp32) StdoutLine: {'line': b'[ 42%] \x1b[32mBuilding C object esp-idf/newlib/CMakeFiles/__idf_newlib.dir/src/abort.c.obj\x1b[0m\n'}
[25.362386] (Ros2_esp32) StdoutLine: {'line': b'[ 42%] \x1b[32mBuilding C object esp-idf/newlib/CMakeFiles/__idf_newlib.dir/src/poll.c.obj\x1b[0m\n'}
[25.362462] (Ros2_esp32) StdoutLine: {'line': b'[ 42%] \x1b[32mBuilding C object esp-idf/newlib/CMakeFiles/__idf_newlib.dir/src/init.c.obj\x1b[0m\n'}
[25.362535] (Ros2_esp32) StdoutLine: {'line': b'[ 42%] \x1b[32mBuilding C object esp-idf/newlib/CMakeFiles/__idf_newlib.dir/src/random.c.obj\x1b[0m\n'}
[25.362603] (Ros2_esp32) StdoutLine: {'line': b'[ 42%] \x1b[32mBuilding C object esp-idf/newlib/CMakeFiles/__idf_newlib.dir/src/pthread.c.obj\x1b[0m\n'}
[25.362749] (Ros2_esp32) StdoutLine: {'line': b'[ 42%] \x1b[32mBuilding C object esp-idf/newlib/CMakeFiles/__idf_newlib.dir/src/stdatomic.c.obj\x1b[0m\n'}
[25.362834] (Ros2_esp32) StdoutLine: {'line': b'[ 42%] \x1b[32mBuilding C object esp-idf/newlib/CMakeFiles/__idf_newlib.dir/src/getentropy.c.obj\x1b[0m\n'}
[25.364251] (Ros2_esp32) StdoutLine: {'line': b'[ 42%] \x1b[32mBuilding C object esp-idf/newlib/CMakeFiles/__idf_newlib.dir/src/termios.c.obj\x1b[0m\n'}
[25.368925] (Ros2_esp32) StdoutLine: {'line': b'[ 42%] \x1b[32mBuilding C object esp-idf/newlib/CMakeFiles/__idf_newlib.dir/src/time.c.obj\x1b[0m\n'}
[25.403749] (-) TimerEvent: {}
[25.426902] (Ros2_esp32) StdoutLine: {'line': b'[ 42%] \x1b[32mBuilding C object esp-idf/newlib/CMakeFiles/__idf_newlib.dir/src/sysconf.c.obj\x1b[0m\n'}
[25.437496] (Ros2_esp32) StdoutLine: {'line': b'[ 43%] \x1b[32mBuilding C object esp-idf/newlib/CMakeFiles/__idf_newlib.dir/src/realpath.c.obj\x1b[0m\n'}
[25.438858] (Ros2_esp32) StdoutLine: {'line': b'[ 43%] \x1b[32mBuilding C object esp-idf/newlib/CMakeFiles/__idf_newlib.dir/src/reent_syscalls.c.obj\x1b[0m\n'}
[25.440313] (Ros2_esp32) StdoutLine: {'line': b'[ 43%] \x1b[32mBuilding C object esp-idf/newlib/CMakeFiles/__idf_newlib.dir/src/syscalls.c.obj\x1b[0m\n'}
[25.441309] (Ros2_esp32) StdoutLine: {'line': b'[ 43%] \x1b[32mBuilding C object esp-idf/newlib/CMakeFiles/__idf_newlib.dir/src/scandir.c.obj\x1b[0m\n'}
[25.444863] (Ros2_esp32) StdoutLine: {'line': b'[ 43%] \x1b[32mBuilding C object esp-idf/newlib/CMakeFiles/__idf_newlib.dir/src/port/esp_time_impl.c.obj\x1b[0m\n'}
[25.445297] (Ros2_esp32) StdoutLine: {'line': b'[ 43%] \x1b[32mBuilding C object esp-idf/newlib/CMakeFiles/__idf_newlib.dir/src/flockfile.c.obj\x1b[0m\n'}
[25.445542] (Ros2_esp32) StdoutLine: {'line': b'[ 43%] \x1b[32mBuilding C object esp-idf/newlib/CMakeFiles/__idf_newlib.dir/src/reent_init.c.obj\x1b[0m\n'}
[25.448341] (Ros2_esp32) StdoutLine: {'line': b'[ 43%] \x1b[32mBuilding C object esp-idf/newlib/CMakeFiles/__idf_newlib.dir/src/newlib_init.c.obj\x1b[0m\n'}
[25.503884] (-) TimerEvent: {}
[25.545214] (Ros2_esp32) StdoutLine: {'line': b'[ 43%] \x1b[32m\x1b[1mLinking C static library libnewlib.a\x1b[0m\n'}
[25.592021] (Ros2_esp32) StdoutLine: {'line': b'[ 43%] Built target __idf_newlib\n'}
[25.602278] (Ros2_esp32) StdoutLine: {'line': b'\x1b[35m\x1b[1mScanning dependencies of target __idf_freertos\x1b[0m\n'}
[25.603946] (-) TimerEvent: {}
[25.620903] (Ros2_esp32) StdoutLine: {'line': b'[ 43%] \x1b[32mBuilding C object esp-idf/freertos/CMakeFiles/__idf_freertos.dir/port_systick.c.obj\x1b[0m\n'}
[25.621367] (Ros2_esp32) StdoutLine: {'line': b'[ 43%] \x1b[32mBuilding C object esp-idf/freertos/CMakeFiles/__idf_freertos.dir/app_startup.c.obj\x1b[0m\n'}
[25.622262] (Ros2_esp32) StdoutLine: {'line': b'[ 43%] \x1b[32mBuilding C object esp-idf/freertos/CMakeFiles/__idf_freertos.dir/FreeRTOS-Kernel/tasks.c.obj\x1b[0m\n'}
[25.622364] (Ros2_esp32) StdoutLine: {'line': b'[ 43%] \x1b[32mBuilding C object esp-idf/freertos/CMakeFiles/__idf_freertos.dir/FreeRTOS-Kernel/list.c.obj\x1b[0m\n'}
[25.622455] (Ros2_esp32) StdoutLine: {'line': b'[ 43%] \x1b[32mBuilding C object esp-idf/freertos/CMakeFiles/__idf_freertos.dir/port_common.c.obj\x1b[0m\n'}
[25.622551] (Ros2_esp32) StdoutLine: {'line': b'[ 43%] \x1b[32mBuilding C object esp-idf/freertos/CMakeFiles/__idf_freertos.dir/FreeRTOS-Kernel/queue.c.obj\x1b[0m\n'}
[25.622733] (Ros2_esp32) StdoutLine: {'line': b'[ 43%] \x1b[32mBuilding C object esp-idf/freertos/CMakeFiles/__idf_freertos.dir/FreeRTOS-Kernel/timers.c.obj\x1b[0m\n'}
[25.623133] (Ros2_esp32) StdoutLine: {'line': b'[ 44%] \x1b[32mBuilding C object esp-idf/freertos/CMakeFiles/__idf_freertos.dir/FreeRTOS-Kernel/event_groups.c.obj\x1b[0m\n'}
[25.624341] (Ros2_esp32) StdoutLine: {'line': b'[ 44%] \x1b[32mBuilding C object esp-idf/freertos/CMakeFiles/__idf_freertos.dir/heap_idf.c.obj\x1b[0m\n'}
[25.627680] (Ros2_esp32) StdoutLine: {'line': b'[ 44%] \x1b[32mBuilding C object esp-idf/freertos/CMakeFiles/__idf_freertos.dir/FreeRTOS-Kernel/stream_buffer.c.obj\x1b[0m\n'}
[25.632678] (Ros2_esp32) StdoutLine: {'line': b'[ 44%] \x1b[32mBuilding ASM object esp-idf/freertos/CMakeFiles/__idf_freertos.dir/FreeRTOS-Kernel/portable/xtensa/portasm.S.obj\x1b[0m\n'}
[25.632942] (Ros2_esp32) StdoutLine: {'line': b'[ 44%] \x1b[32mBuilding C object esp-idf/freertos/CMakeFiles/__idf_freertos.dir/FreeRTOS-Kernel/portable/xtensa/port.c.obj\x1b[0m\n'}
[25.692727] (Ros2_esp32) StdoutLine: {'line': b'[ 44%] \x1b[32mBuilding C object esp-idf/freertos/CMakeFiles/__idf_freertos.dir/FreeRTOS-Kernel/portable/xtensa/xtensa_init.c.obj\x1b[0m\n'}
[25.704104] (-) TimerEvent: {}
[25.725750] (Ros2_esp32) StdoutLine: {'line': b'[ 44%] \x1b[32mBuilding C object esp-idf/freertos/CMakeFiles/__idf_freertos.dir/FreeRTOS-Kernel/portable/xtensa/xtensa_overlay_os_hook.c.obj\x1b[0m\n'}
[25.737094] (Ros2_esp32) StdoutLine: {'line': b'[ 44%] \x1b[32mBuilding C object esp-idf/freertos/CMakeFiles/__idf_freertos.dir/esp_additions/freertos_compatibility.c.obj\x1b[0m\n'}
[25.748754] (Ros2_esp32) StdoutLine: {'line': b'[ 44%] \x1b[32mBuilding C object esp-idf/freertos/CMakeFiles/__idf_freertos.dir/esp_additions/idf_additions_event_groups.c.obj\x1b[0m\n'}
[25.752852] (Ros2_esp32) StdoutLine: {'line': b'[ 44%] \x1b[32mBuilding C object esp-idf/freertos/CMakeFiles/__idf_freertos.dir/esp_additions/idf_additions.c.obj\x1b[0m\n'}
[25.804234] (-) TimerEvent: {}
[25.904574] (-) TimerEvent: {}
[26.004909] (-) TimerEvent: {}
[26.081334] (Ros2_esp32) StdoutLine: {'line': b'[ 44%] \x1b[32m\x1b[1mLinking C static library libfreertos.a\x1b[0m\n'}
[26.104995] (-) TimerEvent: {}
[26.132198] (Ros2_esp32) StdoutLine: {'line': b'[ 44%] Built target __idf_freertos\n'}
[26.158969] (Ros2_esp32) StdoutLine: {'line': b'[ 44%] \x1b[32mBuilding C object esp-idf/esp_hw_support/CMakeFiles/__idf_esp_hw_support.dir/cpu.c.obj\x1b[0m\n'}
[26.159559] (Ros2_esp32) StdoutLine: {'line': b'[ 44%] \x1b[32mBuilding C object esp-idf/esp_hw_support/CMakeFiles/__idf_esp_hw_support.dir/port/esp32s3/cpu_region_protect.c.obj\x1b[0m\n'}
[26.159706] (Ros2_esp32) StdoutLine: {'line': b'[ 44%] \x1b[32mBuilding C object esp-idf/esp_hw_support/CMakeFiles/__idf_esp_hw_support.dir/port/esp32s3/esp_cpu_intr.c.obj\x1b[0m\n'}
[26.159786] (Ros2_esp32) StdoutLine: {'line': b'[ 44%] \x1b[32mBuilding C object esp-idf/esp_hw_support/CMakeFiles/__idf_esp_hw_support.dir/clk_ctrl_os.c.obj\x1b[0m\n'}
[26.159852] (Ros2_esp32) StdoutLine: {'line': b'[ 44%] \x1b[32mBuilding C object esp-idf/esp_hw_support/CMakeFiles/__idf_esp_hw_support.dir/esp_clk.c.obj\x1b[0m\n'}
[26.159915] (Ros2_esp32) StdoutLine: {'line': b'[ 44%] \x1b[32mBuilding C object esp-idf/esp_hw_support/CMakeFiles/__idf_esp_hw_support.dir/esp_memory_utils.c.obj\x1b[0m\n'}
[26.160166] (Ros2_esp32) StdoutLine: {'line': b'[ 45%] \x1b[32mBuilding C object esp-idf/esp_hw_support/CMakeFiles/__idf_esp_hw_support.dir/intr_alloc.c.obj\x1b[0m\n'}
[26.160321] (Ros2_esp32) StdoutLine: {'line': b'[ 45%] \x1b[32mBuilding C object esp-idf/esp_hw_support/CMakeFiles/__idf_esp_hw_support.dir/hw_random.c.obj\x1b[0m\n'}
[26.160470] (Ros2_esp32) StdoutLine: {'line': b'[ 45%] \x1b[32mBuilding C object esp-idf/esp_hw_support/CMakeFiles/__idf_esp_hw_support.dir/mac_addr.c.obj\x1b[0m\n'}
[26.162093] (Ros2_esp32) StdoutLine: {'line': b'[ 45%] \x1b[32mBuilding C object esp-idf/esp_hw_support/CMakeFiles/__idf_esp_hw_support.dir/periph_ctrl.c.obj\x1b[0m\n'}
[26.163006] (Ros2_esp32) StdoutLine: {'line': b'[ 45%] \x1b[32mBuilding C object esp-idf/esp_hw_support/CMakeFiles/__idf_esp_hw_support.dir/revision.c.obj\x1b[0m\n'}
[26.165105] (Ros2_esp32) StdoutLine: {'line': b'[ 45%] \x1b[32mBuilding C object esp-idf/esp_hw_support/CMakeFiles/__idf_esp_hw_support.dir/rtc_module.c.obj\x1b[0m\n'}
[26.206795] (-) TimerEvent: {}
[26.222861] (Ros2_esp32) StdoutLine: {'line': b'[ 45%] \x1b[32mBuilding C object esp-idf/esp_hw_support/CMakeFiles/__idf_esp_hw_support.dir/esp_gpio_reserve.c.obj\x1b[0m\n'}
[26.223384] (Ros2_esp32) StdoutLine: {'line': b'[ 45%] \x1b[32mBuilding C object esp-idf/esp_hw_support/CMakeFiles/__idf_esp_hw_support.dir/regi2c_ctrl.c.obj\x1b[0m\n'}
[26.225591] (Ros2_esp32) StdoutLine: {'line': b'[ 45%] \x1b[32mBuilding C object esp-idf/esp_hw_support/CMakeFiles/__idf_esp_hw_support.dir/sar_periph_ctrl_common.c.obj\x1b[0m\n'}
[26.249843] (Ros2_esp32) StdoutLine: {'line': b'[ 45%] \x1b[32mBuilding C object esp-idf/esp_hw_support/CMakeFiles/__idf_esp_hw_support.dir/port/esp32s3/io_mux.c.obj\x1b[0m\n'}
[26.251811] (Ros2_esp32) StdoutLine: {'line': b'[ 45%] \x1b[32mBuilding C object esp-idf/esp_hw_support/CMakeFiles/__idf_esp_hw_support.dir/port/esp32s3/esp_clk_tree.c.obj\x1b[0m\n'}
[26.274809] (Ros2_esp32) StdoutLine: {'line': b'[ 45%] \x1b[32mBuilding C object esp-idf/esp_hw_support/CMakeFiles/__idf_esp_hw_support.dir/dma/esp_dma_utils.c.obj\x1b[0m\n'}
[26.288720] (Ros2_esp32) StdoutLine: {'line': b'[ 46%] \x1b[32mBuilding C object esp-idf/esp_hw_support/CMakeFiles/__idf_esp_hw_support.dir/dma/gdma_link.c.obj\x1b[0m\n'}
[26.295761] (Ros2_esp32) StdoutLine: {'line': b'[ 46%] \x1b[32mBuilding C object esp-idf/esp_hw_support/CMakeFiles/__idf_esp_hw_support.dir/spi_bus_lock.c.obj\x1b[0m\n'}
[26.308839] (Ros2_esp32) StdoutLine: {'line': b'[ 46%] \x1b[32mBuilding C object esp-idf/esp_hw_support/CMakeFiles/__idf_esp_hw_support.dir/clk_utils.c.obj\x1b[0m\n'}
[26.309288] (-) TimerEvent: {}
[26.314792] (Ros2_esp32) StdoutLine: {'line': b'[ 46%] \x1b[32mBuilding C object esp-idf/esp_hw_support/CMakeFiles/__idf_esp_hw_support.dir/port/esp_clk_tree_common.c.obj\x1b[0m\n'}
[26.344923] (Ros2_esp32) StdoutLine: {'line': b'[ 46%] \x1b[32mBuilding C object esp-idf/esp_hw_support/CMakeFiles/__idf_esp_hw_support.dir/spi_share_hw_ctrl.c.obj\x1b[0m\n'}
[26.374826] (Ros2_esp32) StdoutLine: {'line': b'[ 46%] \x1b[32mBuilding C object esp-idf/esp_hw_support/CMakeFiles/__idf_esp_hw_support.dir/sleep_modem.c.obj\x1b[0m\n'}
[26.377830] (Ros2_esp32) StdoutLine: {'line': b'[ 46%] \x1b[32mBuilding C object esp-idf/esp_hw_support/CMakeFiles/__idf_esp_hw_support.dir/adc_share_hw_ctrl.c.obj\x1b[0m\n'}
[26.380612] (Ros2_esp32) StdoutLine: {'line': b'[ 46%] \x1b[32mBuilding C object esp-idf/esp_hw_support/CMakeFiles/__idf_esp_hw_support.dir/sleep_modes.c.obj\x1b[0m\n'}
[26.408429] (Ros2_esp32) StdoutLine: {'line': b'[ 46%] \x1b[32mBuilding C object esp-idf/esp_hw_support/CMakeFiles/__idf_esp_hw_support.dir/sleep_mspi.c.obj\x1b[0m\n'}
[26.409402] (-) TimerEvent: {}
[26.412282] (Ros2_esp32) StdoutLine: {'line': b'[ 46%] \x1b[32mBuilding C object esp-idf/esp_hw_support/CMakeFiles/__idf_esp_hw_support.dir/sleep_console.c.obj\x1b[0m\n'}
[26.424972] (Ros2_esp32) StdoutLine: {'line': b'[ 47%] \x1b[32mBuilding C object esp-idf/esp_hw_support/CMakeFiles/__idf_esp_hw_support.dir/sleep_usb.c.obj\x1b[0m\n'}
[26.442551] (Ros2_esp32) StdoutLine: {'line': b'[ 47%] \x1b[32mBuilding C object esp-idf/esp_hw_support/CMakeFiles/__idf_esp_hw_support.dir/sleep_gpio.c.obj\x1b[0m\n'}
[26.462019] (Ros2_esp32) StdoutLine: {'line': b'[ 47%] \x1b[32mBuilding C object esp-idf/esp_hw_support/CMakeFiles/__idf_esp_hw_support.dir/sleep_event.c.obj\x1b[0m\n'}
[26.462443] (Ros2_esp32) StdoutLine: {'line': b'[ 47%] \x1b[32mBuilding C object esp-idf/esp_hw_support/CMakeFiles/__idf_esp_hw_support.dir/dma/gdma.c.obj\x1b[0m\n'}
[26.466824] (Ros2_esp32) StdoutLine: {'line': b'[ 47%] \x1b[32mBuilding C object esp-idf/esp_hw_support/CMakeFiles/__idf_esp_hw_support.dir/deprecated/gdma_legacy.c.obj\x1b[0m\n'}
[26.472410] (Ros2_esp32) StdoutLine: {'line': b'[ 47%] \x1b[32mBuilding C object esp-idf/esp_hw_support/CMakeFiles/__idf_esp_hw_support.dir/dma/esp_async_memcpy.c.obj\x1b[0m\n'}
[26.477411] (Ros2_esp32) StdoutLine: {'line': b'[ 47%] \x1b[32mBuilding C object esp-idf/esp_hw_support/CMakeFiles/__idf_esp_hw_support.dir/dma/async_memcpy_gdma.c.obj\x1b[0m\n'}
[26.478221] (Ros2_esp32) StdoutLine: {'line': b'[ 47%] \x1b[32mBuilding C object esp-idf/esp_hw_support/CMakeFiles/__idf_esp_hw_support.dir/port/esp32s3/systimer.c.obj\x1b[0m\n'}
[26.509802] (-) TimerEvent: {}
[26.525034] (Ros2_esp32) StdoutLine: {'line': b'[ 47%] \x1b[32mBuilding C object esp-idf/esp_hw_support/CMakeFiles/__idf_esp_hw_support.dir/mspi_timing_tuning/mspi_timing_tuning.c.obj\x1b[0m\n'}
[26.532192] (Ros2_esp32) StdoutLine: {'line': b'[ 47%] \x1b[32mBuilding C object esp-idf/esp_hw_support/CMakeFiles/__idf_esp_hw_support.dir/sleep_wake_stub.c.obj\x1b[0m\n'}
[26.542878] (Ros2_esp32) StdoutLine: {'line': b'[ 47%] \x1b[32mBuilding C object esp-idf/esp_hw_support/CMakeFiles/__idf_esp_hw_support.dir/esp_clock_output.c.obj\x1b[0m\n'}
[26.549767] (Ros2_esp32) StdoutLine: {'line': b'[ 48%] \x1b[32mBuilding C object esp-idf/esp_hw_support/CMakeFiles/__idf_esp_hw_support.dir/power_supply/brownout.c.obj\x1b[0m\n'}
[26.556636] (Ros2_esp32) StdoutLine: {'line': b'[ 48%] \x1b[32mBuilding C object esp-idf/esp_hw_support/CMakeFiles/__idf_esp_hw_support.dir/port/esp32s3/rtc_clk.c.obj\x1b[0m\n'}
[26.561319] (Ros2_esp32) StdoutLine: {'line': b'[ 48%] \x1b[32mBuilding C object esp-idf/esp_hw_support/CMakeFiles/__idf_esp_hw_support.dir/port/esp32s3/rtc_clk_init.c.obj\x1b[0m\n'}
[26.568827] (Ros2_esp32) StdoutLine: {'line': b'[ 48%] \x1b[32mBuilding C object esp-idf/esp_hw_support/CMakeFiles/__idf_esp_hw_support.dir/port/esp32s3/rtc_init.c.obj\x1b[0m\n'}
[26.610074] (-) TimerEvent: {}
[26.662774] (Ros2_esp32) StdoutLine: {'line': b'[ 48%] \x1b[32mBuilding C object esp-idf/esp_hw_support/CMakeFiles/__idf_esp_hw_support.dir/port/esp32s3/rtc_sleep.c.obj\x1b[0m\n'}
[26.671769] (Ros2_esp32) StdoutLine: {'line': b'[ 48%] \x1b[32mBuilding C object esp-idf/esp_hw_support/CMakeFiles/__idf_esp_hw_support.dir/port/esp32s3/chip_info.c.obj\x1b[0m\n'}
[26.677869] (Ros2_esp32) StdoutLine: {'line': b'[ 48%] \x1b[32mBuilding C object esp-idf/esp_hw_support/CMakeFiles/__idf_esp_hw_support.dir/port/esp32s3/sar_periph_ctrl.c.obj\x1b[0m\n'}
[26.678161] (Ros2_esp32) StdoutLine: {'line': b'[ 48%] \x1b[32mBuilding C object esp-idf/esp_hw_support/CMakeFiles/__idf_esp_hw_support.dir/port/esp32s3/rtc_time.c.obj\x1b[0m\n'}
[26.693323] (Ros2_esp32) StdoutLine: {'line': b'[ 48%] \x1b[32mBuilding C object esp-idf/esp_hw_support/CMakeFiles/__idf_esp_hw_support.dir/port/esp32s3/esp_memprot.c.obj\x1b[0m\n'}
[26.710227] (-) TimerEvent: {}
[26.740733] (Ros2_esp32) StdoutLine: {'line': b'[ 48%] \x1b[32mBuilding C object esp-idf/esp_hw_support/CMakeFiles/__idf_esp_hw_support.dir/port/esp_memprot_conv.c.obj\x1b[0m\n'}
[26.748182] (Ros2_esp32) StdoutLine: {'line': b'[ 48%] \x1b[32mBuilding C object esp-idf/esp_hw_support/CMakeFiles/__idf_esp_hw_support.dir/mspi_timing_tuning/port/esp32s3/mspi_timing_config.c.obj\x1b[0m\n'}
[26.765032] (Ros2_esp32) StdoutLine: {'line': b'[ 50%] \x1b[32mBuilding C object esp-idf/esp_hw_support/CMakeFiles/__idf_esp_hw_support.dir/mspi_timing_tuning/port/esp32s3/mspi_timing_by_mspi_delay.c.obj\x1b[0m\n'}
[26.768092] (Ros2_esp32) StdoutLine: {'line': b'[ 50%] \x1b[32mBuilding C object esp-idf/esp_hw_support/CMakeFiles/__idf_esp_hw_support.dir/lowpower/port/esp32s3/sleep_cpu.c.obj\x1b[0m\n'}
[26.810386] (-) TimerEvent: {}
[26.910850] (-) TimerEvent: {}
[27.011145] (-) TimerEvent: {}
[27.104116] (Ros2_esp32) StdoutLine: {'line': b'[ 50%] \x1b[32m\x1b[1mLinking C static library libesp_hw_support.a\x1b[0m\n'}
[27.111253] (-) TimerEvent: {}
[27.181244] (Ros2_esp32) StdoutLine: {'line': b'[ 50%] Built target __idf_esp_hw_support\n'}
[27.201576] (Ros2_esp32) StdoutLine: {'line': b'[ 50%] \x1b[32mBuilding C object esp-idf/esp_security/CMakeFiles/__idf_esp_security.dir/src/esp_crypto_lock.c.obj\x1b[0m\n'}
[27.201858] (Ros2_esp32) StdoutLine: {'line': b'[ 50%] \x1b[32mBuilding C object esp-idf/esp_security/CMakeFiles/__idf_esp_security.dir/src/esp_hmac.c.obj\x1b[0m\n'}
[27.201934] (Ros2_esp32) StdoutLine: {'line': b'[ 50%] \x1b[32mBuilding C object esp-idf/esp_security/CMakeFiles/__idf_esp_security.dir/src/esp_crypto_periph_clk.c.obj\x1b[0m\n'}
[27.202014] (Ros2_esp32) StdoutLine: {'line': b'[ 50%] \x1b[32mBuilding C object esp-idf/esp_security/CMakeFiles/__idf_esp_security.dir/src/esp_ds.c.obj\x1b[0m\n'}
[27.202080] (Ros2_esp32) StdoutLine: {'line': b'[ 50%] \x1b[32mBuilding C object esp-idf/esp_security/CMakeFiles/__idf_esp_security.dir/src/init.c.obj\x1b[0m\n'}
[27.211398] (-) TimerEvent: {}
[27.299572] (Ros2_esp32) StdoutLine: {'line': b'[ 50%] \x1b[32m\x1b[1mLinking C static library libesp_security.a\x1b[0m\n'}
[27.311484] (-) TimerEvent: {}
[27.336264] (Ros2_esp32) StdoutLine: {'line': b'[ 50%] Built target __idf_esp_security\n'}
[27.362358] (Ros2_esp32) StdoutLine: {'line': b'[ 50%] \x1b[32mBuilding C object esp-idf/soc/CMakeFiles/__idf_soc.dir/lldesc.c.obj\x1b[0m\n'}
[27.362626] (Ros2_esp32) StdoutLine: {'line': b'[ 50%] \x1b[32mBuilding C object esp-idf/soc/CMakeFiles/__idf_soc.dir/esp32s3/interrupts.c.obj\x1b[0m\n'}
[27.362729] (Ros2_esp32) StdoutLine: {'line': b'[ 50%] \x1b[32mBuilding C object esp-idf/soc/CMakeFiles/__idf_soc.dir/esp32s3/gpio_periph.c.obj\x1b[0m\n'}
[27.362798] (Ros2_esp32) StdoutLine: {'line': b'[ 50%] \x1b[32mBuilding C object esp-idf/soc/CMakeFiles/__idf_soc.dir/dport_access_common.c.obj\x1b[0m\n'}
[27.362861] (Ros2_esp32) StdoutLine: {'line': b'[ 50%] \x1b[32mBuilding C object esp-idf/soc/CMakeFiles/__idf_soc.dir/esp32s3/uart_periph.c.obj\x1b[0m\n'}
[27.362925] (Ros2_esp32) StdoutLine: {'line': b'[ 51%] \x1b[32mBuilding C object esp-idf/soc/CMakeFiles/__idf_soc.dir/esp32s3/dedic_gpio_periph.c.obj\x1b[0m\n'}
[27.362989] (Ros2_esp32) StdoutLine: {'line': b'[ 51%] \x1b[32mBuilding C object esp-idf/soc/CMakeFiles/__idf_soc.dir/esp32s3/gdma_periph.c.obj\x1b[0m\n'}
[27.363056] (Ros2_esp32) StdoutLine: {'line': b'[ 51%] \x1b[32mBuilding C object esp-idf/soc/CMakeFiles/__idf_soc.dir/esp32s3/spi_periph.c.obj\x1b[0m\n'}
[27.363118] (Ros2_esp32) StdoutLine: {'line': b'[ 51%] \x1b[32mBuilding C object esp-idf/soc/CMakeFiles/__idf_soc.dir/esp32s3/ledc_periph.c.obj\x1b[0m\n'}
[27.363184] (Ros2_esp32) StdoutLine: {'line': b'[ 51%] \x1b[32mBuilding C object esp-idf/soc/CMakeFiles/__idf_soc.dir/esp32s3/adc_periph.c.obj\x1b[0m\n'}
[27.364525] (Ros2_esp32) StdoutLine: {'line': b'[ 51%] \x1b[32mBuilding C object esp-idf/soc/CMakeFiles/__idf_soc.dir/esp32s3/rmt_periph.c.obj\x1b[0m\n'}
[27.367308] (Ros2_esp32) StdoutLine: {'line': b'[ 51%] \x1b[32mBuilding C object esp-idf/soc/CMakeFiles/__idf_soc.dir/esp32s3/pcnt_periph.c.obj\x1b[0m\n'}
[27.405056] (Ros2_esp32) StdoutLine: {'line': b'[ 51%] \x1b[32mBuilding C object esp-idf/soc/CMakeFiles/__idf_soc.dir/esp32s3/i2s_periph.c.obj\x1b[0m\n'}
[27.405743] (Ros2_esp32) StdoutLine: {'line': b'[ 51%] \x1b[32mBuilding C object esp-idf/soc/CMakeFiles/__idf_soc.dir/esp32s3/sdm_periph.c.obj\x1b[0m\n'}
[27.406612] (Ros2_esp32) StdoutLine: {'line': b'[ 51%] \x1b[32mBuilding C object esp-idf/soc/CMakeFiles/__idf_soc.dir/esp32s3/i2c_periph.c.obj\x1b[0m\n'}
[27.411746] (-) TimerEvent: {}
[27.414707] (Ros2_esp32) StdoutLine: {'line': b'[ 51%] \x1b[32mBuilding C object esp-idf/soc/CMakeFiles/__idf_soc.dir/esp32s3/temperature_sensor_periph.c.obj\x1b[0m\n'}
[27.415189] (Ros2_esp32) StdoutLine: {'line': b'[ 51%] \x1b[32mBuilding C object esp-idf/soc/CMakeFiles/__idf_soc.dir/esp32s3/timer_periph.c.obj\x1b[0m\n'}
[27.416798] (Ros2_esp32) StdoutLine: {'line': b'[ 51%] \x1b[32mBuilding C object esp-idf/soc/CMakeFiles/__idf_soc.dir/esp32s3/lcd_periph.c.obj\x1b[0m\n'}
[27.417121] (Ros2_esp32) StdoutLine: {'line': b'[ 51%] \x1b[32mBuilding C object esp-idf/soc/CMakeFiles/__idf_soc.dir/esp32s3/mcpwm_periph.c.obj\x1b[0m\n'}
[27.421705] (Ros2_esp32) StdoutLine: {'line': b'[ 52%] \x1b[32mBuilding C object esp-idf/soc/CMakeFiles/__idf_soc.dir/esp32s3/sdmmc_periph.c.obj\x1b[0m\n'}
[27.423046] (Ros2_esp32) StdoutLine: {'line': b'[ 52%] \x1b[32mBuilding C object esp-idf/soc/CMakeFiles/__idf_soc.dir/esp32s3/touch_sensor_periph.c.obj\x1b[0m\n'}
[27.423718] (Ros2_esp32) StdoutLine: {'line': b'[ 52%] \x1b[32mBuilding C object esp-idf/soc/CMakeFiles/__idf_soc.dir/esp32s3/mpi_periph.c.obj\x1b[0m\n'}
[27.434830] (Ros2_esp32) StdoutLine: {'line': b'[ 52%] \x1b[32mBuilding C object esp-idf/soc/CMakeFiles/__idf_soc.dir/esp32s3/twai_periph.c.obj\x1b[0m\n'}
[27.435071] (Ros2_esp32) StdoutLine: {'line': b'[ 52%] \x1b[32mBuilding C object esp-idf/soc/CMakeFiles/__idf_soc.dir/esp32s3/wdt_periph.c.obj\x1b[0m\n'}
[27.444897] (Ros2_esp32) StdoutLine: {'line': b'[ 52%] \x1b[32mBuilding C object esp-idf/soc/CMakeFiles/__idf_soc.dir/esp32s3/usb_dwc_periph.c.obj\x1b[0m\n'}
[27.459166] (Ros2_esp32) StdoutLine: {'line': b'[ 52%] \x1b[32mBuilding C object esp-idf/soc/CMakeFiles/__idf_soc.dir/esp32s3/rtc_io_periph.c.obj\x1b[0m\n'}
[27.463921] (Ros2_esp32) StdoutLine: {'line': b'[ 52%] \x1b[32mBuilding C object esp-idf/soc/CMakeFiles/__idf_soc.dir/esp32s3/cam_periph.c.obj\x1b[0m\n'}
[27.468608] (Ros2_esp32) StdoutLine: {'line': b'[ 52%] \x1b[32mBuilding C object esp-idf/soc/CMakeFiles/__idf_soc.dir/esp32s3/power_supply_periph.c.obj\x1b[0m\n'}
[27.504379] (Ros2_esp32) StdoutLine: {'line': b'[ 52%] \x1b[32m\x1b[1mLinking C static library libsoc.a\x1b[0m\n'}
[27.511828] (-) TimerEvent: {}
[27.552729] (Ros2_esp32) StdoutLine: {'line': b'[ 52%] Built target __idf_soc\n'}
[27.574261] (Ros2_esp32) StdoutLine: {'line': b'[ 52%] \x1b[32mBuilding C object esp-idf/heap/CMakeFiles/__idf_heap.dir/tlsf/tlsf.c.obj\x1b[0m\n'}
[27.574544] (Ros2_esp32) StdoutLine: {'line': b'[ 52%] \x1b[32mBuilding C object esp-idf/heap/CMakeFiles/__idf_heap.dir/heap_caps_init.c.obj\x1b[0m\n'}
[27.574786] (Ros2_esp32) StdoutLine: {'line': b'[ 52%] \x1b[32mBuilding C object esp-idf/heap/CMakeFiles/__idf_heap.dir/multi_heap.c.obj\x1b[0m\n'}
[27.574864] (Ros2_esp32) StdoutLine: {'line': b'[ 52%] \x1b[32mBuilding C object esp-idf/heap/CMakeFiles/__idf_heap.dir/heap_caps.c.obj\x1b[0m\n'}
[27.574931] (Ros2_esp32) StdoutLine: {'line': b'[ 52%] \x1b[32mBuilding C object esp-idf/heap/CMakeFiles/__idf_heap.dir/heap_caps_base.c.obj\x1b[0m\n'}
[27.575000] (Ros2_esp32) StdoutLine: {'line': b'[ 52%] \x1b[32mBuilding C object esp-idf/heap/CMakeFiles/__idf_heap.dir/port/esp32s3/memory_layout.c.obj\x1b[0m\n'}
[27.576910] (Ros2_esp32) StdoutLine: {'line': b'[ 52%] \x1b[32mBuilding C object esp-idf/heap/CMakeFiles/__idf_heap.dir/port/memory_layout_utils.c.obj\x1b[0m\n'}
[27.611986] (-) TimerEvent: {}
[27.712362] (-) TimerEvent: {}
[27.812689] (-) TimerEvent: {}
[27.912992] (-) TimerEvent: {}
[27.926048] (Ros2_esp32) StdoutLine: {'line': b'[ 52%] \x1b[32m\x1b[1mLinking C static library libheap.a\x1b[0m\n'}
[27.971963] (Ros2_esp32) StdoutLine: {'line': b'[ 52%] Built target __idf_heap\n'}
[27.996912] (Ros2_esp32) StdoutLine: {'line': b'[ 52%] \x1b[32mBuilding C object esp-idf/log/CMakeFiles/__idf_log.dir/src/log_timestamp_common.c.obj\x1b[0m\n'}
[27.997271] (Ros2_esp32) StdoutLine: {'line': b'[ 52%] \x1b[32mBuilding C object esp-idf/log/CMakeFiles/__idf_log.dir/src/os/log_timestamp.c.obj\x1b[0m\n'}
[27.997377] (Ros2_esp32) StdoutLine: {'line': b'[ 52%] \x1b[32mBuilding C object esp-idf/log/CMakeFiles/__idf_log.dir/src/os/log_lock.c.obj\x1b[0m\n'}
[27.997448] (Ros2_esp32) StdoutLine: {'line': b'[ 52%] \x1b[32mBuilding C object esp-idf/log/CMakeFiles/__idf_log.dir/src/buffer/log_buffers.c.obj\x1b[0m\n'}
[27.997512] (Ros2_esp32) StdoutLine: {'line': b'[ 52%] \x1b[32mBuilding C object esp-idf/log/CMakeFiles/__idf_log.dir/src/os/util.c.obj\x1b[0m\n'}
[27.997565] (Ros2_esp32) StdoutLine: {'line': b'[ 52%] \x1b[32mBuilding C object esp-idf/log/CMakeFiles/__idf_log.dir/src/util.c.obj\x1b[0m\n'}
[27.997798] (Ros2_esp32) StdoutLine: {'line': b'[ 53%] \x1b[32mBuilding C object esp-idf/log/CMakeFiles/__idf_log.dir/src/log_print.c.obj\x1b[0m\n'}
[27.998177] (Ros2_esp32) StdoutLine: {'line': b'[ 53%] \x1b[32mBuilding C object esp-idf/log/CMakeFiles/__idf_log.dir/src/log_format_text.c.obj\x1b[0m\n'}
[27.998447] (Ros2_esp32) StdoutLine: {'line': b'[ 53%] \x1b[32mBuilding C object esp-idf/log/CMakeFiles/__idf_log.dir/src/log_level/log_level.c.obj\x1b[0m\n'}
[28.000601] (Ros2_esp32) StdoutLine: {'line': b'[ 53%] \x1b[32mBuilding C object esp-idf/log/CMakeFiles/__idf_log.dir/src/os/log_write.c.obj\x1b[0m\n'}
[28.000872] (Ros2_esp32) StdoutLine: {'line': b'[ 53%] \x1b[32mBuilding C object esp-idf/log/CMakeFiles/__idf_log.dir/src/log.c.obj\x1b[0m\n'}
[28.002294] (Ros2_esp32) StdoutLine: {'line': b'[ 53%] \x1b[32mBuilding C object esp-idf/log/CMakeFiles/__idf_log.dir/src/log_level/tag_log_level/tag_log_level.c.obj\x1b[0m\n'}
[28.013142] (-) TimerEvent: {}
[28.058734] (Ros2_esp32) StdoutLine: {'line': b'[ 53%] \x1b[32mBuilding C object esp-idf/log/CMakeFiles/__idf_log.dir/src/log_level/tag_log_level/linked_list/log_linked_list.c.obj\x1b[0m\n'}
[28.064367] (Ros2_esp32) StdoutLine: {'line': b'[ 53%] \x1b[32mBuilding C object esp-idf/log/CMakeFiles/__idf_log.dir/src/log_level/tag_log_level/cache/log_binary_heap.c.obj\x1b[0m\n'}
[28.113283] (-) TimerEvent: {}
[28.124426] (Ros2_esp32) StdoutLine: {'line': b'[ 53%] \x1b[32m\x1b[1mLinking C static library liblog.a\x1b[0m\n'}
[28.165757] (Ros2_esp32) StdoutLine: {'line': b'[ 53%] Built target __idf_log\n'}
[28.192621] (Ros2_esp32) StdoutLine: {'line': b'[ 53%] \x1b[32mBuilding C object esp-idf/hal/CMakeFiles/__idf_hal.dir/hal_utils.c.obj\x1b[0m\n'}
[28.192905] (Ros2_esp32) StdoutLine: {'line': b'[ 53%] \x1b[32mBuilding C object esp-idf/hal/CMakeFiles/__idf_hal.dir/efuse_hal.c.obj\x1b[0m\n'}
[28.192989] (Ros2_esp32) StdoutLine: {'line': b'[ 53%] \x1b[32mBuilding C object esp-idf/hal/CMakeFiles/__idf_hal.dir/mmu_hal.c.obj\x1b[0m\n'}
[28.194186] (Ros2_esp32) StdoutLine: {'line': b'[ 54%] \x1b[32mBuilding C object esp-idf/hal/CMakeFiles/__idf_hal.dir/esp32s3/efuse_hal.c.obj\x1b[0m\n'}
[28.194479] (Ros2_esp32) StdoutLine: {'line': b'[ 54%] \x1b[32mBuilding C object esp-idf/hal/CMakeFiles/__idf_hal.dir/color_hal.c.obj\x1b[0m\n'}
[28.194559] (Ros2_esp32) StdoutLine: {'line': b'[ 54%] \x1b[32mBuilding C object esp-idf/hal/CMakeFiles/__idf_hal.dir/spi_flash_hal_iram.c.obj\x1b[0m\n'}
[28.194629] (Ros2_esp32) StdoutLine: {'line': b'[ 54%] \x1b[32mBuilding C object esp-idf/hal/CMakeFiles/__idf_hal.dir/spi_flash_hal.c.obj\x1b[0m\n'}
[28.194727] (Ros2_esp32) StdoutLine: {'line': b'[ 54%] \x1b[32mBuilding C object esp-idf/hal/CMakeFiles/__idf_hal.dir/mpu_hal.c.obj\x1b[0m\n'}
[28.194797] (Ros2_esp32) StdoutLine: {'line': b'[ 54%] \x1b[32mBuilding C object esp-idf/hal/CMakeFiles/__idf_hal.dir/cache_hal.c.obj\x1b[0m\n'}
[28.195036] (Ros2_esp32) StdoutLine: {'line': b'[ 54%] \x1b[32mBuilding C object esp-idf/hal/CMakeFiles/__idf_hal.dir/systimer_hal.c.obj\x1b[0m\n'}
[28.195322] (Ros2_esp32) StdoutLine: {'line': b'[ 54%] \x1b[32mBuilding C object esp-idf/hal/CMakeFiles/__idf_hal.dir/spi_flash_encrypt_hal_iram.c.obj\x1b[0m\n'}
[28.195712] (Ros2_esp32) StdoutLine: {'line': b'[ 54%] \x1b[32mBuilding C object esp-idf/hal/CMakeFiles/__idf_hal.dir/esp32s3/clk_tree_hal.c.obj\x1b[0m\n'}
[28.213809] (-) TimerEvent: {}
[28.269746] (Ros2_esp32) StdoutLine: {'line': b'[ 55%] \x1b[32mBuilding C object esp-idf/hal/CMakeFiles/__idf_hal.dir/uart_hal.c.obj\x1b[0m\n'}
[28.270904] (Ros2_esp32) StdoutLine: {'line': b'[ 55%] \x1b[32mBuilding C object esp-idf/hal/CMakeFiles/__idf_hal.dir/uart_hal_iram.c.obj\x1b[0m\n'}
[28.278412] (Ros2_esp32) StdoutLine: {'line': b'[ 55%] \x1b[32mBuilding C object esp-idf/hal/CMakeFiles/__idf_hal.dir/gpio_hal.c.obj\x1b[0m\n'}
[28.284860] (Ros2_esp32) StdoutLine: {'line': b'[ 55%] \x1b[32mBuilding C object esp-idf/hal/CMakeFiles/__idf_hal.dir/rtc_io_hal.c.obj\x1b[0m\n'}
[28.287716] (Ros2_esp32) StdoutLine: {'line': b'[ 55%] \x1b[32mBuilding C object esp-idf/hal/CMakeFiles/__idf_hal.dir/timer_hal.c.obj\x1b[0m\n'}
[28.304272] (Ros2_esp32) StdoutLine: {'line': b'[ 55%] \x1b[32mBuilding C object esp-idf/hal/CMakeFiles/__idf_hal.dir/ledc_hal.c.obj\x1b[0m\n'}
[28.313949] (-) TimerEvent: {}
[28.321903] (Ros2_esp32) StdoutLine: {'line': b'[ 55%] \x1b[32mBuilding C object esp-idf/hal/CMakeFiles/__idf_hal.dir/ledc_hal_iram.c.obj\x1b[0m\n'}
[28.329380] (Ros2_esp32) StdoutLine: {'line': b'[ 55%] \x1b[32mBuilding C object esp-idf/hal/CMakeFiles/__idf_hal.dir/i2c_hal.c.obj\x1b[0m\n'}
[28.353407] (Ros2_esp32) StdoutLine: {'line': b'[ 55%] \x1b[32mBuilding C object esp-idf/hal/CMakeFiles/__idf_hal.dir/i2c_hal_iram.c.obj\x1b[0m\n'}
[28.360844] (Ros2_esp32) StdoutLine: {'line': b'[ 55%] \x1b[32mBuilding C object esp-idf/hal/CMakeFiles/__idf_hal.dir/rmt_hal.c.obj\x1b[0m\n'}
[28.372323] (Ros2_esp32) StdoutLine: {'line': b'[ 55%] \x1b[32mBuilding C object esp-idf/hal/CMakeFiles/__idf_hal.dir/pcnt_hal.c.obj\x1b[0m\n'}
[28.372909] (Ros2_esp32) StdoutLine: {'line': b'[ 56%] \x1b[32mBuilding C object esp-idf/hal/CMakeFiles/__idf_hal.dir/mcpwm_hal.c.obj\x1b[0m\n'}
[28.379279] (Ros2_esp32) StdoutLine: {'line': b'[ 56%] \x1b[32mBuilding C object esp-idf/hal/CMakeFiles/__idf_hal.dir/twai_hal_v1.c.obj\x1b[0m\n'}
[28.382163] (Ros2_esp32) StdoutLine: {'line': b'[ 56%] \x1b[32mBuilding C object esp-idf/hal/CMakeFiles/__idf_hal.dir/uhci_hal.c.obj\x1b[0m\n'}
[28.403091] (Ros2_esp32) StdoutLine: {'line': b'[ 56%] \x1b[32mBuilding C object esp-idf/hal/CMakeFiles/__idf_hal.dir/gdma_hal_top.c.obj\x1b[0m\n'}
[28.414671] (-) TimerEvent: {}
[28.418014] (Ros2_esp32) StdoutLine: {'line': b'[ 56%] \x1b[32mBuilding C object esp-idf/hal/CMakeFiles/__idf_hal.dir/gdma_hal_ahb_v1.c.obj\x1b[0m\n'}
[28.418542] (Ros2_esp32) StdoutLine: {'line': b'[ 56%] \x1b[32mBuilding C object esp-idf/hal/CMakeFiles/__idf_hal.dir/i2s_hal.c.obj\x1b[0m\n'}
[28.424171] (Ros2_esp32) StdoutLine: {'line': b'[ 56%] \x1b[32mBuilding C object esp-idf/hal/CMakeFiles/__idf_hal.dir/sdm_hal.c.obj\x1b[0m\n'}
[28.431447] (Ros2_esp32) StdoutLine: {'line': b'[ 56%] \x1b[32mBuilding C object esp-idf/hal/CMakeFiles/__idf_hal.dir/sdmmc_hal.c.obj\x1b[0m\n'}
[28.448810] (Ros2_esp32) StdoutLine: {'line': b'[ 56%] \x1b[32mBuilding C object esp-idf/hal/CMakeFiles/__idf_hal.dir/adc_hal_common.c.obj\x1b[0m\n'}
[28.454337] (Ros2_esp32) StdoutLine: {'line': b'[ 56%] \x1b[32mBuilding C object esp-idf/hal/CMakeFiles/__idf_hal.dir/adc_hal.c.obj\x1b[0m\n'}
[28.454811] (Ros2_esp32) StdoutLine: {'line': b'[ 56%] \x1b[32mBuilding C object esp-idf/hal/CMakeFiles/__idf_hal.dir/adc_oneshot_hal.c.obj\x1b[0m\n'}
[28.466025] (Ros2_esp32) StdoutLine: {'line': b'[ 57%] \x1b[32mBuilding C object esp-idf/hal/CMakeFiles/__idf_hal.dir/lcd_hal.c.obj\x1b[0m\n'}
[28.486858] (Ros2_esp32) StdoutLine: {'line': b'[ 57%] \x1b[32mBuilding C object esp-idf/hal/CMakeFiles/__idf_hal.dir/mpi_hal.c.obj\x1b[0m\n'}
[28.488753] (Ros2_esp32) StdoutLine: {'line': b'[ 57%] \x1b[32mBuilding C object esp-idf/hal/CMakeFiles/__idf_hal.dir/sha_hal.c.obj\x1b[0m\n'}
[28.489153] (Ros2_esp32) StdoutLine: {'line': b'[ 57%] \x1b[32mBuilding C object esp-idf/hal/CMakeFiles/__idf_hal.dir/aes_hal.c.obj\x1b[0m\n'}
[28.498569] (Ros2_esp32) StdoutLine: {'line': b'[ 57%] \x1b[32mBuilding C object esp-idf/hal/CMakeFiles/__idf_hal.dir/brownout_hal.c.obj\x1b[0m\n'}
[28.515772] (-) TimerEvent: {}
[28.519862] (Ros2_esp32) StdoutLine: {'line': b'[ 57%] \x1b[32mBuilding C object esp-idf/hal/CMakeFiles/__idf_hal.dir/spi_hal.c.obj\x1b[0m\n'}
[28.570880] (Ros2_esp32) StdoutLine: {'line': b'[ 57%] \x1b[32mBuilding C object esp-idf/hal/CMakeFiles/__idf_hal.dir/spi_hal_iram.c.obj\x1b[0m\n'}
[28.591755] (Ros2_esp32) StdoutLine: {'line': b'[ 57%] \x1b[32mBuilding C object esp-idf/hal/CMakeFiles/__idf_hal.dir/spi_slave_hal.c.obj\x1b[0m\n'}
[28.592415] (Ros2_esp32) StdoutLine: {'line': b'[ 57%] \x1b[32mBuilding C object esp-idf/hal/CMakeFiles/__idf_hal.dir/spi_slave_hal_iram.c.obj\x1b[0m\n'}
[28.600882] (Ros2_esp32) StdoutLine: {'line': b'[ 58%] \x1b[32mBuilding C object esp-idf/hal/CMakeFiles/__idf_hal.dir/spi_slave_hd_hal.c.obj\x1b[0m\n'}
[28.601384] (Ros2_esp32) StdoutLine: {'line': b'[ 58%] \x1b[32mBuilding C object esp-idf/hal/CMakeFiles/__idf_hal.dir/spi_flash_hal_gpspi.c.obj\x1b[0m\n'}
[28.605415] (Ros2_esp32) StdoutLine: {'line': b'[ 58%] \x1b[32mBuilding C object esp-idf/hal/CMakeFiles/__idf_hal.dir/hmac_hal.c.obj\x1b[0m\n'}
[28.608223] (Ros2_esp32) StdoutLine: {'line': b'[ 58%] \x1b[32mBuilding C object esp-idf/hal/CMakeFiles/__idf_hal.dir/ds_hal.c.obj\x1b[0m\n'}
[28.608701] (Ros2_esp32) StdoutLine: {'line': b'[ 58%] \x1b[32mBuilding C object esp-idf/hal/CMakeFiles/__idf_hal.dir/cam_hal.c.obj\x1b[0m\n'}
[28.615913] (-) TimerEvent: {}
[28.623465] (Ros2_esp32) StdoutLine: {'line': b'[ 58%] \x1b[32mBuilding C object esp-idf/hal/CMakeFiles/__idf_hal.dir/usb_serial_jtag_hal.c.obj\x1b[0m\n'}
[28.643291] (Ros2_esp32) StdoutLine: {'line': b'[ 58%] \x1b[32mBuilding C object esp-idf/hal/CMakeFiles/__idf_hal.dir/usb_dwc_hal.c.obj\x1b[0m\n'}
[28.666256] (Ros2_esp32) StdoutLine: {'line': b'[ 58%] \x1b[32mBuilding C object esp-idf/hal/CMakeFiles/__idf_hal.dir/usb_wrap_hal.c.obj\x1b[0m\n'}
[28.683847] (Ros2_esp32) StdoutLine: {'line': b'[ 58%] \x1b[32mBuilding C object esp-idf/hal/CMakeFiles/__idf_hal.dir/esp32s3/touch_sensor_hal.c.obj\x1b[0m\n'}
[28.699999] (Ros2_esp32) StdoutLine: {'line': b'[ 58%] \x1b[32mBuilding C object esp-idf/hal/CMakeFiles/__idf_hal.dir/touch_sensor_hal.c.obj\x1b[0m\n'}
[28.704086] (Ros2_esp32) StdoutLine: {'line': b'[ 58%] \x1b[32mBuilding C object esp-idf/hal/CMakeFiles/__idf_hal.dir/xt_wdt_hal.c.obj\x1b[0m\n'}
[28.710366] (Ros2_esp32) StdoutLine: {'line': b'[ 58%] \x1b[32mBuilding C object esp-idf/hal/CMakeFiles/__idf_hal.dir/touch_sens_hal.c.obj\x1b[0m\n'}
[28.716066] (-) TimerEvent: {}
[28.722029] (Ros2_esp32) StdoutLine: {'line': b'[ 59%] \x1b[32mBuilding C object esp-idf/hal/CMakeFiles/__idf_hal.dir/esp32s3/rtc_cntl_hal.c.obj\x1b[0m\n'}
[28.816166] (-) TimerEvent: {}
[28.824950] (Ros2_esp32) StdoutLine: {'line': b'[ 59%] \x1b[32m\x1b[1mLinking C static library libhal.a\x1b[0m\n'}
[28.903421] (Ros2_esp32) StdoutLine: {'line': b'[ 59%] Built target __idf_hal\n'}
[28.913709] (Ros2_esp32) StdoutLine: {'line': b'\x1b[35m\x1b[1mScanning dependencies of target __idf_esp_rom\x1b[0m\n'}
[28.916245] (-) TimerEvent: {}
[28.930884] (Ros2_esp32) StdoutLine: {'line': b'[ 60%] \x1b[32mBuilding C object esp-idf/esp_rom/CMakeFiles/__idf_esp_rom.dir/patches/esp_rom_print.c.obj\x1b[0m\n'}
[28.931195] (Ros2_esp32) StdoutLine: {'line': b'[ 60%] \x1b[32mBuilding C object esp-idf/esp_rom/CMakeFiles/__idf_esp_rom.dir/patches/esp_rom_sys.c.obj\x1b[0m\n'}
[28.931284] (Ros2_esp32) StdoutLine: {'line': b'[ 60%] \x1b[32mBuilding C object esp-idf/esp_rom/CMakeFiles/__idf_esp_rom.dir/patches/esp_rom_crc.c.obj\x1b[0m\n'}
[28.931356] (Ros2_esp32) StdoutLine: {'line': b'[ 60%] \x1b[32mBuilding C object esp-idf/esp_rom/CMakeFiles/__idf_esp_rom.dir/patches/esp_rom_efuse.c.obj\x1b[0m\n'}
[28.931423] (Ros2_esp32) StdoutLine: {'line': b'[ 60%] \x1b[32mBuilding ASM object esp-idf/esp_rom/CMakeFiles/__idf_esp_rom.dir/patches/esp_rom_longjmp.S.obj\x1b[0m\n'}
[28.931489] (Ros2_esp32) StdoutLine: {'line': b'[ 60%] \x1b[32mBuilding C object esp-idf/esp_rom/CMakeFiles/__idf_esp_rom.dir/patches/esp_rom_spiflash.c.obj\x1b[0m\n'}
[28.931557] (Ros2_esp32) StdoutLine: {'line': b'[ 60%] \x1b[32mBuilding C object esp-idf/esp_rom/CMakeFiles/__idf_esp_rom.dir/patches/esp_rom_systimer.c.obj\x1b[0m\n'}
[28.931625] (Ros2_esp32) StdoutLine: {'line': b'[ 60%] \x1b[32mBuilding C object esp-idf/esp_rom/CMakeFiles/__idf_esp_rom.dir/patches/esp_rom_gpio.c.obj\x1b[0m\n'}
[28.931899] (Ros2_esp32) StdoutLine: {'line': b'[ 60%] \x1b[32mBuilding C object esp-idf/esp_rom/CMakeFiles/__idf_esp_rom.dir/patches/esp_rom_uart.c.obj\x1b[0m\n'}
[28.932016] (Ros2_esp32) StdoutLine: {'line': b'[ 60%] \x1b[32mBuilding C object esp-idf/esp_rom/CMakeFiles/__idf_esp_rom.dir/patches/esp_rom_wdt.c.obj\x1b[0m\n'}
[28.932338] (Ros2_esp32) StdoutLine: {'line': b'[ 60%] \x1b[32mBuilding C object esp-idf/esp_rom/CMakeFiles/__idf_esp_rom.dir/patches/esp_rom_cache_esp32s2_esp32s3.c.obj\x1b[0m\n'}
[28.933509] (Ros2_esp32) StdoutLine: {'line': b'[ 61%] \x1b[32mBuilding ASM object esp-idf/esp_rom/CMakeFiles/__idf_esp_rom.dir/patches/esp_rom_cache_writeback_esp32s3.S.obj\x1b[0m\n'}
[29.016384] (-) TimerEvent: {}
[29.018457] (Ros2_esp32) StdoutLine: {'line': b'[ 61%] \x1b[32m\x1b[1mLinking C static library libesp_rom.a\x1b[0m\n'}
[29.058312] (Ros2_esp32) StdoutLine: {'line': b'[ 61%] Built target __idf_esp_rom\n'}
[29.077564] (Ros2_esp32) StdoutLine: {'line': b'[ 61%] \x1b[32mBuilding C object esp-idf/esp_common/CMakeFiles/__idf_esp_common.dir/src/esp_err_to_name.c.obj\x1b[0m\n'}
[29.116488] (-) TimerEvent: {}
[29.216769] (-) TimerEvent: {}
[29.260259] (Ros2_esp32) StdoutLine: {'line': b'[ 61%] \x1b[32m\x1b[1mLinking C static library libesp_common.a\x1b[0m\n'}
[29.293314] (Ros2_esp32) StdoutLine: {'line': b'[ 61%] Built target __idf_esp_common\n'}
[29.303919] (Ros2_esp32) StdoutLine: {'line': b'\x1b[35m\x1b[1mScanning dependencies of target __idf_esp_system\x1b[0m\n'}
[29.316886] (-) TimerEvent: {}
[29.329707] (Ros2_esp32) StdoutLine: {'line': b'[ 61%] \x1b[32mBuilding C object esp-idf/esp_system/CMakeFiles/__idf_esp_system.dir/freertos_hooks.c.obj\x1b[0m\n'}
[29.330070] (Ros2_esp32) StdoutLine: {'line': b'[ 61%] \x1b[32mBuilding C object esp-idf/esp_system/CMakeFiles/__idf_esp_system.dir/startup.c.obj\x1b[0m\n'}
[29.330149] (Ros2_esp32) StdoutLine: {'line': b'[ 61%] \x1b[32mBuilding C object esp-idf/esp_system/CMakeFiles/__idf_esp_system.dir/panic.c.obj\x1b[0m\n'}
[29.330211] (Ros2_esp32) StdoutLine: {'line': b'[ 62%] \x1b[32mBuilding C object esp-idf/esp_system/CMakeFiles/__idf_esp_system.dir/esp_system.c.obj\x1b[0m\n'}
[29.330276] (Ros2_esp32) StdoutLine: {'line': b'[ 62%] \x1b[32mBuilding C object esp-idf/esp_system/CMakeFiles/__idf_esp_system.dir/esp_system_console.c.obj\x1b[0m\n'}
[29.330330] (Ros2_esp32) StdoutLine: {'line': b'[ 62%] \x1b[32mBuilding C object esp-idf/esp_system/CMakeFiles/__idf_esp_system.dir/esp_err.c.obj\x1b[0m\n'}
[29.330718] (Ros2_esp32) StdoutLine: {'line': b'[ 62%] \x1b[32mBuilding C object esp-idf/esp_system/CMakeFiles/__idf_esp_system.dir/startup_funcs.c.obj\x1b[0m\n'}
[29.330858] (Ros2_esp32) StdoutLine: {'line': b'[ 62%] \x1b[32mBuilding C object esp-idf/esp_system/CMakeFiles/__idf_esp_system.dir/esp_ipc.c.obj\x1b[0m\n'}
[29.331059] (Ros2_esp32) StdoutLine: {'line': b'[ 62%] \x1b[32mBuilding C object esp-idf/esp_system/CMakeFiles/__idf_esp_system.dir/int_wdt.c.obj\x1b[0m\n'}
[29.331177] (Ros2_esp32) StdoutLine: {'line': b'[ 62%] \x1b[32mBuilding C object esp-idf/esp_system/CMakeFiles/__idf_esp_system.dir/crosscore_int.c.obj\x1b[0m\n'}
[29.333324] (Ros2_esp32) StdoutLine: {'line': b'[ 62%] \x1b[32mBuilding C object esp-idf/esp_system/CMakeFiles/__idf_esp_system.dir/system_time.c.obj\x1b[0m\n'}
[29.333628] (Ros2_esp32) StdoutLine: {'line': b'[ 62%] \x1b[32mBuilding C object esp-idf/esp_system/CMakeFiles/__idf_esp_system.dir/stack_check.c.obj\x1b[0m\n'}
[29.396107] (Ros2_esp32) StdoutLine: {'line': b'[ 62%] \x1b[32mBuilding C object esp-idf/esp_system/CMakeFiles/__idf_esp_system.dir/ubsan.c.obj\x1b[0m\n'}
[29.408556] (Ros2_esp32) StdoutLine: {'line': b'[ 62%] \x1b[32mBuilding C object esp-idf/esp_system/CMakeFiles/__idf_esp_system.dir/xt_wdt.c.obj\x1b[0m\n'}
[29.417038] (-) TimerEvent: {}
[29.424801] (Ros2_esp32) StdoutLine: {'line': b'[ 63%] \x1b[32mBuilding C object esp-idf/esp_system/CMakeFiles/__idf_esp_system.dir/task_wdt/task_wdt.c.obj\x1b[0m\n'}
[29.436350] (Ros2_esp32) StdoutLine: {'line': b'[ 63%] \x1b[32mBuilding C object esp-idf/esp_system/CMakeFiles/__idf_esp_system.dir/task_wdt/task_wdt_impl_timergroup.c.obj\x1b[0m\n'}
[29.436923] (Ros2_esp32) StdoutLine: {'line': b'[ 63%] \x1b[32mBuilding C object esp-idf/esp_system/CMakeFiles/__idf_esp_system.dir/port/cpu_start.c.obj\x1b[0m\n'}
[29.458152] (Ros2_esp32) StdoutLine: {'line': b'[ 63%] \x1b[32mBuilding C object esp-idf/esp_system/CMakeFiles/__idf_esp_system.dir/port/panic_handler.c.obj\x1b[0m\n'}
[29.460475] (Ros2_esp32) StdoutLine: {'line': b'[ 63%] \x1b[32mBuilding C object esp-idf/esp_system/CMakeFiles/__idf_esp_system.dir/port/esp_system_chip.c.obj\x1b[0m\n'}
[29.466622] (Ros2_esp32) StdoutLine: {'line': b'[ 63%] \x1b[32mBuilding C object esp-idf/esp_system/CMakeFiles/__idf_esp_system.dir/port/image_process.c.obj\x1b[0m\n'}
[29.468403] (Ros2_esp32) StdoutLine: {'line': b'[ 63%] \x1b[32mBuilding C object esp-idf/esp_system/CMakeFiles/__idf_esp_system.dir/port/esp_ipc_isr.c.obj\x1b[0m\n'}
[29.512802] (Ros2_esp32) StdoutLine: {'line': b'[ 63%] \x1b[32mBuilding C object esp-idf/esp_system/CMakeFiles/__idf_esp_system.dir/port/arch/xtensa/esp_ipc_isr_port.c.obj\x1b[0m\n'}
[29.518769] (Ros2_esp32) StdoutLine: {'line': b'[ 63%] \x1b[32mBuilding ASM object esp-idf/esp_system/CMakeFiles/__idf_esp_system.dir/port/arch/xtensa/esp_ipc_isr_handler.S.obj\x1b[0m\n'}
[29.519063] (-) TimerEvent: {}
[29.547361] (Ros2_esp32) StdoutLine: {'line': b'[ 63%] \x1b[32mBuilding ASM object esp-idf/esp_system/CMakeFiles/__idf_esp_system.dir/port/arch/xtensa/esp_ipc_isr_routines.S.obj\x1b[0m\n'}
[29.551330] (Ros2_esp32) StdoutLine: {'line': b'[ 64%] \x1b[32mBuilding C object esp-idf/esp_system/CMakeFiles/__idf_esp_system.dir/port/arch/xtensa/panic_arch.c.obj\x1b[0m\n'}
[29.555774] (Ros2_esp32) StdoutLine: {'line': b'[ 64%] \x1b[32mBuilding ASM object esp-idf/esp_system/CMakeFiles/__idf_esp_system.dir/port/arch/xtensa/panic_handler_asm.S.obj\x1b[0m\n'}
[29.583388] (Ros2_esp32) StdoutLine: {'line': b'[ 64%] \x1b[32mBuilding C object esp-idf/esp_system/CMakeFiles/__idf_esp_system.dir/port/arch/xtensa/expression_with_stack.c.obj\x1b[0m\n'}
[29.596610] (Ros2_esp32) StdoutLine: {'line': b'[ 64%] \x1b[32mBuilding ASM object esp-idf/esp_system/CMakeFiles/__idf_esp_system.dir/port/arch/xtensa/expression_with_stack_asm.S.obj\x1b[0m\n'}
[29.597690] (Ros2_esp32) StdoutLine: {'line': b'[ 64%] \x1b[32mBuilding C object esp-idf/esp_system/CMakeFiles/__idf_esp_system.dir/port/arch/xtensa/debug_helpers.c.obj\x1b[0m\n'}
[29.605161] (Ros2_esp32) StdoutLine: {'line': b'[ 64%] \x1b[32mBuilding C object esp-idf/esp_system/CMakeFiles/__idf_esp_system.dir/port/arch/xtensa/debug_stubs.c.obj\x1b[0m\n'}
[29.605481] (Ros2_esp32) StdoutLine: {'line': b'[ 64%] \x1b[32mBuilding ASM object esp-idf/esp_system/CMakeFiles/__idf_esp_system.dir/port/arch/xtensa/debug_helpers_asm.S.obj\x1b[0m\n'}
[29.605562] (Ros2_esp32) StdoutLine: {'line': b'[ 64%] \x1b[32mBuilding C object esp-idf/esp_system/CMakeFiles/__idf_esp_system.dir/port/arch/xtensa/trax.c.obj\x1b[0m\n'}
[29.612837] (Ros2_esp32) StdoutLine: {'line': b'[ 64%] \x1b[32mBuilding ASM object esp-idf/esp_system/CMakeFiles/__idf_esp_system.dir/port/soc/esp32s3/highint_hdl.S.obj\x1b[0m\n'}
[29.619232] (-) TimerEvent: {}
[29.623400] (Ros2_esp32) StdoutLine: {'line': b'[ 64%] \x1b[32mBuilding C object esp-idf/esp_system/CMakeFiles/__idf_esp_system.dir/port/soc/esp32s3/clk.c.obj\x1b[0m\n'}
[29.628831] (Ros2_esp32) StdoutLine: {'line': b'[ 64%] \x1b[32mBuilding C object esp-idf/esp_system/CMakeFiles/__idf_esp_system.dir/port/soc/esp32s3/reset_reason.c.obj\x1b[0m\n'}
[29.659863] (Ros2_esp32) StdoutLine: {'line': b'[ 65%] \x1b[32mBuilding C object esp-idf/esp_system/CMakeFiles/__idf_esp_system.dir/port/soc/esp32s3/system_internal.c.obj\x1b[0m\n'}
[29.663149] (Ros2_esp32) StdoutLine: {'line': b'[ 65%] \x1b[32mBuilding C object esp-idf/esp_system/CMakeFiles/__idf_esp_system.dir/port/soc/esp32s3/cache_err_int.c.obj\x1b[0m\n'}
[29.684838] (Ros2_esp32) StdoutLine: {'line': b'[ 65%] \x1b[32mBuilding C object esp-idf/esp_system/CMakeFiles/__idf_esp_system.dir/port/soc/esp32s3/apb_backup_dma.c.obj\x1b[0m\n'}
[29.719341] (-) TimerEvent: {}
[29.796982] (Ros2_esp32) StdoutLine: {'line': b'[ 65%] \x1b[32m\x1b[1mLinking C static library libesp_system.a\x1b[0m\n'}
[29.819447] (-) TimerEvent: {}
[29.860203] (Ros2_esp32) StdoutLine: {'line': b'[ 65%] Built target __idf_esp_system\n'}
[29.887013] (Ros2_esp32) StdoutLine: {'line': b'[ 65%] \x1b[32mBuilding C object esp-idf/spi_flash/CMakeFiles/__idf_spi_flash.dir/spi_flash_chip_issi.c.obj\x1b[0m\n'}
[29.887302] (Ros2_esp32) StdoutLine: {'line': b'[ 65%] \x1b[32mBuilding C object esp-idf/spi_flash/CMakeFiles/__idf_spi_flash.dir/esp32s3/spi_flash_oct_flash_init.c.obj\x1b[0m\n'}
[29.887642] (Ros2_esp32) StdoutLine: {'line': b'[ 66%] \x1b[32mBuilding C object esp-idf/spi_flash/CMakeFiles/__idf_spi_flash.dir/spi_flash_chip_drivers.c.obj\x1b[0m\n'}
[29.887885] (Ros2_esp32) StdoutLine: {'line': b'[ 66%] \x1b[32mBuilding C object esp-idf/spi_flash/CMakeFiles/__idf_spi_flash.dir/spi_flash_hpm_enable.c.obj\x1b[0m\n'}
[29.888077] (Ros2_esp32) StdoutLine: {'line': b'[ 66%] \x1b[32mBuilding C object esp-idf/spi_flash/CMakeFiles/__idf_spi_flash.dir/spi_flash_chip_generic.c.obj\x1b[0m\n'}
[29.888234] (Ros2_esp32) StdoutLine: {'line': b'[ 66%] \x1b[32mBuilding C object esp-idf/spi_flash/CMakeFiles/__idf_spi_flash.dir/spi_flash_chip_gd.c.obj\x1b[0m\n'}
[29.888393] (Ros2_esp32) StdoutLine: {'line': b'[ 66%] \x1b[32mBuilding C object esp-idf/spi_flash/CMakeFiles/__idf_spi_flash.dir/spi_flash_chip_winbond.c.obj\x1b[0m\n'}
[29.888584] (Ros2_esp32) StdoutLine: {'line': b'[ 66%] \x1b[32mBuilding C object esp-idf/spi_flash/CMakeFiles/__idf_spi_flash.dir/spi_flash_chip_mxic.c.obj\x1b[0m\n'}
[29.888785] (Ros2_esp32) StdoutLine: {'line': b'[ 66%] \x1b[32mBuilding C object esp-idf/spi_flash/CMakeFiles/__idf_spi_flash.dir/flash_brownout_hook.c.obj\x1b[0m\n'}
[29.888950] (Ros2_esp32) StdoutLine: {'line': b'[ 66%] \x1b[32mBuilding C object esp-idf/spi_flash/CMakeFiles/__idf_spi_flash.dir/spi_flash_chip_th.c.obj\x1b[0m\n'}
[29.889742] (Ros2_esp32) StdoutLine: {'line': b'[ 66%] \x1b[32mBuilding C object esp-idf/spi_flash/CMakeFiles/__idf_spi_flash.dir/spi_flash_chip_boya.c.obj\x1b[0m\n'}
[29.891120] (Ros2_esp32) StdoutLine: {'line': b'[ 66%] \x1b[32mBuilding C object esp-idf/spi_flash/CMakeFiles/__idf_spi_flash.dir/spi_flash_chip_mxic_opi.c.obj\x1b[0m\n'}
[29.919585] (-) TimerEvent: {}
[29.937865] (Ros2_esp32) StdoutLine: {'line': b'[ 66%] \x1b[32mBuilding C object esp-idf/spi_flash/CMakeFiles/__idf_spi_flash.dir/memspi_host_driver.c.obj\x1b[0m\n'}
[29.961608] (Ros2_esp32) StdoutLine: {'line': b'[ 66%] \x1b[32mBuilding C object esp-idf/spi_flash/CMakeFiles/__idf_spi_flash.dir/flash_mmap.c.obj\x1b[0m\n'}
[29.962086] (Ros2_esp32) StdoutLine: {'line': b'[ 67%] \x1b[32mBuilding C object esp-idf/spi_flash/CMakeFiles/__idf_spi_flash.dir/cache_utils.c.obj\x1b[0m\n'}
[29.974561] (Ros2_esp32) StdoutLine: {'line': b'[ 67%] \x1b[32mBuilding C object esp-idf/spi_flash/CMakeFiles/__idf_spi_flash.dir/flash_ops.c.obj\x1b[0m\n'}
[29.990456] (Ros2_esp32) StdoutLine: {'line': b'[ 67%] \x1b[32mBuilding C object esp-idf/spi_flash/CMakeFiles/__idf_spi_flash.dir/esp_flash_spi_init.c.obj\x1b[0m\n'}
[29.990953] (Ros2_esp32) StdoutLine: {'line': b'[ 67%] \x1b[32mBuilding C object esp-idf/spi_flash/CMakeFiles/__idf_spi_flash.dir/spi_flash_wrap.c.obj\x1b[0m\n'}
[29.993726] (Ros2_esp32) StdoutLine: {'line': b'[ 67%] \x1b[32mBuilding C object esp-idf/spi_flash/CMakeFiles/__idf_spi_flash.dir/esp_flash_api.c.obj\x1b[0m\n'}
[30.005127] (Ros2_esp32) StdoutLine: {'line': b'[ 67%] \x1b[32mBuilding C object esp-idf/spi_flash/CMakeFiles/__idf_spi_flash.dir/spi_flash_os_func_app.c.obj\x1b[0m\n'}
[30.019845] (-) TimerEvent: {}
[30.021194] (Ros2_esp32) StdoutLine: {'line': b'[ 67%] \x1b[32mBuilding C object esp-idf/spi_flash/CMakeFiles/__idf_spi_flash.dir/spi_flash_os_func_noos.c.obj\x1b[0m\n'}
[30.025204] (<colcon_parallel_executor.executor.parallel.ParallelExecutorExtension object at 0x7d6844f9f8b0>) ParallelStatus: {'processing': ('Ros2_esp32',)}
[30.119992] (-) TimerEvent: {}
[30.220611] (-) TimerEvent: {}
[30.273268] (Ros2_esp32) StdoutLine: {'line': b'[ 67%] \x1b[32m\x1b[1mLinking C static library libspi_flash.a\x1b[0m\n'}
[30.320721] (-) TimerEvent: {}
[30.324639] (Ros2_esp32) StdoutLine: {'line': b'[ 67%] Built target __idf_spi_flash\n'}
[30.345824] (Ros2_esp32) StdoutLine: {'line': b'[ 68%] \x1b[32mBuilding C object esp-idf/esp_mm/CMakeFiles/__idf_esp_mm.dir/heap_align_hw.c.obj\x1b[0m\n'}
[30.346054] (Ros2_esp32) StdoutLine: {'line': b'[ 68%] \x1b[32mBuilding C object esp-idf/esp_mm/CMakeFiles/__idf_esp_mm.dir/esp_cache_utils.c.obj\x1b[0m\n'}
[30.346137] (Ros2_esp32) StdoutLine: {'line': b'[ 68%] \x1b[32mBuilding C object esp-idf/esp_mm/CMakeFiles/__idf_esp_mm.dir/esp_mmu_map.c.obj\x1b[0m\n'}
[30.346208] (Ros2_esp32) StdoutLine: {'line': b'[ 68%] \x1b[32mBuilding C object esp-idf/esp_mm/CMakeFiles/__idf_esp_mm.dir/port/esp32s3/ext_mem_layout.c.obj\x1b[0m\n'}
[30.346301] (Ros2_esp32) StdoutLine: {'line': b'[ 68%] \x1b[32mBuilding C object esp-idf/esp_mm/CMakeFiles/__idf_esp_mm.dir/esp_cache_msync.c.obj\x1b[0m\n'}
[30.420836] (-) TimerEvent: {}
[30.521147] (-) TimerEvent: {}
[30.524678] (Ros2_esp32) StdoutLine: {'line': b'[ 68%] \x1b[32m\x1b[1mLinking C static library libesp_mm.a\x1b[0m\n'}
[30.563341] (Ros2_esp32) StdoutLine: {'line': b'[ 68%] Built target __idf_esp_mm\n'}
[30.587566] (Ros2_esp32) StdoutLine: {'line': b'[ 68%] \x1b[32mBuilding C object esp-idf/bootloader_support/CMakeFiles/__idf_bootloader_support.dir/src/bootloader_random.c.obj\x1b[0m\n'}
[30.588232] (Ros2_esp32) StdoutLine: {'line': b'[ 68%] \x1b[32mBuilding C object esp-idf/bootloader_support/CMakeFiles/__idf_bootloader_support.dir/src/bootloader_common_loader.c.obj\x1b[0m\n'}
[30.588510] (Ros2_esp32) StdoutLine: {'line': b'[ 68%] \x1b[32mBuilding C object esp-idf/bootloader_support/CMakeFiles/__idf_bootloader_support.dir/src/bootloader_common.c.obj\x1b[0m\n'}
[30.588698] (Ros2_esp32) StdoutLine: {'line': b'[ 68%] \x1b[32mBuilding C object esp-idf/bootloader_support/CMakeFiles/__idf_bootloader_support.dir/src/bootloader_mem.c.obj\x1b[0m\n'}
[30.591404] (Ros2_esp32) StdoutLine: {'line': b'[ 68%] \x1b[32mBuilding C object esp-idf/bootloader_support/CMakeFiles/__idf_bootloader_support.dir/src/bootloader_efuse.c.obj\x1b[0m\n'}
[30.591930] (Ros2_esp32) StdoutLine: {'line': b'[ 68%] \x1b[32mBuilding C object esp-idf/bootloader_support/CMakeFiles/__idf_bootloader_support.dir/src/secure_boot.c.obj\x1b[0m\n'}
[30.592238] (Ros2_esp32) StdoutLine: {'line': b'[ 68%] \x1b[32mBuilding C object esp-idf/bootloader_support/CMakeFiles/__idf_bootloader_support.dir/bootloader_flash/src/bootloader_flash_config_esp32s3.c.obj\x1b[0m\n'}
[30.592372] (Ros2_esp32) StdoutLine: {'line': b'[ 68%] \x1b[32mBuilding C object esp-idf/bootloader_support/CMakeFiles/__idf_bootloader_support.dir/src/bootloader_random_esp32s3.c.obj\x1b[0m\n'}
[30.592451] (Ros2_esp32) StdoutLine: {'line': b'[ 68%] \x1b[32mBuilding C object esp-idf/bootloader_support/CMakeFiles/__idf_bootloader_support.dir/src/flash_encrypt.c.obj\x1b[0m\n'}
[30.592523] (Ros2_esp32) StdoutLine: {'line': b'[ 68%] \x1b[32mBuilding C object esp-idf/bootloader_support/CMakeFiles/__idf_bootloader_support.dir/src/bootloader_clock_init.c.obj\x1b[0m\n'}
[30.593300] (Ros2_esp32) StdoutLine: {'line': b'[ 68%] \x1b[32mBuilding C object esp-idf/bootloader_support/CMakeFiles/__idf_bootloader_support.dir/bootloader_flash/src/bootloader_flash.c.obj\x1b[0m\n'}
[30.602560] (Ros2_esp32) StdoutLine: {'line': b'[ 69%] \x1b[32mBuilding C object esp-idf/bootloader_support/CMakeFiles/__idf_bootloader_support.dir/bootloader_flash/src/flash_qio_mode.c.obj\x1b[0m\n'}
[30.621747] (-) TimerEvent: {}
[30.679176] (Ros2_esp32) StdoutLine: {'line': b'[ 69%] \x1b[32mBuilding C object esp-idf/bootloader_support/CMakeFiles/__idf_bootloader_support.dir/src/bootloader_utility.c.obj\x1b[0m\n'}
[30.689830] (Ros2_esp32) StdoutLine: {'line': b'[ 69%] \x1b[32mBuilding C object esp-idf/bootloader_support/CMakeFiles/__idf_bootloader_support.dir/src/esp_image_format.c.obj\x1b[0m\n'}
[30.694689] (Ros2_esp32) StdoutLine: {'line': b'[ 69%] \x1b[32mBuilding C object esp-idf/bootloader_support/CMakeFiles/__idf_bootloader_support.dir/src/flash_partitions.c.obj\x1b[0m\n'}
[30.718447] (Ros2_esp32) StdoutLine: {'line': b'[ 69%] \x1b[32mBuilding C object esp-idf/bootloader_support/CMakeFiles/__idf_bootloader_support.dir/src/esp32s3/secure_boot_secure_features.c.obj\x1b[0m\n'}
[30.721309] (Ros2_esp32) StdoutLine: {'line': b'[ 69%] \x1b[32mBuilding C object esp-idf/bootloader_support/CMakeFiles/__idf_bootloader_support.dir/src/bootloader_sha.c.obj\x1b[0m\n'}
[30.724785] (-) TimerEvent: {}
[30.825154] (-) TimerEvent: {}
[30.920868] (Ros2_esp32) StdoutLine: {'line': b'[ 69%] \x1b[32m\x1b[1mLinking C static library libbootloader_support.a\x1b[0m\n'}
[30.925256] (-) TimerEvent: {}
[30.967473] (Ros2_esp32) StdoutLine: {'line': b'[ 69%] Built target __idf_bootloader_support\n'}
[30.989506] (Ros2_esp32) StdoutLine: {'line': b'[ 69%] \x1b[32mBuilding C object esp-idf/efuse/CMakeFiles/__idf_efuse.dir/esp32s3/esp_efuse_fields.c.obj\x1b[0m\n'}
[30.989810] (Ros2_esp32) StdoutLine: {'line': b'[ 69%] \x1b[32mBuilding C object esp-idf/efuse/CMakeFiles/__idf_efuse.dir/esp32s3/esp_efuse_utility.c.obj\x1b[0m\n'}
[30.989894] (Ros2_esp32) StdoutLine: {'line': b'[ 69%] \x1b[32mBuilding C object esp-idf/efuse/CMakeFiles/__idf_efuse.dir/esp32s3/esp_efuse_table.c.obj\x1b[0m\n'}
[30.991332] (Ros2_esp32) StdoutLine: {'line': b'[ 69%] \x1b[32mBuilding C object esp-idf/efuse/CMakeFiles/__idf_efuse.dir/esp32s3/esp_efuse_rtc_calib.c.obj\x1b[0m\n'}
[30.991663] (Ros2_esp32) StdoutLine: {'line': b'[ 69%] \x1b[32mBuilding C object esp-idf/efuse/CMakeFiles/__idf_efuse.dir/src/esp_efuse_api.c.obj\x1b[0m\n'}
[30.992743] (Ros2_esp32) StdoutLine: {'line': b'[ 69%] \x1b[32mBuilding C object esp-idf/efuse/CMakeFiles/__idf_efuse.dir/src/efuse_controller/keys/with_key_purposes/esp_efuse_api_key.c.obj\x1b[0m\n'}
[30.993003] (Ros2_esp32) StdoutLine: {'line': b'[ 69%] \x1b[32mBuilding C object esp-idf/efuse/CMakeFiles/__idf_efuse.dir/src/esp_efuse_utility.c.obj\x1b[0m\n'}
[30.993090] (Ros2_esp32) StdoutLine: {'line': b'[ 70%] \x1b[32mBuilding C object esp-idf/efuse/CMakeFiles/__idf_efuse.dir/src/esp_efuse_fields.c.obj\x1b[0m\n'}
[30.993804] (Ros2_esp32) StdoutLine: {'line': b'[ 70%] \x1b[32mBuilding C object esp-idf/efuse/CMakeFiles/__idf_efuse.dir/src/esp_efuse_startup.c.obj\x1b[0m\n'}
[31.025463] (-) TimerEvent: {}
[31.125841] (-) TimerEvent: {}
[31.136896] (Ros2_esp32) StdoutLine: {'line': b'[ 70%] \x1b[32m\x1b[1mLinking C static library libefuse.a\x1b[0m\n'}
[31.180031] (Ros2_esp32) StdoutLine: {'line': b'[ 70%] Built target __idf_efuse\n'}
[31.200823] (Ros2_esp32) StdoutLine: {'line': b'[ 70%] \x1b[32mBuilding C object esp-idf/esp_partition/CMakeFiles/__idf_esp_partition.dir/partition_target.c.obj\x1b[0m\n'}
[31.200996] (Ros2_esp32) StdoutLine: {'line': b'[ 70%] \x1b[32mBuilding C object esp-idf/esp_partition/CMakeFiles/__idf_esp_partition.dir/partition.c.obj\x1b[0m\n'}
[31.225942] (-) TimerEvent: {}
[31.317759] (Ros2_esp32) StdoutLine: {'line': b'[ 70%] \x1b[32m\x1b[1mLinking C static library libesp_partition.a\x1b[0m\n'}
[31.326062] (-) TimerEvent: {}
[31.353719] (Ros2_esp32) StdoutLine: {'line': b'[ 70%] Built target __idf_esp_partition\n'}
[31.374339] (Ros2_esp32) StdoutLine: {'line': b'[ 70%] \x1b[32mBuilding C object esp-idf/app_update/CMakeFiles/__idf_app_update.dir/esp_ota_ops.c.obj\x1b[0m\n'}
[31.374523] (Ros2_esp32) StdoutLine: {'line': b'[ 70%] \x1b[32mBuilding C object esp-idf/app_update/CMakeFiles/__idf_app_update.dir/esp_ota_app_desc.c.obj\x1b[0m\n'}
[31.426169] (-) TimerEvent: {}
[31.526432] (-) TimerEvent: {}
[31.586971] (Ros2_esp32) StdoutLine: {'line': b'[ 71%] \x1b[32m\x1b[1mLinking C static library libapp_update.a\x1b[0m\n'}
[31.622964] (Ros2_esp32) StdoutLine: {'line': b'[ 71%] Built target __idf_app_update\n'}
[31.626539] (-) TimerEvent: {}
[31.642976] (Ros2_esp32) StdoutLine: {'line': b'[ 71%] \x1b[32mBuilding C object esp-idf/esp_bootloader_format/CMakeFiles/__idf_esp_bootloader_format.dir/esp_bootloader_desc.c.obj\x1b[0m\n'}
[31.682823] (Ros2_esp32) StdoutLine: {'line': b'[ 71%] \x1b[32m\x1b[1mLinking C static library libesp_bootloader_format.a\x1b[0m\n'}
[31.715888] (Ros2_esp32) StdoutLine: {'line': b'[ 71%] Built target __idf_esp_bootloader_format\n'}
[31.726651] (-) TimerEvent: {}
[31.735526] (Ros2_esp32) StdoutLine: {'line': b'[ 71%] \x1b[32mBuilding C object esp-idf/esp_app_format/CMakeFiles/__idf_esp_app_format.dir/esp_app_desc.c.obj\x1b[0m\n'}
[31.797031] (Ros2_esp32) StdoutLine: {'line': b'[ 71%] \x1b[32m\x1b[1mLinking C static library libesp_app_format.a\x1b[0m\n'}
[31.826751] (-) TimerEvent: {}
[31.830583] (Ros2_esp32) StdoutLine: {'line': b'[ 71%] Built target __idf_esp_app_format\n'}
[31.855449] (Ros2_esp32) StdoutLine: {'line': b'[ 71%] \x1b[32mBuilding C object esp-idf/mbedtls/mbedtls/library/CMakeFiles/mbedtls.dir/ssl_ciphersuites.c.obj\x1b[0m\n'}
[31.855754] (Ros2_esp32) StdoutLine: {'line': b'[ 71%] \x1b[32mBuilding C object esp-idf/mbedtls/mbedtls/library/CMakeFiles/mbedtls.dir/ssl_cache.c.obj\x1b[0m\n'}
[31.857724] (Ros2_esp32) StdoutLine: {'line': b'[ 71%] \x1b[32mBuilding C object esp-idf/mbedtls/mbedtls/library/CMakeFiles/mbedtls.dir/mps_trace.c.obj\x1b[0m\n'}
[31.858062] (Ros2_esp32) StdoutLine: {'line': b'[ 71%] \x1b[32mBuilding C object esp-idf/mbedtls/mbedtls/library/CMakeFiles/mbedtls.dir/mps_reader.c.obj\x1b[0m\n'}
[31.858190] (Ros2_esp32) StdoutLine: {'line': b'[ 71%] \x1b[32mBuilding C object esp-idf/mbedtls/mbedtls/library/CMakeFiles/mbedtls.dir/ssl_client.c.obj\x1b[0m\n'}
[31.858259] (Ros2_esp32) StdoutLine: {'line': b'[ 71%] \x1b[32mBuilding C object esp-idf/mbedtls/mbedtls/library/CMakeFiles/mbedtls.dir/ssl_cookie.c.obj\x1b[0m\n'}
[31.858322] (Ros2_esp32) StdoutLine: {'line': b'[ 72%] \x1b[32mBuilding C object esp-idf/mbedtls/mbedtls/library/CMakeFiles/mbedtls.dir/ssl_debug_helpers_generated.c.obj\x1b[0m\n'}
[31.858388] (Ros2_esp32) StdoutLine: {'line': b'[ 72%] \x1b[32mBuilding C object esp-idf/mbedtls/mbedtls/library/CMakeFiles/mbedtls.dir/debug.c.obj\x1b[0m\n'}
[31.858565] (Ros2_esp32) StdoutLine: {'line': b'[ 72%] \x1b[32mBuilding C object esp-idf/mbedtls/mbedtls/library/CMakeFiles/mbedtls.dir/ssl_tls.c.obj\x1b[0m\n'}
[31.858712] (Ros2_esp32) StdoutLine: {'line': b'[ 72%] \x1b[32mBuilding C object esp-idf/mbedtls/mbedtls/library/CMakeFiles/mbedtls.dir/ssl_ticket.c.obj\x1b[0m\n'}
[31.859045] (Ros2_esp32) StdoutLine: {'line': b'[ 72%] \x1b[32mBuilding C object esp-idf/mbedtls/mbedtls/library/CMakeFiles/mbedtls.dir/ssl_msg.c.obj\x1b[0m\n'}
[31.860855] (Ros2_esp32) StdoutLine: {'line': b'[ 72%] \x1b[32mBuilding C object esp-idf/mbedtls/mbedtls/library/CMakeFiles/mbedtls.dir/ssl_tls12_client.c.obj\x1b[0m\n'}
[31.915941] (Ros2_esp32) StdoutLine: {'line': b'[ 72%] \x1b[32mBuilding C object esp-idf/mbedtls/mbedtls/library/CMakeFiles/mbedtls.dir/ssl_tls12_server.c.obj\x1b[0m\n'}
[31.918673] (Ros2_esp32) StdoutLine: {'line': b'[ 72%] \x1b[32mBuilding C object esp-idf/mbedtls/mbedtls/library/CMakeFiles/mbedtls.dir/ssl_tls13_keys.c.obj\x1b[0m\n'}
[31.919236] (Ros2_esp32) StdoutLine: {'line': b'[ 72%] \x1b[32mBuilding C object esp-idf/mbedtls/mbedtls/library/CMakeFiles/mbedtls.dir/ssl_tls13_server.c.obj\x1b[0m\n'}
[31.927767] (-) TimerEvent: {}
[31.989402] (Ros2_esp32) StdoutLine: {'line': b'[ 72%] \x1b[32mBuilding C object esp-idf/mbedtls/mbedtls/library/CMakeFiles/mbedtls.dir/ssl_tls13_client.c.obj\x1b[0m\n'}
[32.012185] (Ros2_esp32) StdoutLine: {'line': b'[ 72%] \x1b[32mBuilding C object esp-idf/mbedtls/mbedtls/library/CMakeFiles/mbedtls.dir/ssl_tls13_generic.c.obj\x1b[0m\n'}
[32.013615] (Ros2_esp32) StdoutLine: {'line': b'[ 72%] \x1b[32mBuilding C object esp-idf/mbedtls/mbedtls/library/CMakeFiles/mbedtls.dir/home/diego/.espressif/v5.5/esp-idf/components/mbedtls/port/mbedtls_debug.c.obj\x1b[0m\n'}
[32.015967] (Ros2_esp32) StdoutLine: {'line': b'[ 73%] \x1b[32mBuilding C object esp-idf/mbedtls/mbedtls/library/CMakeFiles/mbedtls.dir/home/diego/.espressif/v5.5/esp-idf/components/mbedtls/port/esp_platform_time.c.obj\x1b[0m\n'}
[32.016985] (Ros2_esp32) StdoutLine: {'line': b'[ 73%] \x1b[32mBuilding C object esp-idf/mbedtls/mbedtls/library/CMakeFiles/mbedtls.dir/home/diego/.espressif/v5.5/esp-idf/components/mbedtls/port/net_sockets.c.obj\x1b[0m\n'}
[32.027918] (-) TimerEvent: {}
[32.128480] (-) TimerEvent: {}
[32.228839] (-) TimerEvent: {}
[32.329127] (-) TimerEvent: {}
[32.388794] (Ros2_esp32) StdoutLine: {'line': b'[ 73%] \x1b[32m\x1b[1mLinking CXX static library libmbedtls.a\x1b[0m\n'}
[32.429233] (-) TimerEvent: {}
[32.440780] (Ros2_esp32) StdoutLine: {'line': b'[ 73%] Built target mbedtls\n'}
[32.462933] (Ros2_esp32) StdoutLine: {'line': b'[ 73%] \x1b[32mBuilding C object esp-idf/mbedtls/mbedtls/library/CMakeFiles/mbedx509.dir/x509_crl.c.obj\x1b[0m\n'}
[32.463231] (Ros2_esp32) StdoutLine: {'line': b'[ 73%] \x1b[32mBuilding C object esp-idf/mbedtls/mbedtls/library/CMakeFiles/mbedx509.dir/pkcs7.c.obj\x1b[0m\n'}
[32.463311] (Ros2_esp32) StdoutLine: {'line': b'[ 73%] \x1b[32mBuilding C object esp-idf/mbedtls/mbedtls/library/CMakeFiles/mbedx509.dir/x509_create.c.obj\x1b[0m\n'}
[32.464190] (Ros2_esp32) StdoutLine: {'line': b'[ 73%] \x1b[32mBuilding C object esp-idf/mbedtls/mbedtls/library/CMakeFiles/mbedx509.dir/x509.c.obj\x1b[0m\n'}
[32.464465] (Ros2_esp32) StdoutLine: {'line': b'[ 73%] \x1b[32mBuilding C object esp-idf/mbedtls/mbedtls/library/CMakeFiles/mbedx509.dir/x509_csr.c.obj\x1b[0m\n'}
[32.464540] (Ros2_esp32) StdoutLine: {'line': b'[ 73%] \x1b[32mBuilding C object esp-idf/mbedtls/mbedtls/library/CMakeFiles/mbedx509.dir/x509_crt.c.obj\x1b[0m\n'}
[32.465594] (Ros2_esp32) StdoutLine: {'line': b'[ 73%] \x1b[32mBuilding C object esp-idf/mbedtls/mbedtls/library/CMakeFiles/mbedx509.dir/x509write_crt.c.obj\x1b[0m\n'}
[32.465869] (Ros2_esp32) StdoutLine: {'line': b'[ 73%] \x1b[32mBuilding C object esp-idf/mbedtls/mbedtls/library/CMakeFiles/mbedx509.dir/x509write.c.obj\x1b[0m\n'}
[32.465937] (Ros2_esp32) StdoutLine: {'line': b'[ 74%] \x1b[32mBuilding C object esp-idf/mbedtls/mbedtls/library/CMakeFiles/mbedx509.dir/x509write_csr.c.obj\x1b[0m\n'}
[32.530668] (-) TimerEvent: {}
[32.631222] (-) TimerEvent: {}
[32.731561] (-) TimerEvent: {}
[32.831871] (-) TimerEvent: {}
[32.842570] (Ros2_esp32) StdoutLine: {'line': b'[ 74%] \x1b[32m\x1b[1mLinking CXX static library libmbedx509.a\x1b[0m\n'}
[32.885148] (Ros2_esp32) StdoutLine: {'line': b'[ 74%] Built target mbedx509\n'}
[32.914723] (Ros2_esp32) StdoutLine: {'line': b'[ 74%] \x1b[32mBuilding C object esp-idf/mbedtls/mbedtls/library/CMakeFiles/mbedcrypto.dir/aesce.c.obj\x1b[0m\n'}
[32.914987] (Ros2_esp32) StdoutLine: {'line': b'[ 74%] \x1b[32mBuilding C object esp-idf/mbedtls/mbedtls/library/CMakeFiles/mbedcrypto.dir/aesni.c.obj\x1b[0m\n'}
[32.915145] (Ros2_esp32) StdoutLine: {'line': b'[ 74%] \x1b[32mBuilding C object esp-idf/mbedtls/mbedtls/library/CMakeFiles/mbedcrypto.dir/aes.c.obj\x1b[0m\n'}
[32.915490] (Ros2_esp32) StdoutLine: {'line': b'[ 74%] \x1b[32mBuilding C object esp-idf/mbedtls/mbedtls/library/CMakeFiles/mbedcrypto.dir/aria.c.obj\x1b[0m\n'}
[32.915561] (Ros2_esp32) StdoutLine: {'line': b'[ 75%] \x1b[32mBuilding C object esp-idf/mbedtls/mbedtls/library/CMakeFiles/mbedcrypto.dir/asn1parse.c.obj\x1b[0m\n'}
[32.915629] (Ros2_esp32) StdoutLine: {'line': b'[ 75%] \x1b[32mBuilding C object esp-idf/mbedtls/mbedtls/library/CMakeFiles/mbedcrypto.dir/asn1write.c.obj\x1b[0m\n'}
[32.915724] (Ros2_esp32) StdoutLine: {'line': b'[ 75%] \x1b[32mBuilding C object esp-idf/mbedtls/mbedtls/library/CMakeFiles/mbedcrypto.dir/bignum.c.obj\x1b[0m\n'}
[32.915796] (Ros2_esp32) StdoutLine: {'line': b'[ 75%] \x1b[32mBuilding C object esp-idf/mbedtls/mbedtls/library/CMakeFiles/mbedcrypto.dir/base64.c.obj\x1b[0m\n'}
[32.915861] (Ros2_esp32) StdoutLine: {'line': b'[ 75%] \x1b[32mBuilding C object esp-idf/mbedtls/mbedtls/library/CMakeFiles/mbedcrypto.dir/bignum_mod.c.obj\x1b[0m\n'}
[32.915924] (Ros2_esp32) StdoutLine: {'line': b'[ 75%] \x1b[32mBuilding C object esp-idf/mbedtls/mbedtls/library/CMakeFiles/mbedcrypto.dir/bignum_core.c.obj\x1b[0m\n'}
[32.916009] (Ros2_esp32) StdoutLine: {'line': b'[ 75%] \x1b[32mBuilding C object esp-idf/mbedtls/mbedtls/library/CMakeFiles/mbedcrypto.dir/bignum_mod_raw.c.obj\x1b[0m\n'}
[32.920304] (Ros2_esp32) StdoutLine: {'line': b'[ 75%] \x1b[32mBuilding C object esp-idf/mbedtls/mbedtls/library/CMakeFiles/mbedcrypto.dir/block_cipher.c.obj\x1b[0m\n'}
[32.932019] (-) TimerEvent: {}
[32.980194] (Ros2_esp32) StdoutLine: {'line': b'[ 75%] \x1b[32mBuilding C object esp-idf/mbedtls/mbedtls/library/CMakeFiles/mbedcrypto.dir/camellia.c.obj\x1b[0m\n'}
[32.985941] (Ros2_esp32) StdoutLine: {'line': b'[ 75%] \x1b[32mBuilding C object esp-idf/mbedtls/mbedtls/library/CMakeFiles/mbedcrypto.dir/chacha20.c.obj\x1b[0m\n'}
[32.986201] (Ros2_esp32) StdoutLine: {'line': b'[ 75%] \x1b[32mBuilding C object esp-idf/mbedtls/mbedtls/library/CMakeFiles/mbedcrypto.dir/chachapoly.c.obj\x1b[0m\n'}
[32.986419] (Ros2_esp32) StdoutLine: {'line': b'[ 75%] \x1b[32mBuilding C object esp-idf/mbedtls/mbedtls/library/CMakeFiles/mbedcrypto.dir/ccm.c.obj\x1b[0m\n'}
[32.999578] (Ros2_esp32) StdoutLine: {'line': b'[ 76%] \x1b[32mBuilding C object esp-idf/mbedtls/mbedtls/library/CMakeFiles/mbedcrypto.dir/cipher.c.obj\x1b[0m\n'}
[33.032189] (-) TimerEvent: {}
[33.052419] (Ros2_esp32) StdoutLine: {'line': b'[ 76%] \x1b[32mBuilding C object esp-idf/mbedtls/mbedtls/library/CMakeFiles/mbedcrypto.dir/cmac.c.obj\x1b[0m\n'}
[33.052855] (Ros2_esp32) StdoutLine: {'line': b'[ 76%] \x1b[32mBuilding C object esp-idf/mbedtls/mbedtls/library/CMakeFiles/mbedcrypto.dir/constant_time.c.obj\x1b[0m\n'}
[33.053853] (Ros2_esp32) StdoutLine: {'line': b'[ 76%] \x1b[32mBuilding C object esp-idf/mbedtls/mbedtls/library/CMakeFiles/mbedcrypto.dir/cipher_wrap.c.obj\x1b[0m\n'}
[33.062163] (Ros2_esp32) StdoutLine: {'line': b'[ 76%] \x1b[32mBuilding C object esp-idf/mbedtls/mbedtls/library/CMakeFiles/mbedcrypto.dir/ctr_drbg.c.obj\x1b[0m\n'}
[33.064756] (Ros2_esp32) StdoutLine: {'line': b'[ 76%] \x1b[32mBuilding C object esp-idf/mbedtls/mbedtls/library/CMakeFiles/mbedcrypto.dir/des.c.obj\x1b[0m\n'}
[33.065015] (Ros2_esp32) StdoutLine: {'line': b'[ 76%] \x1b[32mBuilding C object esp-idf/mbedtls/mbedtls/library/CMakeFiles/mbedcrypto.dir/dhm.c.obj\x1b[0m\n'}
[33.068294] (Ros2_esp32) StdoutLine: {'line': b'[ 76%] \x1b[32mBuilding C object esp-idf/mbedtls/mbedtls/library/CMakeFiles/mbedcrypto.dir/ecdh.c.obj\x1b[0m\n'}
[33.132594] (-) TimerEvent: {}
[33.143759] (Ros2_esp32) StdoutLine: {'line': b'[ 76%] \x1b[32mBuilding C object esp-idf/mbedtls/mbedtls/library/CMakeFiles/mbedcrypto.dir/ecdsa.c.obj\x1b[0m\n'}
[33.144692] (Ros2_esp32) StdoutLine: {'line': b'[ 76%] \x1b[32mBuilding C object esp-idf/mbedtls/mbedtls/library/CMakeFiles/mbedcrypto.dir/ecjpake.c.obj\x1b[0m\n'}
[33.153865] (Ros2_esp32) StdoutLine: {'line': b'[ 77%] \x1b[32mBuilding C object esp-idf/mbedtls/mbedtls/library/CMakeFiles/mbedcrypto.dir/ecp.c.obj\x1b[0m\n'}
[33.163552] (Ros2_esp32) StdoutLine: {'line': b'[ 77%] \x1b[32mBuilding C object esp-idf/mbedtls/mbedtls/library/CMakeFiles/mbedcrypto.dir/ecp_curves.c.obj\x1b[0m\n'}
[33.199670] (Ros2_esp32) StdoutLine: {'line': b'[ 77%] \x1b[32mBuilding C object esp-idf/mbedtls/mbedtls/library/CMakeFiles/mbedcrypto.dir/ecp_curves_new.c.obj\x1b[0m\n'}
[33.201692] (Ros2_esp32) StdoutLine: {'line': b'[ 77%] \x1b[32mBuilding C object esp-idf/mbedtls/mbedtls/library/CMakeFiles/mbedcrypto.dir/entropy.c.obj\x1b[0m\n'}
[33.208888] (Ros2_esp32) StdoutLine: {'line': b'[ 77%] \x1b[32mBuilding C object esp-idf/mbedtls/mbedtls/library/CMakeFiles/mbedcrypto.dir/entropy_poll.c.obj\x1b[0m\n'}
[33.214565] (Ros2_esp32) StdoutLine: {'line': b'[ 77%] \x1b[32mBuilding C object esp-idf/mbedtls/mbedtls/library/CMakeFiles/mbedcrypto.dir/error.c.obj\x1b[0m\n'}
[33.225758] (Ros2_esp32) StdoutLine: {'line': b'[ 77%] \x1b[32mBuilding C object esp-idf/mbedtls/mbedtls/library/CMakeFiles/mbedcrypto.dir/gcm.c.obj\x1b[0m\n'}
[33.232749] (-) TimerEvent: {}
[33.277927] (Ros2_esp32) StdoutLine: {'line': b'[ 77%] \x1b[32mBuilding C object esp-idf/mbedtls/mbedtls/library/CMakeFiles/mbedcrypto.dir/hmac_drbg.c.obj\x1b[0m\n'}
[33.285592] (Ros2_esp32) StdoutLine: {'line': b'[ 77%] \x1b[32mBuilding C object esp-idf/mbedtls/mbedtls/library/CMakeFiles/mbedcrypto.dir/hkdf.c.obj\x1b[0m\n'}
[33.291346] (Ros2_esp32) StdoutLine: {'line': b'[ 77%] \x1b[32mBuilding C object esp-idf/mbedtls/mbedtls/library/CMakeFiles/mbedcrypto.dir/lms.c.obj\x1b[0m\n'}
[33.292366] (Ros2_esp32) StdoutLine: {'line': b'[ 77%] \x1b[32mBuilding C object esp-idf/mbedtls/mbedtls/library/CMakeFiles/mbedcrypto.dir/lmots.c.obj\x1b[0m\n'}
[33.296954] (Ros2_esp32) StdoutLine: {'line': b'[ 78%] \x1b[32mBuilding C object esp-idf/mbedtls/mbedtls/library/CMakeFiles/mbedcrypto.dir/md.c.obj\x1b[0m\n'}
[33.318858] (Ros2_esp32) StdoutLine: {'line': b'[ 78%] \x1b[32mBuilding C object esp-idf/mbedtls/mbedtls/library/CMakeFiles/mbedcrypto.dir/md5.c.obj\x1b[0m\n'}
[33.333073] (-) TimerEvent: {}
[33.368798] (Ros2_esp32) StdoutLine: {'line': b'[ 78%] \x1b[32mBuilding C object esp-idf/mbedtls/mbedtls/library/CMakeFiles/mbedcrypto.dir/memory_buffer_alloc.c.obj\x1b[0m\n'}
[33.379702] (Ros2_esp32) StdoutLine: {'line': b'[ 78%] \x1b[32mBuilding C object esp-idf/mbedtls/mbedtls/library/CMakeFiles/mbedcrypto.dir/nist_kw.c.obj\x1b[0m\n'}
[33.383081] (Ros2_esp32) StdoutLine: {'line': b'[ 78%] \x1b[32mBuilding C object esp-idf/mbedtls/mbedtls/library/CMakeFiles/mbedcrypto.dir/oid.c.obj\x1b[0m\n'}
[33.426837] (Ros2_esp32) StdoutLine: {'line': b'[ 78%] \x1b[32mBuilding C object esp-idf/mbedtls/mbedtls/library/CMakeFiles/mbedcrypto.dir/padlock.c.obj\x1b[0m\n'}
[33.433401] (-) TimerEvent: {}
[33.434099] (Ros2_esp32) StdoutLine: {'line': b'[ 78%] \x1b[32mBuilding C object esp-idf/mbedtls/mbedtls/library/CMakeFiles/mbedcrypto.dir/pem.c.obj\x1b[0m\n'}
[33.439769] (Ros2_esp32) StdoutLine: {'line': b'[ 78%] \x1b[32mBuilding C object esp-idf/mbedtls/mbedtls/library/CMakeFiles/mbedcrypto.dir/pk.c.obj\x1b[0m\n'}
[33.440254] (Ros2_esp32) StdoutLine: {'line': b'[ 78%] \x1b[32mBuilding C object esp-idf/mbedtls/mbedtls/library/CMakeFiles/mbedcrypto.dir/pk_ecc.c.obj\x1b[0m\n'}
[33.442508] (Ros2_esp32) StdoutLine: {'line': b'[ 78%] \x1b[32mBuilding C object esp-idf/mbedtls/mbedtls/library/CMakeFiles/mbedcrypto.dir/pk_wrap.c.obj\x1b[0m\n'}
[33.469747] (Ros2_esp32) StdoutLine: {'line': b'[ 78%] \x1b[32mBuilding C object esp-idf/mbedtls/mbedtls/library/CMakeFiles/mbedcrypto.dir/pkcs12.c.obj\x1b[0m\n'}
[33.480605] (Ros2_esp32) StdoutLine: {'line': b'[ 79%] \x1b[32mBuilding C object esp-idf/mbedtls/mbedtls/library/CMakeFiles/mbedcrypto.dir/pkcs5.c.obj\x1b[0m\n'}
[33.493759] (Ros2_esp32) StdoutLine: {'line': b'[ 79%] \x1b[32mBuilding C object esp-idf/mbedtls/mbedtls/library/CMakeFiles/mbedcrypto.dir/pkparse.c.obj\x1b[0m\n'}
[33.495050] (Ros2_esp32) StdoutLine: {'line': b'[ 79%] \x1b[32mBuilding C object esp-idf/mbedtls/mbedtls/library/CMakeFiles/mbedcrypto.dir/pkwrite.c.obj\x1b[0m\n'}
[33.510626] (Ros2_esp32) StdoutLine: {'line': b'[ 79%] \x1b[32mBuilding C object esp-idf/mbedtls/mbedtls/library/CMakeFiles/mbedcrypto.dir/platform.c.obj\x1b[0m\n'}
[33.519393] (Ros2_esp32) StdoutLine: {'line': b'[ 79%] \x1b[32mBuilding C object esp-idf/mbedtls/mbedtls/library/CMakeFiles/mbedcrypto.dir/platform_util.c.obj\x1b[0m\n'}
[33.533540] (-) TimerEvent: {}
[33.559916] (Ros2_esp32) StdoutLine: {'line': b'[ 79%] \x1b[32mBuilding C object esp-idf/mbedtls/mbedtls/library/CMakeFiles/mbedcrypto.dir/poly1305.c.obj\x1b[0m\n'}
[33.607596] (Ros2_esp32) StdoutLine: {'line': b'[ 79%] \x1b[32mBuilding C object esp-idf/mbedtls/mbedtls/library/CMakeFiles/mbedcrypto.dir/psa_crypto.c.obj\x1b[0m\n'}
[33.608898] (Ros2_esp32) StdoutLine: {'line': b'[ 79%] \x1b[32mBuilding C object esp-idf/mbedtls/mbedtls/library/CMakeFiles/mbedcrypto.dir/psa_crypto_aead.c.obj\x1b[0m\n'}
[33.614124] (Ros2_esp32) StdoutLine: {'line': b'[ 79%] \x1b[32mBuilding C object esp-idf/mbedtls/mbedtls/library/CMakeFiles/mbedcrypto.dir/psa_crypto_cipher.c.obj\x1b[0m\n'}
[33.633638] (Ros2_esp32) StdoutLine: {'line': b'[ 79%] \x1b[32mBuilding C object esp-idf/mbedtls/mbedtls/library/CMakeFiles/mbedcrypto.dir/psa_crypto_client.c.obj\x1b[0m\n'}
[33.633960] (-) TimerEvent: {}
[33.640082] (Ros2_esp32) StdoutLine: {'line': b'[ 79%] \x1b[32mBuilding C object esp-idf/mbedtls/mbedtls/library/CMakeFiles/mbedcrypto.dir/psa_crypto_driver_wrappers_no_static.c.obj\x1b[0m\n'}
[33.645956] (Ros2_esp32) StdoutLine: {'line': b'[ 80%] \x1b[32mBuilding C object esp-idf/mbedtls/mbedtls/library/CMakeFiles/mbedcrypto.dir/psa_crypto_ecp.c.obj\x1b[0m\n'}
[33.658806] (Ros2_esp32) StdoutLine: {'line': b'[ 80%] \x1b[32mBuilding C object esp-idf/mbedtls/mbedtls/library/CMakeFiles/mbedcrypto.dir/psa_crypto_ffdh.c.obj\x1b[0m\n'}
[33.671369] (Ros2_esp32) StdoutLine: {'line': b'[ 80%] \x1b[32mBuilding C object esp-idf/mbedtls/mbedtls/library/CMakeFiles/mbedcrypto.dir/psa_crypto_hash.c.obj\x1b[0m\n'}
[33.673784] (Ros2_esp32) StdoutLine: {'line': b'[ 80%] \x1b[32mBuilding C object esp-idf/mbedtls/mbedtls/library/CMakeFiles/mbedcrypto.dir/psa_crypto_mac.c.obj\x1b[0m\n'}
[33.679871] (Ros2_esp32) StdoutLine: {'line': b'[ 80%] \x1b[32mBuilding C object esp-idf/mbedtls/mbedtls/library/CMakeFiles/mbedcrypto.dir/psa_crypto_pake.c.obj\x1b[0m\n'}
[33.735329] (-) TimerEvent: {}
[33.748425] (Ros2_esp32) StdoutLine: {'line': b'[ 80%] \x1b[32mBuilding C object esp-idf/mbedtls/mbedtls/library/CMakeFiles/mbedcrypto.dir/psa_crypto_rsa.c.obj\x1b[0m\n'}
[33.752838] (Ros2_esp32) StdoutLine: {'line': b'[ 80%] \x1b[32mBuilding C object esp-idf/mbedtls/mbedtls/library/CMakeFiles/mbedcrypto.dir/psa_crypto_random.c.obj\x1b[0m\n'}
[33.766606] (Ros2_esp32) StdoutLine: {'line': b'[ 80%] \x1b[32mBuilding C object esp-idf/mbedtls/mbedtls/library/CMakeFiles/mbedcrypto.dir/psa_crypto_se.c.obj\x1b[0m\n'}
[33.775805] (Ros2_esp32) StdoutLine: {'line': b'[ 80%] \x1b[32mBuilding C object esp-idf/mbedtls/mbedtls/library/CMakeFiles/mbedcrypto.dir/psa_crypto_slot_management.c.obj\x1b[0m\n'}
[33.788691] (Ros2_esp32) StdoutLine: {'line': b'[ 80%] \x1b[32mBuilding C object esp-idf/mbedtls/mbedtls/library/CMakeFiles/mbedcrypto.dir/psa_crypto_storage.c.obj\x1b[0m\n'}
[33.793621] (Ros2_esp32) StdoutLine: {'line': b'[ 80%] \x1b[32mBuilding C object esp-idf/mbedtls/mbedtls/library/CMakeFiles/mbedcrypto.dir/psa_its_file.c.obj\x1b[0m\n'}
[33.798757] (Ros2_esp32) StdoutLine: {'line': b'[ 81%] \x1b[32mBuilding C object esp-idf/mbedtls/mbedtls/library/CMakeFiles/mbedcrypto.dir/psa_util.c.obj\x1b[0m\n'}
[33.811280] (Ros2_esp32) StdoutLine: {'line': b'[ 81%] \x1b[32mBuilding C object esp-idf/mbedtls/mbedtls/library/CMakeFiles/mbedcrypto.dir/ripemd160.c.obj\x1b[0m\n'}
[33.834362] (Ros2_esp32) StdoutLine: {'line': b'[ 81%] \x1b[32mBuilding C object esp-idf/mbedtls/mbedtls/library/CMakeFiles/mbedcrypto.dir/rsa.c.obj\x1b[0m\n'}
[33.835467] (-) TimerEvent: {}
[33.837341] (Ros2_esp32) StdoutLine: {'line': b'[ 81%] \x1b[32mBuilding C object esp-idf/mbedtls/mbedtls/library/CMakeFiles/mbedcrypto.dir/rsa_alt_helpers.c.obj\x1b[0m\n'}
[33.848765] (Ros2_esp32) StdoutLine: {'line': b'[ 81%] \x1b[32mBuilding C object esp-idf/mbedtls/mbedtls/library/CMakeFiles/mbedcrypto.dir/sha256.c.obj\x1b[0m\n'}
[33.849084] (Ros2_esp32) StdoutLine: {'line': b'[ 81%] \x1b[32mBuilding C object esp-idf/mbedtls/mbedtls/library/CMakeFiles/mbedcrypto.dir/sha1.c.obj\x1b[0m\n'}
[33.879799] (Ros2_esp32) StdoutLine: {'line': b'[ 81%] \x1b[32mBuilding C object esp-idf/mbedtls/mbedtls/library/CMakeFiles/mbedcrypto.dir/sha512.c.obj\x1b[0m\n'}
[33.886049] (Ros2_esp32) StdoutLine: {'line': b'[ 81%] \x1b[32mBuilding C object esp-idf/mbedtls/mbedtls/library/CMakeFiles/mbedcrypto.dir/sha3.c.obj\x1b[0m\n'}
[33.912085] (Ros2_esp32) StdoutLine: {'line': b'[ 81%] \x1b[32mBuilding C object esp-idf/mbedtls/mbedtls/library/CMakeFiles/mbedcrypto.dir/threading.c.obj\x1b[0m\n'}
[33.935619] (-) TimerEvent: {}
[33.948545] (Ros2_esp32) StdoutLine: {'line': b'[ 81%] \x1b[32mBuilding C object esp-idf/mbedtls/mbedtls/library/CMakeFiles/mbedcrypto.dir/timing.c.obj\x1b[0m\n'}
[33.957350] (Ros2_esp32) StdoutLine: {'line': b'[ 81%] \x1b[32mBuilding C object esp-idf/mbedtls/mbedtls/library/CMakeFiles/mbedcrypto.dir/version.c.obj\x1b[0m\n'}
[33.963416] (Ros2_esp32) StdoutLine: {'line': b'[ 82%] \x1b[32mBuilding C object esp-idf/mbedtls/mbedtls/library/CMakeFiles/mbedcrypto.dir/version_features.c.obj\x1b[0m\n'}
[33.965152] (Ros2_esp32) StdoutLine: {'line': b'[ 82%] \x1b[32mBuilding C object esp-idf/mbedtls/mbedtls/library/CMakeFiles/mbedcrypto.dir/home/diego/.espressif/v5.5/esp-idf/components/mbedtls/port/sha/core/esp_sha_gdma_impl.c.obj\x1b[0m\n'}
[33.967848] (Ros2_esp32) StdoutLine: {'line': b'[ 82%] \x1b[32mBuilding C object esp-idf/mbedtls/mbedtls/library/CMakeFiles/mbedcrypto.dir/home/diego/.espressif/v5.5/esp-idf/components/mbedtls/port/aes/dma/esp_aes_dma_core.c.obj\x1b[0m\n'}
[33.968157] (Ros2_esp32) StdoutLine: {'line': b'[ 82%] \x1b[32mBuilding C object esp-idf/mbedtls/mbedtls/library/CMakeFiles/mbedcrypto.dir/home/diego/.espressif/v5.5/esp-idf/components/mbedtls/port/aes/dma/esp_aes_gdma_impl.c.obj\x1b[0m\n'}
[33.973145] (Ros2_esp32) StdoutLine: {'line': b'[ 82%] \x1b[32mBuilding C object esp-idf/mbedtls/mbedtls/library/CMakeFiles/mbedcrypto.dir/home/diego/.espressif/v5.5/esp-idf/components/mbedtls/port/crypto_shared_gdma/esp_crypto_shared_gdma.c.obj\x1b[0m\n'}
[33.988791] (Ros2_esp32) StdoutLine: {'line': b'[ 82%] \x1b[32mBuilding C object esp-idf/mbedtls/mbedtls/library/CMakeFiles/mbedcrypto.dir/home/diego/.espressif/v5.5/esp-idf/components/mbedtls/port/esp_hardware.c.obj\x1b[0m\n'}
[33.991107] (Ros2_esp32) StdoutLine: {'line': b'[ 82%] \x1b[32mBuilding C object esp-idf/mbedtls/mbedtls/library/CMakeFiles/mbedcrypto.dir/home/diego/.espressif/v5.5/esp-idf/components/mbedtls/port/esp_mem.c.obj\x1b[0m\n'}
[33.997691] (Ros2_esp32) StdoutLine: {'line': b'[ 82%] \x1b[32mBuilding C object esp-idf/mbedtls/mbedtls/library/CMakeFiles/mbedcrypto.dir/home/diego/.espressif/v5.5/esp-idf/components/mbedtls/port/esp_timing.c.obj\x1b[0m\n'}
[34.021295] (Ros2_esp32) StdoutLine: {'line': b'[ 82%] \x1b[32mBuilding C object esp-idf/mbedtls/mbedtls/library/CMakeFiles/mbedcrypto.dir/home/diego/.espressif/v5.5/esp-idf/components/mbedtls/port/aes/esp_aes_xts.c.obj\x1b[0m\n'}
[34.026836] (Ros2_esp32) StdoutLine: {'line': b'[ 82%] \x1b[32mBuilding C object esp-idf/mbedtls/mbedtls/library/CMakeFiles/mbedcrypto.dir/home/diego/.espressif/v5.5/esp-idf/components/mbedtls/port/aes/esp_aes_common.c.obj\x1b[0m\n'}
[34.035772] (-) TimerEvent: {}
[34.036368] (Ros2_esp32) StdoutLine: {'line': b'[ 83%] \x1b[32mBuilding C object esp-idf/mbedtls/mbedtls/library/CMakeFiles/mbedcrypto.dir/home/diego/.espressif/v5.5/esp-idf/components/mbedtls/port/aes/dma/esp_aes.c.obj\x1b[0m\n'}
[34.054085] (Ros2_esp32) StdoutLine: {'line': b'[ 83%] \x1b[32mBuilding C object esp-idf/mbedtls/mbedtls/library/CMakeFiles/mbedcrypto.dir/home/diego/.espressif/v5.5/esp-idf/components/mbedtls/port/sha/esp_sha.c.obj\x1b[0m\n'}
[34.058353] (Ros2_esp32) StdoutLine: {'line': b'[ 83%] \x1b[32mBuilding C object esp-idf/mbedtls/mbedtls/library/CMakeFiles/mbedcrypto.dir/home/diego/.espressif/v5.5/esp-idf/components/mbedtls/port/esp_ds/esp_rsa_sign_alt.c.obj\x1b[0m\n'}
[34.058981] (Ros2_esp32) StdoutLine: {'line': b'[ 83%] \x1b[32mBuilding C object esp-idf/mbedtls/mbedtls/library/CMakeFiles/mbedcrypto.dir/home/diego/.espressif/v5.5/esp-idf/components/mbedtls/port/sha/core/sha.c.obj\x1b[0m\n'}
[34.075837] (Ros2_esp32) StdoutLine: {'line': b'[ 83%] \x1b[32mBuilding C object esp-idf/mbedtls/mbedtls/library/CMakeFiles/mbedcrypto.dir/home/diego/.espressif/v5.5/esp-idf/components/mbedtls/port/esp_ds/esp_rsa_dec_alt.c.obj\x1b[0m\n'}
[34.085138] (Ros2_esp32) StdoutLine: {'line': b'[ 83%] \x1b[32mBuilding C object esp-idf/mbedtls/mbedtls/library/CMakeFiles/mbedcrypto.dir/home/diego/.espressif/v5.5/esp-idf/components/mbedtls/port/esp_ds/esp_ds_common.c.obj\x1b[0m\n'}
[34.134382] (Ros2_esp32) StdoutLine: {'line': b'[ 83%] \x1b[32mBuilding C object esp-idf/mbedtls/mbedtls/library/CMakeFiles/mbedcrypto.dir/home/diego/.espressif/v5.5/esp-idf/components/mbedtls/port/esp_hmac_pbkdf2.c.obj\x1b[0m\n'}
[34.136615] (-) TimerEvent: {}
[34.137309] (Ros2_esp32) StdoutLine: {'line': b'[ 83%] \x1b[32mBuilding C object esp-idf/mbedtls/mbedtls/library/CMakeFiles/mbedcrypto.dir/home/diego/.espressif/v5.5/esp-idf/components/mbedtls/port/bignum/esp_bignum.c.obj\x1b[0m\n'}
[34.152841] (Ros2_esp32) StdoutLine: {'line': b'[ 83%] \x1b[32mBuilding C object esp-idf/mbedtls/mbedtls/library/CMakeFiles/mbedcrypto.dir/home/diego/.espressif/v5.5/esp-idf/components/mbedtls/port/bignum/bignum_alt.c.obj\x1b[0m\n'}
[34.166944] (Ros2_esp32) StdoutLine: {'line': b'[ 83%] \x1b[32mBuilding C object esp-idf/mbedtls/mbedtls/library/CMakeFiles/mbedcrypto.dir/home/diego/.espressif/v5.5/esp-idf/components/mbedtls/port/sha/core/esp_sha1.c.obj\x1b[0m\n'}
[34.207126] (Ros2_esp32) StdoutLine: {'line': b'[ 84%] \x1b[32mBuilding C object esp-idf/mbedtls/mbedtls/library/CMakeFiles/mbedcrypto.dir/home/diego/.espressif/v5.5/esp-idf/components/mbedtls/port/sha/core/esp_sha512.c.obj\x1b[0m\n'}
[34.212618] (Ros2_esp32) StdoutLine: {'line': b'[ 84%] \x1b[32mBuilding C object esp-idf/mbedtls/mbedtls/library/CMakeFiles/mbedcrypto.dir/home/diego/.espressif/v5.5/esp-idf/components/mbedtls/port/sha/core/esp_sha256.c.obj\x1b[0m\n'}
[34.226511] (Ros2_esp32) StdoutLine: {'line': b'[ 84%] \x1b[32mBuilding C object esp-idf/mbedtls/mbedtls/library/CMakeFiles/mbedcrypto.dir/home/diego/.espressif/v5.5/esp-idf/components/mbedtls/port/aes/esp_aes_gcm.c.obj\x1b[0m\n'}
[34.233853] (Ros2_esp32) StdoutLine: {'line': b'[ 84%] \x1b[32mBuilding C object esp-idf/mbedtls/mbedtls/library/CMakeFiles/mbedcrypto.dir/home/diego/.espressif/v5.5/esp-idf/components/mbedtls/port/md/esp_md.c.obj\x1b[0m\n'}
[34.236793] (-) TimerEvent: {}
[34.337592] (-) TimerEvent: {}
[34.437883] (-) TimerEvent: {}
[34.538163] (-) TimerEvent: {}
[34.627494] (Ros2_esp32) StdoutLine: {'line': b'[ 84%] \x1b[32m\x1b[1mLinking CXX static library libmbedcrypto.a\x1b[0m\n'}
[34.638269] (-) TimerEvent: {}
[34.738552] (-) TimerEvent: {}
[34.747825] (Ros2_esp32) StdoutLine: {'line': b'[ 84%] Built target mbedcrypto\n'}
[34.768102] (Ros2_esp32) StdoutLine: {'line': b'[ 84%] \x1b[32mBuilding C object esp-idf/mbedtls/mbedtls/3rdparty/p256-m/CMakeFiles/p256m.dir/p256-m_driver_entrypoints.c.obj\x1b[0m\n'}
[34.768288] (Ros2_esp32) StdoutLine: {'line': b'[ 84%] \x1b[32mBuilding C object esp-idf/mbedtls/mbedtls/3rdparty/p256-m/CMakeFiles/p256m.dir/p256-m/p256-m.c.obj\x1b[0m\n'}
[34.834026] (Ros2_esp32) StdoutLine: {'line': b'[ 84%] \x1b[32m\x1b[1mLinking CXX static library libp256m.a\x1b[0m\n'}
[34.838625] (-) TimerEvent: {}
[34.868856] (Ros2_esp32) StdoutLine: {'line': b'[ 84%] Built target p256m\n'}
[34.888580] (Ros2_esp32) StdoutLine: {'line': b'[ 84%] \x1b[32mBuilding C object esp-idf/mbedtls/mbedtls/3rdparty/everest/CMakeFiles/everest.dir/library/everest.c.obj\x1b[0m\n'}
[34.888797] (Ros2_esp32) StdoutLine: {'line': b'[ 84%] \x1b[32mBuilding C object esp-idf/mbedtls/mbedtls/3rdparty/everest/CMakeFiles/everest.dir/library/Hacl_Curve25519_joined.c.obj\x1b[0m\n'}
[34.888861] (Ros2_esp32) StdoutLine: {'line': b'[ 84%] \x1b[32mBuilding C object esp-idf/mbedtls/mbedtls/3rdparty/everest/CMakeFiles/everest.dir/library/x25519.c.obj\x1b[0m\n'}
[34.938739] (-) TimerEvent: {}
[34.955735] (Ros2_esp32) StdoutLine: {'line': b'[ 84%] \x1b[32m\x1b[1mLinking CXX static library libeverest.a\x1b[0m\n'}
[34.994469] (Ros2_esp32) StdoutLine: {'line': b'[ 84%] Built target everest\n'}
[35.003813] (Ros2_esp32) StdoutLine: {'line': b'[ 84%] \x1b[34m\x1b[1mGenerating x509_crt_bundle\x1b[0m\n'}
[35.038836] (-) TimerEvent: {}
[35.104673] (Ros2_esp32) StdoutLine: {'line': b'[ 84%] \x1b[34m\x1b[1mGenerating ../../x509_crt_bundle.S\x1b[0m\n'}
[35.138950] (-) TimerEvent: {}
[35.207511] (Ros2_esp32) StdoutLine: {'line': b'\x1b[35m\x1b[1mScanning dependencies of target __idf_mbedtls\x1b[0m\n'}
[35.218299] (Ros2_esp32) StdoutLine: {'line': b'[ 84%] \x1b[32mBuilding C object esp-idf/mbedtls/CMakeFiles/__idf_mbedtls.dir/esp_crt_bundle/esp_crt_bundle.c.obj\x1b[0m\n'}
[35.218751] (Ros2_esp32) StdoutLine: {'line': b'[ 85%] \x1b[32mBuilding ASM object esp-idf/mbedtls/CMakeFiles/__idf_mbedtls.dir/__/__/x509_crt_bundle.S.obj\x1b[0m\n'}
[35.239065] (-) TimerEvent: {}
[35.329389] (Ros2_esp32) StdoutLine: {'line': b'[ 85%] \x1b[32m\x1b[1mLinking C static library libmbedtls.a\x1b[0m\n'}
[35.339174] (-) TimerEvent: {}
[35.363661] (Ros2_esp32) StdoutLine: {'line': b'[ 85%] Built target __idf_mbedtls\n'}
[35.383983] (Ros2_esp32) StdoutLine: {'line': b'[ 85%] \x1b[32mBuilding C object esp-idf/esp_pm/CMakeFiles/__idf_esp_pm.dir/pm_impl.c.obj\x1b[0m\n'}
[35.384162] (Ros2_esp32) StdoutLine: {'line': b'[ 85%] \x1b[32mBuilding C object esp-idf/esp_pm/CMakeFiles/__idf_esp_pm.dir/pm_trace.c.obj\x1b[0m\n'}
[35.384223] (Ros2_esp32) StdoutLine: {'line': b'[ 85%] \x1b[32mBuilding C object esp-idf/esp_pm/CMakeFiles/__idf_esp_pm.dir/pm_locks.c.obj\x1b[0m\n'}
[35.439297] (-) TimerEvent: {}
[35.521574] (Ros2_esp32) StdoutLine: {'line': b'[ 85%] \x1b[32m\x1b[1mLinking C static library libesp_pm.a\x1b[0m\n'}
[35.539401] (-) TimerEvent: {}
[35.556476] (Ros2_esp32) StdoutLine: {'line': b'[ 85%] Built target __idf_esp_pm\n'}
[35.577691] (Ros2_esp32) StdoutLine: {'line': b'[ 85%] \x1b[32mBuilding C object esp-idf/esp_driver_gpio/CMakeFiles/__idf_esp_driver_gpio.dir/src/gpio.c.obj\x1b[0m\n'}
[35.578006] (Ros2_esp32) StdoutLine: {'line': b'[ 85%] \x1b[32mBuilding C object esp-idf/esp_driver_gpio/CMakeFiles/__idf_esp_driver_gpio.dir/src/rtc_io.c.obj\x1b[0m\n'}
[35.578754] (Ros2_esp32) StdoutLine: {'line': b'[ 85%] \x1b[32mBuilding C object esp-idf/esp_driver_gpio/CMakeFiles/__idf_esp_driver_gpio.dir/src/gpio_pin_glitch_filter.c.obj\x1b[0m\n'}
[35.578924] (Ros2_esp32) StdoutLine: {'line': b'[ 85%] \x1b[32mBuilding C object esp-idf/esp_driver_gpio/CMakeFiles/__idf_esp_driver_gpio.dir/src/dedic_gpio.c.obj\x1b[0m\n'}
[35.578985] (Ros2_esp32) StdoutLine: {'line': b'[ 85%] \x1b[32mBuilding C object esp-idf/esp_driver_gpio/CMakeFiles/__idf_esp_driver_gpio.dir/src/gpio_glitch_filter_ops.c.obj\x1b[0m\n'}
[35.639544] (-) TimerEvent: {}
[35.739921] (-) TimerEvent: {}
[35.840228] (-) TimerEvent: {}
[35.919783] (Ros2_esp32) StdoutLine: {'line': b'[ 85%] \x1b[32m\x1b[1mLinking C static library libesp_driver_gpio.a\x1b[0m\n'}
[35.940355] (-) TimerEvent: {}
[35.958846] (Ros2_esp32) StdoutLine: {'line': b'[ 85%] Built target __idf_esp_driver_gpio\n'}
[35.968971] (Ros2_esp32) StdoutLine: {'line': b'\x1b[35m\x1b[1mScanning dependencies of target __idf_xtensa\x1b[0m\n'}
[35.985771] (Ros2_esp32) StdoutLine: {'line': b'[ 85%] \x1b[32mBuilding C object esp-idf/xtensa/CMakeFiles/__idf_xtensa.dir/eri.c.obj\x1b[0m\n'}
[35.986064] (Ros2_esp32) StdoutLine: {'line': b'[ 85%] \x1b[32mBuilding ASM object esp-idf/xtensa/CMakeFiles/__idf_xtensa.dir/xtensa_context.S.obj\x1b[0m\n'}
[35.986138] (Ros2_esp32) StdoutLine: {'line': b'[ 85%] \x1b[32mBuilding C object esp-idf/xtensa/CMakeFiles/__idf_xtensa.dir/xtensa_intr.c.obj\x1b[0m\n'}
[35.986207] (Ros2_esp32) StdoutLine: {'line': b'[ 85%] \x1b[32mBuilding C object esp-idf/xtensa/CMakeFiles/__idf_xtensa.dir/xt_trax.c.obj\x1b[0m\n'}
[35.986275] (Ros2_esp32) StdoutLine: {'line': b'[ 85%] \x1b[32mBuilding ASM object esp-idf/xtensa/CMakeFiles/__idf_xtensa.dir/xtensa_intr_asm.S.obj\x1b[0m\n'}
[35.986341] (Ros2_esp32) StdoutLine: {'line': b'[ 85%] \x1b[32mBuilding ASM object esp-idf/xtensa/CMakeFiles/__idf_xtensa.dir/xtensa_vectors.S.obj\x1b[0m\n'}
[36.040461] (-) TimerEvent: {}
[36.053615] (Ros2_esp32) StdoutLine: {'line': b'[ 85%] \x1b[32m\x1b[1mLinking C static library libxtensa.a\x1b[0m\n'}
[36.089882] (Ros2_esp32) StdoutLine: {'line': b'[ 85%] Built target __idf_xtensa\n'}
[36.120039] (Ros2_esp32) StdoutLine: {'line': b'\x1b[35m\x1b[1mScanning dependencies of target __idf_espcoredump\x1b[0m\n'}
[36.121513] (Ros2_esp32) StdoutLine: {'line': b'[ 85%] \x1b[32mBuilding C object esp-idf/unity/CMakeFiles/__idf_unity.dir/unity/src/unity.c.obj\x1b[0m\n'}
[36.121901] (Ros2_esp32) StdoutLine: {'line': b'[ 85%] \x1b[32mBuilding C object esp-idf/esp_hid/CMakeFiles/__idf_esp_hid.dir/src/esp_hidd.c.obj\x1b[0m\n'}
[36.122424] (Ros2_esp32) StdoutLine: {'line': b'[ 85%] \x1b[32mBuilding C object esp-idf/esp_https_server/CMakeFiles/__idf_esp_https_server.dir/src/https_server.c.obj\x1b[0m\n'}
[36.125526] (Ros2_esp32) StdoutLine: {'line': b'[ 86%] \x1b[32mBuilding C object esp-idf/esp_eth/CMakeFiles/__idf_esp_eth.dir/src/esp_eth.c.obj\x1b[0m\n'}
[36.126132] (Ros2_esp32) StdoutLine: {'line': b'[ 86%] \x1b[32mBuilding C object esp-idf/esp_driver_cam/CMakeFiles/__idf_esp_driver_cam.dir/esp_cam_ctlr.c.obj\x1b[0m\n'}
[36.126592] (Ros2_esp32) StdoutLine: {'line': b'[ 86%] \x1b[32mBuilding C object esp-idf/esp_driver_touch_sens/CMakeFiles/__idf_esp_driver_touch_sens.dir/common/touch_sens_common.c.obj\x1b[0m\n'}
[36.126883] (Ros2_esp32) StdoutLine: {'line': b'[ 86%] \x1b[32mBuilding C object esp-idf/app_trace/CMakeFiles/__idf_app_trace.dir/app_trace.c.obj\x1b[0m\n'}
[36.129209] (Ros2_esp32) StdoutLine: {'line': b'[ 86%] \x1b[32mBuilding C object esp-idf/protobuf-c/CMakeFiles/__idf_protobuf-c.dir/protobuf-c/protobuf-c/protobuf-c.c.obj\x1b[0m\n'}
[36.133737] (Ros2_esp32) StdoutLine: {'line': b'[ 86%] \x1b[32mBuilding C object esp-idf/esp_lcd/CMakeFiles/__idf_esp_lcd.dir/src/esp_lcd_common.c.obj\x1b[0m\n'}
[36.136727] (Ros2_esp32) StdoutLine: {'line': b'[ 86%] \x1b[32mBuilding C object esp-idf/console/CMakeFiles/__idf_console.dir/commands.c.obj\x1b[0m\n'}
[36.137397] (Ros2_esp32) StdoutLine: {'line': b'[ 86%] \x1b[32mBuilding CXX object esp-idf/wear_levelling/CMakeFiles/__idf_wear_levelling.dir/Partition.cpp.obj\x1b[0m\n'}
[36.140666] (-) TimerEvent: {}
[36.141325] (Ros2_esp32) StdoutLine: {'line': b'[ 86%] \x1b[32mBuilding C object esp-idf/espcoredump/CMakeFiles/__idf_espcoredump.dir/src/core_dump_init.c.obj\x1b[0m\n'}
[36.180130] (Ros2_esp32) StdoutLine: {'line': b'[ 86%] \x1b[32mBuilding C object esp-idf/espcoredump/CMakeFiles/__idf_espcoredump.dir/src/core_dump_common.c.obj\x1b[0m\n'}
[36.240764] (-) TimerEvent: {}
[36.251831] (Ros2_esp32) StdoutLine: {'line': b'[ 86%] \x1b[32mBuilding CXX object esp-idf/wear_levelling/CMakeFiles/__idf_wear_levelling.dir/SPI_Flash.cpp.obj\x1b[0m\n'}
[36.260121] (Ros2_esp32) StdoutLine: {'line': b'[ 86%] \x1b[32mBuilding C object esp-idf/esp_hid/CMakeFiles/__idf_esp_hid.dir/src/esp_hidh.c.obj\x1b[0m\n'}
[36.272819] (Ros2_esp32) StdoutLine: {'line': b'[ 86%] \x1b[32mBuilding C object esp-idf/esp_driver_cam/CMakeFiles/__idf_esp_driver_cam.dir/dvp_share_ctrl.c.obj\x1b[0m\n'}
[36.279938] (Ros2_esp32) StdoutLine: {'line': b'[ 86%] \x1b[32mBuilding C object esp-idf/esp_lcd/CMakeFiles/__idf_esp_lcd.dir/src/esp_lcd_panel_io.c.obj\x1b[0m\n'}
[36.288698] (Ros2_esp32) StdoutLine: {'line': b'[ 86%] \x1b[32mBuilding C object esp-idf/espcoredump/CMakeFiles/__idf_espcoredump.dir/src/core_dump_flash.c.obj\x1b[0m\n'}
[36.347742] (-) TimerEvent: {}
[36.354682] (Ros2_esp32) StdoutLine: {'line': b'[ 86%] \x1b[32mBuilding C object esp-idf/app_trace/CMakeFiles/__idf_app_trace.dir/app_trace_util.c.obj\x1b[0m\n'}
[36.370832] (Ros2_esp32) StdoutLine: {'line': b'[ 87%] \x1b[32mBuilding C object esp-idf/console/CMakeFiles/__idf_console.dir/esp_console_common.c.obj\x1b[0m\n'}
[36.387526] (Ros2_esp32) StdoutLine: {'line': b'[ 87%] \x1b[32mBuilding CXX object esp-idf/wear_levelling/CMakeFiles/__idf_wear_levelling.dir/WL_Ext_Perf.cpp.obj\x1b[0m\n'}
[36.408843] (Ros2_esp32) StdoutLine: {'line': b'[ 87%] \x1b[32m\x1b[1mLinking C static library libesp_https_server.a\x1b[0m\n'}
[36.409972] (Ros2_esp32) StdoutLine: {'line': b'[ 87%] \x1b[32mBuilding C object esp-idf/esp_driver_cam/CMakeFiles/__idf_esp_driver_cam.dir/dvp/src/esp_cam_ctlr_dvp_gdma.c.obj\x1b[0m\n'}
[36.443878] (Ros2_esp32) StdoutLine: {'line': b'[ 87%] \x1b[32mBuilding C object esp-idf/esp_lcd/CMakeFiles/__idf_esp_lcd.dir/src/esp_lcd_panel_nt35510.c.obj\x1b[0m\n'}
[36.447891] (-) TimerEvent: {}
[36.503261] (Ros2_esp32) StdoutLine: {'line': b'[ 87%] \x1b[32mBuilding C object esp-idf/esp_driver_touch_sens/CMakeFiles/__idf_esp_driver_touch_sens.dir/hw_ver2/touch_version_specific.c.obj\x1b[0m\n'}
[36.506428] (Ros2_esp32) StdoutLine: {'line': b'[ 87%] Built target __idf_esp_https_server\n'}
[36.521380] (Ros2_esp32) StdoutLine: {'line': b'[ 87%] \x1b[32mBuilding C object esp-idf/esp_eth/CMakeFiles/__idf_esp_eth.dir/src/phy/esp_eth_phy_802_3.c.obj\x1b[0m\n'}
[36.532864] (Ros2_esp32) StdoutLine: {'line': b'[ 87%] \x1b[32mBuilding C object esp-idf/unity/CMakeFiles/__idf_unity.dir/unity_compat.c.obj\x1b[0m\n'}
[36.533694] (Ros2_esp32) StdoutLine: {'line': b'[ 87%] \x1b[32mBuilding C object esp-idf/console/CMakeFiles/__idf_console.dir/esp_console_repl_internal.c.obj\x1b[0m\n'}
[36.535696] (Ros2_esp32) StdoutLine: {'line': b'[ 87%] \x1b[32mBuilding C object esp-idf/app_trace/CMakeFiles/__idf_app_trace.dir/host_file_io.c.obj\x1b[0m\n'}
[36.536154] (Ros2_esp32) StdoutLine: {'line': b'[ 87%] \x1b[32mBuilding C object esp-idf/espcoredump/CMakeFiles/__idf_espcoredump.dir/src/core_dump_uart.c.obj\x1b[0m\n'}
[36.547289] (Ros2_esp32) StdoutLine: {'line': b'[ 87%] \x1b[32mBuilding C object esp-idf/json/CMakeFiles/__idf_json.dir/cJSON/cJSON.c.obj\x1b[0m\n'}
[36.548796] (-) TimerEvent: {}
[36.570332] (Ros2_esp32) StdoutLine: {'line': b'[ 87%] \x1b[32mBuilding C object esp-idf/esp_hid/CMakeFiles/__idf_esp_hid.dir/src/esp_hid_common.c.obj\x1b[0m\n'}
[36.589525] (Ros2_esp32) StdoutLine: {'line': b'[ 87%] \x1b[32mBuilding C object esp-idf/esp_driver_cam/CMakeFiles/__idf_esp_driver_cam.dir/dvp/src/esp_cam_ctlr_dvp_cam.c.obj\x1b[0m\n'}
[36.594104] (Ros2_esp32) StdoutLine: {'line': b'[ 88%] \x1b[32mBuilding CXX object esp-idf/wear_levelling/CMakeFiles/__idf_wear_levelling.dir/WL_Ext_Safe.cpp.obj\x1b[0m\n'}
[36.611106] (Ros2_esp32) StdoutLine: {'line': b'[ 88%] \x1b[32mBuilding C object esp-idf/unity/CMakeFiles/__idf_unity.dir/unity_runner.c.obj\x1b[0m\n'}
[36.635842] (Ros2_esp32) StdoutLine: {'line': b'[ 88%] \x1b[32mBuilding C object esp-idf/app_trace/CMakeFiles/__idf_app_trace.dir/port/port_uart.c.obj\x1b[0m\n'}
[36.648938] (-) TimerEvent: {}
[36.681681] (Ros2_esp32) StdoutLine: {'line': b'[ 88%] \x1b[32mBuilding C object esp-idf/espcoredump/CMakeFiles/__idf_espcoredump.dir/src/core_dump_elf.c.obj\x1b[0m\n'}
[36.684288] (Ros2_esp32) StdoutLine: {'line': b'[ 88%] \x1b[32mBuilding C object esp-idf/esp_lcd/CMakeFiles/__idf_esp_lcd.dir/src/esp_lcd_panel_ssd1306.c.obj\x1b[0m\n'}
[36.690349] (Ros2_esp32) StdoutLine: {'line': b'[ 88%] \x1b[32mBuilding C object esp-idf/console/CMakeFiles/__idf_console.dir/split_argv.c.obj\x1b[0m\n'}
[36.749150] (-) TimerEvent: {}
[36.759834] (Ros2_esp32) StdoutLine: {'line': b'[ 88%] \x1b[32mBuilding C object esp-idf/unity/CMakeFiles/__idf_unity.dir/unity_utils_freertos.c.obj\x1b[0m\n'}
[36.768120] (Ros2_esp32) StdoutLine: {'line': b'[ 88%] \x1b[32mBuilding C object esp-idf/console/CMakeFiles/__idf_console.dir/linenoise/linenoise.c.obj\x1b[0m\n'}
[36.768568] (Ros2_esp32) StdoutLine: {'line': b'[ 88%] \x1b[32m\x1b[1mLinking C static library libapp_trace.a\x1b[0m\n'}
[36.803593] (Ros2_esp32) StdoutLine: {'line': b'[ 88%] \x1b[32mBuilding CXX object esp-idf/wear_levelling/CMakeFiles/__idf_wear_levelling.dir/WL_Flash.cpp.obj\x1b[0m\n'}
[36.826839] (Ros2_esp32) StdoutLine: {'line': b'[ 88%] \x1b[32mBuilding C object esp-idf/espcoredump/CMakeFiles/__idf_espcoredump.dir/src/core_dump_binary.c.obj\x1b[0m\n'}
[36.834670] (Ros2_esp32) StdoutLine: {'line': b'[ 88%] \x1b[32m\x1b[1mLinking C static library libprotobuf-c.a\x1b[0m\n'}
[36.837519] (Ros2_esp32) StdoutLine: {'line': b'[ 88%] Built target __idf_app_trace\n'}
[36.840511] (Ros2_esp32) StdoutLine: {'line': b'[ 88%] \x1b[32m\x1b[1mLinking C static library libesp_hid.a\x1b[0m\n'}
[36.849306] (-) TimerEvent: {}
[36.854796] (Ros2_esp32) StdoutLine: {'line': b'[ 88%] \x1b[32mBuilding C object esp-idf/espcoredump/CMakeFiles/__idf_espcoredump.dir/src/core_dump_sha.c.obj\x1b[0m\n'}
[36.887803] (Ros2_esp32) StdoutLine: {'line': b'[ 88%] \x1b[32m\x1b[1mLinking C static library libesp_driver_touch_sens.a\x1b[0m\n'}
[36.894603] (Ros2_esp32) StdoutLine: {'line': b'[ 88%] \x1b[32mBuilding C object esp-idf/esp_lcd/CMakeFiles/__idf_esp_lcd.dir/src/esp_lcd_panel_st7789.c.obj\x1b[0m\n'}
[36.895612] (Ros2_esp32) StdoutLine: {'line': b'[ 88%] \x1b[32mBuilding C object esp-idf/esp_lcd/CMakeFiles/__idf_esp_lcd.dir/src/esp_lcd_panel_ops.c.obj\x1b[0m\n'}
[36.896741] (Ros2_esp32) StdoutLine: {'line': b'[ 89%] \x1b[32mBuilding C object esp-idf/unity/CMakeFiles/__idf_unity.dir/unity_utils_cache.c.obj\x1b[0m\n'}
[36.909365] (Ros2_esp32) StdoutLine: {'line': b'[ 89%] Built target __idf_protobuf-c\n'}
[36.912130] (Ros2_esp32) StdoutLine: {'line': b'[ 89%] Built target __idf_esp_hid\n'}
[36.921311] (Ros2_esp32) StdoutLine: {'line': b'[ 89%] \x1b[32mBuilding C object esp-idf/esp_eth/CMakeFiles/__idf_esp_eth.dir/src/esp_eth_netif_glue.c.obj\x1b[0m\n'}
[36.926695] (Ros2_esp32) StdoutLine: {'line': b'[ 89%] \x1b[32mBuilding C object esp-idf/unity/CMakeFiles/__idf_unity.dir/unity_utils_memory.c.obj\x1b[0m\n'}
[36.945312] (Ros2_esp32) StdoutLine: {'line': b'[ 89%] \x1b[32mBuilding C object esp-idf/mqtt/CMakeFiles/__idf_mqtt.dir/esp-mqtt/mqtt_client.c.obj\x1b[0m\n'}
[36.949453] (-) TimerEvent: {}
[36.955183] (Ros2_esp32) StdoutLine: {'line': b'[ 89%] Built target __idf_esp_driver_touch_sens\n'}
[36.957773] (Ros2_esp32) StdoutLine: {'line': b'[ 89%] \x1b[32mBuilding C object esp-idf/espcoredump/CMakeFiles/__idf_espcoredump.dir/src/core_dump_crc.c.obj\x1b[0m\n'}
[36.972200] (Ros2_esp32) StdoutLine: {'line': b'[ 89%] \x1b[32mBuilding C object esp-idf/console/CMakeFiles/__idf_console.dir/esp_console_repl_chip.c.obj\x1b[0m\n'}
[36.990761] (Ros2_esp32) StdoutLine: {'line': b'[ 89%] \x1b[32m\x1b[1mLinking C static library libesp_driver_cam.a\x1b[0m\n'}
[37.004296] (Ros2_esp32) StdoutLine: {'line': b'[ 89%] \x1b[32mBuilding C object esp-idf/espcoredump/CMakeFiles/__idf_espcoredump.dir/src/port/xtensa/core_dump_port.c.obj\x1b[0m\n'}
[37.019706] (Ros2_esp32) StdoutLine: {'line': b'[ 89%] \x1b[32mBuilding C object esp-idf/console/CMakeFiles/__idf_console.dir/argtable3/arg_cmd.c.obj\x1b[0m\n'}
[37.037729] (Ros2_esp32) StdoutLine: {'line': b'[ 89%] \x1b[32mBuilding C object esp-idf/console/CMakeFiles/__idf_console.dir/argtable3/arg_date.c.obj\x1b[0m\n'}
[37.049871] (-) TimerEvent: {}
[37.052801] (Ros2_esp32) StdoutLine: {'line': b'[ 89%] \x1b[32mBuilding C object esp-idf/unity/CMakeFiles/__idf_unity.dir/unity_port_esp32.c.obj\x1b[0m\n'}
[37.063351] (Ros2_esp32) StdoutLine: {'line': b'[ 89%] Built target __idf_esp_driver_cam\n'}
[37.083553] (Ros2_esp32) StdoutLine: {'line': b'[ 89%] \x1b[32mBuilding C object esp-idf/unity/CMakeFiles/__idf_unity.dir/port/esp/unity_utils_memory_esp.c.obj\x1b[0m\n'}
[37.086944] (Ros2_esp32) StdoutLine: {'line': b'[ 89%] \x1b[32mBuilding C object esp-idf/json/CMakeFiles/__idf_json.dir/cJSON/cJSON_Utils.c.obj\x1b[0m\n'}
[37.093088] (Ros2_esp32) StdoutLine: {'line': b'[ 89%] \x1b[32mBuilding C object esp-idf/mqtt/CMakeFiles/__idf_mqtt.dir/esp-mqtt/lib/mqtt_msg.c.obj\x1b[0m\n'}
[37.112464] (Ros2_esp32) StdoutLine: {'line': b'[ 90%] \x1b[32mBuilding ASM object esp-idf/espcoredump/CMakeFiles/__idf_espcoredump.dir/src/port/xtensa/core_dump_stack_switch.S.obj\x1b[0m\n'}
[37.116005] (Ros2_esp32) StdoutLine: {'line': b'[ 90%] \x1b[32m\x1b[1mLinking C static library libesp_eth.a\x1b[0m\n'}
[37.119325] (Ros2_esp32) StdoutLine: {'line': b'[ 90%] \x1b[32mBuilding C object esp-idf/esp_lcd/CMakeFiles/__idf_esp_lcd.dir/i2c/esp_lcd_panel_io_i2c_v1.c.obj\x1b[0m\n'}
[37.133945] (Ros2_esp32) StdoutLine: {'line': b'[ 90%] \x1b[32mBuilding C object esp-idf/esp_lcd/CMakeFiles/__idf_esp_lcd.dir/i2c/esp_lcd_panel_io_i2c_v2.c.obj\x1b[0m\n'}
[37.150021] (-) TimerEvent: {}
[37.151703] (Ros2_esp32) StdoutLine: {'line': b'[ 90%] \x1b[32mBuilding CXX object esp-idf/wear_levelling/CMakeFiles/__idf_wear_levelling.dir/crc32.cpp.obj\x1b[0m\n'}
[37.164282] (Ros2_esp32) StdoutLine: {'line': b'[ 90%] \x1b[32m\x1b[1mLinking C static library libespcoredump.a\x1b[0m\n'}
[37.188980] (Ros2_esp32) StdoutLine: {'line': b'[ 90%] Built target __idf_esp_eth\n'}
[37.200853] (Ros2_esp32) StdoutLine: {'line': b'[ 90%] \x1b[32mBuilding C object esp-idf/mqtt/CMakeFiles/__idf_mqtt.dir/esp-mqtt/lib/mqtt_outbox.c.obj\x1b[0m\n'}
[37.201292] (Ros2_esp32) StdoutLine: {'line': b'[ 90%] \x1b[32m\x1b[1mLinking C static library libunity.a\x1b[0m\n'}
[37.204279] (Ros2_esp32) StdoutLine: {'line': b'[ 90%] \x1b[32mBuilding C object esp-idf/console/CMakeFiles/__idf_console.dir/argtable3/arg_dbl.c.obj\x1b[0m\n'}
[37.228962] (Ros2_esp32) StdoutLine: {'line': b'[ 90%] \x1b[32mBuilding C object esp-idf/nvs_sec_provider/CMakeFiles/__idf_nvs_sec_provider.dir/nvs_sec_provider.c.obj\x1b[0m\n'}
[37.237344] (Ros2_esp32) StdoutLine: {'line': b'[ 90%] Built target __idf_espcoredump\n'}
[37.241563] (Ros2_esp32) StdoutLine: {'line': b'[ 90%] \x1b[32mBuilding C object esp-idf/perfmon/CMakeFiles/__idf_perfmon.dir/xtensa_perfmon_access.c.obj\x1b[0m\n'}
[37.250236] (-) TimerEvent: {}
[37.255783] (Ros2_esp32) StdoutLine: {'line': b'[ 91%] \x1b[32mBuilding C object esp-idf/esp_lcd/CMakeFiles/__idf_esp_lcd.dir/spi/esp_lcd_panel_io_spi.c.obj\x1b[0m\n'}
[37.280985] (Ros2_esp32) StdoutLine: {'line': b'[ 91%] Built target __idf_unity\n'}
[37.287849] (Ros2_esp32) StdoutLine: {'line': b'[ 91%] \x1b[32mBuilding CXX object esp-idf/wear_levelling/CMakeFiles/__idf_wear_levelling.dir/wear_levelling.cpp.obj\x1b[0m\n'}
[37.295575] (Ros2_esp32) StdoutLine: {'line': b'[ 91%] \x1b[32mBuilding C object esp-idf/mqtt/CMakeFiles/__idf_mqtt.dir/esp-mqtt/lib/platform_esp32_idf.c.obj\x1b[0m\n'}
[37.303425] (Ros2_esp32) StdoutLine: {'line': b'[ 91%] \x1b[32mBuilding C object esp-idf/console/CMakeFiles/__idf_console.dir/argtable3/arg_dstr.c.obj\x1b[0m\n'}
[37.321819] (Ros2_esp32) StdoutLine: {'line': b'[ 91%] \x1b[32mBuilding C object esp-idf/console/CMakeFiles/__idf_console.dir/argtable3/arg_end.c.obj\x1b[0m\n'}
[37.332330] (Ros2_esp32) StdoutLine: {'line': b'[ 91%] \x1b[32mBuilding C object esp-idf/perfmon/CMakeFiles/__idf_perfmon.dir/xtensa_perfmon_apis.c.obj\x1b[0m\n'}
[37.337342] (Ros2_esp32) StdoutLine: {'line': b'[ 91%] \x1b[32mBuilding C object esp-idf/console/CMakeFiles/__idf_console.dir/argtable3/arg_file.c.obj\x1b[0m\n'}
[37.350933] (-) TimerEvent: {}
[37.353014] (Ros2_esp32) StdoutLine: {'line': b'[ 91%] \x1b[32mBuilding C object esp-idf/perfmon/CMakeFiles/__idf_perfmon.dir/xtensa_perfmon_masks.c.obj\x1b[0m\n'}
[37.368991] (Ros2_esp32) StdoutLine: {'line': b'[ 91%] \x1b[32m\x1b[1mLinking C static library libnvs_sec_provider.a\x1b[0m\n'}
[37.388915] (Ros2_esp32) StdoutLine: {'line': b'[ 91%] \x1b[32m\x1b[1mLinking C static library libjson.a\x1b[0m\n'}
[37.402973] (Ros2_esp32) StdoutLine: {'line': b'[ 91%] \x1b[32mBuilding C object esp-idf/rt/CMakeFiles/__idf_rt.dir/FreeRTOS_POSIX_mqueue.c.obj\x1b[0m\n'}
[37.420934] (Ros2_esp32) StdoutLine: {'line': b'[ 91%] \x1b[32mBuilding C object esp-idf/rt/CMakeFiles/__idf_rt.dir/FreeRTOS_POSIX_utils.c.obj\x1b[0m\n'}
[37.429845] (Ros2_esp32) StdoutLine: {'line': b'[ 92%] \x1b[32m\x1b[1mLinking C static library libperfmon.a\x1b[0m\n'}
[37.438813] (Ros2_esp32) StdoutLine: {'line': b'[ 92%] \x1b[32mBuilding C object esp-idf/spiffs/CMakeFiles/__idf_spiffs.dir/spiffs_api.c.obj\x1b[0m\n'}
[37.443781] (Ros2_esp32) StdoutLine: {'line': b'[ 92%] Built target __idf_nvs_sec_provider\n'}
[37.447481] (Ros2_esp32) StdoutLine: {'line': b'[ 93%] \x1b[32mBuilding C object esp-idf/console/CMakeFiles/__idf_console.dir/argtable3/arg_hashtable.c.obj\x1b[0m\n'}
[37.449125] (Ros2_esp32) StdoutLine: {'line': b'[ 93%] \x1b[32mBuilding C object esp-idf/touch_element/CMakeFiles/__idf_touch_element.dir/touch_element.c.obj\x1b[0m\n'}
[37.451841] (-) TimerEvent: {}
[37.453690] (Ros2_esp32) StdoutLine: {'line': b'[ 93%] \x1b[32m\x1b[1mLinking C static library libwear_levelling.a\x1b[0m\n'}
[37.454215] (Ros2_esp32) StdoutLine: {'line': b'[ 93%] \x1b[32mBuilding C object esp-idf/usb/CMakeFiles/__idf_usb.dir/hcd_dwc.c.obj\x1b[0m\n'}
[37.460874] (Ros2_esp32) StdoutLine: {'line': b'[ 93%] \x1b[32mBuilding C object esp-idf/console/CMakeFiles/__idf_console.dir/argtable3/arg_int.c.obj\x1b[0m\n'}
[37.466604] (Ros2_esp32) StdoutLine: {'line': b'[ 93%] Built target __idf_json\n'}
[37.485789] (Ros2_esp32) StdoutLine: {'line': b'[ 93%] \x1b[32mBuilding C object esp-idf/esp_lcd/CMakeFiles/__idf_esp_lcd.dir/i80/esp_lcd_panel_io_i80.c.obj\x1b[0m\n'}
[37.518740] (Ros2_esp32) StdoutLine: {'line': b'[ 93%] Built target __idf_perfmon\n'}
[37.528943] (Ros2_esp32) StdoutLine: {'line': b'[ 93%] \x1b[32mBuilding C object esp-idf/usb/CMakeFiles/__idf_usb.dir/enum.c.obj\x1b[0m\n'}
[37.539595] (Ros2_esp32) StdoutLine: {'line': b'[ 93%] Built target __idf_wear_levelling\n'}
[37.552762] (-) TimerEvent: {}
[37.553236] (Ros2_esp32) StdoutLine: {'line': b'[ 93%] \x1b[32mBuilding C object esp-idf/esp_lcd/CMakeFiles/__idf_esp_lcd.dir/rgb/esp_lcd_panel_rgb.c.obj\x1b[0m\n'}
[37.554468] (Ros2_esp32) StdoutLine: {'line': b'[ 93%] \x1b[32mBuilding C object esp-idf/micro_ros_espidf_component/CMakeFiles/__idf_micro_ros_espidf_component.dir/network_interfaces/uros_wlan_netif.c.obj\x1b[0m\n'}
[37.560237] (Ros2_esp32) StdoutLine: {'line': b'[ 93%] \x1b[32mBuilding C object esp-idf/touch_element/CMakeFiles/__idf_touch_element.dir/touch_button.c.obj\x1b[0m\n'}
[37.565694] (Ros2_esp32) StdoutLine: {'line': b'[ 93%] \x1b[32mBuilding C object esp-idf/usb/CMakeFiles/__idf_usb.dir/hub.c.obj\x1b[0m\n'}
[37.566202] (Ros2_esp32) StdoutLine: {'line': b'[ 93%] \x1b[32mBuilding C object esp-idf/spiffs/CMakeFiles/__idf_spiffs.dir/spiffs/src/spiffs_cache.c.obj\x1b[0m\n'}
[37.584024] (Ros2_esp32) StdoutLine: {'line': b'[ 93%] \x1b[32mBuilding C object esp-idf/console/CMakeFiles/__idf_console.dir/argtable3/arg_lit.c.obj\x1b[0m\n'}
[37.607847] (Ros2_esp32) StdoutLine: {'line': b'[ 93%] \x1b[32m\x1b[1mLinking C static library librt.a\x1b[0m\n'}
[37.653118] (-) TimerEvent: {}
[37.684870] (Ros2_esp32) StdoutLine: {'line': b'[ 93%] Built target __idf_rt\n'}
[37.688362] (Ros2_esp32) StdoutLine: {'line': b'[ 93%] \x1b[32mBuilding C object esp-idf/console/CMakeFiles/__idf_console.dir/argtable3/arg_rem.c.obj\x1b[0m\n'}
[37.700052] (Ros2_esp32) StdoutLine: {'line': b'[ 94%] \x1b[32mBuilding C object esp-idf/spiffs/CMakeFiles/__idf_spiffs.dir/spiffs/src/spiffs_check.c.obj\x1b[0m\n'}
[37.711572] (Ros2_esp32) StdoutLine: {'line': b'[ 94%] \x1b[32m\x1b[1mLinking C static library libmicro_ros_espidf_component.a\x1b[0m\n'}
[37.723143] (Ros2_esp32) StdoutLine: {'line': b'[ 94%] \x1b[32mBuilding C object esp-idf/touch_element/CMakeFiles/__idf_touch_element.dir/touch_slider.c.obj\x1b[0m\n'}
[37.740049] (Ros2_esp32) StdoutLine: {'line': b'[ 94%] \x1b[32m\x1b[1mLinking C static library libmqtt.a\x1b[0m\n'}
[37.753324] (-) TimerEvent: {}
[37.765156] (Ros2_esp32) StdoutLine: {'line': b'[ 94%] \x1b[32mBuilding C object esp-idf/console/CMakeFiles/__idf_console.dir/argtable3/arg_rex.c.obj\x1b[0m\n'}
[37.786818] (Ros2_esp32) StdoutLine: {'line': b'[ 94%] Built target __idf_micro_ros_espidf_component\n'}
[37.791977] (Ros2_esp32) StdoutLine: {'line': b'[ 94%] \x1b[32mBuilding C object esp-idf/usb/CMakeFiles/__idf_usb.dir/usb_helpers.c.obj\x1b[0m\n'}
[37.804257] (Ros2_esp32) StdoutLine: {'line': b'[ 94%] \x1b[32mBuilding C object esp-idf/spiffs/CMakeFiles/__idf_spiffs.dir/spiffs/src/spiffs_gc.c.obj\x1b[0m\n'}
[37.812966] (Ros2_esp32) StdoutLine: {'line': b'[ 94%] \x1b[32mBuilding C object esp-idf/spiffs/CMakeFiles/__idf_spiffs.dir/spiffs/src/spiffs_hydrogen.c.obj\x1b[0m\n'}
[37.818237] (Ros2_esp32) StdoutLine: {'line': b'[ 94%] Built target __idf_mqtt\n'}
[37.833744] (Ros2_esp32) StdoutLine: {'line': b'[ 94%] \x1b[32mBuilding C object esp-idf/console/CMakeFiles/__idf_console.dir/argtable3/arg_str.c.obj\x1b[0m\n'}
[37.853479] (-) TimerEvent: {}
[37.895748] (Ros2_esp32) StdoutLine: {'line': b'[ 94%] \x1b[32mBuilding C object esp-idf/cmock/CMakeFiles/__idf_cmock.dir/CMock/src/cmock.c.obj\x1b[0m\n'}
[37.905907] (Ros2_esp32) StdoutLine: {'line': b'[ 94%] \x1b[32mBuilding C object esp-idf/fatfs/CMakeFiles/__idf_fatfs.dir/diskio/diskio.c.obj\x1b[0m\n'}
[37.944880] (Ros2_esp32) StdoutLine: {'line': b'[ 94%] \x1b[32mBuilding C object esp-idf/spiffs/CMakeFiles/__idf_spiffs.dir/spiffs/src/spiffs_nucleus.c.obj\x1b[0m\n'}
[37.953738] (-) TimerEvent: {}
[37.988101] (Ros2_esp32) StdoutLine: {'line': b'[ 94%] \x1b[32mBuilding C object esp-idf/spiffs/CMakeFiles/__idf_spiffs.dir/esp_spiffs.c.obj\x1b[0m\n'}
[37.997567] (Ros2_esp32) StdoutLine: {'line': b'[ 94%] \x1b[32m\x1b[1mLinking C static library libcmock.a\x1b[0m\n'}
[37.999836] (Ros2_esp32) StdoutLine: {'line': b'[ 94%] \x1b[32mBuilding C object esp-idf/touch_element/CMakeFiles/__idf_touch_element.dir/touch_matrix.c.obj\x1b[0m\n'}
[38.013952] (Ros2_esp32) StdoutLine: {'line': b'[ 94%] \x1b[32mBuilding C object esp-idf/console/CMakeFiles/__idf_console.dir/argtable3/arg_utils.c.obj\x1b[0m\n'}
[38.024374] (Ros2_esp32) StdoutLine: {'line': b'[ 94%] \x1b[32mBuilding C object esp-idf/fatfs/CMakeFiles/__idf_fatfs.dir/diskio/diskio_rawflash.c.obj\x1b[0m\n'}
[38.029431] (Ros2_esp32) StdoutLine: {'line': b'[ 94%] \x1b[32mBuilding C object esp-idf/usb/CMakeFiles/__idf_usb.dir/usb_host.c.obj\x1b[0m\n'}
[38.029900] (Ros2_esp32) StdoutLine: {'line': b'[ 94%] \x1b[32mBuilding C object esp-idf/fatfs/CMakeFiles/__idf_fatfs.dir/diskio/diskio_wl.c.obj\x1b[0m\n'}
[38.053875] (-) TimerEvent: {}
[38.059661] (Ros2_esp32) StdoutLine: {'line': b'[ 94%] \x1b[32mBuilding C object esp-idf/fatfs/CMakeFiles/__idf_fatfs.dir/src/ff.c.obj\x1b[0m\n'}
[38.066156] (Ros2_esp32) StdoutLine: {'line': b'[ 94%] Built target __idf_cmock\n'}
[38.084442] (Ros2_esp32) StdoutLine: {'line': b'[ 94%] \x1b[32mBuilding C object esp-idf/console/CMakeFiles/__idf_console.dir/argtable3/argtable3.c.obj\x1b[0m\n'}
[38.117181] (Ros2_esp32) StdoutLine: {'line': b'[ 94%] \x1b[32mBuilding C object esp-idf/fatfs/CMakeFiles/__idf_fatfs.dir/src/ffunicode.c.obj\x1b[0m\n'}
[38.141070] (Ros2_esp32) StdoutLine: {'line': b'[ 94%] \x1b[32mBuilding CXX object esp-idf/main/CMakeFiles/__idf_main.dir/micro-ros-esp32.cpp.obj\x1b[0m\n'}
[38.154770] (-) TimerEvent: {}
[38.178984] (Ros2_esp32) StdoutLine: {'line': b'[ 94%] \x1b[32mBuilding C object esp-idf/fatfs/CMakeFiles/__idf_fatfs.dir/port/freertos/ffsystem.c.obj\x1b[0m\n'}
[38.201903] (Ros2_esp32) StdoutLine: {'line': b'[ 94%] \x1b[32mBuilding C object esp-idf/usb/CMakeFiles/__idf_usb.dir/usb_private.c.obj\x1b[0m\n'}
[38.207369] (Ros2_esp32) StdoutLine: {'line': b'[ 94%] \x1b[32mBuilding C object esp-idf/fatfs/CMakeFiles/__idf_fatfs.dir/diskio/diskio_sdmmc.c.obj\x1b[0m\n'}
[38.255304] (-) TimerEvent: {}
[38.272876] (Ros2_esp32) StdoutLine: {'line': b'[ 94%] \x1b[32mBuilding C object esp-idf/main/CMakeFiles/__idf_main.dir/esp32_serial_transport.c.obj\x1b[0m\n'}
[38.275708] (Ros2_esp32) StdoutLine: {'line': b'[ 94%] \x1b[32m\x1b[1mLinking C static library libesp_lcd.a\x1b[0m\n'}
[38.281845] (Ros2_esp32) StdoutLine: {'line': b'[ 95%] \x1b[32mBuilding C object esp-idf/usb/CMakeFiles/__idf_usb.dir/usbh.c.obj\x1b[0m\n'}
[38.298082] (Ros2_esp32) StdoutLine: {'line': b'[ 95%] \x1b[32mBuilding C object esp-idf/fatfs/CMakeFiles/__idf_fatfs.dir/vfs/vfs_fat.c.obj\x1b[0m\n'}
[38.324958] (Ros2_esp32) StdoutLine: {'line': b'[ 95%] \x1b[32m\x1b[1mLinking C static library libtouch_element.a\x1b[0m\n'}
[38.329909] (Ros2_esp32) StdoutLine: {'line': b'[ 95%] \x1b[32m\x1b[1mLinking C static library libconsole.a\x1b[0m\n'}
[38.344570] (Ros2_esp32) StdoutLine: {'line': b'[ 96%] \x1b[32mBuilding C object esp-idf/fatfs/CMakeFiles/__idf_fatfs.dir/vfs/vfs_fat_sdmmc.c.obj\x1b[0m\n'}
[38.353586] (Ros2_esp32) StdoutLine: {'line': b'[ 96%] Built target __idf_esp_lcd\n'}
[38.355435] (-) TimerEvent: {}
[38.364799] (Ros2_esp32) StdoutLine: {'line': b'[ 96%] \x1b[32mBuilding C object esp-idf/usb/CMakeFiles/__idf_usb.dir/usb_phy.c.obj\x1b[0m\n'}
[38.368573] (Ros2_esp32) StdoutLine: {'line': b'[ 96%] \x1b[32mBuilding C object esp-idf/fatfs/CMakeFiles/__idf_fatfs.dir/vfs/vfs_fat_spiflash.c.obj\x1b[0m\n'}
[38.397413] (Ros2_esp32) StdoutLine: {'line': b'[ 96%] Built target __idf_touch_element\n'}
[38.414371] (Ros2_esp32) StdoutLine: {'line': b'[ 96%] Built target __idf_console\n'}
[38.447728] (Ros2_esp32) StdoutLine: {'line': b'[ 96%] \x1b[32mBuilding C object esp-idf/protocomm/CMakeFiles/__idf_protocomm.dir/proto-c/constants.pb-c.c.obj\x1b[0m\n'}
[38.448898] (Ros2_esp32) StdoutLine: {'line': b'[ 96%] \x1b[32mBuilding C object esp-idf/protocomm/CMakeFiles/__idf_protocomm.dir/src/common/protocomm.c.obj\x1b[0m\n'}
[38.450705] (Ros2_esp32) StdoutLine: {'line': b'[ 96%] \x1b[32mBuilding C object esp-idf/protocomm/CMakeFiles/__idf_protocomm.dir/proto-c/sec0.pb-c.c.obj\x1b[0m\n'}
[38.455585] (-) TimerEvent: {}
[38.512825] (Ros2_esp32) StderrLine: {'line': b"\x1b[01m\x1b[K/home/diego/Ros2_esp32/main/micro-ros-esp32.cpp:\x1b[m\x1b[K In function '\x1b[01m\x1b[Kvoid\x1b[01;32m\x1b[K init_servo\x1b[m\x1b[K()\x1b[m\x1b[K':\n"}
[38.516756] (Ros2_esp32) StderrLine: {'line': b"\x1b[01m\x1b[K/home/diego/Ros2_esp32/main/micro-ros-esp32.cpp:55:3:\x1b[m\x1b[K \x1b[01;35m\x1b[Kwarning: \x1b[m\x1b[Kmissing initializer for member '\x1b[01m\x1b[Kledc_timer_config_t::deconfigure\x1b[m\x1b[K' [\x1b[01;35m\x1b[K\x1b]8;;https://gcc.gnu.org/onlinedocs/gcc-14.2.0/gcc/Warning-Options.html#index-Wmissing-field-initializers\x07-Wmissing-field-initializers\x1b]8;;\x07\x1b[m\x1b[K]\n"}
[38.517056] (Ros2_esp32) StderrLine: {'line': b'   55 |   \x1b[01;35m\x1b[K}\x1b[m\x1b[K;\n'}
[38.517159] (Ros2_esp32) StderrLine: {'line': b'      |   \x1b[01;35m\x1b[K^\x1b[m\x1b[K\n'}
[38.517256] (Ros2_esp32) StderrLine: {'line': b"\x1b[01m\x1b[K/home/diego/Ros2_esp32/main/micro-ros-esp32.cpp:66:3:\x1b[m\x1b[K \x1b[01;35m\x1b[Kwarning: \x1b[m\x1b[Kmissing initializer for member '\x1b[01m\x1b[Kledc_channel_config_t::sleep_mode\x1b[m\x1b[K' [\x1b[01;35m\x1b[K\x1b]8;;https://gcc.gnu.org/onlinedocs/gcc-14.2.0/gcc/Warning-Options.html#index-Wmissing-field-initializers\x07-Wmissing-field-initializers\x1b]8;;\x07\x1b[m\x1b[K]\n"}
[38.517346] (Ros2_esp32) StderrLine: {'line': b'   66 |   \x1b[01;35m\x1b[K}\x1b[m\x1b[K;\n'}
[38.517424] (Ros2_esp32) StderrLine: {'line': b'      |   \x1b[01;35m\x1b[K^\x1b[m\x1b[K\n'}
[38.517514] (Ros2_esp32) StderrLine: {'line': b"\x1b[01m\x1b[K/home/diego/Ros2_esp32/main/micro-ros-esp32.cpp:66:3:\x1b[m\x1b[K \x1b[01;35m\x1b[Kwarning: \x1b[m\x1b[Kmissing initializer for member '\x1b[01m\x1b[Kledc_channel_config_t::flags\x1b[m\x1b[K' [\x1b[01;35m\x1b[K\x1b]8;;https://gcc.gnu.org/onlinedocs/gcc-14.2.0/gcc/Warning-Options.html#index-Wmissing-field-initializers\x07-Wmissing-field-initializers\x1b]8;;\x07\x1b[m\x1b[K]\n"}
[38.521181] (Ros2_esp32) StdoutLine: {'line': b'[ 96%] \x1b[32mBuilding C object esp-idf/protocomm/CMakeFiles/__idf_protocomm.dir/proto-c/sec1.pb-c.c.obj\x1b[0m\n'}
[38.527872] (Ros2_esp32) StdoutLine: {'line': b'[ 96%] \x1b[32mBuilding C object esp-idf/protocomm/CMakeFiles/__idf_protocomm.dir/proto-c/sec2.pb-c.c.obj\x1b[0m\n'}
[38.546247] (Ros2_esp32) StdoutLine: {'line': b'[ 96%] \x1b[32m\x1b[1mLinking C static library libspiffs.a\x1b[0m\n'}
[38.555741] (-) TimerEvent: {}
[38.565045] (Ros2_esp32) StdoutLine: {'line': b'[ 96%] \x1b[32mBuilding C object esp-idf/protocomm/CMakeFiles/__idf_protocomm.dir/proto-c/session.pb-c.c.obj\x1b[0m\n'}
[38.593971] (Ros2_esp32) StdoutLine: {'line': b'[ 96%] \x1b[32mBuilding C object esp-idf/protocomm/CMakeFiles/__idf_protocomm.dir/src/transports/protocomm_console.c.obj\x1b[0m\n'}
[38.615828] (Ros2_esp32) StdoutLine: {'line': b'[ 96%] \x1b[32m\x1b[1mLinking C static library libmain.a\x1b[0m\n'}
[38.625322] (Ros2_esp32) StdoutLine: {'line': b'[ 96%] Built target __idf_spiffs\n'}
[38.633840] (Ros2_esp32) StdoutLine: {'line': b'[ 96%] \x1b[32mBuilding C object esp-idf/protocomm/CMakeFiles/__idf_protocomm.dir/src/transports/protocomm_httpd.c.obj\x1b[0m\n'}
[38.639953] (Ros2_esp32) StdoutLine: {'line': b'[ 97%] \x1b[32mBuilding C object esp-idf/protocomm/CMakeFiles/__idf_protocomm.dir/src/security/security0.c.obj\x1b[0m\n'}
[38.656530] (-) TimerEvent: {}
[38.672608] (Ros2_esp32) StdoutLine: {'line': b'[ 97%] \x1b[32mBuilding C object esp-idf/protocomm/CMakeFiles/__idf_protocomm.dir/src/security/security2.c.obj\x1b[0m\n'}
[38.673061] (Ros2_esp32) StdoutLine: {'line': b'[ 97%] \x1b[32mBuilding C object esp-idf/protocomm/CMakeFiles/__idf_protocomm.dir/src/security/security1.c.obj\x1b[0m\n'}
[38.673364] (Ros2_esp32) StdoutLine: {'line': b'[ 97%] \x1b[32mBuilding C object esp-idf/protocomm/CMakeFiles/__idf_protocomm.dir/src/crypto/srp6a/esp_srp.c.obj\x1b[0m\n'}
[38.677832] (Ros2_esp32) StdoutLine: {'line': b'[ 97%] \x1b[32mBuilding C object esp-idf/protocomm/CMakeFiles/__idf_protocomm.dir/src/crypto/srp6a/esp_srp_mpi.c.obj\x1b[0m\n'}
[38.687489] (Ros2_esp32) StdoutLine: {'line': b'[ 97%] \x1b[32m\x1b[1mLinking C static library libusb.a\x1b[0m\n'}
[38.696757] (Ros2_esp32) StdoutLine: {'line': b'[ 97%] Built target __idf_main\n'}
[38.739260] (Ros2_esp32) StdoutLine: {'line': b'[ 97%] \x1b[32m\x1b[1mLinking C static library libfatfs.a\x1b[0m\n'}
[38.756687] (-) TimerEvent: {}
[38.762427] (Ros2_esp32) StdoutLine: {'line': b'[ 97%] Built target __idf_usb\n'}
[38.794497] (Ros2_esp32) StdoutLine: {'line': b'[ 97%] Built target __idf_fatfs\n'}
[38.856723] (-) TimerEvent: {}
[38.869587] (Ros2_esp32) StdoutLine: {'line': b'[ 97%] \x1b[32m\x1b[1mLinking C static library libprotocomm.a\x1b[0m\n'}
[38.914297] (Ros2_esp32) StdoutLine: {'line': b'[ 97%] Built target __idf_protocomm\n'}
[38.939970] (Ros2_esp32) StdoutLine: {'line': b'[ 97%] \x1b[32mBuilding C object esp-idf/esp_local_ctrl/CMakeFiles/__idf_esp_local_ctrl.dir/src/esp_local_ctrl.c.obj\x1b[0m\n'}
[38.940257] (Ros2_esp32) StdoutLine: {'line': b'[ 97%] \x1b[32mBuilding C object esp-idf/wifi_provisioning/CMakeFiles/__idf_wifi_provisioning.dir/src/wifi_config.c.obj\x1b[0m\n'}
[38.941264] (Ros2_esp32) StdoutLine: {'line': b'[ 97%] \x1b[32mBuilding C object esp-idf/wifi_provisioning/CMakeFiles/__idf_wifi_provisioning.dir/src/wifi_scan.c.obj\x1b[0m\n'}
[38.941486] (Ros2_esp32) StdoutLine: {'line': b'[ 97%] \x1b[32mBuilding C object esp-idf/esp_local_ctrl/CMakeFiles/__idf_esp_local_ctrl.dir/proto-c/esp_local_ctrl.pb-c.c.obj\x1b[0m\n'}
[38.941551] (Ros2_esp32) StdoutLine: {'line': b'[ 97%] \x1b[32mBuilding C object esp-idf/wifi_provisioning/CMakeFiles/__idf_wifi_provisioning.dir/src/handlers.c.obj\x1b[0m\n'}
[38.941666] (Ros2_esp32) StdoutLine: {'line': b'[ 97%] \x1b[32mBuilding C object esp-idf/esp_local_ctrl/CMakeFiles/__idf_esp_local_ctrl.dir/src/esp_local_ctrl_handler.c.obj\x1b[0m\n'}
[38.941747] (Ros2_esp32) StdoutLine: {'line': b'[ 97%] \x1b[32mBuilding C object esp-idf/esp_local_ctrl/CMakeFiles/__idf_esp_local_ctrl.dir/src/esp_local_ctrl_transport_httpd.c.obj\x1b[0m\n'}
[38.941822] (Ros2_esp32) StdoutLine: {'line': b'[ 97%] \x1b[32mBuilding C object esp-idf/wifi_provisioning/CMakeFiles/__idf_wifi_provisioning.dir/src/manager.c.obj\x1b[0m\n'}
[38.941946] (Ros2_esp32) StdoutLine: {'line': b'[ 97%] \x1b[32mBuilding C object esp-idf/wifi_provisioning/CMakeFiles/__idf_wifi_provisioning.dir/src/scheme_console.c.obj\x1b[0m\n'}
[38.942018] (Ros2_esp32) StdoutLine: {'line': b'[ 97%] \x1b[32mBuilding C object esp-idf/wifi_provisioning/CMakeFiles/__idf_wifi_provisioning.dir/src/wifi_ctrl.c.obj\x1b[0m\n'}
[38.943841] (Ros2_esp32) StdoutLine: {'line': b'[ 98%] \x1b[32mBuilding C object esp-idf/wifi_provisioning/CMakeFiles/__idf_wifi_provisioning.dir/proto-c/wifi_config.pb-c.c.obj\x1b[0m\n'}
[38.951007] (Ros2_esp32) StdoutLine: {'line': b'[ 98%] \x1b[32mBuilding C object esp-idf/wifi_provisioning/CMakeFiles/__idf_wifi_provisioning.dir/proto-c/wifi_scan.pb-c.c.obj\x1b[0m\n'}
[38.956876] (-) TimerEvent: {}
[39.059715] (Ros2_esp32) StdoutLine: {'line': b'[ 98%] \x1b[32mBuilding C object esp-idf/wifi_provisioning/CMakeFiles/__idf_wifi_provisioning.dir/proto-c/wifi_ctrl.pb-c.c.obj\x1b[0m\n'}
[39.060010] (-) TimerEvent: {}
[39.082785] (Ros2_esp32) StdoutLine: {'line': b'[ 98%] \x1b[32mBuilding C object esp-idf/wifi_provisioning/CMakeFiles/__idf_wifi_provisioning.dir/proto-c/wifi_constants.pb-c.c.obj\x1b[0m\n'}
[39.088458] (Ros2_esp32) StdoutLine: {'line': b'[ 98%] \x1b[32mBuilding C object esp-idf/wifi_provisioning/CMakeFiles/__idf_wifi_provisioning.dir/src/scheme_softap.c.obj\x1b[0m\n'}
[39.160144] (-) TimerEvent: {}
[39.160784] (Ros2_esp32) StdoutLine: {'line': b'[ 98%] \x1b[32m\x1b[1mLinking C static library libesp_local_ctrl.a\x1b[0m\n'}
[39.200684] (Ros2_esp32) StdoutLine: {'line': b'[ 98%] Built target __idf_esp_local_ctrl\n'}
[39.260247] (-) TimerEvent: {}
[39.351545] (Ros2_esp32) StdoutLine: {'line': b'[ 98%] \x1b[32m\x1b[1mLinking C static library libwifi_provisioning.a\x1b[0m\n'}
[39.360323] (-) TimerEvent: {}
[39.396450] (Ros2_esp32) StdoutLine: {'line': b'[ 98%] Built target __idf_wifi_provisioning\n'}
[39.417616] (Ros2_esp32) StdoutLine: {'line': b'[100%] \x1b[34m\x1b[1mGenerating esp-idf/esp_system/ld/sections.ld\x1b[0m\n'}
[39.460440] (-) TimerEvent: {}
[39.560716] (-) TimerEvent: {}
[39.660999] (-) TimerEvent: {}
[39.761311] (-) TimerEvent: {}
[39.861591] (-) TimerEvent: {}
[39.961918] (-) TimerEvent: {}
[40.062200] (-) TimerEvent: {}
[40.162459] (-) TimerEvent: {}
[40.262712] (-) TimerEvent: {}
[40.362988] (-) TimerEvent: {}
[40.463265] (-) TimerEvent: {}
[40.563545] (-) TimerEvent: {}
[40.663790] (-) TimerEvent: {}
[40.764065] (-) TimerEvent: {}
[40.864329] (-) TimerEvent: {}
[40.964620] (-) TimerEvent: {}
[41.064949] (-) TimerEvent: {}
[41.165236] (-) TimerEvent: {}
[41.265536] (-) TimerEvent: {}
[41.365842] (-) TimerEvent: {}
[41.466150] (-) TimerEvent: {}
[41.566444] (-) TimerEvent: {}
[41.666810] (-) TimerEvent: {}
[41.767075] (-) TimerEvent: {}
[41.867331] (-) TimerEvent: {}
[41.967581] (-) TimerEvent: {}
[42.067839] (-) TimerEvent: {}
[42.168091] (-) TimerEvent: {}
[42.268335] (-) TimerEvent: {}
[42.368578] (-) TimerEvent: {}
[42.468849] (-) TimerEvent: {}
[42.569103] (-) TimerEvent: {}
[42.669357] (-) TimerEvent: {}
[42.769623] (-) TimerEvent: {}
[42.869913] (-) TimerEvent: {}
[42.970166] (-) TimerEvent: {}
[43.070421] (-) TimerEvent: {}
[43.170684] (-) TimerEvent: {}
[43.270930] (-) TimerEvent: {}
[43.371182] (-) TimerEvent: {}
[43.471433] (-) TimerEvent: {}
[43.571713] (-) TimerEvent: {}
[43.671995] (-) TimerEvent: {}
[43.772286] (-) TimerEvent: {}
[43.872585] (-) TimerEvent: {}
[43.972858] (-) TimerEvent: {}
[44.073147] (-) TimerEvent: {}
[44.173411] (-) TimerEvent: {}
[44.273694] (-) TimerEvent: {}
[44.373969] (-) TimerEvent: {}
[44.474284] (-) TimerEvent: {}
[44.574598] (-) TimerEvent: {}
[44.674949] (-) TimerEvent: {}
[44.775207] (-) TimerEvent: {}
[44.875477] (-) TimerEvent: {}
[44.975711] (-) TimerEvent: {}
[45.075978] (-) TimerEvent: {}
[45.176247] (-) TimerEvent: {}
[45.276522] (-) TimerEvent: {}
[45.376800] (-) TimerEvent: {}
[45.477067] (-) TimerEvent: {}
[45.577341] (-) TimerEvent: {}
[45.677605] (-) TimerEvent: {}
[45.777886] (-) TimerEvent: {}
[45.878160] (-) TimerEvent: {}
[45.978438] (-) TimerEvent: {}
[46.078697] (-) TimerEvent: {}
[46.178983] (-) TimerEvent: {}
[46.248529] (Ros2_esp32) StdoutLine: {'line': b'[100%] Built target __ldgen_output_sections.ld\n'}
[46.270596] (Ros2_esp32) StdoutLine: {'line': b'[100%] \x1b[32mBuilding C object CMakeFiles/Ros2_esp32.elf.dir/project_elf_src_esp32s3.c.obj\x1b[0m\n'}
[46.279095] (-) TimerEvent: {}
[46.294268] (Ros2_esp32) StdoutLine: {'line': b'[100%] \x1b[32m\x1b[1mLinking CXX executable Ros2_esp32.elf\x1b[0m\n'}
[46.379213] (-) TimerEvent: {}
[46.479527] (-) TimerEvent: {}
[46.579860] (-) TimerEvent: {}
[46.680154] (-) TimerEvent: {}
[46.780437] (-) TimerEvent: {}
[46.880716] (-) TimerEvent: {}
[46.981012] (-) TimerEvent: {}
[47.081287] (-) TimerEvent: {}
[47.174144] (Ros2_esp32) StdoutLine: {'line': b'[100%] Built target Ros2_esp32.elf\n'}
[47.181404] (-) TimerEvent: {}
[47.193510] (Ros2_esp32) StdoutLine: {'line': b'[100%] \x1b[34m\x1b[1mGenerating binary image from built executable\x1b[0m\n'}
[47.265952] (Ros2_esp32) StdoutLine: {'line': b'esptool.py v4.12.dev3\n'}
[47.266930] (Ros2_esp32) StdoutLine: {'line': b'Creating esp32s3 image...\n'}
[47.272310] (Ros2_esp32) StdoutLine: {'line': b'Merged 2 ELF sections\n'}
[47.281473] (-) TimerEvent: {}
[47.282953] (Ros2_esp32) StdoutLine: {'line': b'Successfully created esp32s3 image.\n'}
[47.304674] (Ros2_esp32) StdoutLine: {'line': b'Generated /home/diego/Ros2_esp32/build/Ros2_esp32/Ros2_esp32.bin\n'}
[47.322223] (Ros2_esp32) StdoutLine: {'line': b'[100%] Built target gen_project_binary\n'}
[47.359768] (Ros2_esp32) StdoutLine: {'line': b'Ros2_esp32.bin binary size 0x48a70 bytes. Smallest app partition is 0x400000 bytes. 0x3b7590 bytes (93%) free.\n'}
[47.371082] (Ros2_esp32) StdoutLine: {'line': b'[100%] Built target app_check_size\n'}
[47.381596] (-) TimerEvent: {}
[47.390624] (Ros2_esp32) StdoutLine: {'line': b'[100%] Built target app\n'}
[47.405106] (Ros2_esp32) CommandEnded: {'returncode': 0}
[47.406755] (Ros2_esp32) JobProgress: {'identifier': 'Ros2_esp32', 'progress': 'install'}
[47.416322] (Ros2_esp32) Command: {'cmd': ['/usr/bin/cmake', '--install', '/home/diego/Ros2_esp32/build/Ros2_esp32'], 'cwd': '/home/diego/Ros2_esp32/build/Ros2_esp32', 'env': OrderedDict([('LINOROBOT2_BASE', '2wd'), ('LESSOPEN', '| /usr/bin/lesspipe %s'), ('USER', 'diego'), ('XDG_SESSION_TYPE', 'wayland'), ('IDF_TOOLS_INSTALL_CMD', '/home/diego/.espressif/v5.5/esp-idf/install.sh'), ('SHLVL', '1'), ('HOME', '/home/diego'), ('IDF_PY_COMP_WORDBREAKS', ' \t\n"\'><=;|&(:'), ('OLDPWD', '/home/diego'), ('DESKTOP_SESSION', 'ubuntu'), ('GNOME_SHELL_SESSION_MODE', 'ubuntu'), ('GTK_MODULES', 'gail:atk-bridge'), ('SYSTEMD_EXEC_PID', '6885'), ('DBUS_SESSION_BUS_ADDRESS', 'unix:path=/run/user/1000/bus'), ('COLORTERM', 'truecolor'), ('OPENOCD_SCRIPTS', '/home/diego/.espressif/tools/openocd-esp32/v0.12.0-esp32-20260424/openocd-esp32/share/openocd/scripts'), ('IM_CONFIG_PHASE', '1'), ('WAYLAND_DISPLAY', 'wayland-0'), ('LOGNAME', 'diego'), ('_', '/home/diego/.espressif/python_env/idf5.5_py3.10_env/bin/colcon'), ('XDG_SESSION_CLASS', 'user'), ('USERNAME', 'diego'), ('TERM', 'xterm-256color'), ('GNOME_DESKTOP_SESSION_ID', 'this-is-deprecated'), ('IDF_DEACTIVATE_FILE_PATH', '/tmp/tmpjlrq2srmidf_20502'), ('IDF_PATH', '/home/diego/.espressif/v5.5/esp-idf'), ('PATH', '/home/diego/.espressif/v5.5/esp-idf/components/espcoredump:/home/diego/.espressif/v5.5/esp-idf/components/partition_table:/home/diego/.espressif/v5.5/esp-idf/components/app_update:/home/diego/.espressif/tools/xtensa-esp-elf-gdb/17.1_20260402/xtensa-esp-elf-gdb/bin:/home/diego/.espressif/tools/xtensa-esp-elf/esp-14.2.0_20260121/xtensa-esp-elf/bin:/home/diego/.espressif/tools/riscv32-esp-elf/esp-14.2.0_20260121/riscv32-esp-elf/bin:/home/diego/.espressif/tools/esp32ulp-elf/2.38_20240113/esp32ulp-elf/bin:/home/diego/.espressif/tools/openocd-esp32/v0.12.0-esp32-20260424/openocd-esp32/bin:/home/diego/.espressif/tools/ninja/1.12.1/:/home/diego/.espressif/python_env/idf5.5_py3.10_env/bin:/home/diego/.espressif/v5.5/esp-idf/tools:/home/diego/.espressif/eim_gui:/home/diego/.local/bin:/usr/local/sbin:/usr/local/bin:/usr/sbin:/usr/bin:/sbin:/bin:/usr/games:/usr/local/games:/snap/bin:/snap/bin'), ('SESSION_MANAGER', 'local/diego-desktop:@/tmp/.ICE-unix/1858,unix/diego-desktop:/tmp/.ICE-unix/1858'), ('XDG_MENU_PREFIX', 'gnome-'), ('GNOME_TERMINAL_SCREEN', '/org/gnome/Terminal/screen/91377f96_c3a1_46cb_8c1b_214af858cdb9'), ('GNOME_SETUP_DISPLAY', ':1'), ('XDG_RUNTIME_DIR', '/run/user/1000'), ('DISPLAY', ':0'), ('LANG', 'en_US.UTF-8'), ('XDG_CURRENT_DESKTOP', 'ubuntu:GNOME'), ('XMODIFIERS', '@im=ibus'), ('XDG_SESSION_DESKTOP', 'ubuntu'), ('XAUTHORITY', '/run/user/1000/.mutter-Xwaylandauth.8DRMT3'), ('ESP_IDF_VERSION', '5.5'), ('LS_COLORS', 'rs=0:di=01;34:ln=01;36:mh=00:pi=40;33:so=01;35:do=01;35:bd=40;33;01:cd=40;33;01:or=40;31;01:mi=00:su=37;41:sg=30;43:ca=30;41:tw=30;42:ow=34;42:st=37;44:ex=01;32:*.tar=01;31:*.tgz=01;31:*.arc=01;31:*.arj=01;31:*.taz=01;31:*.lha=01;31:*.lz4=01;31:*.lzh=01;31:*.lzma=01;31:*.tlz=01;31:*.txz=01;31:*.tzo=01;31:*.t7z=01;31:*.zip=01;31:*.z=01;31:*.dz=01;31:*.gz=01;31:*.lrz=01;31:*.lz=01;31:*.lzo=01;31:*.xz=01;31:*.zst=01;31:*.tzst=01;31:*.bz2=01;31:*.bz=01;31:*.tbz=01;31:*.tbz2=01;31:*.tz=01;31:*.deb=01;31:*.rpm=01;31:*.jar=01;31:*.war=01;31:*.ear=01;31:*.sar=01;31:*.rar=01;31:*.alz=01;31:*.ace=01;31:*.zoo=01;31:*.cpio=01;31:*.7z=01;31:*.rz=01;31:*.cab=01;31:*.wim=01;31:*.swm=01;31:*.dwm=01;31:*.esd=01;31:*.jpg=01;35:*.jpeg=01;35:*.mjpg=01;35:*.mjpeg=01;35:*.gif=01;35:*.bmp=01;35:*.pbm=01;35:*.pgm=01;35:*.ppm=01;35:*.tga=01;35:*.xbm=01;35:*.xpm=01;35:*.tif=01;35:*.tiff=01;35:*.png=01;35:*.svg=01;35:*.svgz=01;35:*.mng=01;35:*.pcx=01;35:*.mov=01;35:*.mpg=01;35:*.mpeg=01;35:*.m2v=01;35:*.mkv=01;35:*.webm=01;35:*.webp=01;35:*.ogm=01;35:*.mp4=01;35:*.m4v=01;35:*.mp4v=01;35:*.vob=01;35:*.qt=01;35:*.nuv=01;35:*.wmv=01;35:*.asf=01;35:*.rm=01;35:*.rmvb=01;35:*.flc=01;35:*.avi=01;35:*.fli=01;35:*.flv=01;35:*.gl=01;35:*.dl=01;35:*.xcf=01;35:*.xwd=01;35:*.yuv=01;35:*.cgm=01;35:*.emf=01;35:*.ogv=01;35:*.ogx=01;35:*.aac=00;36:*.au=00;36:*.flac=00;36:*.m4a=00;36:*.mid=00;36:*.midi=00;36:*.mka=00;36:*.mp3=00;36:*.mpc=00;36:*.ogg=00;36:*.ra=00;36:*.wav=00;36:*.oga=00;36:*.opus=00;36:*.spx=00;36:*.xspf=00;36:'), ('GNOME_TERMINAL_SERVICE', ':1.159'), ('SSH_AGENT_LAUNCHER', 'gnome-keyring'), ('SSH_AUTH_SOCK', '/run/user/1000/keyring/ssh'), ('SHELL', '/bin/bash'), ('QT_ACCESSIBILITY', '1'), ('IDF_PYTHON_ENV_PATH', '/home/diego/.espressif/python_env/idf5.5_py3.10_env'), ('GDMSESSION', 'ubuntu'), ('LESSCLOSE', '/usr/bin/lesspipe %s %s'), ('IDF_TOOLS_EXPORT_CMD', '/home/diego/.espressif/v5.5/esp-idf/export.sh'), ('QT_IM_MODULE', 'ibus'), ('PWD', '/home/diego/Ros2_esp32/build/Ros2_esp32'), ('LC_ALL', 'en_US.UTF-8'), ('XDG_CONFIG_DIRS', '/etc/xdg/xdg-ubuntu:/etc/xdg'), ('XDG_DATA_DIRS', '/usr/share/ubuntu:/home/diego/.local/share/flatpak/exports/share:/var/lib/flatpak/exports/share:/usr/local/share/:/usr/share/:/var/lib/snapd/desktop'), ('ESP_ROM_ELF_DIR', '/home/diego/.espressif/tools/esp-rom-elfs/20241011/'), ('COLCON', '1'), ('VTE_VERSION', '6800')]), 'shell': False}
[47.423101] (Ros2_esp32) StdoutLine: {'line': b'-- Install configuration: ""\n'}
[47.424321] (Ros2_esp32) StdoutLine: {'line': b'-- Installing: /home/diego/Ros2_esp32/install/Ros2_esp32/include/mbedtls/aes.h\n'}
[47.424520] (Ros2_esp32) StdoutLine: {'line': b'-- Installing: /home/diego/Ros2_esp32/install/Ros2_esp32/include/mbedtls/aria.h\n'}
[47.424668] (Ros2_esp32) StdoutLine: {'line': b'-- Installing: /home/diego/Ros2_esp32/install/Ros2_esp32/include/mbedtls/asn1.h\n'}
[47.424821] (Ros2_esp32) StdoutLine: {'line': b'-- Installing: /home/diego/Ros2_esp32/install/Ros2_esp32/include/mbedtls/asn1write.h\n'}
[47.424959] (Ros2_esp32) StdoutLine: {'line': b'-- Installing: /home/diego/Ros2_esp32/install/Ros2_esp32/include/mbedtls/base64.h\n'}
[47.425078] (Ros2_esp32) StdoutLine: {'line': b'-- Installing: /home/diego/Ros2_esp32/install/Ros2_esp32/include/mbedtls/bignum.h\n'}
[47.425246] (Ros2_esp32) StdoutLine: {'line': b'-- Installing: /home/diego/Ros2_esp32/install/Ros2_esp32/include/mbedtls/block_cipher.h\n'}
[47.425364] (Ros2_esp32) StdoutLine: {'line': b'-- Installing: /home/diego/Ros2_esp32/install/Ros2_esp32/include/mbedtls/build_info.h\n'}
[47.425487] (Ros2_esp32) StdoutLine: {'line': b'-- Installing: /home/diego/Ros2_esp32/install/Ros2_esp32/include/mbedtls/camellia.h\n'}
[47.425622] (Ros2_esp32) StdoutLine: {'line': b'-- Installing: /home/diego/Ros2_esp32/install/Ros2_esp32/include/mbedtls/ccm.h\n'}
[47.425782] (Ros2_esp32) StdoutLine: {'line': b'-- Installing: /home/diego/Ros2_esp32/install/Ros2_esp32/include/mbedtls/chacha20.h\n'}
[47.425913] (Ros2_esp32) StdoutLine: {'line': b'-- Installing: /home/diego/Ros2_esp32/install/Ros2_esp32/include/mbedtls/chachapoly.h\n'}
[47.426049] (Ros2_esp32) StdoutLine: {'line': b'-- Installing: /home/diego/Ros2_esp32/install/Ros2_esp32/include/mbedtls/check_config.h\n'}
[47.426217] (Ros2_esp32) StdoutLine: {'line': b'-- Installing: /home/diego/Ros2_esp32/install/Ros2_esp32/include/mbedtls/cipher.h\n'}
[47.426402] (Ros2_esp32) StdoutLine: {'line': b'-- Installing: /home/diego/Ros2_esp32/install/Ros2_esp32/include/mbedtls/cmac.h\n'}
[47.426535] (Ros2_esp32) StdoutLine: {'line': b'-- Installing: /home/diego/Ros2_esp32/install/Ros2_esp32/include/mbedtls/compat-2.x.h\n'}
[47.437811] (Ros2_esp32) StdoutLine: {'line': b'-- Installing: /home/diego/Ros2_esp32/install/Ros2_esp32/include/mbedtls/config_adjust_legacy_crypto.h\n'}
[47.437978] (Ros2_esp32) StdoutLine: {'line': b'-- Installing: /home/diego/Ros2_esp32/install/Ros2_esp32/include/mbedtls/config_adjust_legacy_from_psa.h\n'}
[47.438445] (Ros2_esp32) StdoutLine: {'line': b'-- Installing: /home/diego/Ros2_esp32/install/Ros2_esp32/include/mbedtls/config_adjust_psa_from_legacy.h\n'}
[47.438605] (Ros2_esp32) StdoutLine: {'line': b'-- Installing: /home/diego/Ros2_esp32/install/Ros2_esp32/include/mbedtls/config_adjust_psa_superset_legacy.h\n'}
[47.438890] (Ros2_esp32) StdoutLine: {'line': b'-- Installing: /home/diego/Ros2_esp32/install/Ros2_esp32/include/mbedtls/config_adjust_ssl.h\n'}
[47.439015] (Ros2_esp32) StdoutLine: {'line': b'-- Installing: /home/diego/Ros2_esp32/install/Ros2_esp32/include/mbedtls/config_adjust_x509.h\n'}
[47.439131] (Ros2_esp32) StdoutLine: {'line': b'-- Installing: /home/diego/Ros2_esp32/install/Ros2_esp32/include/mbedtls/config_psa.h\n'}
[47.439251] (Ros2_esp32) StdoutLine: {'line': b'-- Installing: /home/diego/Ros2_esp32/install/Ros2_esp32/include/mbedtls/constant_time.h\n'}
[47.439370] (Ros2_esp32) StdoutLine: {'line': b'-- Installing: /home/diego/Ros2_esp32/install/Ros2_esp32/include/mbedtls/ctr_drbg.h\n'}
[47.439519] (Ros2_esp32) StdoutLine: {'line': b'-- Installing: /home/diego/Ros2_esp32/install/Ros2_esp32/include/mbedtls/debug.h\n'}
[47.439653] (Ros2_esp32) StdoutLine: {'line': b'-- Installing: /home/diego/Ros2_esp32/install/Ros2_esp32/include/mbedtls/des.h\n'}
[47.439804] (Ros2_esp32) StdoutLine: {'line': b'-- Installing: /home/diego/Ros2_esp32/install/Ros2_esp32/include/mbedtls/dhm.h\n'}
[47.439991] (Ros2_esp32) StdoutLine: {'line': b'-- Installing: /home/diego/Ros2_esp32/install/Ros2_esp32/include/mbedtls/ecdh.h\n'}
[47.440144] (Ros2_esp32) StdoutLine: {'line': b'-- Installing: /home/diego/Ros2_esp32/install/Ros2_esp32/include/mbedtls/ecdsa.h\n'}
[47.440299] (Ros2_esp32) StdoutLine: {'line': b'-- Installing: /home/diego/Ros2_esp32/install/Ros2_esp32/include/mbedtls/ecjpake.h\n'}
[47.440437] (Ros2_esp32) StdoutLine: {'line': b'-- Installing: /home/diego/Ros2_esp32/install/Ros2_esp32/include/mbedtls/ecp.h\n'}
[47.440640] (Ros2_esp32) StdoutLine: {'line': b'-- Installing: /home/diego/Ros2_esp32/install/Ros2_esp32/include/mbedtls/entropy.h\n'}
[47.440780] (Ros2_esp32) StdoutLine: {'line': b'-- Installing: /home/diego/Ros2_esp32/install/Ros2_esp32/include/mbedtls/error.h\n'}
[47.440905] (Ros2_esp32) StdoutLine: {'line': b'-- Installing: /home/diego/Ros2_esp32/install/Ros2_esp32/include/mbedtls/gcm.h\n'}
[47.441049] (Ros2_esp32) StdoutLine: {'line': b'-- Installing: /home/diego/Ros2_esp32/install/Ros2_esp32/include/mbedtls/hkdf.h\n'}
[47.441336] (Ros2_esp32) StdoutLine: {'line': b'-- Installing: /home/diego/Ros2_esp32/install/Ros2_esp32/include/mbedtls/hmac_drbg.h\n'}
[47.441439] (Ros2_esp32) StdoutLine: {'line': b'-- Installing: /home/diego/Ros2_esp32/install/Ros2_esp32/include/mbedtls/lms.h\n'}
[47.441604] (Ros2_esp32) StdoutLine: {'line': b'-- Installing: /home/diego/Ros2_esp32/install/Ros2_esp32/include/mbedtls/mbedtls_config.h\n'}
[47.441937] (Ros2_esp32) StdoutLine: {'line': b'-- Installing: /home/diego/Ros2_esp32/install/Ros2_esp32/include/mbedtls/md.h\n'}
[47.442055] (Ros2_esp32) StdoutLine: {'line': b'-- Installing: /home/diego/Ros2_esp32/install/Ros2_esp32/include/mbedtls/md5.h\n'}
[47.442183] (Ros2_esp32) StdoutLine: {'line': b'-- Installing: /home/diego/Ros2_esp32/install/Ros2_esp32/include/mbedtls/memory_buffer_alloc.h\n'}
[47.442486] (Ros2_esp32) StdoutLine: {'line': b'-- Installing: /home/diego/Ros2_esp32/install/Ros2_esp32/include/mbedtls/net_sockets.h\n'}
[47.442666] (Ros2_esp32) StdoutLine: {'line': b'-- Installing: /home/diego/Ros2_esp32/install/Ros2_esp32/include/mbedtls/nist_kw.h\n'}
[47.442784] (Ros2_esp32) StdoutLine: {'line': b'-- Installing: /home/diego/Ros2_esp32/install/Ros2_esp32/include/mbedtls/oid.h\n'}
[47.443003] (Ros2_esp32) StdoutLine: {'line': b'-- Installing: /home/diego/Ros2_esp32/install/Ros2_esp32/include/mbedtls/pem.h\n'}
[47.443148] (Ros2_esp32) StdoutLine: {'line': b'-- Installing: /home/diego/Ros2_esp32/install/Ros2_esp32/include/mbedtls/pk.h\n'}
[47.443340] (Ros2_esp32) StdoutLine: {'line': b'-- Installing: /home/diego/Ros2_esp32/install/Ros2_esp32/include/mbedtls/pkcs12.h\n'}
[47.443492] (Ros2_esp32) StdoutLine: {'line': b'-- Installing: /home/diego/Ros2_esp32/install/Ros2_esp32/include/mbedtls/pkcs5.h\n'}
[47.443638] (Ros2_esp32) StdoutLine: {'line': b'-- Installing: /home/diego/Ros2_esp32/install/Ros2_esp32/include/mbedtls/pkcs7.h\n'}
[47.443790] (Ros2_esp32) StdoutLine: {'line': b'-- Installing: /home/diego/Ros2_esp32/install/Ros2_esp32/include/mbedtls/platform.h\n'}
[47.443936] (Ros2_esp32) StdoutLine: {'line': b'-- Installing: /home/diego/Ros2_esp32/install/Ros2_esp32/include/mbedtls/platform_time.h\n'}
[47.444069] (Ros2_esp32) StdoutLine: {'line': b'-- Installing: /home/diego/Ros2_esp32/install/Ros2_esp32/include/mbedtls/platform_util.h\n'}
[47.444221] (Ros2_esp32) StdoutLine: {'line': b'-- Installing: /home/diego/Ros2_esp32/install/Ros2_esp32/include/mbedtls/poly1305.h\n'}
[47.444350] (Ros2_esp32) StdoutLine: {'line': b'-- Installing: /home/diego/Ros2_esp32/install/Ros2_esp32/include/mbedtls/private_access.h\n'}
[47.444476] (Ros2_esp32) StdoutLine: {'line': b'-- Installing: /home/diego/Ros2_esp32/install/Ros2_esp32/include/mbedtls/psa_util.h\n'}
[47.444633] (Ros2_esp32) StdoutLine: {'line': b'-- Installing: /home/diego/Ros2_esp32/install/Ros2_esp32/include/mbedtls/ripemd160.h\n'}
[47.444781] (Ros2_esp32) StdoutLine: {'line': b'-- Installing: /home/diego/Ros2_esp32/install/Ros2_esp32/include/mbedtls/rsa.h\n'}
[47.444976] (Ros2_esp32) StdoutLine: {'line': b'-- Installing: /home/diego/Ros2_esp32/install/Ros2_esp32/include/mbedtls/sha1.h\n'}
[47.445116] (Ros2_esp32) StdoutLine: {'line': b'-- Installing: /home/diego/Ros2_esp32/install/Ros2_esp32/include/mbedtls/sha256.h\n'}
[47.445247] (Ros2_esp32) StdoutLine: {'line': b'-- Installing: /home/diego/Ros2_esp32/install/Ros2_esp32/include/mbedtls/sha3.h\n'}
[47.445379] (Ros2_esp32) StdoutLine: {'line': b'-- Installing: /home/diego/Ros2_esp32/install/Ros2_esp32/include/mbedtls/sha512.h\n'}
[47.445511] (Ros2_esp32) StdoutLine: {'line': b'-- Installing: /home/diego/Ros2_esp32/install/Ros2_esp32/include/mbedtls/ssl.h\n'}
[47.445968] (Ros2_esp32) StdoutLine: {'line': b'-- Installing: /home/diego/Ros2_esp32/install/Ros2_esp32/include/mbedtls/ssl_cache.h\n'}
[47.446093] (Ros2_esp32) StdoutLine: {'line': b'-- Installing: /home/diego/Ros2_esp32/install/Ros2_esp32/include/mbedtls/ssl_ciphersuites.h\n'}
[47.446242] (Ros2_esp32) StdoutLine: {'line': b'-- Installing: /home/diego/Ros2_esp32/install/Ros2_esp32/include/mbedtls/ssl_cookie.h\n'}
[47.446377] (Ros2_esp32) StdoutLine: {'line': b'-- Installing: /home/diego/Ros2_esp32/install/Ros2_esp32/include/mbedtls/ssl_ticket.h\n'}
[47.446511] (Ros2_esp32) StdoutLine: {'line': b'-- Installing: /home/diego/Ros2_esp32/install/Ros2_esp32/include/mbedtls/threading.h\n'}
[47.446651] (Ros2_esp32) StdoutLine: {'line': b'-- Installing: /home/diego/Ros2_esp32/install/Ros2_esp32/include/mbedtls/timing.h\n'}
[47.446789] (Ros2_esp32) StdoutLine: {'line': b'-- Installing: /home/diego/Ros2_esp32/install/Ros2_esp32/include/mbedtls/version.h\n'}
[47.446925] (Ros2_esp32) StdoutLine: {'line': b'-- Installing: /home/diego/Ros2_esp32/install/Ros2_esp32/include/mbedtls/x509.h\n'}
[47.447102] (Ros2_esp32) StdoutLine: {'line': b'-- Installing: /home/diego/Ros2_esp32/install/Ros2_esp32/include/mbedtls/x509_crl.h\n'}
[47.447299] (Ros2_esp32) StdoutLine: {'line': b'-- Installing: /home/diego/Ros2_esp32/install/Ros2_esp32/include/mbedtls/x509_crt.h\n'}
[47.447486] (Ros2_esp32) StdoutLine: {'line': b'-- Installing: /home/diego/Ros2_esp32/install/Ros2_esp32/include/mbedtls/x509_csr.h\n'}
[47.447831] (Ros2_esp32) StdoutLine: {'line': b'-- Installing: /home/diego/Ros2_esp32/install/Ros2_esp32/include/psa/build_info.h\n'}
[47.447974] (Ros2_esp32) StdoutLine: {'line': b'-- Installing: /home/diego/Ros2_esp32/install/Ros2_esp32/include/psa/crypto.h\n'}
[47.448455] (Ros2_esp32) StdoutLine: {'line': b'-- Installing: /home/diego/Ros2_esp32/install/Ros2_esp32/include/psa/crypto_adjust_auto_enabled.h\n'}
[47.448581] (Ros2_esp32) StdoutLine: {'line': b'-- Installing: /home/diego/Ros2_esp32/install/Ros2_esp32/include/psa/crypto_adjust_config_dependencies.h\n'}
[47.448705] (Ros2_esp32) StdoutLine: {'line': b'-- Installing: /home/diego/Ros2_esp32/install/Ros2_esp32/include/psa/crypto_adjust_config_key_pair_types.h\n'}
[47.448835] (Ros2_esp32) StdoutLine: {'line': b'-- Installing: /home/diego/Ros2_esp32/install/Ros2_esp32/include/psa/crypto_adjust_config_synonyms.h\n'}
[47.448954] (Ros2_esp32) StdoutLine: {'line': b'-- Installing: /home/diego/Ros2_esp32/install/Ros2_esp32/include/psa/crypto_builtin_composites.h\n'}
[47.449080] (Ros2_esp32) StdoutLine: {'line': b'-- Installing: /home/diego/Ros2_esp32/install/Ros2_esp32/include/psa/crypto_builtin_key_derivation.h\n'}
[47.449204] (Ros2_esp32) StdoutLine: {'line': b'-- Installing: /home/diego/Ros2_esp32/install/Ros2_esp32/include/psa/crypto_builtin_primitives.h\n'}
[47.449319] (Ros2_esp32) StdoutLine: {'line': b'-- Installing: /home/diego/Ros2_esp32/install/Ros2_esp32/include/psa/crypto_compat.h\n'}
[47.449457] (Ros2_esp32) StdoutLine: {'line': b'-- Installing: /home/diego/Ros2_esp32/install/Ros2_esp32/include/psa/crypto_config.h\n'}
[47.449761] (Ros2_esp32) StdoutLine: {'line': b'-- Installing: /home/diego/Ros2_esp32/install/Ros2_esp32/include/psa/crypto_driver_common.h\n'}
[47.449943] (Ros2_esp32) StdoutLine: {'line': b'-- Installing: /home/diego/Ros2_esp32/install/Ros2_esp32/include/psa/crypto_driver_contexts_composites.h\n'}
[47.450026] (Ros2_esp32) StdoutLine: {'line': b'-- Installing: /home/diego/Ros2_esp32/install/Ros2_esp32/include/psa/crypto_driver_contexts_key_derivation.h\n'}
[47.450166] (Ros2_esp32) StdoutLine: {'line': b'-- Installing: /home/diego/Ros2_esp32/install/Ros2_esp32/include/psa/crypto_driver_contexts_primitives.h\n'}
[47.450330] (Ros2_esp32) StdoutLine: {'line': b'-- Installing: /home/diego/Ros2_esp32/install/Ros2_esp32/include/psa/crypto_extra.h\n'}
[47.450592] (Ros2_esp32) StdoutLine: {'line': b'-- Installing: /home/diego/Ros2_esp32/install/Ros2_esp32/include/psa/crypto_legacy.h\n'}
[47.450725] (Ros2_esp32) StdoutLine: {'line': b'-- Installing: /home/diego/Ros2_esp32/install/Ros2_esp32/include/psa/crypto_platform.h\n'}
[47.450841] (Ros2_esp32) StdoutLine: {'line': b'-- Installing: /home/diego/Ros2_esp32/install/Ros2_esp32/include/psa/crypto_se_driver.h\n'}
[47.451051] (Ros2_esp32) StdoutLine: {'line': b'-- Installing: /home/diego/Ros2_esp32/install/Ros2_esp32/include/psa/crypto_sizes.h\n'}
[47.451233] (Ros2_esp32) StdoutLine: {'line': b'-- Installing: /home/diego/Ros2_esp32/install/Ros2_esp32/include/psa/crypto_struct.h\n'}
[47.451372] (Ros2_esp32) StdoutLine: {'line': b'-- Installing: /home/diego/Ros2_esp32/install/Ros2_esp32/include/psa/crypto_types.h\n'}
[47.451515] (Ros2_esp32) StdoutLine: {'line': b'-- Installing: /home/diego/Ros2_esp32/install/Ros2_esp32/include/psa/crypto_values.h\n'}
[47.452068] (Ros2_esp32) StdoutLine: {'line': b'-- Installing: /home/diego/Ros2_esp32/install/Ros2_esp32/include/everest\n'}
[47.452167] (Ros2_esp32) StdoutLine: {'line': b'-- Installing: /home/diego/Ros2_esp32/install/Ros2_esp32/include/everest/kremlib\n'}
[47.452249] (Ros2_esp32) StdoutLine: {'line': b'-- Installing: /home/diego/Ros2_esp32/install/Ros2_esp32/include/everest/kremlib/FStar_UInt64_FStar_UInt32_FStar_UInt16_FStar_UInt8.h\n'}
[47.452577] (Ros2_esp32) StdoutLine: {'line': b'-- Installing: /home/diego/Ros2_esp32/install/Ros2_esp32/include/everest/kremlib/FStar_UInt128.h\n'}
[47.452766] (Ros2_esp32) StdoutLine: {'line': b'-- Installing: /home/diego/Ros2_esp32/install/Ros2_esp32/include/everest/kremlin\n'}
[47.452843] (Ros2_esp32) StdoutLine: {'line': b'-- Installing: /home/diego/Ros2_esp32/install/Ros2_esp32/include/everest/kremlin/internal\n'}
[47.452927] (Ros2_esp32) StdoutLine: {'line': b'-- Installing: /home/diego/Ros2_esp32/install/Ros2_esp32/include/everest/kremlin/internal/compat.h\n'}
[47.453110] (Ros2_esp32) StdoutLine: {'line': b'-- Installing: /home/diego/Ros2_esp32/install/Ros2_esp32/include/everest/kremlin/internal/debug.h\n'}
[47.453282] (Ros2_esp32) StdoutLine: {'line': b'-- Installing: /home/diego/Ros2_esp32/install/Ros2_esp32/include/everest/kremlin/internal/target.h\n'}
[47.453501] (Ros2_esp32) StdoutLine: {'line': b'-- Installing: /home/diego/Ros2_esp32/install/Ros2_esp32/include/everest/kremlin/internal/wasmsupport.h\n'}
[47.453746] (Ros2_esp32) StdoutLine: {'line': b'-- Installing: /home/diego/Ros2_esp32/install/Ros2_esp32/include/everest/kremlin/internal/types.h\n'}
[47.453973] (Ros2_esp32) StdoutLine: {'line': b'-- Installing: /home/diego/Ros2_esp32/install/Ros2_esp32/include/everest/kremlin/internal/builtin.h\n'}
[47.454155] (Ros2_esp32) StdoutLine: {'line': b'-- Installing: /home/diego/Ros2_esp32/install/Ros2_esp32/include/everest/kremlin/internal/callconv.h\n'}
[47.454328] (Ros2_esp32) StdoutLine: {'line': b'-- Installing: /home/diego/Ros2_esp32/install/Ros2_esp32/include/everest/kremlin/c_endianness.h\n'}
[47.454504] (Ros2_esp32) StdoutLine: {'line': b'-- Installing: /home/diego/Ros2_esp32/install/Ros2_esp32/include/everest/vs2013\n'}
[47.454591] (Ros2_esp32) StdoutLine: {'line': b'-- Installing: /home/diego/Ros2_esp32/install/Ros2_esp32/include/everest/vs2013/Hacl_Curve25519.h\n'}
[47.454854] (Ros2_esp32) StdoutLine: {'line': b'-- Installing: /home/diego/Ros2_esp32/install/Ros2_esp32/include/everest/everest.h\n'}
[47.454988] (Ros2_esp32) StdoutLine: {'line': b'-- Installing: /home/diego/Ros2_esp32/install/Ros2_esp32/include/everest/x25519.h\n'}
[47.455116] (Ros2_esp32) StdoutLine: {'line': b'-- Installing: /home/diego/Ros2_esp32/install/Ros2_esp32/include/everest/Hacl_Curve25519.h\n'}
[47.455287] (Ros2_esp32) StdoutLine: {'line': b'-- Installing: /home/diego/Ros2_esp32/install/Ros2_esp32/include/everest/kremlib.h\n'}
[47.455561] (Ros2_esp32) StdoutLine: {'line': b'-- Installing: /home/diego/Ros2_esp32/install/Ros2_esp32/lib/libeverest.a\n'}
[47.455943] (Ros2_esp32) StdoutLine: {'line': b'-- Installing: /home/diego/Ros2_esp32/install/Ros2_esp32/lib/libp256m.a\n'}
[47.456206] (Ros2_esp32) StdoutLine: {'line': b'-- Installing: /home/diego/Ros2_esp32/install/Ros2_esp32/lib/libmbedcrypto.a\n'}
[47.464912] (Ros2_esp32) StdoutLine: {'line': b'-- Installing: /home/diego/Ros2_esp32/install/Ros2_esp32/lib/libmbedx509.a\n'}
[47.466345] (Ros2_esp32) StdoutLine: {'line': b'-- Installing: /home/diego/Ros2_esp32/install/Ros2_esp32/lib/libmbedtls.a\n'}
[47.478402] (Ros2_esp32) CommandEnded: {'returncode': 0}
[47.481672] (-) TimerEvent: {}
[47.489974] (Ros2_esp32) JobEnded: {'identifier': 'Ros2_esp32', 'rc': 0}
[47.490639] (-) EventReactorShutdown: {}
