[0.000000] (-) TimerEvent: {}
[0.000292] (Ros2_esp32) JobQueued: {'identifier': 'Ros2_esp32', 'dependencies': OrderedDict()}
[0.000555] (Ros2_esp32) JobStarted: {'identifier': 'Ros2_esp32'}
[0.009034] (Ros2_esp32) JobProgress: {'identifier': 'Ros2_esp32', 'progress': 'cmake'}
[0.009468] (Ros2_esp32) Command: {'cmd': ['/usr/bin/cmake', '/home/diego/Ros2_esp32', '-DCMAKE_INSTALL_PREFIX=/home/diego/Ros2_esp32/install/Ros2_esp32'], 'cwd': '/home/diego/Ros2_esp32/build/Ros2_esp32', 'env': OrderedDict([('LINOROBOT2_BASE', '2wd'), ('LESSOPEN', '| /usr/bin/lesspipe %s'), ('USER', 'diego'), ('XDG_SESSION_TYPE', 'wayland'), ('IDF_TOOLS_INSTALL_CMD', '/home/diego/.espressif/v5.5/esp-idf/install.sh'), ('SHLVL', '1'), ('HOME', '/home/diego'), ('IDF_PY_COMP_WORDBREAKS', ' \t\n"\'><=;|&(:'), ('OLDPWD', '/home/diego'), ('DESKTOP_SESSION', 'ubuntu'), ('GNOME_SHELL_SESSION_MODE', 'ubuntu'), ('GTK_MODULES', 'gail:atk-bridge'), ('SYSTEMD_EXEC_PID', '6885'), ('DBUS_SESSION_BUS_ADDRESS', 'unix:path=/run/user/1000/bus'), ('COLORTERM', 'truecolor'), ('OPENOCD_SCRIPTS', '/home/diego/.espressif/tools/openocd-esp32/v0.12.0-esp32-20260424/openocd-esp32/share/openocd/scripts'), ('IM_CONFIG_PHASE', '1'), ('WAYLAND_DISPLAY', 'wayland-0'), ('LOGNAME', 'diego'), ('_', '/home/diego/.espressif/python_env/idf5.5_py3.10_env/bin/colcon'), ('XDG_SESSION_CLASS', 'user'), ('USERNAME', 'diego'), ('TERM', 'xterm-256color'), ('GNOME_DESKTOP_SESSION_ID', 'this-is-deprecated'), ('IDF_DEACTIVATE_FILE_PATH', '/tmp/tmpjlrq2srmidf_20502'), ('IDF_PATH', '/home/diego/.espressif/v5.5/esp-idf'), ('PATH', '/home/diego/.espressif/v5.5/esp-idf/components/espcoredump:/home/diego/.espressif/v5.5/esp-idf/components/partition_table:/home/diego/.espressif/v5.5/esp-idf/components/app_update:/home/diego/.espressif/tools/xtensa-esp-elf-gdb/17.1_20260402/xtensa-esp-elf-gdb/bin:/home/diego/.espressif/tools/xtensa-esp-elf/esp-14.2.0_20260121/xtensa-esp-elf/bin:/home/diego/.espressif/tools/riscv32-esp-elf/esp-14.2.0_20260121/riscv32-esp-elf/bin:/home/diego/.espressif/tools/esp32ulp-elf/2.38_20240113/esp32ulp-elf/bin:/home/diego/.espressif/tools/openocd-esp32/v0.12.0-esp32-20260424/openocd-esp32/bin:/home/diego/.espressif/tools/ninja/1.12.1/:/home/diego/.espressif/python_env/idf5.5_py3.10_env/bin:/home/diego/.espressif/v5.5/esp-idf/tools:/home/diego/.espressif/eim_gui:/home/diego/.local/bin:/usr/local/sbin:/usr/local/bin:/usr/sbin:/usr/bin:/sbin:/bin:/usr/games:/usr/local/games:/snap/bin:/snap/bin'), ('SESSION_MANAGER', 'local/diego-desktop:@/tmp/.ICE-unix/1858,unix/diego-desktop:/tmp/.ICE-unix/1858'), ('XDG_MENU_PREFIX', 'gnome-'), ('GNOME_TERMINAL_SCREEN', '/org/gnome/Terminal/screen/91377f96_c3a1_46cb_8c1b_214af858cdb9'), ('GNOME_SETUP_DISPLAY', ':1'), ('XDG_RUNTIME_DIR', '/run/user/1000'), ('DISPLAY', ':0'), ('LANG', 'en_US.UTF-8'), ('XDG_CURRENT_DESKTOP', 'ubuntu:GNOME'), ('XMODIFIERS', '@im=ibus'), ('XDG_SESSION_DESKTOP', 'ubuntu'), ('XAUTHORITY', '/run/user/1000/.mutter-Xwaylandauth.8DRMT3'), ('ESP_IDF_VERSION', '5.5'), ('LS_COLORS', 'rs=0:di=01;34:ln=01;36:mh=00:pi=40;33:so=01;35:do=01;35:bd=40;33;01:cd=40;33;01:or=40;31;01:mi=00:su=37;41:sg=30;43:ca=30;41:tw=30;42:ow=34;42:st=37;44:ex=01;32:*.tar=01;31:*.tgz=01;31:*.arc=01;31:*.arj=01;31:*.taz=01;31:*.lha=01;31:*.lz4=01;31:*.lzh=01;31:*.lzma=01;31:*.tlz=01;31:*.txz=01;31:*.tzo=01;31:*.t7z=01;31:*.zip=01;31:*.z=01;31:*.dz=01;31:*.gz=01;31:*.lrz=01;31:*.lz=01;31:*.lzo=01;31:*.xz=01;31:*.zst=01;31:*.tzst=01;31:*.bz2=01;31:*.bz=01;31:*.tbz=01;31:*.tbz2=01;31:*.tz=01;31:*.deb=01;31:*.rpm=01;31:*.jar=01;31:*.war=01;31:*.ear=01;31:*.sar=01;31:*.rar=01;31:*.alz=01;31:*.ace=01;31:*.zoo=01;31:*.cpio=01;31:*.7z=01;31:*.rz=01;31:*.cab=01;31:*.wim=01;31:*.swm=01;31:*.dwm=01;31:*.esd=01;31:*.jpg=01;35:*.jpeg=01;35:*.mjpg=01;35:*.mjpeg=01;35:*.gif=01;35:*.bmp=01;35:*.pbm=01;35:*.pgm=01;35:*.ppm=01;35:*.tga=01;35:*.xbm=01;35:*.xpm=01;35:*.tif=01;35:*.tiff=01;35:*.png=01;35:*.svg=01;35:*.svgz=01;35:*.mng=01;35:*.pcx=01;35:*.mov=01;35:*.mpg=01;35:*.mpeg=01;35:*.m2v=01;35:*.mkv=01;35:*.webm=01;35:*.webp=01;35:*.ogm=01;35:*.mp4=01;35:*.m4v=01;35:*.mp4v=01;35:*.vob=01;35:*.qt=01;35:*.nuv=01;35:*.wmv=01;35:*.asf=01;35:*.rm=01;35:*.rmvb=01;35:*.flc=01;35:*.avi=01;35:*.fli=01;35:*.flv=01;35:*.gl=01;35:*.dl=01;35:*.xcf=01;35:*.xwd=01;35:*.yuv=01;35:*.cgm=01;35:*.emf=01;35:*.ogv=01;35:*.ogx=01;35:*.aac=00;36:*.au=00;36:*.flac=00;36:*.m4a=00;36:*.mid=00;36:*.midi=00;36:*.mka=00;36:*.mp3=00;36:*.mpc=00;36:*.ogg=00;36:*.ra=00;36:*.wav=00;36:*.oga=00;36:*.opus=00;36:*.spx=00;36:*.xspf=00;36:'), ('GNOME_TERMINAL_SERVICE', ':1.159'), ('SSH_AGENT_LAUNCHER', 'gnome-keyring'), ('SSH_AUTH_SOCK', '/run/user/1000/keyring/ssh'), ('SHELL', '/bin/bash'), ('QT_ACCESSIBILITY', '1'), ('IDF_PYTHON_ENV_PATH', '/home/diego/.espressif/python_env/idf5.5_py3.10_env'), ('GDMSESSION', 'ubuntu'), ('LESSCLOSE', '/usr/bin/lesspipe %s %s'), ('IDF_TOOLS_EXPORT_CMD', '/home/diego/.espressif/v5.5/esp-idf/export.sh'), ('QT_IM_MODULE', 'ibus'), ('PWD', '/home/diego/Ros2_esp32/build/Ros2_esp32'), ('LC_ALL', 'en_US.UTF-8'), ('XDG_CONFIG_DIRS', '/etc/xdg/xdg-ubuntu:/etc/xdg'), ('XDG_DATA_DIRS', '/usr/share/ubuntu:/home/diego/.local/share/flatpak/exports/share:/var/lib/flatpak/exports/share:/usr/local/share/:/usr/share/:/var/lib/snapd/desktop'), ('ESP_ROM_ELF_DIR', '/home/diego/.espressif/tools/esp-rom-elfs/20241011/'), ('COLCON', '1'), ('VTE_VERSION', '6800')]), 'shell': False}
[0.023203] (Ros2_esp32) StdoutLine: {'line': b"-- IDF_TARGET is not set, guessed 'esp32s3' from sdkconfig '/home/diego/Ros2_esp32/sdkconfig'\n"}
[0.033342] (Ros2_esp32) StdoutLine: {'line': b'-- Found Git: /usr/bin/git (found version "2.34.1") \n'}
[0.053383] (Ros2_esp32) StdoutLine: {'line': b'-- Component directory /home/diego/.espressif/v5.5/esp-idf/components/esp_blockdev does not contain a CMakeLists.txt file. No component will be added\n'}
[0.099860] (-) TimerEvent: {}
[0.200157] (-) TimerEvent: {}
[0.300506] (-) TimerEvent: {}
[0.400797] (-) TimerEvent: {}
[0.501099] (-) TimerEvent: {}
[0.601423] (-) TimerEvent: {}
[0.701732] (-) TimerEvent: {}
[0.802050] (-) TimerEvent: {}
[0.902352] (-) TimerEvent: {}
[1.002659] (-) TimerEvent: {}
[1.102966] (-) TimerEvent: {}
[1.203297] (-) TimerEvent: {}
[1.223937] (Ros2_esp32) StdoutLine: {'line': b'-- Minimal build - OFF\n'}
[1.303413] (-) TimerEvent: {}
[1.403749] (-) TimerEvent: {}
[1.463320] (Ros2_esp32) StdoutLine: {'line': b'-- The C compiler identification is GNU 14.2.0\n'}
[1.503871] (-) TimerEvent: {}
[1.604232] (-) TimerEvent: {}
[1.629558] (Ros2_esp32) StdoutLine: {'line': b'-- The CXX compiler identification is GNU 14.2.0\n'}
[1.645509] (Ros2_esp32) StdoutLine: {'line': b'-- The ASM compiler identification is GNU\n'}
[1.647226] (Ros2_esp32) StdoutLine: {'line': b'-- Found assembler: /home/diego/.espressif/tools/xtensa-esp-elf/esp-14.2.0_20260121/xtensa-esp-elf/bin/xtensa-esp32s3-elf-gcc\n'}
[1.650919] (Ros2_esp32) StdoutLine: {'line': b'-- Detecting C compiler ABI info\n'}
[1.704359] (-) TimerEvent: {}
[1.712063] (Ros2_esp32) StdoutLine: {'line': b'-- Detecting C compiler ABI info - done\n'}
[1.719333] (Ros2_esp32) StdoutLine: {'line': b'-- Check for working C compiler: /home/diego/.espressif/tools/xtensa-esp-elf/esp-14.2.0_20260121/xtensa-esp-elf/bin/xtensa-esp32s3-elf-gcc - skipped\n'}
[1.719549] (Ros2_esp32) StdoutLine: {'line': b'-- Detecting C compile features\n'}
[1.719869] (Ros2_esp32) StdoutLine: {'line': b'-- Detecting C compile features - done\n'}
[1.723025] (Ros2_esp32) StdoutLine: {'line': b'-- Detecting CXX compiler ABI info\n'}
[1.786198] (Ros2_esp32) StdoutLine: {'line': b'-- Detecting CXX compiler ABI info - done\n'}
[1.793792] (Ros2_esp32) StdoutLine: {'line': b'-- Check for working CXX compiler: /home/diego/.espressif/tools/xtensa-esp-elf/esp-14.2.0_20260121/xtensa-esp-elf/bin/xtensa-esp32s3-elf-g++ - skipped\n'}
[1.794002] (Ros2_esp32) StdoutLine: {'line': b'-- Detecting CXX compile features\n'}
[1.794438] (Ros2_esp32) StdoutLine: {'line': b'-- Detecting CXX compile features - done\n'}
[1.799084] (Ros2_esp32) StdoutLine: {'line': b"-- git rev-parse returned 'fatal: not a git repository (or any of the parent directories): .git'\n"}
[1.799282] (Ros2_esp32) StdoutLine: {'line': b"-- Could not use 'git describe' to determine PROJECT_VER.\n"}
[1.799357] (Ros2_esp32) StdoutLine: {'line': b'-- Building ESP-IDF components for target esp32s3\n'}
[1.800394] (Ros2_esp32) StdoutLine: {'line': b'-- Checking Python dependencies...\n'}
[1.804421] (-) TimerEvent: {}
[1.904638] (-) TimerEvent: {}
[2.004936] (-) TimerEvent: {}
[2.047961] (Ros2_esp32) StdoutLine: {'line': b'Python requirements are satisfied.\n'}
[2.061221] (Ros2_esp32) StdoutLine: {'line': b'Constraint file: /home/diego/.espressif/espidf.constraints.v5.5.txt\n'}
[2.061418] (Ros2_esp32) StdoutLine: {'line': b'Requirement files:\n'}
[2.061492] (Ros2_esp32) StdoutLine: {'line': b' - /home/diego/.espressif/v5.5/esp-idf/tools/requirements/requirements.core.txt\n'}
[2.061567] (Ros2_esp32) StdoutLine: {'line': b'Python being checked: /home/diego/.espressif/python_env/idf5.5_py3.10_env/bin/python\n'}
[2.105040] (-) TimerEvent: {}
[2.205346] (-) TimerEvent: {}
[2.305633] (-) TimerEvent: {}
[2.405907] (-) TimerEvent: {}
[2.473206] (Ros2_esp32) StdoutLine: {'line': b'NOTICE: Skipping optional dependency: espressif/esp_wifi_remote\n'}
[2.473515] (Ros2_esp32) StdoutLine: {'line': b'NOTICE: Skipping optional dependency: espressif/esp_hosted\n'}
[2.506013] (-) TimerEvent: {}
[2.508226] (Ros2_esp32) StdoutLine: {'line': b'NOTICE: Processing 1 dependencies:\n'}
[2.508354] (Ros2_esp32) StdoutLine: {'line': b'NOTICE: [1/1] idf (5.5.4)\n'}
[2.606119] (-) TimerEvent: {}
[2.675459] (Ros2_esp32) StdoutLine: {'line': b'-- ESP-TEE is currently supported only on the esp32c6;esp32h2;esp32c5 SoCs\n'}
[2.706238] (-) TimerEvent: {}
[2.806522] (-) TimerEvent: {}
[2.906797] (-) TimerEvent: {}
[3.007061] (-) TimerEvent: {}
[3.031567] (Ros2_esp32) StdoutLine: {'line': b'NOTICE: Skipping optional dependency: espressif/esp_wifi_remote\n'}
[3.031913] (Ros2_esp32) StdoutLine: {'line': b'NOTICE: Skipping optional dependency: espressif/esp_hosted\n'}
[3.107193] (-) TimerEvent: {}
[3.207504] (-) TimerEvent: {}
[3.307782] (-) TimerEvent: {}
[3.408065] (-) TimerEvent: {}
[3.508369] (-) TimerEvent: {}
[3.605933] (Ros2_esp32) StdoutLine: {'line': b'-- Project sdkconfig file /home/diego/Ros2_esp32/sdkconfig\n'}
[3.608445] (-) TimerEvent: {}
[3.708659] (-) TimerEvent: {}
[3.808916] (-) TimerEvent: {}
[3.909245] (-) TimerEvent: {}
[3.949375] (Ros2_esp32) StdoutLine: {'line': b'-- Compiler supported targets: xtensa-esp-elf\n'}
[4.009344] (-) TimerEvent: {}
[4.057672] (Ros2_esp32) StdoutLine: {'line': b'-- Detecting C compiler ABI info\n'}
[4.109482] (-) TimerEvent: {}
[4.117810] (Ros2_esp32) StdoutLine: {'line': b'-- Detecting C compiler ABI info - done\n'}
[4.124642] (Ros2_esp32) StdoutLine: {'line': b'-- Detecting CXX compiler ABI info\n'}
[4.186289] (Ros2_esp32) StdoutLine: {'line': b'-- Detecting CXX compiler ABI info - done\n'}
[4.204510] (Ros2_esp32) StdoutLine: {'line': b'-- Detecting C compiler ABI info\n'}
[4.209584] (-) TimerEvent: {}
[4.266475] (Ros2_esp32) StdoutLine: {'line': b'-- Detecting C compiler ABI info - done\n'}
[4.274706] (Ros2_esp32) StdoutLine: {'line': b'-- Detecting CXX compiler ABI info\n'}
[4.309692] (-) TimerEvent: {}
[4.338589] (Ros2_esp32) StdoutLine: {'line': b'-- Detecting CXX compiler ABI info - done\n'}
[4.409792] (-) TimerEvent: {}
[4.510067] (-) TimerEvent: {}
[4.575128] (Ros2_esp32) StdoutLine: {'line': b'-- Found Python3: /home/diego/.espressif/python_env/idf5.5_py3.10_env/bin/python3.10 (found version "3.10.12") found components: Interpreter \n'}
[4.610197] (-) TimerEvent: {}
[4.626944] (Ros2_esp32) StdoutLine: {'line': b'-- Looking for pthread.h\n'}
[4.694471] (Ros2_esp32) StdoutLine: {'line': b'-- Looking for pthread.h - found\n'}
[4.694664] (Ros2_esp32) StdoutLine: {'line': b'-- Performing Test CMAKE_HAVE_LIBC_PTHREAD\n'}
[4.710309] (-) TimerEvent: {}
[4.764807] (Ros2_esp32) StdoutLine: {'line': b'-- Performing Test CMAKE_HAVE_LIBC_PTHREAD - Success\n'}
[4.765663] (Ros2_esp32) StdoutLine: {'line': b'-- Found Threads: TRUE  \n'}
[4.770047] (Ros2_esp32) StdoutLine: {'line': b'-- Performing Test C_COMPILER_SUPPORTS_WFORMAT_SIGNEDNESS\n'}
[4.810408] (-) TimerEvent: {}
[4.826945] (Ros2_esp32) StdoutLine: {'line': b'-- Performing Test C_COMPILER_SUPPORTS_WFORMAT_SIGNEDNESS - Success\n'}
[4.827149] (Ros2_esp32) StdoutLine: {'line': b'-- USING O3\n'}
[4.910521] (-) TimerEvent: {}
[4.961630] (Ros2_esp32) StdoutLine: {'line': b'-- App "Ros2_esp32" version: 1\n'}
[5.010614] (-) TimerEvent: {}
[5.061500] (Ros2_esp32) StdoutLine: {'line': b'-- Adding linker script /home/diego/Ros2_esp32/build/Ros2_esp32/esp-idf/esp_system/ld/memory.ld\n'}
[5.061720] (Ros2_esp32) StdoutLine: {'line': b'-- Adding linker script /home/diego/Ros2_esp32/build/Ros2_esp32/esp-idf/esp_system/ld/sections.ld.in\n'}
[5.070322] (Ros2_esp32) StdoutLine: {'line': b'-- Adding linker script /home/diego/.espressif/v5.5/esp-idf/components/esp_rom/esp32s3/ld/esp32s3.rom.ld\n'}
[5.070467] (Ros2_esp32) StdoutLine: {'line': b'-- Adding linker script /home/diego/.espressif/v5.5/esp-idf/components/esp_rom/esp32s3/ld/esp32s3.rom.api.ld\n'}
[5.070537] (Ros2_esp32) StdoutLine: {'line': b'-- Adding linker script /home/diego/.espressif/v5.5/esp-idf/components/esp_rom/esp32s3/ld/esp32s3.rom.bt_funcs.ld\n'}
[5.070641] (Ros2_esp32) StdoutLine: {'line': b'-- Adding linker script /home/diego/.espressif/v5.5/esp-idf/components/esp_rom/esp32s3/ld/esp32s3.rom.libgcc.ld\n'}
[5.070707] (Ros2_esp32) StdoutLine: {'line': b'-- Adding linker script /home/diego/.espressif/v5.5/esp-idf/components/esp_rom/esp32s3/ld/esp32s3.rom.wdt.ld\n'}
[5.070820] (Ros2_esp32) StdoutLine: {'line': b'-- Adding linker script /home/diego/.espressif/v5.5/esp-idf/components/esp_rom/esp32s3/ld/esp32s3.rom.version.ld\n'}
[5.070885] (Ros2_esp32) StdoutLine: {'line': b'-- Adding linker script /home/diego/.espressif/v5.5/esp-idf/components/esp_rom/esp32s3/ld/esp32s3.rom.ble_master.ld\n'}
[5.070980] (Ros2_esp32) StdoutLine: {'line': b'-- Adding linker script /home/diego/.espressif/v5.5/esp-idf/components/esp_rom/esp32s3/ld/esp32s3.rom.ble_50.ld\n'}
[5.071043] (Ros2_esp32) StdoutLine: {'line': b'-- Adding linker script /home/diego/.espressif/v5.5/esp-idf/components/esp_rom/esp32s3/ld/esp32s3.rom.ble_smp.ld\n'}
[5.071148] (Ros2_esp32) StdoutLine: {'line': b'-- Adding linker script /home/diego/.espressif/v5.5/esp-idf/components/esp_rom/esp32s3/ld/esp32s3.rom.ble_dtm.ld\n'}
[5.071231] (Ros2_esp32) StdoutLine: {'line': b'-- Adding linker script /home/diego/.espressif/v5.5/esp-idf/components/esp_rom/esp32s3/ld/esp32s3.rom.ble_test.ld\n'}
[5.071328] (Ros2_esp32) StdoutLine: {'line': b'-- Adding linker script /home/diego/.espressif/v5.5/esp-idf/components/esp_rom/esp32s3/ld/esp32s3.rom.ble_scan.ld\n'}
[5.071385] (Ros2_esp32) StdoutLine: {'line': b'-- Adding linker script /home/diego/.espressif/v5.5/esp-idf/components/esp_rom/esp32s3/ld/esp32s3.rom.libc.ld\n'}
[5.071465] (Ros2_esp32) StdoutLine: {'line': b'-- Adding linker script /home/diego/.espressif/v5.5/esp-idf/components/esp_rom/esp32s3/ld/esp32s3.rom.newlib.ld\n'}
[5.083760] (Ros2_esp32) StdoutLine: {'line': b'-- Adding linker script /home/diego/.espressif/v5.5/esp-idf/components/soc/esp32s3/ld/esp32s3.peripherals.ld\n'}
[5.110735] (-) TimerEvent: {}
[5.211044] (-) TimerEvent: {}
[5.311329] (-) TimerEvent: {}
[5.331764] (Ros2_esp32) StdoutLine: {'line': b'-- Using Micro XRCE-DDS middleware\n'}
[5.386768] (Ros2_esp32) StdoutLine: {'line': b"make: Nothing to be done for 'all'.\n"}
[5.411430] (-) TimerEvent: {}
[5.511694] (-) TimerEvent: {}
[5.611963] (-) TimerEvent: {}
[5.621442] (Ros2_esp32) StdoutLine: {'line': b'-- Components: app_trace app_update bootloader bootloader_support bt cmock console cxx driver efuse esp-tls esp_adc esp_app_format esp_bootloader_format esp_coex esp_common esp_driver_ana_cmpr esp_driver_bitscrambler esp_driver_cam esp_driver_dac esp_driver_gpio esp_driver_gptimer esp_driver_i2c esp_driver_i2s esp_driver_isp esp_driver_jpeg esp_driver_ledc esp_driver_mcpwm esp_driver_parlio esp_driver_pcnt esp_driver_ppa esp_driver_rmt esp_driver_sdio esp_driver_sdm esp_driver_sdmmc esp_driver_sdspi esp_driver_spi esp_driver_touch_sens esp_driver_tsens esp_driver_twai esp_driver_uart esp_driver_usb_serial_jtag esp_eth esp_event esp_gdbstub esp_hal_ieee802154 esp_hid esp_http_client esp_http_server esp_https_ota esp_https_server esp_hw_support esp_lcd esp_local_ctrl esp_mm esp_netif esp_netif_stack esp_partition esp_phy esp_pm esp_psram esp_ringbuf esp_rom esp_security esp_system esp_timer esp_vfs_console esp_wifi espcoredump esptool_py fatfs freertos hal heap http_parser idf_test ieee802154 json log lwip main mbedtls micro_ros_espidf_component mqtt newlib nvs_flash nvs_sec_provider openthread partition_table perfmon protobuf-c protocomm pthread rt sdmmc soc spi_flash spiffs tcp_transport touch_element ulp unity usb vfs wear_levelling wifi_provisioning wpa_supplicant xtensa\n'}
[5.621689] (Ros2_esp32) StdoutLine: {'line': b'-- Component paths: /home/diego/.espressif/v5.5/esp-idf/components/app_trace /home/diego/.espressif/v5.5/esp-idf/components/app_update /home/diego/.espressif/v5.5/esp-idf/components/bootloader /home/diego/.espressif/v5.5/esp-idf/components/bootloader_support /home/diego/.espressif/v5.5/esp-idf/components/bt /home/diego/.espressif/v5.5/esp-idf/components/cmock /home/diego/.espressif/v5.5/esp-idf/components/console /home/diego/.espressif/v5.5/esp-idf/components/cxx /home/diego/.espressif/v5.5/esp-idf/components/driver /home/diego/.espressif/v5.5/esp-idf/components/efuse /home/diego/.espressif/v5.5/esp-idf/components/esp-tls /home/diego/.espressif/v5.5/esp-idf/components/esp_adc /home/diego/.espressif/v5.5/esp-idf/components/esp_app_format /home/diego/.espressif/v5.5/esp-idf/components/esp_bootloader_format /home/diego/.espressif/v5.5/esp-idf/components/esp_coex /home/diego/.espressif/v5.5/esp-idf/components/esp_common /home/diego/.espressif/v5.5/esp-idf/components/esp_driver_ana_cmpr /home/diego/.espressif/v5.5/esp-idf/components/esp_driver_bitscrambler /home/diego/.espressif/v5.5/esp-idf/components/esp_driver_cam /home/diego/.espressif/v5.5/esp-idf/components/esp_driver_dac /home/diego/.espressif/v5.5/esp-idf/components/esp_driver_gpio /home/diego/.espressif/v5.5/esp-idf/components/esp_driver_gptimer /home/diego/.espressif/v5.5/esp-idf/components/esp_driver_i2c /home/diego/.espressif/v5.5/esp-idf/components/esp_driver_i2s /home/diego/.espressif/v5.5/esp-idf/components/esp_driver_isp /home/diego/.espressif/v5.5/esp-idf/components/esp_driver_jpeg /home/diego/.espressif/v5.5/esp-idf/components/esp_driver_ledc /home/diego/.espressif/v5.5/esp-idf/components/esp_driver_mcpwm /home/diego/.espressif/v5.5/esp-idf/components/esp_driver_parlio /home/diego/.espressif/v5.5/esp-idf/components/esp_driver_pcnt /home/diego/.espressif/v5.5/esp-idf/components/esp_driver_ppa /home/diego/.espressif/v5.5/esp-idf/components/esp_driver_rmt /home/diego/.espressif/v5.5/esp-idf/components/esp_driver_sdio /home/diego/.espressif/v5.5/esp-idf/components/esp_driver_sdm /home/diego/.espressif/v5.5/esp-idf/components/esp_driver_sdmmc /home/diego/.espressif/v5.5/esp-idf/components/esp_driver_sdspi /home/diego/.espressif/v5.5/esp-idf/components/esp_driver_spi /home/diego/.espressif/v5.5/esp-idf/components/esp_driver_touch_sens /home/diego/.espressif/v5.5/esp-idf/components/esp_driver_tsens /home/diego/.espressif/v5.5/esp-idf/components/esp_driver_twai /home/diego/.espressif/v5.5/esp-idf/components/esp_driver_uart /home/diego/.espressif/v5.5/esp-idf/components/esp_driver_usb_serial_jtag /home/diego/.espressif/v5.5/esp-idf/components/esp_eth /home/diego/.espressif/v5.5/esp-idf/components/esp_event /home/diego/.espressif/v5.5/esp-idf/components/esp_gdbstub /home/diego/.espressif/v5.5/esp-idf/components/esp_hal_ieee802154 /home/diego/.espressif/v5.5/esp-idf/components/esp_hid /home/diego/.espressif/v5.5/esp-idf/components/esp_http_client /home/diego/.espressif/v5.5/esp-idf/components/esp_http_server /home/diego/.espressif/v5.5/esp-idf/components/esp_https_ota /home/diego/.espressif/v5.5/esp-idf/components/esp_https_server /home/diego/.espressif/v5.5/esp-idf/components/esp_hw_support /home/diego/.espressif/v5.5/esp-idf/components/esp_lcd /home/diego/.espressif/v5.5/esp-idf/components/esp_local_ctrl /home/diego/.espressif/v5.5/esp-idf/components/esp_mm /home/diego/.espressif/v5.5/esp-idf/components/esp_netif /home/diego/.espressif/v5.5/esp-idf/components/esp_netif_stack /home/diego/.espressif/v5.5/esp-idf/components/esp_partition /home/diego/.espressif/v5.5/esp-idf/components/esp_phy /home/diego/.espressif/v5.5/esp-idf/components/esp_pm /home/diego/.espressif/v5.5/esp-idf/components/esp_psram /home/diego/.espressif/v5.5/esp-idf/components/esp_ringbuf /home/diego/.espressif/v5.5/esp-idf/components/esp_rom /home/diego/.espressif/v5.5/esp-idf/components/esp_security /home/diego/.espressif/v5.5/esp-idf/components/esp_system /home/diego/.espressif/v5.5/esp-idf/components/esp_timer /home/diego/.espressif/v5.5/esp-idf/components/esp_vfs_console /home/diego/.espressif/v5.5/esp-idf/components/esp_wifi /home/diego/.espressif/v5.5/esp-idf/components/espcoredump /home/diego/.espressif/v5.5/esp-idf/components/esptool_py /home/diego/.espressif/v5.5/esp-idf/components/fatfs /home/diego/.espressif/v5.5/esp-idf/components/freertos /home/diego/.espressif/v5.5/esp-idf/components/hal /home/diego/.espressif/v5.5/esp-idf/components/heap /home/diego/.espressif/v5.5/esp-idf/components/http_parser /home/diego/.espressif/v5.5/esp-idf/components/idf_test /home/diego/.espressif/v5.5/esp-idf/components/ieee802154 /home/diego/.espressif/v5.5/esp-idf/components/json /home/diego/.espressif/v5.5/esp-idf/components/log /home/diego/.espressif/v5.5/esp-idf/components/lwip /home/diego/Ros2_esp32/main /home/diego/.espressif/v5.5/esp-idf/components/mbedtls /home/diego/Ros2_esp32/components/micro_ros_espidf_component /home/diego/.espressif/v5.5/esp-idf/components/mqtt /home/diego/.espressif/v5.5/esp-idf/components/newlib /home/diego/.espressif/v5.5/esp-idf/components/nvs_flash /home/diego/.espressif/v5.5/esp-idf/components/nvs_sec_provider /home/diego/.espressif/v5.5/esp-idf/components/openthread /home/diego/.espressif/v5.5/esp-idf/components/partition_table /home/diego/.espressif/v5.5/esp-idf/components/perfmon /home/diego/.espressif/v5.5/esp-idf/components/protobuf-c /home/diego/.espressif/v5.5/esp-idf/components/protocomm /home/diego/.espressif/v5.5/esp-idf/components/pthread /home/diego/.espressif/v5.5/esp-idf/components/rt /home/diego/.espressif/v5.5/esp-idf/components/sdmmc /home/diego/.espressif/v5.5/esp-idf/components/soc /home/diego/.espressif/v5.5/esp-idf/components/spi_flash /home/diego/.espressif/v5.5/esp-idf/components/spiffs /home/diego/.espressif/v5.5/esp-idf/components/tcp_transport /home/diego/.espressif/v5.5/esp-idf/components/touch_element /home/diego/.espressif/v5.5/esp-idf/components/ulp /home/diego/.espressif/v5.5/esp-idf/components/unity /home/diego/.espressif/v5.5/esp-idf/components/usb /home/diego/.espressif/v5.5/esp-idf/components/vfs /home/diego/.espressif/v5.5/esp-idf/components/wear_levelling /home/diego/.espressif/v5.5/esp-idf/components/wifi_provisioning /home/diego/.espressif/v5.5/esp-idf/components/wpa_supplicant /home/diego/.espressif/v5.5/esp-idf/components/xtensa\n'}
[5.626553] (Ros2_esp32) StdoutLine: {'line': b'-- Configuring done\n'}
[5.712080] (-) TimerEvent: {}
[5.812429] (-) TimerEvent: {}
[5.912693] (-) TimerEvent: {}
[6.012971] (-) TimerEvent: {}
[6.113263] (-) TimerEvent: {}
[6.213608] (-) TimerEvent: {}
[6.313891] (-) TimerEvent: {}
[6.414230] (-) TimerEvent: {}
[6.466356] (Ros2_esp32) StdoutLine: {'line': b'-- Generating done\n'}
[6.514337] (-) TimerEvent: {}
[6.614599] (-) TimerEvent: {}
[6.634388] (Ros2_esp32) StdoutLine: {'line': b'-- Build files have been written to: /home/diego/Ros2_esp32/build/Ros2_esp32\n'}
[6.691047] (Ros2_esp32) CommandEnded: {'returncode': 0}
[6.691591] (Ros2_esp32) JobProgress: {'identifier': 'Ros2_esp32', 'progress': 'build'}
[6.692681] (Ros2_esp32) Command: {'cmd': ['/usr/bin/cmake', '--build', '/home/diego/Ros2_esp32/build/Ros2_esp32', '--', '-j12', '-l12'], 'cwd': '/home/diego/Ros2_esp32/build/Ros2_esp32', 'env': OrderedDict([('LINOROBOT2_BASE', '2wd'), ('LESSOPEN', '| /usr/bin/lesspipe %s'), ('USER', 'diego'), ('XDG_SESSION_TYPE', 'wayland'), ('IDF_TOOLS_INSTALL_CMD', '/home/diego/.espressif/v5.5/esp-idf/install.sh'), ('SHLVL', '1'), ('HOME', '/home/diego'), ('IDF_PY_COMP_WORDBREAKS', ' \t\n"\'><=;|&(:'), ('OLDPWD', '/home/diego'), ('DESKTOP_SESSION', 'ubuntu'), ('GNOME_SHELL_SESSION_MODE', 'ubuntu'), ('GTK_MODULES', 'gail:atk-bridge'), ('SYSTEMD_EXEC_PID', '6885'), ('DBUS_SESSION_BUS_ADDRESS', 'unix:path=/run/user/1000/bus'), ('COLORTERM', 'truecolor'), ('OPENOCD_SCRIPTS', '/home/diego/.espressif/tools/openocd-esp32/v0.12.0-esp32-20260424/openocd-esp32/share/openocd/scripts'), ('IM_CONFIG_PHASE', '1'), ('WAYLAND_DISPLAY', 'wayland-0'), ('LOGNAME', 'diego'), ('_', '/home/diego/.espressif/python_env/idf5.5_py3.10_env/bin/colcon'), ('XDG_SESSION_CLASS', 'user'), ('USERNAME', 'diego'), ('TERM', 'xterm-256color'), ('GNOME_DESKTOP_SESSION_ID', 'this-is-deprecated'), ('IDF_DEACTIVATE_FILE_PATH', '/tmp/tmpjlrq2srmidf_20502'), ('IDF_PATH', '/home/diego/.espressif/v5.5/esp-idf'), ('PATH', '/home/diego/.espressif/v5.5/esp-idf/components/espcoredump:/home/diego/.espressif/v5.5/esp-idf/components/partition_table:/home/diego/.espressif/v5.5/esp-idf/components/app_update:/home/diego/.espressif/tools/xtensa-esp-elf-gdb/17.1_20260402/xtensa-esp-elf-gdb/bin:/home/diego/.espressif/tools/xtensa-esp-elf/esp-14.2.0_20260121/xtensa-esp-elf/bin:/home/diego/.espressif/tools/riscv32-esp-elf/esp-14.2.0_20260121/riscv32-esp-elf/bin:/home/diego/.espressif/tools/esp32ulp-elf/2.38_20240113/esp32ulp-elf/bin:/home/diego/.espressif/tools/openocd-esp32/v0.12.0-esp32-20260424/openocd-esp32/bin:/home/diego/.espressif/tools/ninja/1.12.1/:/home/diego/.espressif/python_env/idf5.5_py3.10_env/bin:/home/diego/.espressif/v5.5/esp-idf/tools:/home/diego/.espressif/eim_gui:/home/diego/.local/bin:/usr/local/sbin:/usr/local/bin:/usr/sbin:/usr/bin:/sbin:/bin:/usr/games:/usr/local/games:/snap/bin:/snap/bin'), ('SESSION_MANAGER', 'local/diego-desktop:@/tmp/.ICE-unix/1858,unix/diego-desktop:/tmp/.ICE-unix/1858'), ('XDG_MENU_PREFIX', 'gnome-'), ('GNOME_TERMINAL_SCREEN', '/org/gnome/Terminal/screen/91377f96_c3a1_46cb_8c1b_214af858cdb9'), ('GNOME_SETUP_DISPLAY', ':1'), ('XDG_RUNTIME_DIR', '/run/user/1000'), ('DISPLAY', ':0'), ('LANG', 'en_US.UTF-8'), ('XDG_CURRENT_DESKTOP', 'ubuntu:GNOME'), ('XMODIFIERS', '@im=ibus'), ('XDG_SESSION_DESKTOP', 'ubuntu'), ('XAUTHORITY', '/run/user/1000/.mutter-Xwaylandauth.8DRMT3'), ('ESP_IDF_VERSION', '5.5'), ('LS_COLORS', 'rs=0:di=01;34:ln=01;36:mh=00:pi=40;33:so=01;35:do=01;35:bd=40;33;01:cd=40;33;01:or=40;31;01:mi=00:su=37;41:sg=30;43:ca=30;41:tw=30;42:ow=34;42:st=37;44:ex=01;32:*.tar=01;31:*.tgz=01;31:*.arc=01;31:*.arj=01;31:*.taz=01;31:*.lha=01;31:*.lz4=01;31:*.lzh=01;31:*.lzma=01;31:*.tlz=01;31:*.txz=01;31:*.tzo=01;31:*.t7z=01;31:*.zip=01;31:*.z=01;31:*.dz=01;31:*.gz=01;31:*.lrz=01;31:*.lz=01;31:*.lzo=01;31:*.xz=01;31:*.zst=01;31:*.tzst=01;31:*.bz2=01;31:*.bz=01;31:*.tbz=01;31:*.tbz2=01;31:*.tz=01;31:*.deb=01;31:*.rpm=01;31:*.jar=01;31:*.war=01;31:*.ear=01;31:*.sar=01;31:*.rar=01;31:*.alz=01;31:*.ace=01;31:*.zoo=01;31:*.cpio=01;31:*.7z=01;31:*.rz=01;31:*.cab=01;31:*.wim=01;31:*.swm=01;31:*.dwm=01;31:*.esd=01;31:*.jpg=01;35:*.jpeg=01;35:*.mjpg=01;35:*.mjpeg=01;35:*.gif=01;35:*.bmp=01;35:*.pbm=01;35:*.pgm=01;35:*.ppm=01;35:*.tga=01;35:*.xbm=01;35:*.xpm=01;35:*.tif=01;35:*.tiff=01;35:*.png=01;35:*.svg=01;35:*.svgz=01;35:*.mng=01;35:*.pcx=01;35:*.mov=01;35:*.mpg=01;35:*.mpeg=01;35:*.m2v=01;35:*.mkv=01;35:*.webm=01;35:*.webp=01;35:*.ogm=01;35:*.mp4=01;35:*.m4v=01;35:*.mp4v=01;35:*.vob=01;35:*.qt=01;35:*.nuv=01;35:*.wmv=01;35:*.asf=01;35:*.rm=01;35:*.rmvb=01;35:*.flc=01;35:*.avi=01;35:*.fli=01;35:*.flv=01;35:*.gl=01;35:*.dl=01;35:*.xcf=01;35:*.xwd=01;35:*.yuv=01;35:*.cgm=01;35:*.emf=01;35:*.ogv=01;35:*.ogx=01;35:*.aac=00;36:*.au=00;36:*.flac=00;36:*.m4a=00;36:*.mid=00;36:*.midi=00;36:*.mka=00;36:*.mp3=00;36:*.mpc=00;36:*.ogg=00;36:*.ra=00;36:*.wav=00;36:*.oga=00;36:*.opus=00;36:*.spx=00;36:*.xspf=00;36:'), ('GNOME_TERMINAL_SERVICE', ':1.159'), ('SSH_AGENT_LAUNCHER', 'gnome-keyring'), ('SSH_AUTH_SOCK', '/run/user/1000/keyring/ssh'), ('SHELL', '/bin/bash'), ('QT_ACCESSIBILITY', '1'), ('IDF_PYTHON_ENV_PATH', '/home/diego/.espressif/python_env/idf5.5_py3.10_env'), ('GDMSESSION', 'ubuntu'), ('LESSCLOSE', '/usr/bin/lesspipe %s %s'), ('IDF_TOOLS_EXPORT_CMD', '/home/diego/.espressif/v5.5/esp-idf/export.sh'), ('QT_IM_MODULE', 'ibus'), ('PWD', '/home/diego/Ros2_esp32/build/Ros2_esp32'), ('LC_ALL', 'en_US.UTF-8'), ('XDG_CONFIG_DIRS', '/etc/xdg/xdg-ubuntu:/etc/xdg'), ('XDG_DATA_DIRS', '/usr/share/ubuntu:/home/diego/.local/share/flatpak/exports/share:/var/lib/flatpak/exports/share:/usr/local/share/:/usr/share/:/var/lib/snapd/desktop'), ('ESP_ROM_ELF_DIR', '/home/diego/.espressif/tools/esp-rom-elfs/20241011/'), ('COLCON', '1'), ('VTE_VERSION', '6800')]), 'shell': False}
[6.714716] (-) TimerEvent: {}
[6.756982] (Ros2_esp32) StdoutLine: {'line': b'[  0%] \x1b[34m\x1b[1mGenerating ../../partition_table/partition-table.bin\x1b[0m\n'}
[6.757243] (Ros2_esp32) StdoutLine: {'line': b'[  0%] \x1b[34m\x1b[1mGenerating project_elf_src_esp32s3.c\x1b[0m\n'}
[6.757337] (Ros2_esp32) StdoutLine: {'line': b'[  0%] \x1b[34m\x1b[1mGenerating /home/diego/Ros2_esp32/build/Ros2_esp32/esp-idf/esp_system/ld/sections.ld.in linker script...\x1b[0m\n'}
[6.757417] (Ros2_esp32) StdoutLine: {'line': b'[  0%] Built target custom_bundle\n'}
[6.757526] (Ros2_esp32) StdoutLine: {'line': b'[  0%] \x1b[34m\x1b[1mGenerating /home/diego/Ros2_esp32/build/Ros2_esp32/esp-idf/esp_system/ld/memory.ld linker script...\x1b[0m\n'}
[6.774259] (Ros2_esp32) StdoutLine: {'line': b'[  0%] Built target _project_elf_src\n'}
[6.796274] (Ros2_esp32) StdoutLine: {'line': b'[  0%] Built target sections.ld.in\n'}
[6.796502] (Ros2_esp32) StdoutLine: {'line': b'[  0%] Built target memory.ld\n'}
[6.813050] (Ros2_esp32) StdoutLine: {'line': b'Partition table binary generated. Contents:\n'}
[6.814809] (-) TimerEvent: {}
[6.816998] (Ros2_esp32) StdoutLine: {'line': b'[  1%] \x1b[32mBuilding C object esp-idf/esp_https_ota/CMakeFiles/__idf_esp_https_ota.dir/src/esp_https_ota.c.obj\x1b[0m\n'}
[6.821814] (Ros2_esp32) StdoutLine: {'line': b'*******************************************************************************\n'}
[6.850712] (Ros2_esp32) StdoutLine: {'line': b'# ESP-IDF Partition Table\n'}
[6.850886] (Ros2_esp32) StdoutLine: {'line': b'# Name, Type, SubType, Offset, Size, Flags\n'}
[6.850948] (Ros2_esp32) StdoutLine: {'line': b'nvs,data,nvs,0x9000,24K,\n'}
[6.851008] (Ros2_esp32) StdoutLine: {'line': b'phy_init,data,phy,0xf000,4K,\n'}
[6.851083] (Ros2_esp32) StdoutLine: {'line': b'factory,app,factory,0x10000,4M,\n'}
[6.851143] (Ros2_esp32) StdoutLine: {'line': b'storage,data,spiffs,0x410000,10M,\n'}
[6.862592] (Ros2_esp32) StdoutLine: {'line': b'*******************************************************************************\n'}
[6.871357] (Ros2_esp32) StdoutLine: {'line': b'[  1%] Built target partition_table_bin\n'}
[6.890491] (Ros2_esp32) StdoutLine: {'line': b"[  1%] \x1b[34m\x1b[1mCreating directories for 'bootloader'\x1b[0m\n"}
[6.914923] (-) TimerEvent: {}
[6.962774] (Ros2_esp32) StdoutLine: {'line': b"[  1%] \x1b[34m\x1b[1mNo download step for 'bootloader'\x1b[0m\n"}
[6.988697] (Ros2_esp32) StdoutLine: {'line': b"[  1%] \x1b[34m\x1b[1mNo update step for 'bootloader'\x1b[0m\n"}
[7.013896] (Ros2_esp32) StdoutLine: {'line': b"[  1%] \x1b[34m\x1b[1mNo patch step for 'bootloader'\x1b[0m\n"}
[7.014997] (-) TimerEvent: {}
[7.038560] (Ros2_esp32) StdoutLine: {'line': b"[  1%] \x1b[34m\x1b[1mPerforming configure step for 'bootloader'\x1b[0m\n"}
[7.058444] (Ros2_esp32) StdoutLine: {'line': b'-- Found Git: /usr/bin/git (found version "2.34.1") \n'}
[7.063485] (Ros2_esp32) StdoutLine: {'line': b'[  1%] \x1b[32m\x1b[1mLinking C static library libesp_https_ota.a\x1b[0m\n'}
[7.078302] (Ros2_esp32) StdoutLine: {'line': b'-- Component directory /home/diego/.espressif/v5.5/esp-idf/components/esp_blockdev does not contain a CMakeLists.txt file. No component will be added\n'}
[7.105225] (Ros2_esp32) StdoutLine: {'line': b'[  1%] Built target __idf_esp_https_ota\n'}
[7.115124] (-) TimerEvent: {}
[7.128426] (Ros2_esp32) StdoutLine: {'line': b'[  1%] \x1b[32mBuilding C object esp-idf/esp_http_server/CMakeFiles/__idf_esp_http_server.dir/src/httpd_sess.c.obj\x1b[0m\n'}
[7.128703] (Ros2_esp32) StdoutLine: {'line': b'[  1%] \x1b[32mBuilding C object esp-idf/esp_http_server/CMakeFiles/__idf_esp_http_server.dir/src/httpd_parse.c.obj\x1b[0m\n'}
[7.130358] (Ros2_esp32) StdoutLine: {'line': b'[  1%] \x1b[32mBuilding C object esp-idf/esp_http_server/CMakeFiles/__idf_esp_http_server.dir/src/httpd_txrx.c.obj\x1b[0m\n'}
[7.130579] (Ros2_esp32) StdoutLine: {'line': b'[  1%] \x1b[32mBuilding C object esp-idf/esp_http_server/CMakeFiles/__idf_esp_http_server.dir/src/httpd_main.c.obj\x1b[0m\n'}
[7.130657] (Ros2_esp32) StdoutLine: {'line': b'[  1%] \x1b[32mBuilding C object esp-idf/esp_http_server/CMakeFiles/__idf_esp_http_server.dir/src/httpd_uri.c.obj\x1b[0m\n'}
[7.130927] (Ros2_esp32) StdoutLine: {'line': b'[  1%] \x1b[32mBuilding C object esp-idf/esp_http_server/CMakeFiles/__idf_esp_http_server.dir/src/httpd_ws.c.obj\x1b[0m\n'}
[7.131954] (Ros2_esp32) StdoutLine: {'line': b'[  1%] \x1b[32mBuilding C object esp-idf/esp_http_server/CMakeFiles/__idf_esp_http_server.dir/src/util/ctrl_sock.c.obj\x1b[0m\n'}
[7.216295] (-) TimerEvent: {}
[7.317796] (-) TimerEvent: {}
[7.416294] (Ros2_esp32) StdoutLine: {'line': b'[  1%] \x1b[32m\x1b[1mLinking C static library libesp_http_server.a\x1b[0m\n'}
[7.417930] (-) TimerEvent: {}
[7.467254] (Ros2_esp32) StdoutLine: {'line': b'[  1%] Built target __idf_esp_http_server\n'}
[7.491283] (Ros2_esp32) StdoutLine: {'line': b'[  1%] \x1b[32mBuilding C object esp-idf/esp_http_client/CMakeFiles/__idf_esp_http_client.dir/esp_http_client.c.obj\x1b[0m\n'}
[7.491553] (Ros2_esp32) StdoutLine: {'line': b'[  1%] \x1b[32mBuilding C object esp-idf/esp_http_client/CMakeFiles/__idf_esp_http_client.dir/lib/http_auth.c.obj\x1b[0m\n'}
[7.491766] (Ros2_esp32) StdoutLine: {'line': b'[  1%] \x1b[32mBuilding C object esp-idf/esp_http_client/CMakeFiles/__idf_esp_http_client.dir/lib/http_utils.c.obj\x1b[0m\n'}
[7.491856] (Ros2_esp32) StdoutLine: {'line': b'[  2%] \x1b[32mBuilding C object esp-idf/esp_http_client/CMakeFiles/__idf_esp_http_client.dir/lib/http_header.c.obj\x1b[0m\n'}
[7.518091] (-) TimerEvent: {}
[7.618525] (-) TimerEvent: {}
[7.718922] (-) TimerEvent: {}
[7.819266] (-) TimerEvent: {}
[7.919620] (-) TimerEvent: {}
[7.976574] (Ros2_esp32) StdoutLine: {'line': b'-- Minimal build - OFF\n'}
[8.019754] (-) TimerEvent: {}
[8.052153] (Ros2_esp32) StdoutLine: {'line': b'[  2%] \x1b[32m\x1b[1mLinking C static library libesp_http_client.a\x1b[0m\n'}
[8.094903] (Ros2_esp32) StdoutLine: {'line': b'[  2%] Built target __idf_esp_http_client\n'}
[8.119397] (Ros2_esp32) StdoutLine: {'line': b'[  2%] \x1b[32mBuilding C object esp-idf/tcp_transport/CMakeFiles/__idf_tcp_transport.dir/transport.c.obj\x1b[0m\n'}
[8.119692] (Ros2_esp32) StdoutLine: {'line': b'[  2%] \x1b[32mBuilding C object esp-idf/tcp_transport/CMakeFiles/__idf_tcp_transport.dir/transport_ws.c.obj\x1b[0m\n'}
[8.119769] (-) TimerEvent: {}
[8.119888] (Ros2_esp32) StdoutLine: {'line': b'[  2%] \x1b[32mBuilding C object esp-idf/tcp_transport/CMakeFiles/__idf_tcp_transport.dir/transport_socks_proxy.c.obj\x1b[0m\n'}
[8.119967] (Ros2_esp32) StdoutLine: {'line': b'[  2%] \x1b[32mBuilding C object esp-idf/tcp_transport/CMakeFiles/__idf_tcp_transport.dir/transport_internal.c.obj\x1b[0m\n'}
[8.120040] (Ros2_esp32) StdoutLine: {'line': b'[  2%] \x1b[32mBuilding C object esp-idf/tcp_transport/CMakeFiles/__idf_tcp_transport.dir/transport_ssl.c.obj\x1b[0m\n'}
[8.189570] (Ros2_esp32) StdoutLine: {'line': b'-- The C compiler identification is GNU 14.2.0\n'}
[8.220030] (-) TimerEvent: {}
[8.320491] (-) TimerEvent: {}
[8.386867] (Ros2_esp32) StdoutLine: {'line': b'-- The CXX compiler identification is GNU 14.2.0\n'}
[8.405561] (Ros2_esp32) StdoutLine: {'line': b'-- The ASM compiler identification is GNU\n'}
[8.407264] (Ros2_esp32) StdoutLine: {'line': b'-- Found assembler: /home/diego/.espressif/tools/xtensa-esp-elf/esp-14.2.0_20260121/xtensa-esp-elf/bin/xtensa-esp32s3-elf-gcc\n'}
[8.410978] (Ros2_esp32) StdoutLine: {'line': b'-- Detecting C compiler ABI info\n'}
[8.420624] (-) TimerEvent: {}
[8.480569] (Ros2_esp32) StdoutLine: {'line': b'[  3%] \x1b[32m\x1b[1mLinking C static library libtcp_transport.a\x1b[0m\n'}
[8.481149] (Ros2_esp32) StdoutLine: {'line': b'-- Detecting C compiler ABI info - done\n'}
[8.489093] (Ros2_esp32) StdoutLine: {'line': b'-- Check for working C compiler: /home/diego/.espressif/tools/xtensa-esp-elf/esp-14.2.0_20260121/xtensa-esp-elf/bin/xtensa-esp32s3-elf-gcc - skipped\n'}
[8.489368] (Ros2_esp32) StdoutLine: {'line': b'-- Detecting C compile features\n'}
[8.489687] (Ros2_esp32) StdoutLine: {'line': b'-- Detecting C compile features - done\n'}
[8.492891] (Ros2_esp32) StdoutLine: {'line': b'-- Detecting CXX compiler ABI info\n'}
[8.520757] (-) TimerEvent: {}
[8.523880] (Ros2_esp32) StdoutLine: {'line': b'[  3%] Built target __idf_tcp_transport\n'}
[8.551442] (Ros2_esp32) StdoutLine: {'line': b'[  3%] \x1b[32mBuilding C object esp-idf/esp_adc/CMakeFiles/__idf_esp_adc.dir/adc_cali.c.obj\x1b[0m\n'}
[8.551739] (Ros2_esp32) StdoutLine: {'line': b'[  4%] \x1b[32mBuilding C object esp-idf/esp_adc/CMakeFiles/__idf_esp_adc.dir/adc_oneshot.c.obj\x1b[0m\n'}
[8.551821] (Ros2_esp32) StdoutLine: {'line': b'[  4%] \x1b[32mBuilding C object esp-idf/esp_adc/CMakeFiles/__idf_esp_adc.dir/adc_common.c.obj\x1b[0m\n'}
[8.551890] (Ros2_esp32) StdoutLine: {'line': b'[  4%] \x1b[32mBuilding C object esp-idf/esp_adc/CMakeFiles/__idf_esp_adc.dir/adc_cali_curve_fitting.c.obj\x1b[0m\n'}
[8.551960] (Ros2_esp32) StdoutLine: {'line': b'[  4%] \x1b[32mBuilding C object esp-idf/esp_adc/CMakeFiles/__idf_esp_adc.dir/deprecated/esp_adc_cal_common_legacy.c.obj\x1b[0m\n'}
[8.552788] (Ros2_esp32) StdoutLine: {'line': b'[  4%] \x1b[32mBuilding C object esp-idf/esp_adc/CMakeFiles/__idf_esp_adc.dir/adc_continuous.c.obj\x1b[0m\n'}
[8.553741] (Ros2_esp32) StdoutLine: {'line': b'[  4%] \x1b[32mBuilding C object esp-idf/esp_adc/CMakeFiles/__idf_esp_adc.dir/gdma/adc_dma.c.obj\x1b[0m\n'}
[8.555406] (Ros2_esp32) StdoutLine: {'line': b'[  4%] \x1b[32mBuilding C object esp-idf/esp_adc/CMakeFiles/__idf_esp_adc.dir/adc_monitor.c.obj\x1b[0m\n'}
[8.559793] (Ros2_esp32) StdoutLine: {'line': b'[  4%] \x1b[32mBuilding C object esp-idf/esp_adc/CMakeFiles/__idf_esp_adc.dir/adc_filter.c.obj\x1b[0m\n'}
[8.561228] (Ros2_esp32) StdoutLine: {'line': b'[  4%] \x1b[32mBuilding C object esp-idf/esp_adc/CMakeFiles/__idf_esp_adc.dir/esp32s3/curve_fitting_coefficients.c.obj\x1b[0m\n'}
[8.565665] (Ros2_esp32) StdoutLine: {'line': b'[  4%] \x1b[32mBuilding C object esp-idf/esp_adc/CMakeFiles/__idf_esp_adc.dir/deprecated/esp32s3/esp_adc_cal_legacy.c.obj\x1b[0m\n'}
[8.585914] (Ros2_esp32) StdoutLine: {'line': b'-- Detecting CXX compiler ABI info - done\n'}
[8.609586] (Ros2_esp32) StdoutLine: {'line': b'-- Check for working CXX compiler: /home/diego/.espressif/tools/xtensa-esp-elf/esp-14.2.0_20260121/xtensa-esp-elf/bin/xtensa-esp32s3-elf-g++ - skipped\n'}
[8.611931] (Ros2_esp32) StdoutLine: {'line': b'-- Detecting CXX compile features\n'}
[8.614895] (Ros2_esp32) StdoutLine: {'line': b'-- Detecting CXX compile features - done\n'}
[8.621096] (-) TimerEvent: {}
[8.722737] (-) TimerEvent: {}
[8.824392] (-) TimerEvent: {}
[8.830571] (Ros2_esp32) StdoutLine: {'line': b'[  5%] \x1b[32m\x1b[1mLinking C static library libesp_adc.a\x1b[0m\n'}
[8.877603] (Ros2_esp32) StdoutLine: {'line': b'[  5%] Built target __idf_esp_adc\n'}
[8.899368] (Ros2_esp32) StdoutLine: {'line': b'[  5%] \x1b[32mBuilding C object esp-idf/esp-tls/CMakeFiles/__idf_esp-tls.dir/esp_tls.c.obj\x1b[0m\n'}
[8.899608] (Ros2_esp32) StdoutLine: {'line': b'[  5%] \x1b[32mBuilding C object esp-idf/esp-tls/CMakeFiles/__idf_esp-tls.dir/esp_tls_mbedtls.c.obj\x1b[0m\n'}
[8.900850] (Ros2_esp32) StdoutLine: {'line': b'[  5%] \x1b[32mBuilding C object esp-idf/esp-tls/CMakeFiles/__idf_esp-tls.dir/esp-tls-crypto/esp_tls_crypto.c.obj\x1b[0m\n'}
[8.901048] (Ros2_esp32) StdoutLine: {'line': b'[  5%] \x1b[32mBuilding C object esp-idf/esp-tls/CMakeFiles/__idf_esp-tls.dir/esp_tls_error_capture.c.obj\x1b[0m\n'}
[8.901120] (Ros2_esp32) StdoutLine: {'line': b'[  5%] \x1b[32mBuilding C object esp-idf/esp-tls/CMakeFiles/__idf_esp-tls.dir/esp_tls_platform_port.c.obj\x1b[0m\n'}
[8.924517] (-) TimerEvent: {}
[9.000299] (Ros2_esp32) StdoutLine: {'line': b'-- Building ESP-IDF components for target esp32s3\n'}
[9.024637] (-) TimerEvent: {}
[9.124982] (-) TimerEvent: {}
[9.191304] (Ros2_esp32) StdoutLine: {'line': b'[  5%] \x1b[32m\x1b[1mLinking C static library libesp-tls.a\x1b[0m\n'}
[9.225081] (-) TimerEvent: {}
[9.232867] (Ros2_esp32) StdoutLine: {'line': b'[  5%] Built target __idf_esp-tls\n'}
[9.257055] (Ros2_esp32) StdoutLine: {'line': b'[  5%] \x1b[32mBuilding C object esp-idf/http_parser/CMakeFiles/__idf_http_parser.dir/http_parser.c.obj\x1b[0m\n'}
[9.325246] (-) TimerEvent: {}
[9.425650] (-) TimerEvent: {}
[9.526082] (-) TimerEvent: {}
[9.614998] (Ros2_esp32) StdoutLine: {'line': b'-- ESP-TEE is currently supported only on the esp32c6;esp32h2;esp32c5 SoCs\n'}
[9.626227] (-) TimerEvent: {}
[9.689407] (Ros2_esp32) StdoutLine: {'line': b'[  6%] \x1b[32m\x1b[1mLinking C static library libhttp_parser.a\x1b[0m\n'}
[9.726338] (-) TimerEvent: {}
[9.736139] (Ros2_esp32) StdoutLine: {'line': b'[  6%] Built target __idf_http_parser\n'}
[9.763506] (Ros2_esp32) StdoutLine: {'line': b'[  6%] \x1b[32mBuilding C object esp-idf/driver/CMakeFiles/__idf_driver.dir/i2c/i2c.c.obj\x1b[0m\n'}
[9.764031] (Ros2_esp32) StdoutLine: {'line': b'[  6%] \x1b[32mBuilding C object esp-idf/driver/CMakeFiles/__idf_driver.dir/deprecated/adc_dma_legacy.c.obj\x1b[0m\n'}
[9.764146] (Ros2_esp32) StdoutLine: {'line': b'[  6%] \x1b[32mBuilding C object esp-idf/driver/CMakeFiles/__idf_driver.dir/deprecated/adc_legacy.c.obj\x1b[0m\n'}
[9.764376] (Ros2_esp32) StdoutLine: {'line': b'[  7%] \x1b[32mBuilding C object esp-idf/driver/CMakeFiles/__idf_driver.dir/deprecated/pcnt_legacy.c.obj\x1b[0m\n'}
[9.764535] (Ros2_esp32) StdoutLine: {'line': b'[  7%] \x1b[32mBuilding C object esp-idf/driver/CMakeFiles/__idf_driver.dir/deprecated/sigma_delta_legacy.c.obj\x1b[0m\n'}
[9.764605] (Ros2_esp32) StdoutLine: {'line': b'[  7%] \x1b[32mBuilding C object esp-idf/driver/CMakeFiles/__idf_driver.dir/deprecated/rmt_legacy.c.obj\x1b[0m\n'}
[9.764679] (Ros2_esp32) StdoutLine: {'line': b'[  7%] \x1b[32mBuilding C object esp-idf/driver/CMakeFiles/__idf_driver.dir/deprecated/mcpwm_legacy.c.obj\x1b[0m\n'}
[9.764752] (Ros2_esp32) StdoutLine: {'line': b'[  7%] \x1b[32mBuilding C object esp-idf/driver/CMakeFiles/__idf_driver.dir/deprecated/timer_legacy.c.obj\x1b[0m\n'}
[9.764896] (Ros2_esp32) StdoutLine: {'line': b'[  7%] \x1b[32mBuilding C object esp-idf/driver/CMakeFiles/__idf_driver.dir/deprecated/rtc_temperature_legacy.c.obj\x1b[0m\n'}
[9.765334] (Ros2_esp32) StdoutLine: {'line': b'[  7%] \x1b[32mBuilding C object esp-idf/driver/CMakeFiles/__idf_driver.dir/deprecated/i2s_legacy.c.obj\x1b[0m\n'}
[9.769148] (Ros2_esp32) StdoutLine: {'line': b'[  7%] \x1b[32mBuilding C object esp-idf/driver/CMakeFiles/__idf_driver.dir/touch_sensor/touch_sensor_common.c.obj\x1b[0m\n'}
[9.828293] (-) TimerEvent: {}
[9.928944] (-) TimerEvent: {}
[10.016809] (Ros2_esp32) StdoutLine: {'line': b'[  7%] \x1b[32mBuilding C object esp-idf/driver/CMakeFiles/__idf_driver.dir/touch_sensor/esp32s3/touch_sensor.c.obj\x1b[0m\n'}
[10.029120] (-) TimerEvent: {}
[10.036418] (Ros2_esp32) StdoutLine: {'line': b'[  7%] \x1b[32mBuilding C object esp-idf/driver/CMakeFiles/__idf_driver.dir/twai/twai.c.obj\x1b[0m\n'}
[10.129292] (-) TimerEvent: {}
[10.230089] (-) TimerEvent: {}
[10.330839] (-) TimerEvent: {}
[10.402452] (Ros2_esp32) StdoutLine: {'line': b'-- Project sdkconfig file /home/diego/Ros2_esp32/sdkconfig\n'}
[10.430952] (-) TimerEvent: {}
[10.466199] (Ros2_esp32) StdoutLine: {'line': b'[  7%] \x1b[32m\x1b[1mLinking C static library libdriver.a\x1b[0m\n'}
[10.526258] (Ros2_esp32) StdoutLine: {'line': b'[  7%] Built target __idf_driver\n'}
[10.531041] (-) TimerEvent: {}
[10.546463] (Ros2_esp32) StdoutLine: {'line': b'[  8%] \x1b[32mBuilding C object esp-idf/esp_driver_twai/CMakeFiles/__idf_esp_driver_twai.dir/esp_twai.c.obj\x1b[0m\n'}
[10.546743] (Ros2_esp32) StdoutLine: {'line': b'[  8%] \x1b[32mBuilding C object esp-idf/esp_driver_twai/CMakeFiles/__idf_esp_driver_twai.dir/esp_twai_onchip.c.obj\x1b[0m\n'}
[10.562646] (Ros2_esp32) StdoutLine: {'line': b'-- Compiler supported targets: xtensa-esp-elf\n'}
[10.565033] (Ros2_esp32) StdoutLine: {'line': b'-- Detecting C compiler ABI info\n'}
[10.629366] (Ros2_esp32) StdoutLine: {'line': b'-- Detecting C compiler ABI info - done\n'}
[10.631198] (-) TimerEvent: {}
[10.637127] (Ros2_esp32) StdoutLine: {'line': b'-- Detecting CXX compiler ABI info\n'}
[10.701970] (Ros2_esp32) StdoutLine: {'line': b'-- Detecting CXX compiler ABI info - done\n'}
[10.731309] (-) TimerEvent: {}
[10.778439] (Ros2_esp32) StdoutLine: {'line': b'[  8%] \x1b[32m\x1b[1mLinking C static library libesp_driver_twai.a\x1b[0m\n'}
[10.815203] (Ros2_esp32) StdoutLine: {'line': b'[  8%] Built target __idf_esp_driver_twai\n'}
[10.816759] (Ros2_esp32) StdoutLine: {'line': b'-- Detecting C compiler ABI info\n'}
[10.831430] (-) TimerEvent: {}
[10.835472] (Ros2_esp32) StdoutLine: {'line': b'[  8%] \x1b[32mBuilding C object esp-idf/esp_driver_ledc/CMakeFiles/__idf_esp_driver_ledc.dir/src/ledc.c.obj\x1b[0m\n'}
[10.877579] (Ros2_esp32) StdoutLine: {'line': b'-- Detecting C compiler ABI info - done\n'}
[10.884536] (Ros2_esp32) StdoutLine: {'line': b'-- Detecting CXX compiler ABI info\n'}
[10.931550] (-) TimerEvent: {}
[10.946630] (Ros2_esp32) StdoutLine: {'line': b'-- Detecting CXX compiler ABI info - done\n'}
[10.964467] (Ros2_esp32) StdoutLine: {'line': b'-- Adding linker script /home/diego/.espressif/v5.5/esp-idf/components/soc/esp32s3/ld/esp32s3.peripherals.ld\n'}
[10.974727] (Ros2_esp32) StdoutLine: {'line': b'-- Bootloader project name: "bootloader" version: 1\n'}
[10.998404] (Ros2_esp32) StdoutLine: {'line': b'-- Adding linker script /home/diego/.espressif/v5.5/esp-idf/components/esp_rom/esp32s3/ld/esp32s3.rom.ld\n'}
[10.998602] (Ros2_esp32) StdoutLine: {'line': b'-- Adding linker script /home/diego/.espressif/v5.5/esp-idf/components/esp_rom/esp32s3/ld/esp32s3.rom.api.ld\n'}
[10.998699] (Ros2_esp32) StdoutLine: {'line': b'-- Adding linker script /home/diego/.espressif/v5.5/esp-idf/components/esp_rom/esp32s3/ld/esp32s3.rom.bt_funcs.ld\n'}
[10.998775] (Ros2_esp32) StdoutLine: {'line': b'-- Adding linker script /home/diego/.espressif/v5.5/esp-idf/components/esp_rom/esp32s3/ld/esp32s3.rom.libgcc.ld\n'}
[10.998887] (Ros2_esp32) StdoutLine: {'line': b'-- Adding linker script /home/diego/.espressif/v5.5/esp-idf/components/esp_rom/esp32s3/ld/esp32s3.rom.wdt.ld\n'}
[10.998953] (Ros2_esp32) StdoutLine: {'line': b'-- Adding linker script /home/diego/.espressif/v5.5/esp-idf/components/esp_rom/esp32s3/ld/esp32s3.rom.version.ld\n'}
[10.999043] (Ros2_esp32) StdoutLine: {'line': b'-- Adding linker script /home/diego/.espressif/v5.5/esp-idf/components/esp_rom/esp32s3/ld/esp32s3.rom.libc.ld\n'}
[10.999154] (Ros2_esp32) StdoutLine: {'line': b'-- Adding linker script /home/diego/.espressif/v5.5/esp-idf/components/esp_rom/esp32s3/ld/esp32s3.rom.newlib.ld\n'}
[11.011808] (Ros2_esp32) StdoutLine: {'line': b'-- Adding linker script /home/diego/.espressif/v5.5/esp-idf/components/bootloader/subproject/main/ld/esp32s3/bootloader.rom.ld\n'}
[11.031651] (-) TimerEvent: {}
[11.075361] (Ros2_esp32) StdoutLine: {'line': b'-- Components: bootloader bootloader_support efuse esp_app_format esp_bootloader_format esp_common esp_hw_support esp_rom esp_security esp_system esptool_py freertos hal log main micro-ecc newlib partition_table soc spi_flash xtensa\n'}
[11.075547] (Ros2_esp32) StdoutLine: {'line': b'-- Component paths: /home/diego/.espressif/v5.5/esp-idf/components/bootloader /home/diego/.espressif/v5.5/esp-idf/components/bootloader_support /home/diego/.espressif/v5.5/esp-idf/components/efuse /home/diego/.espressif/v5.5/esp-idf/components/esp_app_format /home/diego/.espressif/v5.5/esp-idf/components/esp_bootloader_format /home/diego/.espressif/v5.5/esp-idf/components/esp_common /home/diego/.espressif/v5.5/esp-idf/components/esp_hw_support /home/diego/.espressif/v5.5/esp-idf/components/esp_rom /home/diego/.espressif/v5.5/esp-idf/components/esp_security /home/diego/.espressif/v5.5/esp-idf/components/esp_system /home/diego/.espressif/v5.5/esp-idf/components/esptool_py /home/diego/.espressif/v5.5/esp-idf/components/freertos /home/diego/.espressif/v5.5/esp-idf/components/hal /home/diego/.espressif/v5.5/esp-idf/components/log /home/diego/.espressif/v5.5/esp-idf/components/bootloader/subproject/main /home/diego/.espressif/v5.5/esp-idf/components/bootloader/subproject/components/micro-ecc /home/diego/.espressif/v5.5/esp-idf/components/newlib /home/diego/.espressif/v5.5/esp-idf/components/partition_table /home/diego/.espressif/v5.5/esp-idf/components/soc /home/diego/.espressif/v5.5/esp-idf/components/spi_flash /home/diego/.espressif/v5.5/esp-idf/components/xtensa\n'}
[11.075643] (Ros2_esp32) StdoutLine: {'line': b'-- Adding linker script /home/diego/.espressif/v5.5/esp-idf/components/bootloader/subproject/main/ld/esp32s3/bootloader.ld\n'}
[11.076639] (Ros2_esp32) StdoutLine: {'line': b'-- Configuring done\n'}
[11.131763] (-) TimerEvent: {}
[11.154243] (Ros2_esp32) StdoutLine: {'line': b'-- Generating done\n'}
[11.160912] (Ros2_esp32) StdoutLine: {'line': b'-- Build files have been written to: /home/diego/Ros2_esp32/build/Ros2_esp32/bootloader\n'}
[11.197362] (Ros2_esp32) StdoutLine: {'line': b"[  8%] \x1b[34m\x1b[1mPerforming build step for 'bootloader'\x1b[0m\n"}
[11.231880] (-) TimerEvent: {}
[11.246305] (Ros2_esp32) StdoutLine: {'line': b'[  3%] \x1b[32mBuilding C object esp-idf/log/CMakeFiles/__idf_log.dir/src/buffer/log_buffers.c.obj\x1b[0m\n'}
[11.246595] (Ros2_esp32) StdoutLine: {'line': b'[  3%] \x1b[34m\x1b[1mGenerating project_elf_src_esp32s3.c\x1b[0m\n'}
[11.246685] (Ros2_esp32) StdoutLine: {'line': b'[  3%] \x1b[32mBuilding C object esp-idf/log/CMakeFiles/__idf_log.dir/src/noos/log_timestamp.c.obj\x1b[0m\n'}
[11.246762] (Ros2_esp32) StdoutLine: {'line': b'[  4%] \x1b[32mBuilding C object esp-idf/log/CMakeFiles/__idf_log.dir/src/log_timestamp_common.c.obj\x1b[0m\n'}
[11.246840] (Ros2_esp32) StdoutLine: {'line': b'[  5%] \x1b[32mBuilding C object esp-idf/log/CMakeFiles/__idf_log.dir/src/log_format_text.c.obj\x1b[0m\n'}
[11.246913] (Ros2_esp32) StdoutLine: {'line': b'[  5%] \x1b[32mBuilding C object esp-idf/log/CMakeFiles/__idf_log.dir/src/log_print.c.obj\x1b[0m\n'}
[11.246982] (Ros2_esp32) StdoutLine: {'line': b'[  5%] \x1b[32mBuilding C object esp-idf/log/CMakeFiles/__idf_log.dir/src/noos/log_lock.c.obj\x1b[0m\n'}
[11.247051] (Ros2_esp32) StdoutLine: {'line': b'[  7%] \x1b[32mBuilding C object esp-idf/log/CMakeFiles/__idf_log.dir/src/noos/util.c.obj\x1b[0m\n'}
[11.248983] (Ros2_esp32) StdoutLine: {'line': b'[  7%] \x1b[32mBuilding C object esp-idf/log/CMakeFiles/__idf_log.dir/src/util.c.obj\x1b[0m\n'}
[11.251926] (Ros2_esp32) StdoutLine: {'line': b'[  8%] \x1b[32mBuilding C object esp-idf/log/CMakeFiles/__idf_log.dir/src/log.c.obj\x1b[0m\n'}
[11.264877] (Ros2_esp32) StdoutLine: {'line': b'[  8%] \x1b[32m\x1b[1mLinking C static library libesp_driver_ledc.a\x1b[0m\n'}
[11.280251] (Ros2_esp32) StdoutLine: {'line': b'[  8%] Built target _project_elf_src\n'}
[11.318948] (Ros2_esp32) StdoutLine: {'line': b'[  8%] Built target __idf_esp_driver_ledc\n'}
[11.331990] (-) TimerEvent: {}
[11.339978] (Ros2_esp32) StdoutLine: {'line': b'[  8%] \x1b[32mBuilding C object esp-idf/esp_driver_i2c/CMakeFiles/__idf_esp_driver_i2c.dir/i2c_common.c.obj\x1b[0m\n'}
[11.340260] (Ros2_esp32) StdoutLine: {'line': b'[  8%] \x1b[32mBuilding C object esp-idf/esp_driver_i2c/CMakeFiles/__idf_esp_driver_i2c.dir/i2c_slave.c.obj\x1b[0m\n'}
[11.340369] (Ros2_esp32) StdoutLine: {'line': b'[  8%] \x1b[32mBuilding C object esp-idf/esp_driver_i2c/CMakeFiles/__idf_esp_driver_i2c.dir/i2c_master.c.obj\x1b[0m\n'}
[11.345071] (Ros2_esp32) StdoutLine: {'line': b'[  9%] \x1b[32m\x1b[1mLinking C static library liblog.a\x1b[0m\n'}
[11.391308] (Ros2_esp32) StdoutLine: {'line': b'[  9%] Built target __idf_log\n'}
[11.403034] (Ros2_esp32) StdoutLine: {'line': b'\x1b[35m\x1b[1mScanning dependencies of target __idf_esp_rom\x1b[0m\n'}
[11.423981] (Ros2_esp32) StdoutLine: {'line': b'[ 11%] \x1b[32mBuilding C object esp-idf/esp_rom/CMakeFiles/__idf_esp_rom.dir/patches/esp_rom_crc.c.obj\x1b[0m\n'}
[11.424810] (Ros2_esp32) StdoutLine: {'line': b'[ 12%] \x1b[32mBuilding C object esp-idf/esp_rom/CMakeFiles/__idf_esp_rom.dir/patches/esp_rom_gpio.c.obj\x1b[0m\n'}
[11.425627] (Ros2_esp32) StdoutLine: {'line': b'[ 11%] \x1b[32mBuilding C object esp-idf/esp_rom/CMakeFiles/__idf_esp_rom.dir/patches/esp_rom_spiflash.c.obj\x1b[0m\n'}
[11.426374] (Ros2_esp32) StdoutLine: {'line': b'[ 13%] \x1b[32mBuilding ASM object esp-idf/esp_rom/CMakeFiles/__idf_esp_rom.dir/patches/esp_rom_longjmp.S.obj\x1b[0m\n'}
[11.426913] (Ros2_esp32) StdoutLine: {'line': b'[ 13%] \x1b[32mBuilding C object esp-idf/esp_rom/CMakeFiles/__idf_esp_rom.dir/patches/esp_rom_efuse.c.obj\x1b[0m\n'}
[11.427000] (Ros2_esp32) StdoutLine: {'line': b'[ 15%] \x1b[32mBuilding C object esp-idf/esp_rom/CMakeFiles/__idf_esp_rom.dir/patches/esp_rom_systimer.c.obj\x1b[0m\n'}
[11.427088] (Ros2_esp32) StdoutLine: {'line': b'[ 15%] \x1b[32mBuilding C object esp-idf/esp_rom/CMakeFiles/__idf_esp_rom.dir/patches/esp_rom_print.c.obj\x1b[0m\n'}
[11.427177] (Ros2_esp32) StdoutLine: {'line': b'[ 15%] \x1b[32mBuilding C object esp-idf/esp_rom/CMakeFiles/__idf_esp_rom.dir/patches/esp_rom_sys.c.obj\x1b[0m\n'}
[11.431542] (Ros2_esp32) StdoutLine: {'line': b'[ 16%] \x1b[32mBuilding C object esp-idf/esp_rom/CMakeFiles/__idf_esp_rom.dir/patches/esp_rom_uart.c.obj\x1b[0m\n'}
[11.432407] (-) TimerEvent: {}
[11.475320] (Ros2_esp32) StdoutLine: {'line': b'[ 17%] \x1b[32mBuilding C object esp-idf/esp_rom/CMakeFiles/__idf_esp_rom.dir/patches/esp_rom_wdt.c.obj\x1b[0m\n'}
[11.479083] (Ros2_esp32) StdoutLine: {'line': b'[ 17%] \x1b[32mBuilding C object esp-idf/esp_rom/CMakeFiles/__idf_esp_rom.dir/patches/esp_rom_cache_esp32s2_esp32s3.c.obj\x1b[0m\n'}
[11.495351] (Ros2_esp32) StdoutLine: {'line': b'[ 18%] \x1b[32mBuilding ASM object esp-idf/esp_rom/CMakeFiles/__idf_esp_rom.dir/patches/esp_rom_cache_writeback_esp32s3.S.obj\x1b[0m\n'}
[11.533282] (-) TimerEvent: {}
[11.633703] (-) TimerEvent: {}
[11.649907] (Ros2_esp32) StdoutLine: {'line': b'[ 19%] \x1b[32m\x1b[1mLinking C static library libesp_rom.a\x1b[0m\n'}
[11.694000] (Ros2_esp32) StdoutLine: {'line': b'[ 19%] Built target __idf_esp_rom\n'}
[11.714043] (Ros2_esp32) StdoutLine: {'line': b'[ 20%] \x1b[32mBuilding C object esp-idf/esp_common/CMakeFiles/__idf_esp_common.dir/src/esp_err_to_name.c.obj\x1b[0m\n'}
[11.733808] (-) TimerEvent: {}
[11.772224] (Ros2_esp32) StdoutLine: {'line': b'[ 21%] \x1b[32m\x1b[1mLinking C static library libesp_common.a\x1b[0m\n'}
[11.810087] (Ros2_esp32) StdoutLine: {'line': b'[ 21%] Built target __idf_esp_common\n'}
[11.834017] (-) TimerEvent: {}
[11.837285] (Ros2_esp32) StdoutLine: {'line': b'[ 23%] \x1b[32mBuilding C object esp-idf/esp_hw_support/CMakeFiles/__idf_esp_hw_support.dir/esp_memory_utils.c.obj\x1b[0m\n'}
[11.838419] (Ros2_esp32) StdoutLine: {'line': b'[ 24%] \x1b[32mBuilding C object esp-idf/esp_hw_support/CMakeFiles/__idf_esp_hw_support.dir/port/esp32s3/rtc_sleep.c.obj\x1b[0m\n'}
[11.838620] (Ros2_esp32) StdoutLine: {'line': b'[ 24%] \x1b[32mBuilding C object esp-idf/esp_hw_support/CMakeFiles/__idf_esp_hw_support.dir/cpu.c.obj\x1b[0m\n'}
[11.838705] (Ros2_esp32) StdoutLine: {'line': b'[ 25%] \x1b[32mBuilding C object esp-idf/esp_hw_support/CMakeFiles/__idf_esp_hw_support.dir/port/esp32s3/rtc_init.c.obj\x1b[0m\n'}
[11.838785] (Ros2_esp32) StdoutLine: {'line': b'[ 25%] \x1b[32mBuilding C object esp-idf/esp_hw_support/CMakeFiles/__idf_esp_hw_support.dir/port/esp32s3/rtc_time.c.obj\x1b[0m\n'}
[11.838865] (Ros2_esp32) StdoutLine: {'line': b'[ 26%] \x1b[32mBuilding C object esp-idf/esp_hw_support/CMakeFiles/__idf_esp_hw_support.dir/port/esp32s3/rtc_clk.c.obj\x1b[0m\n'}
[11.840847] (Ros2_esp32) StdoutLine: {'line': b'[ 27%] \x1b[32mBuilding C object esp-idf/esp_hw_support/CMakeFiles/__idf_esp_hw_support.dir/port/esp32s3/chip_info.c.obj\x1b[0m\n'}
[11.841722] (Ros2_esp32) StdoutLine: {'line': b'[ 28%] \x1b[32mBuilding C object esp-idf/esp_hw_support/CMakeFiles/__idf_esp_hw_support.dir/port/esp32s3/rtc_clk_init.c.obj\x1b[0m\n'}
[11.842133] (Ros2_esp32) StdoutLine: {'line': b'[ 28%] \x1b[32mBuilding C object esp-idf/esp_hw_support/CMakeFiles/__idf_esp_hw_support.dir/port/esp32s3/esp_cpu_intr.c.obj\x1b[0m\n'}
[11.843355] (Ros2_esp32) StdoutLine: {'line': b'[ 29%] \x1b[32mBuilding C object esp-idf/esp_hw_support/CMakeFiles/__idf_esp_hw_support.dir/port/esp32s3/cpu_region_protect.c.obj\x1b[0m\n'}
[11.846249] (Ros2_esp32) StdoutLine: {'line': b'[  8%] \x1b[32m\x1b[1mLinking C static library libesp_driver_i2c.a\x1b[0m\n'}
[11.914269] (Ros2_esp32) StdoutLine: {'line': b'[  8%] Built target __idf_esp_driver_i2c\n'}
[11.934154] (-) TimerEvent: {}
[11.945149] (Ros2_esp32) StdoutLine: {'line': b'[  8%] \x1b[32mBuilding C object esp-idf/esp_driver_sdm/CMakeFiles/__idf_esp_driver_sdm.dir/src/sdm.c.obj\x1b[0m\n'}
[12.034313] (-) TimerEvent: {}
[12.096518] (Ros2_esp32) StdoutLine: {'line': b'[ 30%] \x1b[32m\x1b[1mLinking C static library libesp_hw_support.a\x1b[0m\n'}
[12.111240] (Ros2_esp32) StdoutLine: {'line': b'[  8%] \x1b[32m\x1b[1mLinking C static library libesp_driver_sdm.a\x1b[0m\n'}
[12.134443] (-) TimerEvent: {}
[12.143000] (Ros2_esp32) StdoutLine: {'line': b'[ 30%] Built target __idf_esp_hw_support\n'}
[12.152110] (Ros2_esp32) StdoutLine: {'line': b'[  8%] Built target __idf_esp_driver_sdm\n'}
[12.164326] (Ros2_esp32) StdoutLine: {'line': b'[ 31%] \x1b[32mBuilding C object esp-idf/esp_system/CMakeFiles/__idf_esp_system.dir/esp_err.c.obj\x1b[0m\n'}
[12.174032] (Ros2_esp32) StdoutLine: {'line': b'[  8%] \x1b[32mBuilding C object esp-idf/esp_driver_tsens/CMakeFiles/__idf_esp_driver_tsens.dir/src/temperature_sensor.c.obj\x1b[0m\n'}
[12.224334] (Ros2_esp32) StdoutLine: {'line': b'[ 32%] \x1b[32m\x1b[1mLinking C static library libesp_system.a\x1b[0m\n'}
[12.234586] (-) TimerEvent: {}
[12.266566] (Ros2_esp32) StdoutLine: {'line': b'[ 32%] Built target __idf_esp_system\n'}
[12.296232] (Ros2_esp32) StdoutLine: {'line': b'[ 32%] \x1b[32mBuilding C object esp-idf/efuse/CMakeFiles/__idf_efuse.dir/esp32s3/esp_efuse_table.c.obj\x1b[0m\n'}
[12.298161] (Ros2_esp32) StdoutLine: {'line': b'[ 34%] \x1b[32mBuilding C object esp-idf/efuse/CMakeFiles/__idf_efuse.dir/esp32s3/esp_efuse_fields.c.obj\x1b[0m\n'}
[12.301153] (Ros2_esp32) StdoutLine: {'line': b'[ 35%] \x1b[32mBuilding C object esp-idf/efuse/CMakeFiles/__idf_efuse.dir/esp32s3/esp_efuse_utility.c.obj\x1b[0m\n'}
[12.301534] (Ros2_esp32) StdoutLine: {'line': b'[ 36%] \x1b[32mBuilding C object esp-idf/efuse/CMakeFiles/__idf_efuse.dir/esp32s3/esp_efuse_rtc_calib.c.obj\x1b[0m\n'}
[12.301646] (Ros2_esp32) StdoutLine: {'line': b'[ 37%] \x1b[32mBuilding C object esp-idf/efuse/CMakeFiles/__idf_efuse.dir/src/esp_efuse_api.c.obj\x1b[0m\n'}
[12.303457] (Ros2_esp32) StdoutLine: {'line': b'[ 38%] \x1b[32mBuilding C object esp-idf/efuse/CMakeFiles/__idf_efuse.dir/src/esp_efuse_utility.c.obj\x1b[0m\n'}
[12.310490] (Ros2_esp32) StdoutLine: {'line': b'[ 38%] \x1b[32mBuilding C object esp-idf/efuse/CMakeFiles/__idf_efuse.dir/src/esp_efuse_fields.c.obj\x1b[0m\n'}
[12.317353] (Ros2_esp32) StdoutLine: {'line': b'[ 39%] \x1b[32mBuilding C object esp-idf/efuse/CMakeFiles/__idf_efuse.dir/src/efuse_controller/keys/with_key_purposes/esp_efuse_api_key.c.obj\x1b[0m\n'}
[12.334729] (-) TimerEvent: {}
[12.341307] (Ros2_esp32) StdoutLine: {'line': b'[  8%] \x1b[32m\x1b[1mLinking C static library libesp_driver_tsens.a\x1b[0m\n'}
[12.425959] (Ros2_esp32) StdoutLine: {'line': b'[  8%] Built target __idf_esp_driver_tsens\n'}
[12.435318] (-) TimerEvent: {}
[12.468048] (Ros2_esp32) StdoutLine: {'line': b'[  8%] \x1b[32mBuilding C object esp-idf/esp_driver_rmt/CMakeFiles/__idf_esp_driver_rmt.dir/src/rmt_encoder_bytes.c.obj\x1b[0m\n'}
[12.473050] (Ros2_esp32) StdoutLine: {'line': b'[  8%] \x1b[32mBuilding C object esp-idf/esp_driver_rmt/CMakeFiles/__idf_esp_driver_rmt.dir/src/rmt_encoder.c.obj\x1b[0m\n'}
[12.476490] (Ros2_esp32) StdoutLine: {'line': b'[  8%] \x1b[32mBuilding C object esp-idf/esp_driver_rmt/CMakeFiles/__idf_esp_driver_rmt.dir/src/rmt_encoder_copy.c.obj\x1b[0m\n'}
[12.477244] (Ros2_esp32) StdoutLine: {'line': b'[  8%] \x1b[32mBuilding C object esp-idf/esp_driver_rmt/CMakeFiles/__idf_esp_driver_rmt.dir/src/rmt_common.c.obj\x1b[0m\n'}
[12.478978] (Ros2_esp32) StdoutLine: {'line': b'[  8%] \x1b[32mBuilding C object esp-idf/esp_driver_rmt/CMakeFiles/__idf_esp_driver_rmt.dir/src/rmt_rx.c.obj\x1b[0m\n'}
[12.480885] (Ros2_esp32) StdoutLine: {'line': b'[  8%] \x1b[32mBuilding C object esp-idf/esp_driver_rmt/CMakeFiles/__idf_esp_driver_rmt.dir/src/rmt_encoder_simple.c.obj\x1b[0m\n'}
[12.486254] (Ros2_esp32) StdoutLine: {'line': b'[  9%] \x1b[32mBuilding C object esp-idf/esp_driver_rmt/CMakeFiles/__idf_esp_driver_rmt.dir/src/rmt_tx.c.obj\x1b[0m\n'}
[12.535458] (-) TimerEvent: {}
[12.632278] (Ros2_esp32) StdoutLine: {'line': b'[ 40%] \x1b[32m\x1b[1mLinking C static library libefuse.a\x1b[0m\n'}
[12.635679] (-) TimerEvent: {}
[12.691054] (Ros2_esp32) StdoutLine: {'line': b'[ 40%] Built target __idf_efuse\n'}
[12.724336] (Ros2_esp32) StdoutLine: {'line': b'[ 40%] \x1b[32mBuilding C object esp-idf/bootloader_support/CMakeFiles/__idf_bootloader_support.dir/src/bootloader_random.c.obj\x1b[0m\n'}
[12.724708] (Ros2_esp32) StdoutLine: {'line': b'[ 42%] \x1b[32mBuilding C object esp-idf/bootloader_support/CMakeFiles/__idf_bootloader_support.dir/src/bootloader_common_loader.c.obj\x1b[0m\n'}
[12.724805] (Ros2_esp32) StdoutLine: {'line': b'[ 42%] \x1b[32mBuilding C object esp-idf/bootloader_support/CMakeFiles/__idf_bootloader_support.dir/src/bootloader_mem.c.obj\x1b[0m\n'}
[12.730478] (Ros2_esp32) StdoutLine: {'line': b'[ 42%] \x1b[32mBuilding C object esp-idf/bootloader_support/CMakeFiles/__idf_bootloader_support.dir/src/bootloader_common.c.obj\x1b[0m\n'}
[12.730858] (Ros2_esp32) StdoutLine: {'line': b'[ 43%] \x1b[32mBuilding C object esp-idf/bootloader_support/CMakeFiles/__idf_bootloader_support.dir/src/bootloader_clock_init.c.obj\x1b[0m\n'}
[12.732584] (Ros2_esp32) StdoutLine: {'line': b'[ 45%] \x1b[32mBuilding C object esp-idf/bootloader_support/CMakeFiles/__idf_bootloader_support.dir/src/bootloader_efuse.c.obj\x1b[0m\n'}
[12.733273] (Ros2_esp32) StdoutLine: {'line': b'[ 45%] \x1b[32mBuilding C object esp-idf/bootloader_support/CMakeFiles/__idf_bootloader_support.dir/src/flash_encrypt.c.obj\x1b[0m\n'}
[12.733798] (Ros2_esp32) StdoutLine: {'line': b'[ 46%] \x1b[32mBuilding C object esp-idf/bootloader_support/CMakeFiles/__idf_bootloader_support.dir/src/secure_boot.c.obj\x1b[0m\n'}
[12.735882] (-) TimerEvent: {}
[12.737652] (Ros2_esp32) StdoutLine: {'line': b'[ 47%] \x1b[32mBuilding C object esp-idf/bootloader_support/CMakeFiles/__idf_bootloader_support.dir/src/bootloader_random_esp32s3.c.obj\x1b[0m\n'}
[12.782260] (Ros2_esp32) StdoutLine: {'line': b'[ 47%] \x1b[32mBuilding C object esp-idf/bootloader_support/CMakeFiles/__idf_bootloader_support.dir/bootloader_flash/src/bootloader_flash.c.obj\x1b[0m\n'}
[12.832114] (Ros2_esp32) StdoutLine: {'line': b'[ 48%] \x1b[32mBuilding C object esp-idf/bootloader_support/CMakeFiles/__idf_bootloader_support.dir/bootloader_flash/src/bootloader_flash_config_esp32s3.c.obj\x1b[0m\n'}
[12.837647] (-) TimerEvent: {}
[12.839453] (Ros2_esp32) StdoutLine: {'line': b'[ 49%] \x1b[32mBuilding C object esp-idf/bootloader_support/CMakeFiles/__idf_bootloader_support.dir/bootloader_flash/src/flash_qio_mode.c.obj\x1b[0m\n'}
[12.847966] (Ros2_esp32) StdoutLine: {'line': b'[ 50%] \x1b[32mBuilding C object esp-idf/bootloader_support/CMakeFiles/__idf_bootloader_support.dir/src/bootloader_utility.c.obj\x1b[0m\n'}
[12.852305] (Ros2_esp32) StdoutLine: {'line': b'[ 51%] \x1b[32mBuilding C object esp-idf/bootloader_support/CMakeFiles/__idf_bootloader_support.dir/src/flash_partitions.c.obj\x1b[0m\n'}
[12.872244] (Ros2_esp32) StdoutLine: {'line': b'[ 51%] \x1b[32mBuilding C object esp-idf/bootloader_support/CMakeFiles/__idf_bootloader_support.dir/src/esp_image_format.c.obj\x1b[0m\n'}
[12.884140] (Ros2_esp32) StdoutLine: {'line': b'[ 52%] \x1b[32mBuilding C object esp-idf/bootloader_support/CMakeFiles/__idf_bootloader_support.dir/src/bootloader_sha.c.obj\x1b[0m\n'}
[12.937793] (-) TimerEvent: {}
[12.968284] (Ros2_esp32) StdoutLine: {'line': b'[ 53%] \x1b[32mBuilding C object esp-idf/bootloader_support/CMakeFiles/__idf_bootloader_support.dir/src/bootloader_init.c.obj\x1b[0m\n'}
[12.996481] (Ros2_esp32) StdoutLine: {'line': b'[ 54%] \x1b[32mBuilding C object esp-idf/bootloader_support/CMakeFiles/__idf_bootloader_support.dir/src/bootloader_clock_loader.c.obj\x1b[0m\n'}
[12.996848] (Ros2_esp32) StdoutLine: {'line': b'[ 55%] \x1b[32mBuilding C object esp-idf/bootloader_support/CMakeFiles/__idf_bootloader_support.dir/src/bootloader_console.c.obj\x1b[0m\n'}
[13.012320] (Ros2_esp32) StdoutLine: {'line': b'[ 55%] \x1b[32mBuilding C object esp-idf/bootloader_support/CMakeFiles/__idf_bootloader_support.dir/src/bootloader_console_loader.c.obj\x1b[0m\n'}
[13.015691] (Ros2_esp32) StdoutLine: {'line': b'[ 56%] \x1b[32mBuilding C object esp-idf/bootloader_support/CMakeFiles/__idf_bootloader_support.dir/src/esp32s3/bootloader_soc.c.obj\x1b[0m\n'}
[13.031776] (Ros2_esp32) StdoutLine: {'line': b'[ 57%] \x1b[32mBuilding C object esp-idf/bootloader_support/CMakeFiles/__idf_bootloader_support.dir/src/esp32s3/bootloader_esp32s3.c.obj\x1b[0m\n'}
[13.038497] (-) TimerEvent: {}
[13.043460] (Ros2_esp32) StdoutLine: {'line': b'[ 58%] \x1b[32mBuilding C object esp-idf/bootloader_support/CMakeFiles/__idf_bootloader_support.dir/src/bootloader_panic.c.obj\x1b[0m\n'}
[13.102286] (Ros2_esp32) StdoutLine: {'line': b'[  9%] \x1b[32m\x1b[1mLinking C static library libesp_driver_rmt.a\x1b[0m\n'}
[13.138634] (-) TimerEvent: {}
[13.169733] (Ros2_esp32) StdoutLine: {'line': b'[  9%] Built target __idf_esp_driver_rmt\n'}
[13.201056] (Ros2_esp32) StdoutLine: {'line': b'[  9%] \x1b[32mBuilding C object esp-idf/esp_driver_sdspi/CMakeFiles/__idf_esp_driver_sdspi.dir/src/sdspi_host.c.obj\x1b[0m\n'}
[13.201406] (Ros2_esp32) StdoutLine: {'line': b'[  9%] \x1b[32mBuilding C object esp-idf/esp_driver_sdspi/CMakeFiles/__idf_esp_driver_sdspi.dir/src/sdspi_crc.c.obj\x1b[0m\n'}
[13.206392] (Ros2_esp32) StdoutLine: {'line': b'[  9%] \x1b[32mBuilding C object esp-idf/esp_driver_sdspi/CMakeFiles/__idf_esp_driver_sdspi.dir/src/sdspi_transaction.c.obj\x1b[0m\n'}
[13.240203] (-) TimerEvent: {}
[13.310575] (Ros2_esp32) StdoutLine: {'line': b'[ 59%] \x1b[32m\x1b[1mLinking C static library libbootloader_support.a\x1b[0m\n'}
[13.340329] (-) TimerEvent: {}
[13.369622] (Ros2_esp32) StdoutLine: {'line': b'[ 59%] Built target __idf_bootloader_support\n'}
[13.391277] (Ros2_esp32) StdoutLine: {'line': b'[ 59%] \x1b[32mBuilding C object esp-idf/esp_bootloader_format/CMakeFiles/__idf_esp_bootloader_format.dir/esp_bootloader_desc.c.obj\x1b[0m\n'}
[13.409084] (Ros2_esp32) StdoutLine: {'line': b'[  9%] \x1b[32m\x1b[1mLinking C static library libesp_driver_sdspi.a\x1b[0m\n'}
[13.432880] (Ros2_esp32) StdoutLine: {'line': b'[ 60%] \x1b[32m\x1b[1mLinking C static library libesp_bootloader_format.a\x1b[0m\n'}
[13.440451] (-) TimerEvent: {}
[13.450331] (Ros2_esp32) StdoutLine: {'line': b'[  9%] Built target __idf_esp_driver_sdspi\n'}
[13.473120] (Ros2_esp32) StdoutLine: {'line': b'[ 60%] Built target __idf_esp_bootloader_format\n'}
[13.474017] (Ros2_esp32) StdoutLine: {'line': b'[  9%] \x1b[32mBuilding C object esp-idf/esp_driver_sdmmc/CMakeFiles/__idf_esp_driver_sdmmc.dir/src/sdmmc_transaction.c.obj\x1b[0m\n'}
[13.474523] (Ros2_esp32) StdoutLine: {'line': b'[  9%] \x1b[32mBuilding C object esp-idf/esp_driver_sdmmc/CMakeFiles/__idf_esp_driver_sdmmc.dir/src/sdmmc_host.c.obj\x1b[0m\n'}
[13.497230] (Ros2_esp32) StdoutLine: {'line': b'[ 61%] \x1b[32mBuilding C object esp-idf/spi_flash/CMakeFiles/__idf_spi_flash.dir/spi_flash_wrap.c.obj\x1b[0m\n'}
[13.540567] (-) TimerEvent: {}
[13.601277] (Ros2_esp32) StdoutLine: {'line': b'[ 62%] \x1b[32m\x1b[1mLinking C static library libspi_flash.a\x1b[0m\n'}
[13.640711] (-) TimerEvent: {}
[13.647730] (Ros2_esp32) StdoutLine: {'line': b'[ 62%] Built target __idf_spi_flash\n'}
[13.674452] (Ros2_esp32) StdoutLine: {'line': b'[ 63%] \x1b[32mBuilding C object esp-idf/hal/CMakeFiles/__idf_hal.dir/hal_utils.c.obj\x1b[0m\n'}
[13.674959] (Ros2_esp32) StdoutLine: {'line': b'[ 63%] \x1b[32mBuilding C object esp-idf/hal/CMakeFiles/__idf_hal.dir/mpu_hal.c.obj\x1b[0m\n'}
[13.677847] (Ros2_esp32) StdoutLine: {'line': b'[ 65%] \x1b[32mBuilding C object esp-idf/hal/CMakeFiles/__idf_hal.dir/cache_hal.c.obj\x1b[0m\n'}
[13.678366] (Ros2_esp32) StdoutLine: {'line': b'[ 65%] \x1b[32mBuilding C object esp-idf/hal/CMakeFiles/__idf_hal.dir/esp32s3/efuse_hal.c.obj\x1b[0m\n'}
[13.678817] (Ros2_esp32) StdoutLine: {'line': b'[ 65%] \x1b[32mBuilding C object esp-idf/hal/CMakeFiles/__idf_hal.dir/mmu_hal.c.obj\x1b[0m\n'}
[13.683334] (Ros2_esp32) StdoutLine: {'line': b'[ 67%] \x1b[32mBuilding C object esp-idf/hal/CMakeFiles/__idf_hal.dir/efuse_hal.c.obj\x1b[0m\n'}
[13.740868] (-) TimerEvent: {}
[13.839774] (Ros2_esp32) StdoutLine: {'line': b'[ 68%] \x1b[32m\x1b[1mLinking C static library libhal.a\x1b[0m\n'}
[13.841063] (-) TimerEvent: {}
[13.887234] (Ros2_esp32) StdoutLine: {'line': b'[ 68%] Built target __idf_hal\n'}
[13.900007] (Ros2_esp32) StdoutLine: {'line': b'[  9%] \x1b[32m\x1b[1mLinking C static library libesp_driver_sdmmc.a\x1b[0m\n'}
[13.911035] (Ros2_esp32) StdoutLine: {'line': b'[ 68%] \x1b[32mBuilding C object esp-idf/micro-ecc/CMakeFiles/__idf_micro-ecc.dir/uECC_verify_antifault.c.obj\x1b[0m\n'}
[13.941242] (-) TimerEvent: {}
[13.947837] (Ros2_esp32) StdoutLine: {'line': b'[  9%] Built target __idf_esp_driver_sdmmc\n'}
[13.977565] (Ros2_esp32) StdoutLine: {'line': b'[  9%] \x1b[32mBuilding C object esp-idf/sdmmc/CMakeFiles/__idf_sdmmc.dir/sdmmc_common.c.obj\x1b[0m\n'}
[13.978743] (Ros2_esp32) StdoutLine: {'line': b'[  9%] \x1b[32mBuilding C object esp-idf/sdmmc/CMakeFiles/__idf_sdmmc.dir/sdmmc_cmd.c.obj\x1b[0m\n'}
[13.979488] (Ros2_esp32) StdoutLine: {'line': b'[  9%] \x1b[32mBuilding C object esp-idf/sdmmc/CMakeFiles/__idf_sdmmc.dir/sdmmc_io.c.obj\x1b[0m\n'}
[13.980793] (Ros2_esp32) StdoutLine: {'line': b'[  9%] \x1b[32mBuilding C object esp-idf/sdmmc/CMakeFiles/__idf_sdmmc.dir/sdmmc_mmc.c.obj\x1b[0m\n'}
[13.980891] (Ros2_esp32) StdoutLine: {'line': b'[  9%] \x1b[32mBuilding C object esp-idf/sdmmc/CMakeFiles/__idf_sdmmc.dir/sdmmc_init.c.obj\x1b[0m\n'}
[13.985823] (Ros2_esp32) StdoutLine: {'line': b'[  9%] \x1b[32mBuilding C object esp-idf/sdmmc/CMakeFiles/__idf_sdmmc.dir/sdmmc_sd.c.obj\x1b[0m\n'}
[13.986545] (Ros2_esp32) StdoutLine: {'line': b'[  9%] \x1b[32mBuilding C object esp-idf/sdmmc/CMakeFiles/__idf_sdmmc.dir/sd_pwr_ctrl/sd_pwr_ctrl.c.obj\x1b[0m\n'}
[14.041380] (-) TimerEvent: {}
[14.142159] (-) TimerEvent: {}
[14.242571] (-) TimerEvent: {}
[14.291903] (Ros2_esp32) StdoutLine: {'line': b'[ 10%] \x1b[32m\x1b[1mLinking C static library libsdmmc.a\x1b[0m\n'}
[14.342711] (-) TimerEvent: {}
[14.344234] (Ros2_esp32) StdoutLine: {'line': b'[ 10%] Built target __idf_sdmmc\n'}
[14.368749] (Ros2_esp32) StdoutLine: {'line': b'[ 11%] \x1b[32mBuilding C object esp-idf/esp_driver_i2s/CMakeFiles/__idf_esp_driver_i2s.dir/i2s_common.c.obj\x1b[0m\n'}
[14.370623] (Ros2_esp32) StdoutLine: {'line': b'[ 11%] \x1b[32mBuilding C object esp-idf/esp_driver_i2s/CMakeFiles/__idf_esp_driver_i2s.dir/i2s_platform.c.obj\x1b[0m\n'}
[14.370890] (Ros2_esp32) StdoutLine: {'line': b'[ 11%] \x1b[32mBuilding C object esp-idf/esp_driver_i2s/CMakeFiles/__idf_esp_driver_i2s.dir/i2s_pdm.c.obj\x1b[0m\n'}
[14.370953] (Ros2_esp32) StdoutLine: {'line': b'[ 11%] \x1b[32mBuilding C object esp-idf/esp_driver_i2s/CMakeFiles/__idf_esp_driver_i2s.dir/i2s_tdm.c.obj\x1b[0m\n'}
[14.371010] (Ros2_esp32) StdoutLine: {'line': b'[ 11%] \x1b[32mBuilding C object esp-idf/esp_driver_i2s/CMakeFiles/__idf_esp_driver_i2s.dir/i2s_std.c.obj\x1b[0m\n'}
[14.442887] (-) TimerEvent: {}
[14.543364] (-) TimerEvent: {}
[14.643795] (-) TimerEvent: {}
[14.690061] (Ros2_esp32) StdoutLine: {'line': b'[ 69%] \x1b[32m\x1b[1mLinking C static library libmicro-ecc.a\x1b[0m\n'}
[14.730739] (Ros2_esp32) StdoutLine: {'line': b'[ 69%] Built target __idf_micro-ecc\n'}
[14.743925] (-) TimerEvent: {}
[14.757266] (Ros2_esp32) StdoutLine: {'line': b'[ 71%] \x1b[32mBuilding C object esp-idf/soc/CMakeFiles/__idf_soc.dir/esp32s3/gpio_periph.c.obj\x1b[0m\n'}
[14.757587] (Ros2_esp32) StdoutLine: {'line': b'[ 71%] \x1b[32mBuilding C object esp-idf/soc/CMakeFiles/__idf_soc.dir/dport_access_common.c.obj\x1b[0m\n'}
[14.759060] (Ros2_esp32) StdoutLine: {'line': b'[ 71%] \x1b[32mBuilding C object esp-idf/soc/CMakeFiles/__idf_soc.dir/esp32s3/uart_periph.c.obj\x1b[0m\n'}
[14.763719] (Ros2_esp32) StdoutLine: {'line': b'[ 73%] \x1b[32mBuilding C object esp-idf/soc/CMakeFiles/__idf_soc.dir/esp32s3/interrupts.c.obj\x1b[0m\n'}
[14.764629] (Ros2_esp32) StdoutLine: {'line': b'[ 73%] \x1b[32mBuilding C object esp-idf/soc/CMakeFiles/__idf_soc.dir/lldesc.c.obj\x1b[0m\n'}
[14.766788] (Ros2_esp32) StdoutLine: {'line': b'[ 74%] \x1b[32mBuilding C object esp-idf/soc/CMakeFiles/__idf_soc.dir/esp32s3/adc_periph.c.obj\x1b[0m\n'}
[14.769643] (Ros2_esp32) StdoutLine: {'line': b'[ 75%] \x1b[32mBuilding C object esp-idf/soc/CMakeFiles/__idf_soc.dir/esp32s3/gdma_periph.c.obj\x1b[0m\n'}
[14.771503] (Ros2_esp32) StdoutLine: {'line': b'[ 76%] \x1b[32mBuilding C object esp-idf/soc/CMakeFiles/__idf_soc.dir/esp32s3/dedic_gpio_periph.c.obj\x1b[0m\n'}
[14.776587] (Ros2_esp32) StdoutLine: {'line': b'[ 77%] \x1b[32mBuilding C object esp-idf/soc/CMakeFiles/__idf_soc.dir/esp32s3/pcnt_periph.c.obj\x1b[0m\n'}
[14.777724] (Ros2_esp32) StdoutLine: {'line': b'[ 77%] \x1b[32mBuilding C object esp-idf/soc/CMakeFiles/__idf_soc.dir/esp32s3/spi_periph.c.obj\x1b[0m\n'}
[14.781436] (Ros2_esp32) StdoutLine: {'line': b'[ 78%] \x1b[32mBuilding C object esp-idf/soc/CMakeFiles/__idf_soc.dir/esp32s3/ledc_periph.c.obj\x1b[0m\n'}
[14.823053] (Ros2_esp32) StdoutLine: {'line': b'[ 79%] \x1b[32mBuilding C object esp-idf/soc/CMakeFiles/__idf_soc.dir/esp32s3/rmt_periph.c.obj\x1b[0m\n'}
[14.824693] (Ros2_esp32) StdoutLine: {'line': b'[ 79%] \x1b[32mBuilding C object esp-idf/soc/CMakeFiles/__idf_soc.dir/esp32s3/sdm_periph.c.obj\x1b[0m\n'}
[14.826371] (Ros2_esp32) StdoutLine: {'line': b'[ 11%] \x1b[32m\x1b[1mLinking C static library libesp_driver_i2s.a\x1b[0m\n'}
[14.839428] (Ros2_esp32) StdoutLine: {'line': b'[ 80%] \x1b[32mBuilding C object esp-idf/soc/CMakeFiles/__idf_soc.dir/esp32s3/i2s_periph.c.obj\x1b[0m\n'}
[14.843069] (Ros2_esp32) StdoutLine: {'line': b'[ 81%] \x1b[32mBuilding C object esp-idf/soc/CMakeFiles/__idf_soc.dir/esp32s3/i2c_periph.c.obj\x1b[0m\n'}
[14.843391] (Ros2_esp32) StdoutLine: {'line': b'[ 82%] \x1b[32mBuilding C object esp-idf/soc/CMakeFiles/__idf_soc.dir/esp32s3/temperature_sensor_periph.c.obj\x1b[0m\n'}
[14.844717] (-) TimerEvent: {}
[14.851849] (Ros2_esp32) StdoutLine: {'line': b'[ 83%] \x1b[32mBuilding C object esp-idf/soc/CMakeFiles/__idf_soc.dir/esp32s3/timer_periph.c.obj\x1b[0m\n'}
[14.859441] (Ros2_esp32) StdoutLine: {'line': b'[ 84%] \x1b[32mBuilding C object esp-idf/soc/CMakeFiles/__idf_soc.dir/esp32s3/mcpwm_periph.c.obj\x1b[0m\n'}
[14.862864] (Ros2_esp32) StdoutLine: {'line': b'[ 85%] \x1b[32mBuilding C object esp-idf/soc/CMakeFiles/__idf_soc.dir/esp32s3/lcd_periph.c.obj\x1b[0m\n'}
[14.864351] (Ros2_esp32) StdoutLine: {'line': b'[ 85%] \x1b[32mBuilding C object esp-idf/soc/CMakeFiles/__idf_soc.dir/esp32s3/mpi_periph.c.obj\x1b[0m\n'}
[14.864537] (Ros2_esp32) StdoutLine: {'line': b'[ 86%] \x1b[32mBuilding C object esp-idf/soc/CMakeFiles/__idf_soc.dir/esp32s3/sdmmc_periph.c.obj\x1b[0m\n'}
[14.875138] (Ros2_esp32) StdoutLine: {'line': b'[ 87%] \x1b[32mBuilding C object esp-idf/soc/CMakeFiles/__idf_soc.dir/esp32s3/touch_sensor_periph.c.obj\x1b[0m\n'}
[14.880479] (Ros2_esp32) StdoutLine: {'line': b'[ 87%] \x1b[32mBuilding C object esp-idf/soc/CMakeFiles/__idf_soc.dir/esp32s3/twai_periph.c.obj\x1b[0m\n'}
[14.897923] (Ros2_esp32) StdoutLine: {'line': b'[ 88%] \x1b[32mBuilding C object esp-idf/soc/CMakeFiles/__idf_soc.dir/esp32s3/wdt_periph.c.obj\x1b[0m\n'}
[14.904648] (Ros2_esp32) StdoutLine: {'line': b'[ 89%] \x1b[32mBuilding C object esp-idf/soc/CMakeFiles/__idf_soc.dir/esp32s3/usb_dwc_periph.c.obj\x1b[0m\n'}
[14.911407] (Ros2_esp32) StdoutLine: {'line': b'[ 90%] \x1b[32mBuilding C object esp-idf/soc/CMakeFiles/__idf_soc.dir/esp32s3/cam_periph.c.obj\x1b[0m\n'}
[14.911677] (Ros2_esp32) StdoutLine: {'line': b'[ 90%] \x1b[32mBuilding C object esp-idf/soc/CMakeFiles/__idf_soc.dir/esp32s3/power_supply_periph.c.obj\x1b[0m\n'}
[14.911763] (Ros2_esp32) StdoutLine: {'line': b'[ 91%] \x1b[32mBuilding C object esp-idf/soc/CMakeFiles/__idf_soc.dir/esp32s3/rtc_io_periph.c.obj\x1b[0m\n'}
[14.920333] (Ros2_esp32) StdoutLine: {'line': b'[ 11%] Built target __idf_esp_driver_i2s\n'}
[14.944878] (-) TimerEvent: {}
[14.947436] (Ros2_esp32) StdoutLine: {'line': b'[ 11%] \x1b[32mBuilding C object esp-idf/esp_driver_mcpwm/CMakeFiles/__idf_esp_driver_mcpwm.dir/src/mcpwm_cmpr.c.obj\x1b[0m\n'}
[14.948032] (Ros2_esp32) StdoutLine: {'line': b'[ 11%] \x1b[32mBuilding C object esp-idf/esp_driver_mcpwm/CMakeFiles/__idf_esp_driver_mcpwm.dir/src/mcpwm_cap.c.obj\x1b[0m\n'}
[14.948154] (Ros2_esp32) StdoutLine: {'line': b'[ 11%] \x1b[32mBuilding C object esp-idf/esp_driver_mcpwm/CMakeFiles/__idf_esp_driver_mcpwm.dir/src/mcpwm_fault.c.obj\x1b[0m\n'}
[14.948337] (Ros2_esp32) StdoutLine: {'line': b'[ 11%] \x1b[32mBuilding C object esp-idf/esp_driver_mcpwm/CMakeFiles/__idf_esp_driver_mcpwm.dir/src/mcpwm_com.c.obj\x1b[0m\n'}
[14.950259] (Ros2_esp32) StdoutLine: {'line': b'[ 12%] \x1b[32mBuilding C object esp-idf/esp_driver_mcpwm/CMakeFiles/__idf_esp_driver_mcpwm.dir/src/mcpwm_sync.c.obj\x1b[0m\n'}
[14.953374] (Ros2_esp32) StdoutLine: {'line': b'[ 12%] \x1b[32mBuilding C object esp-idf/esp_driver_mcpwm/CMakeFiles/__idf_esp_driver_mcpwm.dir/src/mcpwm_timer.c.obj\x1b[0m\n'}
[14.953743] (Ros2_esp32) StdoutLine: {'line': b'[ 12%] \x1b[32mBuilding C object esp-idf/esp_driver_mcpwm/CMakeFiles/__idf_esp_driver_mcpwm.dir/src/mcpwm_oper.c.obj\x1b[0m\n'}
[14.953847] (Ros2_esp32) StdoutLine: {'line': b'[ 12%] \x1b[32mBuilding C object esp-idf/esp_driver_mcpwm/CMakeFiles/__idf_esp_driver_mcpwm.dir/src/mcpwm_gen.c.obj\x1b[0m\n'}
[14.981423] (Ros2_esp32) StdoutLine: {'line': b'[ 92%] \x1b[32m\x1b[1mLinking C static library libsoc.a\x1b[0m\n'}
[15.045295] (-) TimerEvent: {}
[15.102231] (Ros2_esp32) StdoutLine: {'line': b'[ 92%] Built target __idf_soc\n'}
[15.143607] (Ros2_esp32) StdoutLine: {'line': b'[ 93%] \x1b[32mBuilding C object esp-idf/xtensa/CMakeFiles/__idf_xtensa.dir/eri.c.obj\x1b[0m\n'}
[15.145913] (Ros2_esp32) StdoutLine: {'line': b'[ 93%] \x1b[32mBuilding C object esp-idf/xtensa/CMakeFiles/__idf_xtensa.dir/xt_trax.c.obj\x1b[0m\n'}
[15.146244] (-) TimerEvent: {}
[15.216057] (Ros2_esp32) StdoutLine: {'line': b'[ 94%] \x1b[32m\x1b[1mLinking C static library libxtensa.a\x1b[0m\n'}
[15.246395] (-) TimerEvent: {}
[15.257937] (Ros2_esp32) StdoutLine: {'line': b'[ 12%] \x1b[32m\x1b[1mLinking C static library libesp_driver_mcpwm.a\x1b[0m\n'}
[15.258398] (Ros2_esp32) StdoutLine: {'line': b'[ 94%] Built target __idf_xtensa\n'}
[15.279967] (Ros2_esp32) StdoutLine: {'line': b'[ 95%] \x1b[32mBuilding C object esp-idf/main/CMakeFiles/__idf_main.dir/bootloader_start.c.obj\x1b[0m\n'}
[15.308662] (Ros2_esp32) StdoutLine: {'line': b'[ 12%] Built target __idf_esp_driver_mcpwm\n'}
[15.330034] (Ros2_esp32) StdoutLine: {'line': b'[ 12%] \x1b[32mBuilding C object esp-idf/esp_driver_pcnt/CMakeFiles/__idf_esp_driver_pcnt.dir/src/pulse_cnt.c.obj\x1b[0m\n'}
[15.334841] (Ros2_esp32) StdoutLine: {'line': b'[ 96%] \x1b[32m\x1b[1mLinking C static library libmain.a\x1b[0m\n'}
[15.346531] (-) TimerEvent: {}
[15.371584] (Ros2_esp32) StdoutLine: {'line': b'[ 96%] Built target __idf_main\n'}
[15.393902] (Ros2_esp32) StdoutLine: {'line': b'[ 97%] \x1b[32mBuilding C object CMakeFiles/bootloader.elf.dir/project_elf_src_esp32s3.c.obj\x1b[0m\n'}
[15.416463] (Ros2_esp32) StdoutLine: {'line': b'[ 97%] \x1b[32m\x1b[1mLinking C executable bootloader.elf\x1b[0m\n'}
[15.446649] (-) TimerEvent: {}
[15.507078] (Ros2_esp32) StdoutLine: {'line': b'[ 98%] Built target bootloader.elf\n'}
[15.528106] (Ros2_esp32) StdoutLine: {'line': b'[100%] \x1b[34m\x1b[1mGenerating binary image from built executable\x1b[0m\n'}
[15.546758] (-) TimerEvent: {}
[15.601767] (Ros2_esp32) StdoutLine: {'line': b'[ 12%] \x1b[32m\x1b[1mLinking C static library libesp_driver_pcnt.a\x1b[0m\n'}
[15.606661] (Ros2_esp32) StdoutLine: {'line': b'esptool.py v4.12.dev3\n'}
[15.607027] (Ros2_esp32) StdoutLine: {'line': b'Creating esp32s3 image...\n'}
[15.607141] (Ros2_esp32) StdoutLine: {'line': b'Merged 2 ELF sections\n'}
[15.608230] (Ros2_esp32) StdoutLine: {'line': b'Successfully created esp32s3 image.\n'}
[15.630543] (Ros2_esp32) StdoutLine: {'line': b'Generated /home/diego/Ros2_esp32/build/Ros2_esp32/bootloader/bootloader.bin\n'}
[15.638974] (Ros2_esp32) StdoutLine: {'line': b'[ 12%] Built target __idf_esp_driver_pcnt\n'}
[15.646881] (-) TimerEvent: {}
[15.647668] (Ros2_esp32) StdoutLine: {'line': b'[100%] Built target gen_project_binary\n'}
[15.648908] (Ros2_esp32) StdoutLine: {'line': b'\x1b[35m\x1b[1mScanning dependencies of target __idf_esp_gdbstub\x1b[0m\n'}
[15.667686] (Ros2_esp32) StdoutLine: {'line': b'[ 12%] \x1b[32mBuilding C object esp-idf/esp_gdbstub/CMakeFiles/__idf_esp_gdbstub.dir/src/port/xtensa/gdbstub_xtensa.c.obj\x1b[0m\n'}
[15.667919] (Ros2_esp32) StdoutLine: {'line': b'[ 12%] \x1b[32mBuilding C object esp-idf/esp_gdbstub/CMakeFiles/__idf_esp_gdbstub.dir/src/gdbstub_transport.c.obj\x1b[0m\n'}
[15.668448] (Ros2_esp32) StdoutLine: {'line': b'[ 13%] \x1b[32mBuilding C object esp-idf/esp_gdbstub/CMakeFiles/__idf_esp_gdbstub.dir/src/gdbstub.c.obj\x1b[0m\n'}
[15.668758] (Ros2_esp32) StdoutLine: {'line': b'[ 13%] \x1b[32mBuilding C object esp-idf/esp_gdbstub/CMakeFiles/__idf_esp_gdbstub.dir/src/packet.c.obj\x1b[0m\n'}
[15.669845] (Ros2_esp32) StdoutLine: {'line': b'[ 13%] \x1b[32mBuilding ASM object esp-idf/esp_gdbstub/CMakeFiles/__idf_esp_gdbstub.dir/src/port/xtensa/xt_debugexception.S.obj\x1b[0m\n'}
[15.670098] (Ros2_esp32) StdoutLine: {'line': b'[ 13%] \x1b[32mBuilding ASM object esp-idf/esp_gdbstub/CMakeFiles/__idf_esp_gdbstub.dir/src/port/xtensa/gdbstub-entry.S.obj\x1b[0m\n'}
[15.692071] (Ros2_esp32) StdoutLine: {'line': b'Bootloader binary size 0x5160 bytes. 0x2ea0 bytes (36%) free.\n'}
[15.706287] (Ros2_esp32) StdoutLine: {'line': b'[100%] Built target bootloader_check_size\n'}
[15.730371] (Ros2_esp32) StdoutLine: {'line': b'[100%] Built target app\n'}
[15.747040] (-) TimerEvent: {}
[15.755482] (Ros2_esp32) StdoutLine: {'line': b"[ 13%] \x1b[34m\x1b[1mNo install step for 'bootloader'\x1b[0m\n"}
[15.783312] (Ros2_esp32) StdoutLine: {'line': b"[ 13%] \x1b[34m\x1b[1mCompleted 'bootloader'\x1b[0m\n"}
[15.821723] (Ros2_esp32) StdoutLine: {'line': b'[ 13%] Built target bootloader\n'}
[15.847144] (-) TimerEvent: {}
[15.848949] (Ros2_esp32) StdoutLine: {'line': b'[ 13%] \x1b[32m\x1b[1mLinking C static library libesp_gdbstub.a\x1b[0m\n'}
[15.890486] (Ros2_esp32) StdoutLine: {'line': b'[ 13%] Built target __idf_esp_gdbstub\n'}
[15.912767] (Ros2_esp32) StdoutLine: {'line': b'[ 14%] \x1b[32mBuilding C object esp-idf/esp_driver_spi/CMakeFiles/__idf_esp_driver_spi.dir/src/gpspi/spi_slave.c.obj\x1b[0m\n'}
[15.913214] (Ros2_esp32) StdoutLine: {'line': b'[ 14%] \x1b[32mBuilding C object esp-idf/esp_driver_spi/CMakeFiles/__idf_esp_driver_spi.dir/src/gpspi/spi_master.c.obj\x1b[0m\n'}
[15.913329] (Ros2_esp32) StdoutLine: {'line': b'[ 14%] \x1b[32mBuilding C object esp-idf/esp_driver_spi/CMakeFiles/__idf_esp_driver_spi.dir/src/gpspi/spi_slave_hd.c.obj\x1b[0m\n'}
[15.913426] (Ros2_esp32) StdoutLine: {'line': b'[ 14%] \x1b[32mBuilding C object esp-idf/esp_driver_spi/CMakeFiles/__idf_esp_driver_spi.dir/src/gpspi/spi_common.c.obj\x1b[0m\n'}
[15.947265] (-) TimerEvent: {}
[16.047644] (-) TimerEvent: {}
[16.148004] (-) TimerEvent: {}
[16.248335] (-) TimerEvent: {}
[16.274375] (Ros2_esp32) StdoutLine: {'line': b'[ 14%] \x1b[32m\x1b[1mLinking C static library libesp_driver_spi.a\x1b[0m\n'}
[16.315709] (Ros2_esp32) StdoutLine: {'line': b'[ 14%] Built target __idf_esp_driver_spi\n'}
[16.340325] (Ros2_esp32) StdoutLine: {'line': b'[ 14%] \x1b[32mBuilding C object esp-idf/esp_wifi/CMakeFiles/__idf_esp_wifi.dir/src/lib_printf.c.obj\x1b[0m\n'}
[16.340629] (Ros2_esp32) StdoutLine: {'line': b'[ 14%] \x1b[32mBuilding C object esp-idf/esp_wifi/CMakeFiles/__idf_esp_wifi.dir/src/wifi_init.c.obj\x1b[0m\n'}
[16.340714] (Ros2_esp32) StdoutLine: {'line': b'[ 14%] \x1b[32mBuilding C object esp-idf/esp_wifi/CMakeFiles/__idf_esp_wifi.dir/src/smartconfig.c.obj\x1b[0m\n'}
[16.340787] (Ros2_esp32) StdoutLine: {'line': b'[ 14%] \x1b[32mBuilding C object esp-idf/esp_wifi/CMakeFiles/__idf_esp_wifi.dir/src/mesh_event.c.obj\x1b[0m\n'}
[16.340874] (Ros2_esp32) StdoutLine: {'line': b'[ 14%] \x1b[32mBuilding C object esp-idf/esp_wifi/CMakeFiles/__idf_esp_wifi.dir/src/wifi_netif.c.obj\x1b[0m\n'}
[16.340943] (Ros2_esp32) StdoutLine: {'line': b'[ 14%] \x1b[32mBuilding C object esp-idf/esp_wifi/CMakeFiles/__idf_esp_wifi.dir/src/wifi_default.c.obj\x1b[0m\n'}
[16.341516] (Ros2_esp32) StdoutLine: {'line': b'[ 15%] \x1b[32mBuilding C object esp-idf/esp_wifi/CMakeFiles/__idf_esp_wifi.dir/src/wifi_default_ap.c.obj\x1b[0m\n'}
[16.341719] (Ros2_esp32) StdoutLine: {'line': b'[ 15%] \x1b[32mBuilding C object esp-idf/esp_wifi/CMakeFiles/__idf_esp_wifi.dir/esp32s3/esp_adapter.c.obj\x1b[0m\n'}
[16.341795] (Ros2_esp32) StdoutLine: {'line': b'[ 15%] \x1b[32mBuilding C object esp-idf/esp_wifi/CMakeFiles/__idf_esp_wifi.dir/src/smartconfig_ack.c.obj\x1b[0m\n'}
[16.343916] (Ros2_esp32) StdoutLine: {'line': b'[ 15%] \x1b[32mBuilding C object esp-idf/esp_wifi/CMakeFiles/__idf_esp_wifi.dir/regulatory/esp_wifi_regulatory.c.obj\x1b[0m\n'}
[16.349341] (-) TimerEvent: {}
[16.449904] (-) TimerEvent: {}
[16.549744] (Ros2_esp32) StdoutLine: {'line': b'[ 15%] \x1b[32m\x1b[1mLinking C static library libesp_wifi.a\x1b[0m\n'}
[16.549919] (-) TimerEvent: {}
[16.591971] (Ros2_esp32) StdoutLine: {'line': b'[ 15%] Built target __idf_esp_wifi\n'}
[16.611784] (Ros2_esp32) StdoutLine: {'line': b'[ 15%] \x1b[32mBuilding C object esp-idf/esp_coex/CMakeFiles/__idf_esp_coex.dir/src/coexist_debug_diagram.c.obj\x1b[0m\n'}
[16.612013] (Ros2_esp32) StdoutLine: {'line': b'[ 15%] \x1b[32mBuilding C object esp-idf/esp_coex/CMakeFiles/__idf_esp_coex.dir/src/coexist_debug.c.obj\x1b[0m\n'}
[16.612089] (Ros2_esp32) StdoutLine: {'line': b'[ 15%] \x1b[32mBuilding C object esp-idf/esp_coex/CMakeFiles/__idf_esp_coex.dir/esp32s3/esp_coex_adapter.c.obj\x1b[0m\n'}
[16.650051] (-) TimerEvent: {}
[16.714908] (Ros2_esp32) StdoutLine: {'line': b'[ 15%] \x1b[32m\x1b[1mLinking C static library libesp_coex.a\x1b[0m\n'}
[16.750261] (-) TimerEvent: {}
[16.753114] (Ros2_esp32) StdoutLine: {'line': b'[ 15%] Built target __idf_esp_coex\n'}
[16.780389] (Ros2_esp32) StdoutLine: {'line': b'[ 15%] \x1b[32mBuilding C object esp-idf/wpa_supplicant/CMakeFiles/__idf_wpa_supplicant.dir/src/ap/ap_config.c.obj\x1b[0m\n'}
[16.780739] (Ros2_esp32) StdoutLine: {'line': b'[ 15%] \x1b[32mBuilding C object esp-idf/wpa_supplicant/CMakeFiles/__idf_wpa_supplicant.dir/port/os_xtensa.c.obj\x1b[0m\n'}
[16.780992] (Ros2_esp32) StdoutLine: {'line': b'[ 15%] \x1b[32mBuilding C object esp-idf/wpa_supplicant/CMakeFiles/__idf_wpa_supplicant.dir/src/ap/wpa_auth.c.obj\x1b[0m\n'}
[16.781136] (Ros2_esp32) StdoutLine: {'line': b'[ 15%] \x1b[32mBuilding C object esp-idf/wpa_supplicant/CMakeFiles/__idf_wpa_supplicant.dir/src/ap/ieee802_1x.c.obj\x1b[0m\n'}
[16.781249] (Ros2_esp32) StdoutLine: {'line': b'[ 15%] \x1b[32mBuilding C object esp-idf/wpa_supplicant/CMakeFiles/__idf_wpa_supplicant.dir/src/ap/pmksa_cache_auth.c.obj\x1b[0m\n'}
[16.782687] (Ros2_esp32) StdoutLine: {'line': b'[ 15%] \x1b[32mBuilding C object esp-idf/wpa_supplicant/CMakeFiles/__idf_wpa_supplicant.dir/src/ap/sta_info.c.obj\x1b[0m\n'}
[16.782981] (Ros2_esp32) StdoutLine: {'line': b'[ 15%] \x1b[32mBuilding C object esp-idf/wpa_supplicant/CMakeFiles/__idf_wpa_supplicant.dir/src/ap/comeback_token.c.obj\x1b[0m\n'}
[16.783511] (Ros2_esp32) StdoutLine: {'line': b'[ 15%] \x1b[32mBuilding C object esp-idf/wpa_supplicant/CMakeFiles/__idf_wpa_supplicant.dir/port/eloop.c.obj\x1b[0m\n'}
[16.784026] (Ros2_esp32) StdoutLine: {'line': b'[ 16%] \x1b[32mBuilding C object esp-idf/wpa_supplicant/CMakeFiles/__idf_wpa_supplicant.dir/src/ap/wpa_auth_ie.c.obj\x1b[0m\n'}
[16.785069] (Ros2_esp32) StdoutLine: {'line': b'[ 16%] \x1b[32mBuilding C object esp-idf/wpa_supplicant/CMakeFiles/__idf_wpa_supplicant.dir/src/common/dragonfly.c.obj\x1b[0m\n'}
[16.787861] (Ros2_esp32) StdoutLine: {'line': b'[ 16%] \x1b[32mBuilding C object esp-idf/wpa_supplicant/CMakeFiles/__idf_wpa_supplicant.dir/src/common/sae.c.obj\x1b[0m\n'}
[16.788219] (Ros2_esp32) StdoutLine: {'line': b'[ 16%] \x1b[32mBuilding C object esp-idf/wpa_supplicant/CMakeFiles/__idf_wpa_supplicant.dir/src/ap/ieee802_11.c.obj\x1b[0m\n'}
[16.852264] (-) TimerEvent: {}
[16.952836] (-) TimerEvent: {}
[16.954993] (Ros2_esp32) StdoutLine: {'line': b'[ 16%] \x1b[32mBuilding C object esp-idf/wpa_supplicant/CMakeFiles/__idf_wpa_supplicant.dir/src/common/wpa_common.c.obj\x1b[0m\n'}
[17.018052] (Ros2_esp32) StdoutLine: {'line': b'[ 16%] \x1b[32mBuilding C object esp-idf/wpa_supplicant/CMakeFiles/__idf_wpa_supplicant.dir/src/utils/bitfield.c.obj\x1b[0m\n'}
[17.022142] (Ros2_esp32) StdoutLine: {'line': b'[ 16%] \x1b[32mBuilding C object esp-idf/wpa_supplicant/CMakeFiles/__idf_wpa_supplicant.dir/src/crypto/aes-siv.c.obj\x1b[0m\n'}
[17.032225] (Ros2_esp32) StdoutLine: {'line': b'[ 17%] \x1b[32mBuilding C object esp-idf/wpa_supplicant/CMakeFiles/__idf_wpa_supplicant.dir/src/crypto/sha256-kdf.c.obj\x1b[0m\n'}
[17.037149] (Ros2_esp32) StdoutLine: {'line': b'[ 17%] \x1b[32mBuilding C object esp-idf/wpa_supplicant/CMakeFiles/__idf_wpa_supplicant.dir/src/crypto/ccmp.c.obj\x1b[0m\n'}
[17.043635] (Ros2_esp32) StdoutLine: {'line': b'[ 17%] \x1b[32mBuilding C object esp-idf/wpa_supplicant/CMakeFiles/__idf_wpa_supplicant.dir/src/crypto/aes-gcm.c.obj\x1b[0m\n'}
[17.053071] (-) TimerEvent: {}
[17.077664] (Ros2_esp32) StdoutLine: {'line': b'[ 17%] \x1b[32mBuilding C object esp-idf/wpa_supplicant/CMakeFiles/__idf_wpa_supplicant.dir/src/crypto/crypto_ops.c.obj\x1b[0m\n'}
[17.109330] (Ros2_esp32) StdoutLine: {'line': b'[ 17%] \x1b[32mBuilding C object esp-idf/wpa_supplicant/CMakeFiles/__idf_wpa_supplicant.dir/src/crypto/dh_group5.c.obj\x1b[0m\n'}
[17.119945] (Ros2_esp32) StdoutLine: {'line': b'[ 17%] \x1b[32mBuilding C object esp-idf/wpa_supplicant/CMakeFiles/__idf_wpa_supplicant.dir/src/crypto/dh_groups.c.obj\x1b[0m\n'}
[17.153888] (-) TimerEvent: {}
[17.155522] (Ros2_esp32) StdoutLine: {'line': b'[ 17%] \x1b[32mBuilding C object esp-idf/wpa_supplicant/CMakeFiles/__idf_wpa_supplicant.dir/src/crypto/ms_funcs.c.obj\x1b[0m\n'}
[17.244291] (Ros2_esp32) StdoutLine: {'line': b'[ 17%] \x1b[32mBuilding C object esp-idf/wpa_supplicant/CMakeFiles/__idf_wpa_supplicant.dir/src/crypto/sha1-tlsprf.c.obj\x1b[0m\n'}
[17.257326] (-) TimerEvent: {}
[17.279316] (Ros2_esp32) StdoutLine: {'line': b'[ 17%] \x1b[32mBuilding C object esp-idf/wpa_supplicant/CMakeFiles/__idf_wpa_supplicant.dir/src/crypto/sha384-tlsprf.c.obj\x1b[0m\n'}
[17.281569] (Ros2_esp32) StdoutLine: {'line': b'[ 17%] \x1b[32mBuilding C object esp-idf/wpa_supplicant/CMakeFiles/__idf_wpa_supplicant.dir/src/crypto/sha256-tlsprf.c.obj\x1b[0m\n'}
[17.288827] (Ros2_esp32) StdoutLine: {'line': b'[ 17%] \x1b[32mBuilding C object esp-idf/wpa_supplicant/CMakeFiles/__idf_wpa_supplicant.dir/src/crypto/sha256-prf.c.obj\x1b[0m\n'}
[17.297368] (Ros2_esp32) StdoutLine: {'line': b'[ 18%] \x1b[32mBuilding C object esp-idf/wpa_supplicant/CMakeFiles/__idf_wpa_supplicant.dir/src/crypto/sha1-prf.c.obj\x1b[0m\n'}
[17.315573] (Ros2_esp32) StdoutLine: {'line': b'[ 18%] \x1b[32mBuilding C object esp-idf/wpa_supplicant/CMakeFiles/__idf_wpa_supplicant.dir/src/crypto/sha384-prf.c.obj\x1b[0m\n'}
[17.338410] (Ros2_esp32) StdoutLine: {'line': b'[ 18%] \x1b[32mBuilding C object esp-idf/wpa_supplicant/CMakeFiles/__idf_wpa_supplicant.dir/src/crypto/md4-internal.c.obj\x1b[0m\n'}
[17.357471] (-) TimerEvent: {}
[17.366808] (Ros2_esp32) StdoutLine: {'line': b'[ 18%] \x1b[32mBuilding C object esp-idf/wpa_supplicant/CMakeFiles/__idf_wpa_supplicant.dir/src/crypto/sha1-tprf.c.obj\x1b[0m\n'}
[17.384320] (Ros2_esp32) StdoutLine: {'line': b'[ 18%] \x1b[32mBuilding C object esp-idf/wpa_supplicant/CMakeFiles/__idf_wpa_supplicant.dir/src/eap_common/eap_wsc_common.c.obj\x1b[0m\n'}
[17.433810] (Ros2_esp32) StdoutLine: {'line': b'[ 18%] \x1b[32mBuilding C object esp-idf/wpa_supplicant/CMakeFiles/__idf_wpa_supplicant.dir/src/common/ieee802_11_common.c.obj\x1b[0m\n'}
[17.444825] (Ros2_esp32) StdoutLine: {'line': b'[ 18%] \x1b[32mBuilding C object esp-idf/wpa_supplicant/CMakeFiles/__idf_wpa_supplicant.dir/src/eap_peer/chap.c.obj\x1b[0m\n'}
[17.457064] (Ros2_esp32) StdoutLine: {'line': b'[ 18%] \x1b[32mBuilding C object esp-idf/wpa_supplicant/CMakeFiles/__idf_wpa_supplicant.dir/src/eap_peer/eap.c.obj\x1b[0m\n'}
[17.458076] (-) TimerEvent: {}
[17.475707] (Ros2_esp32) StdoutLine: {'line': b'[ 18%] \x1b[32mBuilding C object esp-idf/wpa_supplicant/CMakeFiles/__idf_wpa_supplicant.dir/src/eap_peer/eap_mschapv2.c.obj\x1b[0m\n'}
[17.476431] (Ros2_esp32) StdoutLine: {'line': b'[ 18%] \x1b[32mBuilding C object esp-idf/wpa_supplicant/CMakeFiles/__idf_wpa_supplicant.dir/src/eap_peer/eap_common.c.obj\x1b[0m\n'}
[17.493010] (Ros2_esp32) StdoutLine: {'line': b'[ 18%] \x1b[32mBuilding C object esp-idf/wpa_supplicant/CMakeFiles/__idf_wpa_supplicant.dir/src/eap_peer/eap_peap.c.obj\x1b[0m\n'}
[17.510279] (Ros2_esp32) StdoutLine: {'line': b'[ 19%] \x1b[32mBuilding C object esp-idf/wpa_supplicant/CMakeFiles/__idf_wpa_supplicant.dir/src/eap_peer/eap_peap_common.c.obj\x1b[0m\n'}
[17.532999] (Ros2_esp32) StdoutLine: {'line': b'[ 19%] \x1b[32mBuilding C object esp-idf/wpa_supplicant/CMakeFiles/__idf_wpa_supplicant.dir/src/eap_peer/eap_tls.c.obj\x1b[0m\n'}
[17.551602] (Ros2_esp32) StdoutLine: {'line': b'[ 19%] \x1b[32mBuilding C object esp-idf/wpa_supplicant/CMakeFiles/__idf_wpa_supplicant.dir/src/eap_peer/eap_tls_common.c.obj\x1b[0m\n'}
[17.558283] (-) TimerEvent: {}
[17.574143] (Ros2_esp32) StdoutLine: {'line': b'[ 19%] \x1b[32mBuilding C object esp-idf/wpa_supplicant/CMakeFiles/__idf_wpa_supplicant.dir/src/eap_peer/eap_ttls.c.obj\x1b[0m\n'}
[17.579461] (Ros2_esp32) StdoutLine: {'line': b'[ 19%] \x1b[32mBuilding C object esp-idf/wpa_supplicant/CMakeFiles/__idf_wpa_supplicant.dir/src/eap_peer/mschapv2.c.obj\x1b[0m\n'}
[17.583499] (Ros2_esp32) StdoutLine: {'line': b'[ 19%] \x1b[32mBuilding C object esp-idf/wpa_supplicant/CMakeFiles/__idf_wpa_supplicant.dir/src/eap_peer/eap_fast.c.obj\x1b[0m\n'}
[17.614540] (Ros2_esp32) StdoutLine: {'line': b'[ 19%] \x1b[32mBuilding C object esp-idf/wpa_supplicant/CMakeFiles/__idf_wpa_supplicant.dir/src/eap_peer/eap_fast_common.c.obj\x1b[0m\n'}
[17.659505] (-) TimerEvent: {}
[17.661716] (Ros2_esp32) StdoutLine: {'line': b'[ 19%] \x1b[32mBuilding C object esp-idf/wpa_supplicant/CMakeFiles/__idf_wpa_supplicant.dir/src/eap_peer/eap_fast_pac.c.obj\x1b[0m\n'}
[17.695243] (Ros2_esp32) StdoutLine: {'line': b'[ 19%] \x1b[32mBuilding C object esp-idf/wpa_supplicant/CMakeFiles/__idf_wpa_supplicant.dir/src/rsn_supp/pmksa_cache.c.obj\x1b[0m\n'}
[17.704289] (Ros2_esp32) StdoutLine: {'line': b'[ 19%] \x1b[32mBuilding C object esp-idf/wpa_supplicant/CMakeFiles/__idf_wpa_supplicant.dir/src/rsn_supp/wpa.c.obj\x1b[0m\n'}
[17.759693] (-) TimerEvent: {}
[17.822904] (Ros2_esp32) StdoutLine: {'line': b'[ 19%] \x1b[32mBuilding C object esp-idf/wpa_supplicant/CMakeFiles/__idf_wpa_supplicant.dir/src/rsn_supp/wpa_ie.c.obj\x1b[0m\n'}
[17.839016] (Ros2_esp32) StdoutLine: {'line': b'[ 20%] \x1b[32mBuilding C object esp-idf/wpa_supplicant/CMakeFiles/__idf_wpa_supplicant.dir/src/utils/base64.c.obj\x1b[0m\n'}
[17.851393] (Ros2_esp32) StdoutLine: {'line': b'[ 20%] \x1b[32mBuilding C object esp-idf/wpa_supplicant/CMakeFiles/__idf_wpa_supplicant.dir/src/utils/common.c.obj\x1b[0m\n'}
[17.853512] (Ros2_esp32) StdoutLine: {'line': b'[ 20%] \x1b[32mBuilding C object esp-idf/wpa_supplicant/CMakeFiles/__idf_wpa_supplicant.dir/src/utils/ext_password.c.obj\x1b[0m\n'}
[17.860324] (-) TimerEvent: {}
[17.865827] (Ros2_esp32) StdoutLine: {'line': b'[ 20%] \x1b[32mBuilding C object esp-idf/wpa_supplicant/CMakeFiles/__idf_wpa_supplicant.dir/src/utils/uuid.c.obj\x1b[0m\n'}
[17.881660] (Ros2_esp32) StdoutLine: {'line': b'[ 20%] \x1b[32mBuilding C object esp-idf/wpa_supplicant/CMakeFiles/__idf_wpa_supplicant.dir/src/utils/wpabuf.c.obj\x1b[0m\n'}
[17.903463] (Ros2_esp32) StdoutLine: {'line': b'[ 20%] \x1b[32mBuilding C object esp-idf/wpa_supplicant/CMakeFiles/__idf_wpa_supplicant.dir/src/utils/wpa_debug.c.obj\x1b[0m\n'}
[17.960477] (-) TimerEvent: {}
[17.998305] (Ros2_esp32) StdoutLine: {'line': b'[ 20%] \x1b[32mBuilding C object esp-idf/wpa_supplicant/CMakeFiles/__idf_wpa_supplicant.dir/src/utils/json.c.obj\x1b[0m\n'}
[18.016496] (Ros2_esp32) StdoutLine: {'line': b'[ 20%] \x1b[32mBuilding C object esp-idf/wpa_supplicant/CMakeFiles/__idf_wpa_supplicant.dir/src/wps/wps.c.obj\x1b[0m\n'}
[18.027277] (Ros2_esp32) StdoutLine: {'line': b'[ 20%] \x1b[32mBuilding C object esp-idf/wpa_supplicant/CMakeFiles/__idf_wpa_supplicant.dir/src/wps/wps_attr_build.c.obj\x1b[0m\n'}
[18.061006] (Ros2_esp32) StdoutLine: {'line': b'[ 20%] \x1b[32mBuilding C object esp-idf/wpa_supplicant/CMakeFiles/__idf_wpa_supplicant.dir/src/wps/wps_attr_parse.c.obj\x1b[0m\n'}
[18.061960] (-) TimerEvent: {}
[18.071859] (Ros2_esp32) StdoutLine: {'line': b'[ 20%] \x1b[32mBuilding C object esp-idf/wpa_supplicant/CMakeFiles/__idf_wpa_supplicant.dir/src/wps/wps_attr_process.c.obj\x1b[0m\n'}
[18.079090] (Ros2_esp32) StdoutLine: {'line': b'[ 21%] \x1b[32mBuilding C object esp-idf/wpa_supplicant/CMakeFiles/__idf_wpa_supplicant.dir/src/wps/wps_common.c.obj\x1b[0m\n'}
[18.089143] (Ros2_esp32) StdoutLine: {'line': b'[ 21%] \x1b[32mBuilding C object esp-idf/wpa_supplicant/CMakeFiles/__idf_wpa_supplicant.dir/src/common/sae_pk.c.obj\x1b[0m\n'}
[18.089435] (Ros2_esp32) StdoutLine: {'line': b'[ 21%] \x1b[32mBuilding C object esp-idf/wpa_supplicant/CMakeFiles/__idf_wpa_supplicant.dir/src/wps/wps_enrollee.c.obj\x1b[0m\n'}
[18.091269] (Ros2_esp32) StdoutLine: {'line': b'[ 21%] \x1b[32mBuilding C object esp-idf/wpa_supplicant/CMakeFiles/__idf_wpa_supplicant.dir/src/wps/wps_dev_attr.c.obj\x1b[0m\n'}
[18.139863] (Ros2_esp32) StdoutLine: {'line': b'[ 21%] \x1b[32mBuilding C object esp-idf/wpa_supplicant/CMakeFiles/__idf_wpa_supplicant.dir/esp_supplicant/src/esp_eap_client.c.obj\x1b[0m\n'}
[18.162131] (-) TimerEvent: {}
[18.193330] (Ros2_esp32) StdoutLine: {'line': b'[ 21%] \x1b[32mBuilding C object esp-idf/wpa_supplicant/CMakeFiles/__idf_wpa_supplicant.dir/esp_supplicant/src/esp_wpa2_api_port.c.obj\x1b[0m\n'}
[18.263316] (-) TimerEvent: {}
[18.313470] (Ros2_esp32) StdoutLine: {'line': b'[ 21%] \x1b[32mBuilding C object esp-idf/wpa_supplicant/CMakeFiles/__idf_wpa_supplicant.dir/esp_supplicant/src/esp_wpa_main.c.obj\x1b[0m\n'}
[18.316365] (Ros2_esp32) StdoutLine: {'line': b'[ 21%] \x1b[32mBuilding C object esp-idf/wpa_supplicant/CMakeFiles/__idf_wpa_supplicant.dir/esp_supplicant/src/esp_wpas_glue.c.obj\x1b[0m\n'}
[18.318229] (Ros2_esp32) StdoutLine: {'line': b'[ 21%] \x1b[32mBuilding C object esp-idf/wpa_supplicant/CMakeFiles/__idf_wpa_supplicant.dir/esp_supplicant/src/esp_common.c.obj\x1b[0m\n'}
[18.323540] (Ros2_esp32) StdoutLine: {'line': b'[ 21%] \x1b[32mBuilding C object esp-idf/wpa_supplicant/CMakeFiles/__idf_wpa_supplicant.dir/esp_supplicant/src/esp_wps.c.obj\x1b[0m\n'}
[18.328001] (Ros2_esp32) StdoutLine: {'line': b'[ 21%] \x1b[32mBuilding C object esp-idf/wpa_supplicant/CMakeFiles/__idf_wpa_supplicant.dir/esp_supplicant/src/esp_wpa3.c.obj\x1b[0m\n'}
[18.349048] (Ros2_esp32) StdoutLine: {'line': b'[ 22%] \x1b[32mBuilding C object esp-idf/wpa_supplicant/CMakeFiles/__idf_wpa_supplicant.dir/esp_supplicant/src/esp_owe.c.obj\x1b[0m\n'}
[18.365288] (-) TimerEvent: {}
[18.377058] (Ros2_esp32) StdoutLine: {'line': b'[ 22%] \x1b[32mBuilding C object esp-idf/wpa_supplicant/CMakeFiles/__idf_wpa_supplicant.dir/esp_supplicant/src/crypto/tls_mbedtls.c.obj\x1b[0m\n'}
[18.377330] (Ros2_esp32) StdoutLine: {'line': b'[ 22%] \x1b[32mBuilding C object esp-idf/wpa_supplicant/CMakeFiles/__idf_wpa_supplicant.dir/esp_supplicant/src/esp_hostap.c.obj\x1b[0m\n'}
[18.409414] (Ros2_esp32) StdoutLine: {'line': b'[ 22%] \x1b[32mBuilding C object esp-idf/wpa_supplicant/CMakeFiles/__idf_wpa_supplicant.dir/esp_supplicant/src/crypto/crypto_mbedtls-bignum.c.obj\x1b[0m\n'}
[18.410855] (Ros2_esp32) StdoutLine: {'line': b'[ 22%] \x1b[32mBuilding C object esp-idf/wpa_supplicant/CMakeFiles/__idf_wpa_supplicant.dir/esp_supplicant/src/crypto/crypto_mbedtls.c.obj\x1b[0m\n'}
[18.465450] (-) TimerEvent: {}
[18.509884] (Ros2_esp32) StdoutLine: {'line': b'[ 22%] \x1b[32mBuilding C object esp-idf/wpa_supplicant/CMakeFiles/__idf_wpa_supplicant.dir/esp_supplicant/src/crypto/fastpsk.c.obj\x1b[0m\n'}
[18.514317] (Ros2_esp32) StdoutLine: {'line': b'[ 22%] \x1b[32mBuilding C object esp-idf/wpa_supplicant/CMakeFiles/__idf_wpa_supplicant.dir/esp_supplicant/src/crypto/crypto_mbedtls-rsa.c.obj\x1b[0m\n'}
[18.522307] (Ros2_esp32) StdoutLine: {'line': b'[ 22%] \x1b[32mBuilding C object esp-idf/wpa_supplicant/CMakeFiles/__idf_wpa_supplicant.dir/esp_supplicant/src/crypto/crypto_mbedtls-ec.c.obj\x1b[0m\n'}
[18.543043] (Ros2_esp32) StdoutLine: {'line': b'[ 22%] \x1b[32mBuilding C object esp-idf/wpa_supplicant/CMakeFiles/__idf_wpa_supplicant.dir/src/crypto/rc4.c.obj\x1b[0m\n'}
[18.565591] (-) TimerEvent: {}
[18.607303] (Ros2_esp32) StdoutLine: {'line': b'[ 22%] \x1b[32mBuilding C object esp-idf/wpa_supplicant/CMakeFiles/__idf_wpa_supplicant.dir/src/crypto/des-internal.c.obj\x1b[0m\n'}
[18.614496] (Ros2_esp32) StdoutLine: {'line': b'[ 23%] \x1b[32mBuilding C object esp-idf/wpa_supplicant/CMakeFiles/__idf_wpa_supplicant.dir/src/crypto/aes-wrap.c.obj\x1b[0m\n'}
[18.649355] (Ros2_esp32) StdoutLine: {'line': b'[ 23%] \x1b[32mBuilding C object esp-idf/wpa_supplicant/CMakeFiles/__idf_wpa_supplicant.dir/src/crypto/aes-unwrap.c.obj\x1b[0m\n'}
[18.663682] (Ros2_esp32) StdoutLine: {'line': b'[ 23%] \x1b[32mBuilding C object esp-idf/wpa_supplicant/CMakeFiles/__idf_wpa_supplicant.dir/src/crypto/aes-ccm.c.obj\x1b[0m\n'}
[18.665748] (-) TimerEvent: {}
[18.766819] (-) TimerEvent: {}
[18.867113] (-) TimerEvent: {}
[18.894900] (Ros2_esp32) StdoutLine: {'line': b'[ 23%] \x1b[32m\x1b[1mLinking C static library libwpa_supplicant.a\x1b[0m\n'}
[18.967224] (-) TimerEvent: {}
[19.012704] (Ros2_esp32) StdoutLine: {'line': b'[ 23%] Built target __idf_wpa_supplicant\n'}
[19.035336] (Ros2_esp32) StdoutLine: {'line': b'[ 23%] \x1b[32mBuilding C object esp-idf/esp_netif/CMakeFiles/__idf_esp_netif.dir/esp_netif_objects.c.obj\x1b[0m\n'}
[19.035609] (Ros2_esp32) StdoutLine: {'line': b'[ 23%] \x1b[32mBuilding C object esp-idf/esp_netif/CMakeFiles/__idf_esp_netif.dir/lwip/esp_netif_lwip.c.obj\x1b[0m\n'}
[19.036480] (Ros2_esp32) StdoutLine: {'line': b'[ 23%] \x1b[32mBuilding C object esp-idf/esp_netif/CMakeFiles/__idf_esp_netif.dir/esp_netif_handlers.c.obj\x1b[0m\n'}
[19.036748] (Ros2_esp32) StdoutLine: {'line': b'[ 23%] \x1b[32mBuilding C object esp-idf/esp_netif/CMakeFiles/__idf_esp_netif.dir/lwip/esp_netif_sntp.c.obj\x1b[0m\n'}
[19.036842] (Ros2_esp32) StdoutLine: {'line': b'[ 23%] \x1b[32mBuilding C object esp-idf/esp_netif/CMakeFiles/__idf_esp_netif.dir/esp_netif_defaults.c.obj\x1b[0m\n'}
[19.036914] (Ros2_esp32) StdoutLine: {'line': b'[ 24%] \x1b[32mBuilding C object esp-idf/esp_netif/CMakeFiles/__idf_esp_netif.dir/lwip/netif/ethernetif.c.obj\x1b[0m\n'}
[19.036983] (Ros2_esp32) StdoutLine: {'line': b'[ 24%] \x1b[32mBuilding C object esp-idf/esp_netif/CMakeFiles/__idf_esp_netif.dir/lwip/netif/wlanif.c.obj\x1b[0m\n'}
[19.037503] (Ros2_esp32) StdoutLine: {'line': b'[ 24%] \x1b[32mBuilding C object esp-idf/esp_netif/CMakeFiles/__idf_esp_netif.dir/lwip/netif/esp_pbuf_ref.c.obj\x1b[0m\n'}
[19.037718] (Ros2_esp32) StdoutLine: {'line': b'[ 24%] \x1b[32mBuilding C object esp-idf/esp_netif/CMakeFiles/__idf_esp_netif.dir/lwip/esp_netif_lwip_defaults.c.obj\x1b[0m\n'}
[19.067368] (-) TimerEvent: {}
[19.167733] (-) TimerEvent: {}
[19.268051] (-) TimerEvent: {}
[19.368345] (-) TimerEvent: {}
[19.468622] (-) TimerEvent: {}
[19.479353] (Ros2_esp32) StdoutLine: {'line': b'[ 24%] \x1b[32m\x1b[1mLinking C static library libesp_netif.a\x1b[0m\n'}
[19.526090] (Ros2_esp32) StdoutLine: {'line': b'[ 24%] Built target __idf_esp_netif\n'}
[19.553263] (Ros2_esp32) StdoutLine: {'line': b'[ 24%] \x1b[32mBuilding C object esp-idf/lwip/CMakeFiles/__idf_lwip.dir/lwip/src/api/api_msg.c.obj\x1b[0m\n'}
[19.554324] (Ros2_esp32) StdoutLine: {'line': b'[ 24%] \x1b[32mBuilding C object esp-idf/lwip/CMakeFiles/__idf_lwip.dir/lwip/src/api/netdb.c.obj\x1b[0m\n'}
[19.554504] (Ros2_esp32) StdoutLine: {'line': b'[ 24%] \x1b[32mBuilding C object esp-idf/lwip/CMakeFiles/__idf_lwip.dir/lwip/src/api/netbuf.c.obj\x1b[0m\n'}
[19.556271] (Ros2_esp32) StdoutLine: {'line': b'[ 25%] \x1b[32mBuilding C object esp-idf/lwip/CMakeFiles/__idf_lwip.dir/lwip/src/api/tcpip.c.obj\x1b[0m\n'}
[19.556785] (Ros2_esp32) StdoutLine: {'line': b'[ 25%] \x1b[32mBuilding C object esp-idf/lwip/CMakeFiles/__idf_lwip.dir/lwip/src/api/err.c.obj\x1b[0m\n'}
[19.556871] (Ros2_esp32) StdoutLine: {'line': b'[ 25%] \x1b[32mBuilding C object esp-idf/lwip/CMakeFiles/__idf_lwip.dir/lwip/src/api/sockets.c.obj\x1b[0m\n'}
[19.556945] (Ros2_esp32) StdoutLine: {'line': b'[ 25%] \x1b[32mBuilding C object esp-idf/lwip/CMakeFiles/__idf_lwip.dir/apps/sntp/sntp.c.obj\x1b[0m\n'}
[19.557004] (Ros2_esp32) StdoutLine: {'line': b'[ 25%] \x1b[32mBuilding C object esp-idf/lwip/CMakeFiles/__idf_lwip.dir/lwip/src/api/api_lib.c.obj\x1b[0m\n'}
[19.557059] (Ros2_esp32) StdoutLine: {'line': b'[ 25%] \x1b[32mBuilding C object esp-idf/lwip/CMakeFiles/__idf_lwip.dir/lwip/src/api/netifapi.c.obj\x1b[0m\n'}
[19.557130] (Ros2_esp32) StdoutLine: {'line': b'[ 25%] \x1b[32mBuilding C object esp-idf/lwip/CMakeFiles/__idf_lwip.dir/lwip/src/api/if_api.c.obj\x1b[0m\n'}
[19.557466] (Ros2_esp32) StdoutLine: {'line': b'[ 25%] \x1b[32mBuilding C object esp-idf/lwip/CMakeFiles/__idf_lwip.dir/lwip/src/apps/sntp/sntp.c.obj\x1b[0m\n'}
[19.563643] (Ros2_esp32) StdoutLine: {'line': b'[ 25%] \x1b[32mBuilding C object esp-idf/lwip/CMakeFiles/__idf_lwip.dir/lwip/src/apps/netbiosns/netbiosns.c.obj\x1b[0m\n'}
[19.569414] (-) TimerEvent: {}
[19.670603] (-) TimerEvent: {}
[19.683909] (Ros2_esp32) StdoutLine: {'line': b'[ 25%] \x1b[32mBuilding C object esp-idf/lwip/CMakeFiles/__idf_lwip.dir/lwip/src/core/def.c.obj\x1b[0m\n'}
[19.699287] (Ros2_esp32) StdoutLine: {'line': b'[ 26%] \x1b[32mBuilding C object esp-idf/lwip/CMakeFiles/__idf_lwip.dir/lwip/src/core/dns.c.obj\x1b[0m\n'}
[19.710934] (Ros2_esp32) StdoutLine: {'line': b'[ 26%] \x1b[32mBuilding C object esp-idf/lwip/CMakeFiles/__idf_lwip.dir/lwip/src/core/inet_chksum.c.obj\x1b[0m\n'}
[19.743279] (Ros2_esp32) StdoutLine: {'line': b'[ 26%] \x1b[32mBuilding C object esp-idf/lwip/CMakeFiles/__idf_lwip.dir/lwip/src/core/init.c.obj\x1b[0m\n'}
[19.751945] (Ros2_esp32) StdoutLine: {'line': b'[ 26%] \x1b[32mBuilding C object esp-idf/lwip/CMakeFiles/__idf_lwip.dir/lwip/src/core/ip.c.obj\x1b[0m\n'}
[19.754041] (Ros2_esp32) StdoutLine: {'line': b'[ 26%] \x1b[32mBuilding C object esp-idf/lwip/CMakeFiles/__idf_lwip.dir/lwip/src/core/mem.c.obj\x1b[0m\n'}
[19.765112] (Ros2_esp32) StdoutLine: {'line': b'[ 26%] \x1b[32mBuilding C object esp-idf/lwip/CMakeFiles/__idf_lwip.dir/lwip/src/core/memp.c.obj\x1b[0m\n'}
[19.767587] (Ros2_esp32) StdoutLine: {'line': b'[ 26%] \x1b[32mBuilding C object esp-idf/lwip/CMakeFiles/__idf_lwip.dir/lwip/src/core/netif.c.obj\x1b[0m\n'}
[19.770750] (-) TimerEvent: {}
[19.783338] (Ros2_esp32) StdoutLine: {'line': b'[ 26%] \x1b[32mBuilding C object esp-idf/lwip/CMakeFiles/__idf_lwip.dir/lwip/src/core/pbuf.c.obj\x1b[0m\n'}
[19.828412] (Ros2_esp32) StdoutLine: {'line': b'[ 26%] \x1b[32mBuilding C object esp-idf/lwip/CMakeFiles/__idf_lwip.dir/lwip/src/core/raw.c.obj\x1b[0m\n'}
[19.865439] (Ros2_esp32) StdoutLine: {'line': b'[ 26%] \x1b[32mBuilding C object esp-idf/lwip/CMakeFiles/__idf_lwip.dir/lwip/src/core/stats.c.obj\x1b[0m\n'}
[19.871429] (-) TimerEvent: {}
[19.882772] (Ros2_esp32) StdoutLine: {'line': b'[ 26%] \x1b[32mBuilding C object esp-idf/lwip/CMakeFiles/__idf_lwip.dir/lwip/src/core/sys.c.obj\x1b[0m\n'}
[19.890276] (Ros2_esp32) StdoutLine: {'line': b'[ 27%] \x1b[32mBuilding C object esp-idf/lwip/CMakeFiles/__idf_lwip.dir/lwip/src/core/tcp.c.obj\x1b[0m\n'}
[19.893872] (Ros2_esp32) StdoutLine: {'line': b'[ 27%] \x1b[32mBuilding C object esp-idf/lwip/CMakeFiles/__idf_lwip.dir/lwip/src/core/tcp_in.c.obj\x1b[0m\n'}
[19.902306] (Ros2_esp32) StdoutLine: {'line': b'[ 27%] \x1b[32mBuilding C object esp-idf/lwip/CMakeFiles/__idf_lwip.dir/lwip/src/core/tcp_out.c.obj\x1b[0m\n'}
[19.961935] (Ros2_esp32) StdoutLine: {'line': b'[ 27%] \x1b[32mBuilding C object esp-idf/lwip/CMakeFiles/__idf_lwip.dir/lwip/src/core/timeouts.c.obj\x1b[0m\n'}
[19.973296] (-) TimerEvent: {}
[19.996045] (Ros2_esp32) StdoutLine: {'line': b'[ 27%] \x1b[32mBuilding C object esp-idf/lwip/CMakeFiles/__idf_lwip.dir/lwip/src/core/udp.c.obj\x1b[0m\n'}
[20.024890] (Ros2_esp32) StdoutLine: {'line': b'[ 27%] \x1b[32mBuilding C object esp-idf/lwip/CMakeFiles/__idf_lwip.dir/lwip/src/core/ipv4/autoip.c.obj\x1b[0m\n'}
[20.038012] (Ros2_esp32) StdoutLine: {'line': b'[ 27%] \x1b[32mBuilding C object esp-idf/lwip/CMakeFiles/__idf_lwip.dir/lwip/src/core/ipv4/dhcp.c.obj\x1b[0m\n'}
[20.073433] (-) TimerEvent: {}
[20.105300] (Ros2_esp32) StdoutLine: {'line': b'[ 27%] \x1b[32mBuilding C object esp-idf/lwip/CMakeFiles/__idf_lwip.dir/lwip/src/core/ipv4/etharp.c.obj\x1b[0m\n'}
[20.107390] (Ros2_esp32) StdoutLine: {'line': b'[ 27%] \x1b[32mBuilding C object esp-idf/lwip/CMakeFiles/__idf_lwip.dir/lwip/src/core/ipv4/icmp.c.obj\x1b[0m\n'}
[20.134391] (Ros2_esp32) StdoutLine: {'line': b'[ 27%] \x1b[32mBuilding C object esp-idf/lwip/CMakeFiles/__idf_lwip.dir/lwip/src/core/ipv4/igmp.c.obj\x1b[0m\n'}
[20.151204] (Ros2_esp32) StdoutLine: {'line': b'[ 27%] \x1b[32mBuilding C object esp-idf/lwip/CMakeFiles/__idf_lwip.dir/lwip/src/core/ipv4/ip4.c.obj\x1b[0m\n'}
[20.173563] (-) TimerEvent: {}
[20.184056] (Ros2_esp32) StdoutLine: {'line': b'[ 28%] \x1b[32mBuilding C object esp-idf/lwip/CMakeFiles/__idf_lwip.dir/lwip/src/core/ipv4/ip4_napt.c.obj\x1b[0m\n'}
[20.207864] (Ros2_esp32) StdoutLine: {'line': b'[ 28%] \x1b[32mBuilding C object esp-idf/lwip/CMakeFiles/__idf_lwip.dir/lwip/src/core/ipv4/ip4_addr.c.obj\x1b[0m\n'}
[20.273715] (-) TimerEvent: {}
[20.310675] (Ros2_esp32) StdoutLine: {'line': b'[ 28%] \x1b[32mBuilding C object esp-idf/lwip/CMakeFiles/__idf_lwip.dir/lwip/src/core/ipv4/ip4_frag.c.obj\x1b[0m\n'}
[20.313820] (Ros2_esp32) StdoutLine: {'line': b'[ 28%] \x1b[32mBuilding C object esp-idf/lwip/CMakeFiles/__idf_lwip.dir/lwip/src/core/ipv6/dhcp6.c.obj\x1b[0m\n'}
[20.327277] (Ros2_esp32) StdoutLine: {'line': b'[ 28%] \x1b[32mBuilding C object esp-idf/lwip/CMakeFiles/__idf_lwip.dir/lwip/src/core/ipv6/ethip6.c.obj\x1b[0m\n'}
[20.343028] (Ros2_esp32) StdoutLine: {'line': b'[ 28%] \x1b[32mBuilding C object esp-idf/lwip/CMakeFiles/__idf_lwip.dir/lwip/src/core/ipv6/icmp6.c.obj\x1b[0m\n'}
[20.345224] (Ros2_esp32) StdoutLine: {'line': b'[ 28%] \x1b[32mBuilding C object esp-idf/lwip/CMakeFiles/__idf_lwip.dir/lwip/src/core/ipv6/inet6.c.obj\x1b[0m\n'}
[20.371147] (Ros2_esp32) StdoutLine: {'line': b'[ 28%] \x1b[32mBuilding C object esp-idf/lwip/CMakeFiles/__idf_lwip.dir/lwip/src/core/ipv6/ip6.c.obj\x1b[0m\n'}
[20.373839] (-) TimerEvent: {}
[20.374432] (Ros2_esp32) StdoutLine: {'line': b'[ 28%] \x1b[32mBuilding C object esp-idf/lwip/CMakeFiles/__idf_lwip.dir/lwip/src/core/ipv6/ip6_addr.c.obj\x1b[0m\n'}
[20.383321] (Ros2_esp32) StdoutLine: {'line': b'[ 28%] \x1b[32mBuilding C object esp-idf/lwip/CMakeFiles/__idf_lwip.dir/lwip/src/core/ipv6/ip6_frag.c.obj\x1b[0m\n'}
[20.398222] (Ros2_esp32) StdoutLine: {'line': b'[ 28%] \x1b[32mBuilding C object esp-idf/lwip/CMakeFiles/__idf_lwip.dir/lwip/src/core/ipv6/mld6.c.obj\x1b[0m\n'}
[20.404763] (Ros2_esp32) StdoutLine: {'line': b'[ 29%] \x1b[32mBuilding C object esp-idf/lwip/CMakeFiles/__idf_lwip.dir/lwip/src/core/ipv6/nd6.c.obj\x1b[0m\n'}
[20.417358] (Ros2_esp32) StdoutLine: {'line': b'[ 29%] \x1b[32mBuilding C object esp-idf/lwip/CMakeFiles/__idf_lwip.dir/lwip/src/netif/ethernet.c.obj\x1b[0m\n'}
[20.437696] (Ros2_esp32) StdoutLine: {'line': b'[ 29%] \x1b[32mBuilding C object esp-idf/lwip/CMakeFiles/__idf_lwip.dir/lwip/src/netif/bridgeif.c.obj\x1b[0m\n'}
[20.467686] (Ros2_esp32) StdoutLine: {'line': b'[ 29%] \x1b[32mBuilding C object esp-idf/lwip/CMakeFiles/__idf_lwip.dir/lwip/src/netif/bridgeif_fdb.c.obj\x1b[0m\n'}
[20.471028] (Ros2_esp32) StdoutLine: {'line': b'[ 29%] \x1b[32mBuilding C object esp-idf/lwip/CMakeFiles/__idf_lwip.dir/lwip/src/netif/slipif.c.obj\x1b[0m\n'}
[20.471920] (Ros2_esp32) StdoutLine: {'line': b'[ 29%] \x1b[32mBuilding C object esp-idf/lwip/CMakeFiles/__idf_lwip.dir/lwip/src/netif/ppp/auth.c.obj\x1b[0m\n'}
[20.473974] (-) TimerEvent: {}
[20.494353] (Ros2_esp32) StdoutLine: {'line': b'[ 29%] \x1b[32mBuilding C object esp-idf/lwip/CMakeFiles/__idf_lwip.dir/lwip/src/netif/ppp/ccp.c.obj\x1b[0m\n'}
[20.523216] (Ros2_esp32) StdoutLine: {'line': b'[ 29%] \x1b[32mBuilding C object esp-idf/lwip/CMakeFiles/__idf_lwip.dir/lwip/src/netif/ppp/chap-md5.c.obj\x1b[0m\n'}
[20.528858] (Ros2_esp32) StdoutLine: {'line': b'[ 29%] \x1b[32mBuilding C object esp-idf/lwip/CMakeFiles/__idf_lwip.dir/lwip/src/netif/ppp/chap-new.c.obj\x1b[0m\n'}
[20.547118] (Ros2_esp32) StdoutLine: {'line': b'[ 29%] \x1b[32mBuilding C object esp-idf/lwip/CMakeFiles/__idf_lwip.dir/lwip/src/netif/ppp/chap_ms.c.obj\x1b[0m\n'}
[20.574144] (-) TimerEvent: {}
[20.593023] (Ros2_esp32) StdoutLine: {'line': b'[ 29%] \x1b[32mBuilding C object esp-idf/lwip/CMakeFiles/__idf_lwip.dir/lwip/src/netif/ppp/demand.c.obj\x1b[0m\n'}
[20.597291] (Ros2_esp32) StdoutLine: {'line': b'[ 30%] \x1b[32mBuilding C object esp-idf/lwip/CMakeFiles/__idf_lwip.dir/lwip/src/netif/ppp/eap.c.obj\x1b[0m\n'}
[20.610664] (Ros2_esp32) StdoutLine: {'line': b'[ 30%] \x1b[32mBuilding C object esp-idf/lwip/CMakeFiles/__idf_lwip.dir/lwip/src/netif/ppp/ecp.c.obj\x1b[0m\n'}
[20.612513] (Ros2_esp32) StdoutLine: {'line': b'[ 30%] \x1b[32mBuilding C object esp-idf/lwip/CMakeFiles/__idf_lwip.dir/lwip/src/netif/ppp/eui64.c.obj\x1b[0m\n'}
[20.630689] (Ros2_esp32) StdoutLine: {'line': b'[ 30%] \x1b[32mBuilding C object esp-idf/lwip/CMakeFiles/__idf_lwip.dir/lwip/src/netif/ppp/fsm.c.obj\x1b[0m\n'}
[20.639918] (Ros2_esp32) StdoutLine: {'line': b'[ 30%] \x1b[32mBuilding C object esp-idf/lwip/CMakeFiles/__idf_lwip.dir/lwip/src/netif/ppp/ipcp.c.obj\x1b[0m\n'}
[20.643304] (Ros2_esp32) StdoutLine: {'line': b'[ 30%] \x1b[32mBuilding C object esp-idf/lwip/CMakeFiles/__idf_lwip.dir/lwip/src/netif/ppp/ipv6cp.c.obj\x1b[0m\n'}
[20.651236] (Ros2_esp32) StdoutLine: {'line': b'[ 30%] \x1b[32mBuilding C object esp-idf/lwip/CMakeFiles/__idf_lwip.dir/lwip/src/netif/ppp/lcp.c.obj\x1b[0m\n'}
[20.674826] (-) TimerEvent: {}
[20.678511] (Ros2_esp32) StdoutLine: {'line': b'[ 30%] \x1b[32mBuilding C object esp-idf/lwip/CMakeFiles/__idf_lwip.dir/lwip/src/netif/ppp/magic.c.obj\x1b[0m\n'}
[20.681297] (Ros2_esp32) StdoutLine: {'line': b'[ 30%] \x1b[32mBuilding C object esp-idf/lwip/CMakeFiles/__idf_lwip.dir/lwip/src/netif/ppp/mppe.c.obj\x1b[0m\n'}
[20.697649] (Ros2_esp32) StdoutLine: {'line': b'[ 30%] \x1b[32mBuilding C object esp-idf/lwip/CMakeFiles/__idf_lwip.dir/lwip/src/netif/ppp/multilink.c.obj\x1b[0m\n'}
[20.724265] (Ros2_esp32) StdoutLine: {'line': b'[ 30%] \x1b[32mBuilding C object esp-idf/lwip/CMakeFiles/__idf_lwip.dir/lwip/src/netif/ppp/ppp.c.obj\x1b[0m\n'}
[20.724562] (Ros2_esp32) StdoutLine: {'line': b'[ 30%] \x1b[32mBuilding C object esp-idf/lwip/CMakeFiles/__idf_lwip.dir/lwip/src/netif/ppp/pppcrypt.c.obj\x1b[0m\n'}
[20.724649] (Ros2_esp32) StdoutLine: {'line': b'[ 31%] \x1b[32mBuilding C object esp-idf/lwip/CMakeFiles/__idf_lwip.dir/lwip/src/netif/ppp/pppapi.c.obj\x1b[0m\n'}
[20.739351] (Ros2_esp32) StdoutLine: {'line': b'[ 31%] \x1b[32mBuilding C object esp-idf/lwip/CMakeFiles/__idf_lwip.dir/lwip/src/netif/ppp/pppoe.c.obj\x1b[0m\n'}
[20.753906] (Ros2_esp32) StdoutLine: {'line': b'[ 31%] \x1b[32mBuilding C object esp-idf/lwip/CMakeFiles/__idf_lwip.dir/lwip/src/netif/ppp/pppol2tp.c.obj\x1b[0m\n'}
[20.766261] (Ros2_esp32) StdoutLine: {'line': b'[ 31%] \x1b[32mBuilding C object esp-idf/lwip/CMakeFiles/__idf_lwip.dir/lwip/src/netif/ppp/pppos.c.obj\x1b[0m\n'}
[20.770286] (Ros2_esp32) StdoutLine: {'line': b'[ 31%] \x1b[32mBuilding C object esp-idf/lwip/CMakeFiles/__idf_lwip.dir/lwip/src/netif/ppp/upap.c.obj\x1b[0m\n'}
[20.774985] (-) TimerEvent: {}
[20.775414] (Ros2_esp32) StdoutLine: {'line': b'[ 31%] \x1b[32mBuilding C object esp-idf/lwip/CMakeFiles/__idf_lwip.dir/lwip/src/netif/ppp/utils.c.obj\x1b[0m\n'}
[20.807261] (Ros2_esp32) StdoutLine: {'line': b'[ 31%] \x1b[32mBuilding C object esp-idf/lwip/CMakeFiles/__idf_lwip.dir/lwip/src/netif/ppp/vj.c.obj\x1b[0m\n'}
[20.810676] (Ros2_esp32) StdoutLine: {'line': b'[ 31%] \x1b[32mBuilding C object esp-idf/lwip/CMakeFiles/__idf_lwip.dir/port/hooks/tcp_isn_default.c.obj\x1b[0m\n'}
[20.842597] (Ros2_esp32) StdoutLine: {'line': b'[ 31%] \x1b[32mBuilding C object esp-idf/lwip/CMakeFiles/__idf_lwip.dir/port/hooks/lwip_default_hooks.c.obj\x1b[0m\n'}
[20.853908] (Ros2_esp32) StdoutLine: {'line': b'[ 32%] \x1b[32mBuilding C object esp-idf/lwip/CMakeFiles/__idf_lwip.dir/port/debug/lwip_debug.c.obj\x1b[0m\n'}
[20.856597] (Ros2_esp32) StdoutLine: {'line': b'[ 32%] \x1b[32mBuilding C object esp-idf/lwip/CMakeFiles/__idf_lwip.dir/port/sockets_ext.c.obj\x1b[0m\n'}
[20.859041] (Ros2_esp32) StdoutLine: {'line': b'[ 32%] \x1b[32mBuilding C object esp-idf/lwip/CMakeFiles/__idf_lwip.dir/port/freertos/sys_arch.c.obj\x1b[0m\n'}
[20.866709] (Ros2_esp32) StdoutLine: {'line': b'[ 32%] \x1b[32mBuilding C object esp-idf/lwip/CMakeFiles/__idf_lwip.dir/port/if_index.c.obj\x1b[0m\n'}
[20.875132] (-) TimerEvent: {}
[20.888898] (Ros2_esp32) StdoutLine: {'line': b'[ 32%] \x1b[32mBuilding C object esp-idf/lwip/CMakeFiles/__idf_lwip.dir/port/acd_dhcp_check.c.obj\x1b[0m\n'}
[20.892988] (Ros2_esp32) StdoutLine: {'line': b'[ 32%] \x1b[32mBuilding C object esp-idf/lwip/CMakeFiles/__idf_lwip.dir/port/esp32xx/vfs_lwip.c.obj\x1b[0m\n'}
[20.903351] (Ros2_esp32) StdoutLine: {'line': b'[ 32%] \x1b[32mBuilding C object esp-idf/lwip/CMakeFiles/__idf_lwip.dir/apps/ping/esp_ping.c.obj\x1b[0m\n'}
[20.918936] (Ros2_esp32) StdoutLine: {'line': b'[ 32%] \x1b[32mBuilding C object esp-idf/lwip/CMakeFiles/__idf_lwip.dir/apps/ping/ping.c.obj\x1b[0m\n'}
[20.938360] (Ros2_esp32) StdoutLine: {'line': b'[ 32%] \x1b[32mBuilding C object esp-idf/lwip/CMakeFiles/__idf_lwip.dir/apps/ping/ping_sock.c.obj\x1b[0m\n'}
[20.964674] (Ros2_esp32) StdoutLine: {'line': b'[ 32%] \x1b[32mBuilding C object esp-idf/lwip/CMakeFiles/__idf_lwip.dir/lwip/src/netif/ppp/polarssl/arc4.c.obj\x1b[0m\n'}
[20.975293] (-) TimerEvent: {}
[21.009959] (Ros2_esp32) StdoutLine: {'line': b'[ 32%] \x1b[32mBuilding C object esp-idf/lwip/CMakeFiles/__idf_lwip.dir/lwip/src/netif/ppp/polarssl/des.c.obj\x1b[0m\n'}
[21.030119] (Ros2_esp32) StdoutLine: {'line': b'[ 32%] \x1b[32mBuilding C object esp-idf/lwip/CMakeFiles/__idf_lwip.dir/lwip/src/netif/ppp/polarssl/md5.c.obj\x1b[0m\n'}
[21.033277] (Ros2_esp32) StdoutLine: {'line': b'[ 33%] \x1b[32mBuilding C object esp-idf/lwip/CMakeFiles/__idf_lwip.dir/lwip/src/netif/ppp/polarssl/md4.c.obj\x1b[0m\n'}
[21.042186] (Ros2_esp32) StdoutLine: {'line': b'[ 33%] \x1b[32mBuilding C object esp-idf/lwip/CMakeFiles/__idf_lwip.dir/lwip/src/netif/ppp/polarssl/sha1.c.obj\x1b[0m\n'}
[21.043044] (Ros2_esp32) StdoutLine: {'line': b'[ 33%] \x1b[32mBuilding C object esp-idf/lwip/CMakeFiles/__idf_lwip.dir/apps/dhcpserver/dhcpserver.c.obj\x1b[0m\n'}
[21.075420] (-) TimerEvent: {}
[21.175764] (-) TimerEvent: {}
[21.270982] (Ros2_esp32) StdoutLine: {'line': b'[ 33%] \x1b[32m\x1b[1mLinking C static library liblwip.a\x1b[0m\n'}
[21.275869] (-) TimerEvent: {}
[21.376156] (-) TimerEvent: {}
[21.379643] (Ros2_esp32) StdoutLine: {'line': b'[ 33%] Built target __idf_lwip\n'}
[21.400486] (Ros2_esp32) StdoutLine: {'line': b'[ 33%] \x1b[32mBuilding C object esp-idf/vfs/CMakeFiles/__idf_vfs.dir/vfs_semihost.c.obj\x1b[0m\n'}
[21.400727] (Ros2_esp32) StdoutLine: {'line': b'[ 33%] \x1b[32mBuilding C object esp-idf/vfs/CMakeFiles/__idf_vfs.dir/vfs_eventfd.c.obj\x1b[0m\n'}
[21.400807] (Ros2_esp32) StdoutLine: {'line': b'[ 33%] \x1b[32mBuilding C object esp-idf/vfs/CMakeFiles/__idf_vfs.dir/nullfs.c.obj\x1b[0m\n'}
[21.400881] (Ros2_esp32) StdoutLine: {'line': b'[ 33%] \x1b[32mBuilding C object esp-idf/vfs/CMakeFiles/__idf_vfs.dir/vfs.c.obj\x1b[0m\n'}
[21.476260] (-) TimerEvent: {}
[21.576601] (-) TimerEvent: {}
[21.676920] (-) TimerEvent: {}
[21.750851] (Ros2_esp32) StdoutLine: {'line': b'[ 33%] \x1b[32m\x1b[1mLinking C static library libvfs.a\x1b[0m\n'}
[21.777033] (-) TimerEvent: {}
[21.790832] (Ros2_esp32) StdoutLine: {'line': b'[ 33%] Built target __idf_vfs\n'}
[21.811574] (Ros2_esp32) StdoutLine: {'line': b'[ 34%] \x1b[32mBuilding C object esp-idf/esp_vfs_console/CMakeFiles/__idf_esp_vfs_console.dir/vfs_console.c.obj\x1b[0m\n'}
[21.877147] (-) TimerEvent: {}
[21.909560] (Ros2_esp32) StdoutLine: {'line': b'[ 34%] \x1b[32m\x1b[1mLinking C static library libesp_vfs_console.a\x1b[0m\n'}
[21.944863] (Ros2_esp32) StdoutLine: {'line': b'[ 34%] Built target __idf_esp_vfs_console\n'}
[21.965141] (Ros2_esp32) StdoutLine: {'line': b'[ 34%] \x1b[32mBuilding C object esp-idf/esp_driver_usb_serial_jtag/CMakeFiles/__idf_esp_driver_usb_serial_jtag.dir/src/usb_serial_jtag.c.obj\x1b[0m\n'}
[21.965367] (Ros2_esp32) StdoutLine: {'line': b'[ 34%] \x1b[32mBuilding C object esp-idf/esp_driver_usb_serial_jtag/CMakeFiles/__idf_esp_driver_usb_serial_jtag.dir/src/usb_serial_jtag_vfs.c.obj\x1b[0m\n'}
[21.965449] (Ros2_esp32) StdoutLine: {'line': b'[ 34%] \x1b[32mBuilding C object esp-idf/esp_driver_usb_serial_jtag/CMakeFiles/__idf_esp_driver_usb_serial_jtag.dir/src/usb_serial_jtag_connection_monitor.c.obj\x1b[0m\n'}
[21.977291] (-) TimerEvent: {}
[22.077597] (-) TimerEvent: {}
[22.128763] (Ros2_esp32) StdoutLine: {'line': b'[ 35%] \x1b[32m\x1b[1mLinking C static library libesp_driver_usb_serial_jtag.a\x1b[0m\n'}
[22.166813] (Ros2_esp32) StdoutLine: {'line': b'[ 35%] Built target __idf_esp_driver_usb_serial_jtag\n'}
[22.177704] (-) TimerEvent: {}
[22.187573] (Ros2_esp32) StdoutLine: {'line': b'[ 36%] \x1b[32mBuilding C object esp-idf/esp_phy/CMakeFiles/__idf_esp_phy.dir/src/phy_init.c.obj\x1b[0m\n'}
[22.187833] (Ros2_esp32) StdoutLine: {'line': b'[ 36%] \x1b[32mBuilding C object esp-idf/esp_phy/CMakeFiles/__idf_esp_phy.dir/src/lib_printf.c.obj\x1b[0m\n'}
[22.187919] (Ros2_esp32) StdoutLine: {'line': b'[ 36%] \x1b[32mBuilding C object esp-idf/esp_phy/CMakeFiles/__idf_esp_phy.dir/src/phy_common.c.obj\x1b[0m\n'}
[22.187990] (Ros2_esp32) StdoutLine: {'line': b'[ 36%] \x1b[32mBuilding C object esp-idf/esp_phy/CMakeFiles/__idf_esp_phy.dir/src/phy_override.c.obj\x1b[0m\n'}
[22.188309] (Ros2_esp32) StdoutLine: {'line': b'[ 36%] \x1b[32mBuilding C object esp-idf/esp_phy/CMakeFiles/__idf_esp_phy.dir/esp32s3/phy_init_data.c.obj\x1b[0m\n'}
[22.188418] (Ros2_esp32) StdoutLine: {'line': b'[ 36%] \x1b[32mBuilding C object esp-idf/esp_phy/CMakeFiles/__idf_esp_phy.dir/src/btbb_init.c.obj\x1b[0m\n'}
[22.277809] (-) TimerEvent: {}
[22.347562] (Ros2_esp32) StdoutLine: {'line': b'[ 36%] \x1b[32m\x1b[1mLinking C static library libesp_phy.a\x1b[0m\n'}
[22.377927] (-) TimerEvent: {}
[22.384351] (Ros2_esp32) StdoutLine: {'line': b'[ 36%] Built target __idf_esp_phy\n'}
[22.410382] (Ros2_esp32) StdoutLine: {'line': b'[ 37%] \x1b[32mBuilding CXX object esp-idf/nvs_flash/CMakeFiles/__idf_nvs_flash.dir/src/nvs_page.cpp.obj\x1b[0m\n'}
[22.410645] (Ros2_esp32) StdoutLine: {'line': b'[ 37%] \x1b[32mBuilding CXX object esp-idf/nvs_flash/CMakeFiles/__idf_nvs_flash.dir/src/nvs_cxx_api.cpp.obj\x1b[0m\n'}
[22.410732] (Ros2_esp32) StdoutLine: {'line': b'[ 37%] \x1b[32mBuilding CXX object esp-idf/nvs_flash/CMakeFiles/__idf_nvs_flash.dir/src/nvs_api.cpp.obj\x1b[0m\n'}
[22.410812] (Ros2_esp32) StdoutLine: {'line': b'[ 37%] \x1b[32mBuilding CXX object esp-idf/nvs_flash/CMakeFiles/__idf_nvs_flash.dir/src/nvs_item_hash_list.cpp.obj\x1b[0m\n'}
[22.410891] (Ros2_esp32) StdoutLine: {'line': b'[ 37%] \x1b[32mBuilding CXX object esp-idf/nvs_flash/CMakeFiles/__idf_nvs_flash.dir/src/nvs_partition.cpp.obj\x1b[0m\n'}
[22.410971] (Ros2_esp32) StdoutLine: {'line': b'[ 37%] \x1b[32mBuilding CXX object esp-idf/nvs_flash/CMakeFiles/__idf_nvs_flash.dir/src/nvs_storage.cpp.obj\x1b[0m\n'}
[22.411051] (Ros2_esp32) StdoutLine: {'line': b'[ 37%] \x1b[32mBuilding CXX object esp-idf/nvs_flash/CMakeFiles/__idf_nvs_flash.dir/src/nvs_pagemanager.cpp.obj\x1b[0m\n'}
[22.411129] (Ros2_esp32) StdoutLine: {'line': b'[ 37%] \x1b[32mBuilding CXX object esp-idf/nvs_flash/CMakeFiles/__idf_nvs_flash.dir/src/nvs_handle_simple.cpp.obj\x1b[0m\n'}
[22.411286] (Ros2_esp32) StdoutLine: {'line': b'[ 37%] \x1b[32mBuilding CXX object esp-idf/nvs_flash/CMakeFiles/__idf_nvs_flash.dir/src/nvs_handle_locked.cpp.obj\x1b[0m\n'}
[22.411381] (Ros2_esp32) StdoutLine: {'line': b'[ 37%] \x1b[32mBuilding CXX object esp-idf/nvs_flash/CMakeFiles/__idf_nvs_flash.dir/src/nvs_types.cpp.obj\x1b[0m\n'}
[22.411457] (Ros2_esp32) StdoutLine: {'line': b'[ 37%] \x1b[32mBuilding CXX object esp-idf/nvs_flash/CMakeFiles/__idf_nvs_flash.dir/src/nvs_partition_manager.cpp.obj\x1b[0m\n'}
[22.413326] (Ros2_esp32) StdoutLine: {'line': b'[ 37%] \x1b[32mBuilding CXX object esp-idf/nvs_flash/CMakeFiles/__idf_nvs_flash.dir/src/nvs_partition_lookup.cpp.obj\x1b[0m\n'}
[22.478983] (-) TimerEvent: {}
[22.579447] (-) TimerEvent: {}
[22.679888] (-) TimerEvent: {}
[22.782036] (-) TimerEvent: {}
[22.882871] (-) TimerEvent: {}
[22.983709] (-) TimerEvent: {}
[23.029362] (Ros2_esp32) StdoutLine: {'line': b'[ 38%] \x1b[32mBuilding CXX object esp-idf/nvs_flash/CMakeFiles/__idf_nvs_flash.dir/src/nvs_platform.cpp.obj\x1b[0m\n'}
[23.030734] (Ros2_esp32) StdoutLine: {'line': b'[ 38%] \x1b[32mBuilding C object esp-idf/nvs_flash/CMakeFiles/__idf_nvs_flash.dir/src/nvs_bootloader.c.obj\x1b[0m\n'}
[23.083875] (-) TimerEvent: {}
[23.117006] (Ros2_esp32) StdoutLine: {'line': b'[ 38%] \x1b[32mBuilding CXX object esp-idf/nvs_flash/CMakeFiles/__idf_nvs_flash.dir/src/nvs_encrypted_partition.cpp.obj\x1b[0m\n'}
[23.184044] (-) TimerEvent: {}
[23.288270] (-) TimerEvent: {}
[23.327433] (Ros2_esp32) StdoutLine: {'line': b'[ 38%] \x1b[32mBuilding C object esp-idf/nvs_flash/CMakeFiles/__idf_nvs_flash.dir/src/nvs_bootloader_aes.c.obj\x1b[0m\n'}
[23.388516] (-) TimerEvent: {}
[23.404369] (Ros2_esp32) StdoutLine: {'line': b'[ 38%] \x1b[32mBuilding C object esp-idf/nvs_flash/CMakeFiles/__idf_nvs_flash.dir/src/nvs_bootloader_xts_aes.c.obj\x1b[0m\n'}
[23.491270] (-) TimerEvent: {}
[23.591927] (-) TimerEvent: {}
[23.692577] (-) TimerEvent: {}
[23.793203] (-) TimerEvent: {}
[23.893815] (-) TimerEvent: {}
[23.994435] (-) TimerEvent: {}
[24.095302] (-) TimerEvent: {}
[24.198031] (-) TimerEvent: {}
[24.300037] (-) TimerEvent: {}
[24.401928] (-) TimerEvent: {}
[24.503809] (-) TimerEvent: {}
[24.604950] (-) TimerEvent: {}
[24.705582] (-) TimerEvent: {}
[24.808257] (-) TimerEvent: {}
[24.909589] (-) TimerEvent: {}
[25.012235] (-) TimerEvent: {}
[25.112666] (-) TimerEvent: {}
[25.213199] (-) TimerEvent: {}
[25.313600] (-) TimerEvent: {}
[25.414015] (-) TimerEvent: {}
[25.428010] (Ros2_esp32) StdoutLine: {'line': b'[ 38%] \x1b[32m\x1b[1mLinking C static library libnvs_flash.a\x1b[0m\n'}
[25.484509] (Ros2_esp32) StdoutLine: {'line': b'[ 38%] Built target __idf_nvs_flash\n'}
[25.504800] (Ros2_esp32) StdoutLine: {'line': b'[ 38%] \x1b[32mBuilding C object esp-idf/esp_event/CMakeFiles/__idf_esp_event.dir/esp_event_private.c.obj\x1b[0m\n'}
[25.505047] (Ros2_esp32) StdoutLine: {'line': b'[ 38%] \x1b[32mBuilding C object esp-idf/esp_event/CMakeFiles/__idf_esp_event.dir/default_event_loop.c.obj\x1b[0m\n'}
[25.505111] (Ros2_esp32) StdoutLine: {'line': b'[ 38%] \x1b[32mBuilding C object esp-idf/esp_event/CMakeFiles/__idf_esp_event.dir/esp_event.c.obj\x1b[0m\n'}
[25.514138] (-) TimerEvent: {}
[25.614499] (-) TimerEvent: {}
[25.684533] (Ros2_esp32) StdoutLine: {'line': b'[ 38%] \x1b[32m\x1b[1mLinking C static library libesp_event.a\x1b[0m\n'}
[25.714632] (-) TimerEvent: {}
[25.724118] (Ros2_esp32) StdoutLine: {'line': b'[ 38%] Built target __idf_esp_event\n'}
[25.743939] (Ros2_esp32) StdoutLine: {'line': b'[ 38%] \x1b[32mBuilding C object esp-idf/esp_driver_uart/CMakeFiles/__idf_esp_driver_uart.dir/src/uart.c.obj\x1b[0m\n'}
[25.744221] (Ros2_esp32) StdoutLine: {'line': b'[ 38%] \x1b[32mBuilding C object esp-idf/esp_driver_uart/CMakeFiles/__idf_esp_driver_uart.dir/src/uhci.c.obj\x1b[0m\n'}
[25.744305] (Ros2_esp32) StdoutLine: {'line': b'[ 38%] \x1b[32mBuilding C object esp-idf/esp_driver_uart/CMakeFiles/__idf_esp_driver_uart.dir/src/uart_wakeup.c.obj\x1b[0m\n'}
[25.744376] (Ros2_esp32) StdoutLine: {'line': b'[ 38%] \x1b[32mBuilding C object esp-idf/esp_driver_uart/CMakeFiles/__idf_esp_driver_uart.dir/src/uart_vfs.c.obj\x1b[0m\n'}
[25.814762] (-) TimerEvent: {}
[25.915158] (-) TimerEvent: {}
[26.015560] (-) TimerEvent: {}
[26.115881] (-) TimerEvent: {}
[26.216181] (-) TimerEvent: {}
[26.280909] (Ros2_esp32) StdoutLine: {'line': b'[ 38%] \x1b[32m\x1b[1mLinking C static library libesp_driver_uart.a\x1b[0m\n'}
[26.316234] (-) TimerEvent: {}
[26.329715] (Ros2_esp32) StdoutLine: {'line': b'[ 38%] Built target __idf_esp_driver_uart\n'}
[26.352079] (Ros2_esp32) StdoutLine: {'line': b'[ 38%] \x1b[32mBuilding C object esp-idf/esp_psram/CMakeFiles/__idf_esp_psram.dir/system_layer/esp_psram_mspi.c.obj\x1b[0m\n'}
[26.399382] (Ros2_esp32) StdoutLine: {'line': b'[ 38%] \x1b[32m\x1b[1mLinking C static library libesp_psram.a\x1b[0m\n'}
[26.416348] (-) TimerEvent: {}
[26.433579] (Ros2_esp32) StdoutLine: {'line': b'[ 38%] Built target __idf_esp_psram\n'}
[26.454825] (Ros2_esp32) StdoutLine: {'line': b'[ 38%] \x1b[32mBuilding C object esp-idf/esp_ringbuf/CMakeFiles/__idf_esp_ringbuf.dir/ringbuf.c.obj\x1b[0m\n'}
[26.516458] (-) TimerEvent: {}
[26.616747] (-) TimerEvent: {}
[26.700336] (Ros2_esp32) StdoutLine: {'line': b'[ 38%] \x1b[32m\x1b[1mLinking C static library libesp_ringbuf.a\x1b[0m\n'}
[26.716867] (-) TimerEvent: {}
[26.736517] (Ros2_esp32) StdoutLine: {'line': b'[ 38%] Built target __idf_esp_ringbuf\n'}
[26.757401] (Ros2_esp32) StdoutLine: {'line': b'[ 38%] \x1b[32mBuilding C object esp-idf/esp_driver_gptimer/CMakeFiles/__idf_esp_driver_gptimer.dir/src/gptimer_common.c.obj\x1b[0m\n'}
[26.757613] (Ros2_esp32) StdoutLine: {'line': b'[ 39%] \x1b[32mBuilding C object esp-idf/esp_driver_gptimer/CMakeFiles/__idf_esp_driver_gptimer.dir/src/gptimer.c.obj\x1b[0m\n'}
[26.816986] (-) TimerEvent: {}
[26.917349] (-) TimerEvent: {}
[26.929870] (Ros2_esp32) StdoutLine: {'line': b'[ 39%] \x1b[32m\x1b[1mLinking C static library libesp_driver_gptimer.a\x1b[0m\n'}
[26.966494] (Ros2_esp32) StdoutLine: {'line': b'[ 39%] Built target __idf_esp_driver_gptimer\n'}
[26.987721] (Ros2_esp32) StdoutLine: {'line': b'[ 39%] \x1b[32mBuilding C object esp-idf/esp_timer/CMakeFiles/__idf_esp_timer.dir/src/esp_timer.c.obj\x1b[0m\n'}
[26.988014] (Ros2_esp32) StdoutLine: {'line': b'[ 39%] \x1b[32mBuilding C object esp-idf/esp_timer/CMakeFiles/__idf_esp_timer.dir/src/ets_timer_legacy.c.obj\x1b[0m\n'}
[26.988116] (Ros2_esp32) StdoutLine: {'line': b'[ 39%] \x1b[32mBuilding C object esp-idf/esp_timer/CMakeFiles/__idf_esp_timer.dir/src/esp_timer_impl_systimer.c.obj\x1b[0m\n'}
[26.988211] (Ros2_esp32) StdoutLine: {'line': b'[ 39%] \x1b[32mBuilding C object esp-idf/esp_timer/CMakeFiles/__idf_esp_timer.dir/src/esp_timer_impl_common.c.obj\x1b[0m\n'}
[26.988288] (Ros2_esp32) StdoutLine: {'line': b'[ 39%] \x1b[32mBuilding C object esp-idf/esp_timer/CMakeFiles/__idf_esp_timer.dir/src/system_time.c.obj\x1b[0m\n'}
[26.988358] (Ros2_esp32) StdoutLine: {'line': b'[ 39%] \x1b[32mBuilding C object esp-idf/esp_timer/CMakeFiles/__idf_esp_timer.dir/src/esp_timer_init.c.obj\x1b[0m\n'}
[27.017490] (-) TimerEvent: {}
[27.117873] (-) TimerEvent: {}
[27.142134] (Ros2_esp32) StdoutLine: {'line': b'[ 39%] \x1b[32m\x1b[1mLinking C static library libesp_timer.a\x1b[0m\n'}
[27.183047] (Ros2_esp32) StdoutLine: {'line': b'[ 39%] Built target __idf_esp_timer\n'}
[27.204513] (Ros2_esp32) StdoutLine: {'line': b'[ 39%] \x1b[32mBuilding CXX object esp-idf/cxx/CMakeFiles/__idf_cxx.dir/cxx_guards.cpp.obj\x1b[0m\n'}
[27.204754] (Ros2_esp32) StdoutLine: {'line': b'[ 40%] \x1b[32mBuilding CXX object esp-idf/cxx/CMakeFiles/__idf_cxx.dir/cxx_exception_stubs.cpp.obj\x1b[0m\n'}
[27.204821] (Ros2_esp32) StdoutLine: {'line': b'[ 40%] \x1b[32mBuilding CXX object esp-idf/cxx/CMakeFiles/__idf_cxx.dir/cxx_init.cpp.obj\x1b[0m\n'}
[27.217998] (-) TimerEvent: {}
[27.318357] (-) TimerEvent: {}
[27.418666] (-) TimerEvent: {}
[27.518967] (-) TimerEvent: {}
[27.555446] (Ros2_esp32) StdoutLine: {'line': b'[ 40%] \x1b[32m\x1b[1mLinking C static library libcxx.a\x1b[0m\n'}
[27.592538] (Ros2_esp32) StdoutLine: {'line': b'[ 40%] Built target __idf_cxx\n'}
[27.615247] (Ros2_esp32) StdoutLine: {'line': b'[ 40%] \x1b[32mBuilding C object esp-idf/pthread/CMakeFiles/__idf_pthread.dir/pthread_cond_var.c.obj\x1b[0m\n'}
[27.615509] (Ros2_esp32) StdoutLine: {'line': b'[ 40%] \x1b[32mBuilding C object esp-idf/pthread/CMakeFiles/__idf_pthread.dir/pthread.c.obj\x1b[0m\n'}
[27.615604] (Ros2_esp32) StdoutLine: {'line': b'[ 40%] \x1b[32mBuilding C object esp-idf/pthread/CMakeFiles/__idf_pthread.dir/pthread_local_storage.c.obj\x1b[0m\n'}
[27.615688] (Ros2_esp32) StdoutLine: {'line': b'[ 40%] \x1b[32mBuilding C object esp-idf/pthread/CMakeFiles/__idf_pthread.dir/pthread_rwlock.c.obj\x1b[0m\n'}
[27.616774] (Ros2_esp32) StdoutLine: {'line': b'[ 40%] \x1b[32mBuilding C object esp-idf/pthread/CMakeFiles/__idf_pthread.dir/pthread_semaphore.c.obj\x1b[0m\n'}
[27.619118] (-) TimerEvent: {}
[27.719615] (-) TimerEvent: {}
[27.811263] (Ros2_esp32) StdoutLine: {'line': b'[ 41%] \x1b[32m\x1b[1mLinking C static library libpthread.a\x1b[0m\n'}
[27.819716] (-) TimerEvent: {}
[27.850853] (Ros2_esp32) StdoutLine: {'line': b'[ 41%] Built target __idf_pthread\n'}
[27.878210] (Ros2_esp32) StdoutLine: {'line': b'[ 41%] \x1b[32mBuilding C object esp-idf/newlib/CMakeFiles/__idf_newlib.dir/src/heap.c.obj\x1b[0m\n'}
[27.879013] (Ros2_esp32) StdoutLine: {'line': b'[ 41%] \x1b[32mBuilding C object esp-idf/newlib/CMakeFiles/__idf_newlib.dir/src/locks.c.obj\x1b[0m\n'}
[27.879203] (Ros2_esp32) StdoutLine: {'line': b'[ 41%] \x1b[32mBuilding C object esp-idf/newlib/CMakeFiles/__idf_newlib.dir/src/init.c.obj\x1b[0m\n'}
[27.879384] (Ros2_esp32) StdoutLine: {'line': b'[ 42%] \x1b[32mBuilding C object esp-idf/newlib/CMakeFiles/__idf_newlib.dir/src/assert.c.obj\x1b[0m\n'}
[27.879474] (Ros2_esp32) StdoutLine: {'line': b'[ 42%] \x1b[32mBuilding C object esp-idf/newlib/CMakeFiles/__idf_newlib.dir/src/abort.c.obj\x1b[0m\n'}
[27.879553] (Ros2_esp32) StdoutLine: {'line': b'[ 42%] \x1b[32mBuilding C object esp-idf/newlib/CMakeFiles/__idf_newlib.dir/src/pthread.c.obj\x1b[0m\n'}
[27.879633] (Ros2_esp32) StdoutLine: {'line': b'[ 42%] \x1b[32mBuilding C object esp-idf/newlib/CMakeFiles/__idf_newlib.dir/src/random.c.obj\x1b[0m\n'}
[27.879915] (Ros2_esp32) StdoutLine: {'line': b'[ 42%] \x1b[32mBuilding C object esp-idf/newlib/CMakeFiles/__idf_newlib.dir/src/termios.c.obj\x1b[0m\n'}
[27.880697] (Ros2_esp32) StdoutLine: {'line': b'[ 42%] \x1b[32mBuilding C object esp-idf/newlib/CMakeFiles/__idf_newlib.dir/src/stdatomic.c.obj\x1b[0m\n'}
[27.881068] (Ros2_esp32) StdoutLine: {'line': b'[ 42%] \x1b[32mBuilding C object esp-idf/newlib/CMakeFiles/__idf_newlib.dir/src/poll.c.obj\x1b[0m\n'}
[27.881159] (Ros2_esp32) StdoutLine: {'line': b'[ 42%] \x1b[32mBuilding C object esp-idf/newlib/CMakeFiles/__idf_newlib.dir/src/getentropy.c.obj\x1b[0m\n'}
[27.884407] (Ros2_esp32) StdoutLine: {'line': b'[ 42%] \x1b[32mBuilding C object esp-idf/newlib/CMakeFiles/__idf_newlib.dir/src/time.c.obj\x1b[0m\n'}
[27.921059] (-) TimerEvent: {}
[27.957783] (Ros2_esp32) StdoutLine: {'line': b'[ 42%] \x1b[32mBuilding C object esp-idf/newlib/CMakeFiles/__idf_newlib.dir/src/sysconf.c.obj\x1b[0m\n'}
[27.964245] (Ros2_esp32) StdoutLine: {'line': b'[ 43%] \x1b[32mBuilding C object esp-idf/newlib/CMakeFiles/__idf_newlib.dir/src/realpath.c.obj\x1b[0m\n'}
[27.964900] (Ros2_esp32) StdoutLine: {'line': b'[ 43%] \x1b[32mBuilding C object esp-idf/newlib/CMakeFiles/__idf_newlib.dir/src/syscalls.c.obj\x1b[0m\n'}
[27.965020] (Ros2_esp32) StdoutLine: {'line': b'[ 43%] \x1b[32mBuilding C object esp-idf/newlib/CMakeFiles/__idf_newlib.dir/src/scandir.c.obj\x1b[0m\n'}
[27.973374] (Ros2_esp32) StdoutLine: {'line': b'[ 43%] \x1b[32mBuilding C object esp-idf/newlib/CMakeFiles/__idf_newlib.dir/src/flockfile.c.obj\x1b[0m\n'}
[27.973632] (Ros2_esp32) StdoutLine: {'line': b'[ 43%] \x1b[32mBuilding C object esp-idf/newlib/CMakeFiles/__idf_newlib.dir/src/reent_syscalls.c.obj\x1b[0m\n'}
[27.982370] (Ros2_esp32) StdoutLine: {'line': b'[ 43%] \x1b[32mBuilding C object esp-idf/newlib/CMakeFiles/__idf_newlib.dir/src/port/esp_time_impl.c.obj\x1b[0m\n'}
[27.989355] (Ros2_esp32) StdoutLine: {'line': b'[ 43%] \x1b[32mBuilding C object esp-idf/newlib/CMakeFiles/__idf_newlib.dir/src/reent_init.c.obj\x1b[0m\n'}
[28.004641] (Ros2_esp32) StdoutLine: {'line': b'[ 43%] \x1b[32mBuilding C object esp-idf/newlib/CMakeFiles/__idf_newlib.dir/src/newlib_init.c.obj\x1b[0m\n'}
[28.021301] (-) TimerEvent: {}
[28.097326] (Ros2_esp32) StdoutLine: {'line': b'[ 43%] \x1b[32m\x1b[1mLinking C static library libnewlib.a\x1b[0m\n'}
[28.121394] (-) TimerEvent: {}
[28.150108] (Ros2_esp32) StdoutLine: {'line': b'[ 43%] Built target __idf_newlib\n'}
[28.161018] (Ros2_esp32) StdoutLine: {'line': b'\x1b[35m\x1b[1mScanning dependencies of target __idf_freertos\x1b[0m\n'}
[28.180373] (Ros2_esp32) StdoutLine: {'line': b'[ 43%] \x1b[32mBuilding C object esp-idf/freertos/CMakeFiles/__idf_freertos.dir/FreeRTOS-Kernel/list.c.obj\x1b[0m\n'}
[28.180658] (Ros2_esp32) StdoutLine: {'line': b'[ 43%] \x1b[32mBuilding C object esp-idf/freertos/CMakeFiles/__idf_freertos.dir/port_systick.c.obj\x1b[0m\n'}
[28.181204] (Ros2_esp32) StdoutLine: {'line': b'[ 43%] \x1b[32mBuilding C object esp-idf/freertos/CMakeFiles/__idf_freertos.dir/port_common.c.obj\x1b[0m\n'}
[28.181447] (Ros2_esp32) StdoutLine: {'line': b'[ 43%] \x1b[32mBuilding C object esp-idf/freertos/CMakeFiles/__idf_freertos.dir/app_startup.c.obj\x1b[0m\n'}
[28.181555] (Ros2_esp32) StdoutLine: {'line': b'[ 43%] \x1b[32mBuilding C object esp-idf/freertos/CMakeFiles/__idf_freertos.dir/heap_idf.c.obj\x1b[0m\n'}
[28.181627] (Ros2_esp32) StdoutLine: {'line': b'[ 43%] \x1b[32mBuilding C object esp-idf/freertos/CMakeFiles/__idf_freertos.dir/FreeRTOS-Kernel/queue.c.obj\x1b[0m\n'}
[28.181694] (Ros2_esp32) StdoutLine: {'line': b'[ 43%] \x1b[32mBuilding C object esp-idf/freertos/CMakeFiles/__idf_freertos.dir/FreeRTOS-Kernel/tasks.c.obj\x1b[0m\n'}
[28.182667] (Ros2_esp32) StdoutLine: {'line': b'[ 43%] \x1b[32mBuilding C object esp-idf/freertos/CMakeFiles/__idf_freertos.dir/FreeRTOS-Kernel/stream_buffer.c.obj\x1b[0m\n'}
[28.183034] (Ros2_esp32) StdoutLine: {'line': b'[ 43%] \x1b[32mBuilding C object esp-idf/freertos/CMakeFiles/__idf_freertos.dir/FreeRTOS-Kernel/timers.c.obj\x1b[0m\n'}
[28.183107] (Ros2_esp32) StdoutLine: {'line': b'[ 44%] \x1b[32mBuilding C object esp-idf/freertos/CMakeFiles/__idf_freertos.dir/FreeRTOS-Kernel/event_groups.c.obj\x1b[0m\n'}
[28.185590] (Ros2_esp32) StdoutLine: {'line': b'[ 44%] \x1b[32mBuilding ASM object esp-idf/freertos/CMakeFiles/__idf_freertos.dir/FreeRTOS-Kernel/portable/xtensa/portasm.S.obj\x1b[0m\n'}
[28.186145] (Ros2_esp32) StdoutLine: {'line': b'[ 44%] \x1b[32mBuilding C object esp-idf/freertos/CMakeFiles/__idf_freertos.dir/FreeRTOS-Kernel/portable/xtensa/port.c.obj\x1b[0m\n'}
[28.222285] (-) TimerEvent: {}
[28.245675] (Ros2_esp32) StdoutLine: {'line': b'[ 44%] \x1b[32mBuilding C object esp-idf/freertos/CMakeFiles/__idf_freertos.dir/FreeRTOS-Kernel/portable/xtensa/xtensa_init.c.obj\x1b[0m\n'}
[28.293391] (Ros2_esp32) StdoutLine: {'line': b'[ 44%] \x1b[32mBuilding C object esp-idf/freertos/CMakeFiles/__idf_freertos.dir/FreeRTOS-Kernel/portable/xtensa/xtensa_overlay_os_hook.c.obj\x1b[0m\n'}
[28.298089] (Ros2_esp32) StdoutLine: {'line': b'[ 44%] \x1b[32mBuilding C object esp-idf/freertos/CMakeFiles/__idf_freertos.dir/esp_additions/freertos_compatibility.c.obj\x1b[0m\n'}
[28.298440] (Ros2_esp32) StdoutLine: {'line': b'[ 44%] \x1b[32mBuilding C object esp-idf/freertos/CMakeFiles/__idf_freertos.dir/esp_additions/idf_additions_event_groups.c.obj\x1b[0m\n'}
[28.307369] (Ros2_esp32) StdoutLine: {'line': b'[ 44%] \x1b[32mBuilding C object esp-idf/freertos/CMakeFiles/__idf_freertos.dir/esp_additions/idf_additions.c.obj\x1b[0m\n'}
[28.322429] (-) TimerEvent: {}
[28.423147] (-) TimerEvent: {}
[28.523475] (-) TimerEvent: {}
[28.623762] (-) TimerEvent: {}
[28.635505] (Ros2_esp32) StdoutLine: {'line': b'[ 44%] \x1b[32m\x1b[1mLinking C static library libfreertos.a\x1b[0m\n'}
[28.686249] (Ros2_esp32) StdoutLine: {'line': b'[ 44%] Built target __idf_freertos\n'}
[28.713359] (Ros2_esp32) StdoutLine: {'line': b'[ 44%] \x1b[32mBuilding C object esp-idf/esp_hw_support/CMakeFiles/__idf_esp_hw_support.dir/port/esp32s3/cpu_region_protect.c.obj\x1b[0m\n'}
[28.713961] (Ros2_esp32) StdoutLine: {'line': b'[ 44%] \x1b[32mBuilding C object esp-idf/esp_hw_support/CMakeFiles/__idf_esp_hw_support.dir/esp_memory_utils.c.obj\x1b[0m\n'}
[28.714060] (Ros2_esp32) StdoutLine: {'line': b'[ 44%] \x1b[32mBuilding C object esp-idf/esp_hw_support/CMakeFiles/__idf_esp_hw_support.dir/esp_clk.c.obj\x1b[0m\n'}
[28.714132] (Ros2_esp32) StdoutLine: {'line': b'[ 44%] \x1b[32mBuilding C object esp-idf/esp_hw_support/CMakeFiles/__idf_esp_hw_support.dir/port/esp32s3/esp_cpu_intr.c.obj\x1b[0m\n'}
[28.714225] (Ros2_esp32) StdoutLine: {'line': b'[ 44%] \x1b[32mBuilding C object esp-idf/esp_hw_support/CMakeFiles/__idf_esp_hw_support.dir/cpu.c.obj\x1b[0m\n'}
[28.714320] (Ros2_esp32) StdoutLine: {'line': b'[ 44%] \x1b[32mBuilding C object esp-idf/esp_hw_support/CMakeFiles/__idf_esp_hw_support.dir/clk_ctrl_os.c.obj\x1b[0m\n'}
[28.715661] (Ros2_esp32) StdoutLine: {'line': b'[ 44%] \x1b[32mBuilding C object esp-idf/esp_hw_support/CMakeFiles/__idf_esp_hw_support.dir/periph_ctrl.c.obj\x1b[0m\n'}
[28.715920] (Ros2_esp32) StdoutLine: {'line': b'[ 44%] \x1b[32mBuilding C object esp-idf/esp_hw_support/CMakeFiles/__idf_esp_hw_support.dir/mac_addr.c.obj\x1b[0m\n'}
[28.715996] (Ros2_esp32) StdoutLine: {'line': b'[ 44%] \x1b[32mBuilding C object esp-idf/esp_hw_support/CMakeFiles/__idf_esp_hw_support.dir/revision.c.obj\x1b[0m\n'}
[28.716064] (Ros2_esp32) StdoutLine: {'line': b'[ 44%] \x1b[32mBuilding C object esp-idf/esp_hw_support/CMakeFiles/__idf_esp_hw_support.dir/rtc_module.c.obj\x1b[0m\n'}
[28.716940] (Ros2_esp32) StdoutLine: {'line': b'[ 44%] \x1b[32mBuilding C object esp-idf/esp_hw_support/CMakeFiles/__idf_esp_hw_support.dir/hw_random.c.obj\x1b[0m\n'}
[28.717196] (Ros2_esp32) StdoutLine: {'line': b'[ 45%] \x1b[32mBuilding C object esp-idf/esp_hw_support/CMakeFiles/__idf_esp_hw_support.dir/intr_alloc.c.obj\x1b[0m\n'}
[28.725421] (-) TimerEvent: {}
[28.773514] (Ros2_esp32) StdoutLine: {'line': b'[ 45%] \x1b[32mBuilding C object esp-idf/esp_hw_support/CMakeFiles/__idf_esp_hw_support.dir/regi2c_ctrl.c.obj\x1b[0m\n'}
[28.785640] (Ros2_esp32) StdoutLine: {'line': b'[ 45%] \x1b[32mBuilding C object esp-idf/esp_hw_support/CMakeFiles/__idf_esp_hw_support.dir/esp_gpio_reserve.c.obj\x1b[0m\n'}
[28.789980] (Ros2_esp32) StdoutLine: {'line': b'[ 45%] \x1b[32mBuilding C object esp-idf/esp_hw_support/CMakeFiles/__idf_esp_hw_support.dir/port/esp32s3/io_mux.c.obj\x1b[0m\n'}
[28.793012] (Ros2_esp32) StdoutLine: {'line': b'[ 45%] \x1b[32mBuilding C object esp-idf/esp_hw_support/CMakeFiles/__idf_esp_hw_support.dir/sar_periph_ctrl_common.c.obj\x1b[0m\n'}
[28.807558] (Ros2_esp32) StdoutLine: {'line': b'[ 45%] \x1b[32mBuilding C object esp-idf/esp_hw_support/CMakeFiles/__idf_esp_hw_support.dir/port/esp32s3/esp_clk_tree.c.obj\x1b[0m\n'}
[28.825566] (-) TimerEvent: {}
[28.837419] (Ros2_esp32) StdoutLine: {'line': b'[ 45%] \x1b[32mBuilding C object esp-idf/esp_hw_support/CMakeFiles/__idf_esp_hw_support.dir/dma/esp_dma_utils.c.obj\x1b[0m\n'}
[28.849286] (Ros2_esp32) StdoutLine: {'line': b'[ 46%] \x1b[32mBuilding C object esp-idf/esp_hw_support/CMakeFiles/__idf_esp_hw_support.dir/dma/gdma_link.c.obj\x1b[0m\n'}
[28.857646] (Ros2_esp32) StdoutLine: {'line': b'[ 46%] \x1b[32mBuilding C object esp-idf/esp_hw_support/CMakeFiles/__idf_esp_hw_support.dir/spi_bus_lock.c.obj\x1b[0m\n'}
[28.860267] (Ros2_esp32) StdoutLine: {'line': b'[ 46%] \x1b[32mBuilding C object esp-idf/esp_hw_support/CMakeFiles/__idf_esp_hw_support.dir/port/esp_clk_tree_common.c.obj\x1b[0m\n'}
[28.862450] (Ros2_esp32) StdoutLine: {'line': b'[ 46%] \x1b[32mBuilding C object esp-idf/esp_hw_support/CMakeFiles/__idf_esp_hw_support.dir/clk_utils.c.obj\x1b[0m\n'}
[28.880265] (Ros2_esp32) StdoutLine: {'line': b'[ 46%] \x1b[32mBuilding C object esp-idf/esp_hw_support/CMakeFiles/__idf_esp_hw_support.dir/spi_share_hw_ctrl.c.obj\x1b[0m\n'}
[28.926284] (-) TimerEvent: {}
[28.935373] (Ros2_esp32) StdoutLine: {'line': b'[ 46%] \x1b[32mBuilding C object esp-idf/esp_hw_support/CMakeFiles/__idf_esp_hw_support.dir/adc_share_hw_ctrl.c.obj\x1b[0m\n'}
[28.947529] (Ros2_esp32) StdoutLine: {'line': b'[ 46%] \x1b[32mBuilding C object esp-idf/esp_hw_support/CMakeFiles/__idf_esp_hw_support.dir/sleep_modem.c.obj\x1b[0m\n'}
[28.948582] (Ros2_esp32) StdoutLine: {'line': b'[ 46%] \x1b[32mBuilding C object esp-idf/esp_hw_support/CMakeFiles/__idf_esp_hw_support.dir/sleep_modes.c.obj\x1b[0m\n'}
[28.950090] (Ros2_esp32) StdoutLine: {'line': b'[ 46%] \x1b[32mBuilding C object esp-idf/esp_hw_support/CMakeFiles/__idf_esp_hw_support.dir/sleep_console.c.obj\x1b[0m\n'}
[28.978793] (Ros2_esp32) StdoutLine: {'line': b'[ 46%] \x1b[32mBuilding C object esp-idf/esp_hw_support/CMakeFiles/__idf_esp_hw_support.dir/sleep_mspi.c.obj\x1b[0m\n'}
[28.989227] (Ros2_esp32) StdoutLine: {'line': b'[ 47%] \x1b[32mBuilding C object esp-idf/esp_hw_support/CMakeFiles/__idf_esp_hw_support.dir/sleep_usb.c.obj\x1b[0m\n'}
[29.004730] (Ros2_esp32) StdoutLine: {'line': b'[ 47%] \x1b[32mBuilding C object esp-idf/esp_hw_support/CMakeFiles/__idf_esp_hw_support.dir/sleep_gpio.c.obj\x1b[0m\n'}
[29.026420] (-) TimerEvent: {}
[29.030014] (Ros2_esp32) StdoutLine: {'line': b'[ 47%] \x1b[32mBuilding C object esp-idf/esp_hw_support/CMakeFiles/__idf_esp_hw_support.dir/sleep_event.c.obj\x1b[0m\n'}
[29.041212] (Ros2_esp32) StdoutLine: {'line': b'[ 47%] \x1b[32mBuilding C object esp-idf/esp_hw_support/CMakeFiles/__idf_esp_hw_support.dir/dma/gdma.c.obj\x1b[0m\n'}
[29.064407] (Ros2_esp32) StdoutLine: {'line': b'[ 47%] \x1b[32mBuilding C object esp-idf/esp_hw_support/CMakeFiles/__idf_esp_hw_support.dir/dma/esp_async_memcpy.c.obj\x1b[0m\n'}
[29.064827] (Ros2_esp32) StdoutLine: {'line': b'[ 47%] \x1b[32mBuilding C object esp-idf/esp_hw_support/CMakeFiles/__idf_esp_hw_support.dir/deprecated/gdma_legacy.c.obj\x1b[0m\n'}
[29.064980] (Ros2_esp32) StdoutLine: {'line': b'[ 47%] \x1b[32mBuilding C object esp-idf/esp_hw_support/CMakeFiles/__idf_esp_hw_support.dir/dma/async_memcpy_gdma.c.obj\x1b[0m\n'}
[29.073375] (Ros2_esp32) StdoutLine: {'line': b'[ 47%] \x1b[32mBuilding C object esp-idf/esp_hw_support/CMakeFiles/__idf_esp_hw_support.dir/mspi_timing_tuning/mspi_timing_tuning.c.obj\x1b[0m\n'}
[29.078572] (Ros2_esp32) StdoutLine: {'line': b'[ 47%] \x1b[32mBuilding C object esp-idf/esp_hw_support/CMakeFiles/__idf_esp_hw_support.dir/port/esp32s3/systimer.c.obj\x1b[0m\n'}
[29.080214] (Ros2_esp32) StdoutLine: {'line': b'[ 47%] \x1b[32mBuilding C object esp-idf/esp_hw_support/CMakeFiles/__idf_esp_hw_support.dir/sleep_wake_stub.c.obj\x1b[0m\n'}
[29.126571] (-) TimerEvent: {}
[29.129371] (Ros2_esp32) StdoutLine: {'line': b'[ 47%] \x1b[32mBuilding C object esp-idf/esp_hw_support/CMakeFiles/__idf_esp_hw_support.dir/esp_clock_output.c.obj\x1b[0m\n'}
[29.144432] (Ros2_esp32) StdoutLine: {'line': b'[ 48%] \x1b[32mBuilding C object esp-idf/esp_hw_support/CMakeFiles/__idf_esp_hw_support.dir/power_supply/brownout.c.obj\x1b[0m\n'}
[29.161708] (Ros2_esp32) StdoutLine: {'line': b'[ 48%] \x1b[32mBuilding C object esp-idf/esp_hw_support/CMakeFiles/__idf_esp_hw_support.dir/port/esp32s3/rtc_clk.c.obj\x1b[0m\n'}
[29.168349] (Ros2_esp32) StdoutLine: {'line': b'[ 48%] \x1b[32mBuilding C object esp-idf/esp_hw_support/CMakeFiles/__idf_esp_hw_support.dir/port/esp32s3/rtc_clk_init.c.obj\x1b[0m\n'}
[29.183342] (Ros2_esp32) StdoutLine: {'line': b'[ 48%] \x1b[32mBuilding C object esp-idf/esp_hw_support/CMakeFiles/__idf_esp_hw_support.dir/port/esp32s3/rtc_init.c.obj\x1b[0m\n'}
[29.208285] (Ros2_esp32) StdoutLine: {'line': b'[ 48%] \x1b[32mBuilding C object esp-idf/esp_hw_support/CMakeFiles/__idf_esp_hw_support.dir/port/esp32s3/rtc_sleep.c.obj\x1b[0m\n'}
[29.226715] (-) TimerEvent: {}
[29.233157] (Ros2_esp32) StdoutLine: {'line': b'[ 48%] \x1b[32mBuilding C object esp-idf/esp_hw_support/CMakeFiles/__idf_esp_hw_support.dir/port/esp32s3/chip_info.c.obj\x1b[0m\n'}
[29.233511] (Ros2_esp32) StdoutLine: {'line': b'[ 48%] \x1b[32mBuilding C object esp-idf/esp_hw_support/CMakeFiles/__idf_esp_hw_support.dir/port/esp32s3/rtc_time.c.obj\x1b[0m\n'}
[29.236857] (Ros2_esp32) StdoutLine: {'line': b'[ 48%] \x1b[32mBuilding C object esp-idf/esp_hw_support/CMakeFiles/__idf_esp_hw_support.dir/port/esp32s3/sar_periph_ctrl.c.obj\x1b[0m\n'}
[29.309830] (Ros2_esp32) StdoutLine: {'line': b'[ 48%] \x1b[32mBuilding C object esp-idf/esp_hw_support/CMakeFiles/__idf_esp_hw_support.dir/port/esp_memprot_conv.c.obj\x1b[0m\n'}
[29.312675] (Ros2_esp32) StdoutLine: {'line': b'[ 48%] \x1b[32mBuilding C object esp-idf/esp_hw_support/CMakeFiles/__idf_esp_hw_support.dir/mspi_timing_tuning/port/esp32s3/mspi_timing_config.c.obj\x1b[0m\n'}
[29.313481] (Ros2_esp32) StdoutLine: {'line': b'[ 48%] \x1b[32mBuilding C object esp-idf/esp_hw_support/CMakeFiles/__idf_esp_hw_support.dir/port/esp32s3/esp_memprot.c.obj\x1b[0m\n'}
[29.316726] (Ros2_esp32) StdoutLine: {'line': b'[ 50%] \x1b[32mBuilding C object esp-idf/esp_hw_support/CMakeFiles/__idf_esp_hw_support.dir/mspi_timing_tuning/port/esp32s3/mspi_timing_by_mspi_delay.c.obj\x1b[0m\n'}
[29.326880] (-) TimerEvent: {}
[29.333865] (Ros2_esp32) StdoutLine: {'line': b'[ 50%] \x1b[32mBuilding C object esp-idf/esp_hw_support/CMakeFiles/__idf_esp_hw_support.dir/lowpower/port/esp32s3/sleep_cpu.c.obj\x1b[0m\n'}
[29.426997] (-) TimerEvent: {}
[29.527377] (-) TimerEvent: {}
[29.627684] (-) TimerEvent: {}
[29.692103] (Ros2_esp32) StdoutLine: {'line': b'[ 50%] \x1b[32m\x1b[1mLinking C static library libesp_hw_support.a\x1b[0m\n'}
[29.727792] (-) TimerEvent: {}
[29.772102] (Ros2_esp32) StdoutLine: {'line': b'[ 50%] Built target __idf_esp_hw_support\n'}
[29.792467] (Ros2_esp32) StdoutLine: {'line': b'[ 50%] \x1b[32mBuilding C object esp-idf/esp_security/CMakeFiles/__idf_esp_security.dir/src/esp_hmac.c.obj\x1b[0m\n'}
[29.792699] (Ros2_esp32) StdoutLine: {'line': b'[ 50%] \x1b[32mBuilding C object esp-idf/esp_security/CMakeFiles/__idf_esp_security.dir/src/esp_ds.c.obj\x1b[0m\n'}
[29.792779] (Ros2_esp32) StdoutLine: {'line': b'[ 50%] \x1b[32mBuilding C object esp-idf/esp_security/CMakeFiles/__idf_esp_security.dir/src/init.c.obj\x1b[0m\n'}
[29.792867] (Ros2_esp32) StdoutLine: {'line': b'[ 50%] \x1b[32mBuilding C object esp-idf/esp_security/CMakeFiles/__idf_esp_security.dir/src/esp_crypto_lock.c.obj\x1b[0m\n'}
[29.792926] (Ros2_esp32) StdoutLine: {'line': b'[ 50%] \x1b[32mBuilding C object esp-idf/esp_security/CMakeFiles/__idf_esp_security.dir/src/esp_crypto_periph_clk.c.obj\x1b[0m\n'}
[29.827932] (-) TimerEvent: {}
[29.890663] (Ros2_esp32) StdoutLine: {'line': b'[ 50%] \x1b[32m\x1b[1mLinking C static library libesp_security.a\x1b[0m\n'}
[29.927246] (Ros2_esp32) StdoutLine: {'line': b'[ 50%] Built target __idf_esp_security\n'}
[29.927992] (-) TimerEvent: {}
[29.953151] (Ros2_esp32) StdoutLine: {'line': b'[ 50%] \x1b[32mBuilding C object esp-idf/soc/CMakeFiles/__idf_soc.dir/esp32s3/gpio_periph.c.obj\x1b[0m\n'}
[29.954144] (Ros2_esp32) StdoutLine: {'line': b'[ 50%] \x1b[32mBuilding C object esp-idf/soc/CMakeFiles/__idf_soc.dir/dport_access_common.c.obj\x1b[0m\n'}
[29.954672] (Ros2_esp32) StdoutLine: {'line': b'[ 50%] \x1b[32mBuilding C object esp-idf/soc/CMakeFiles/__idf_soc.dir/esp32s3/adc_periph.c.obj\x1b[0m\n'}
[29.954766] (Ros2_esp32) StdoutLine: {'line': b'[ 50%] \x1b[32mBuilding C object esp-idf/soc/CMakeFiles/__idf_soc.dir/esp32s3/interrupts.c.obj\x1b[0m\n'}
[29.954838] (Ros2_esp32) StdoutLine: {'line': b'[ 50%] \x1b[32mBuilding C object esp-idf/soc/CMakeFiles/__idf_soc.dir/lldesc.c.obj\x1b[0m\n'}
[29.954912] (Ros2_esp32) StdoutLine: {'line': b'[ 50%] \x1b[32mBuilding C object esp-idf/soc/CMakeFiles/__idf_soc.dir/esp32s3/gdma_periph.c.obj\x1b[0m\n'}
[29.955077] (Ros2_esp32) StdoutLine: {'line': b'[ 50%] \x1b[32mBuilding C object esp-idf/soc/CMakeFiles/__idf_soc.dir/esp32s3/dedic_gpio_periph.c.obj\x1b[0m\n'}
[29.955150] (Ros2_esp32) StdoutLine: {'line': b'[ 50%] \x1b[32mBuilding C object esp-idf/soc/CMakeFiles/__idf_soc.dir/esp32s3/uart_periph.c.obj\x1b[0m\n'}
[29.955981] (Ros2_esp32) StdoutLine: {'line': b'[ 50%] \x1b[32mBuilding C object esp-idf/soc/CMakeFiles/__idf_soc.dir/esp32s3/spi_periph.c.obj\x1b[0m\n'}
[29.956411] (Ros2_esp32) StdoutLine: {'line': b'[ 51%] \x1b[32mBuilding C object esp-idf/soc/CMakeFiles/__idf_soc.dir/esp32s3/ledc_periph.c.obj\x1b[0m\n'}
[29.958236] (Ros2_esp32) StdoutLine: {'line': b'[ 51%] \x1b[32mBuilding C object esp-idf/soc/CMakeFiles/__idf_soc.dir/esp32s3/rmt_periph.c.obj\x1b[0m\n'}
[29.959075] (Ros2_esp32) StdoutLine: {'line': b'[ 51%] \x1b[32mBuilding C object esp-idf/soc/CMakeFiles/__idf_soc.dir/esp32s3/pcnt_periph.c.obj\x1b[0m\n'}
[30.000288] (Ros2_esp32) StdoutLine: {'line': b'[ 51%] \x1b[32mBuilding C object esp-idf/soc/CMakeFiles/__idf_soc.dir/esp32s3/sdm_periph.c.obj\x1b[0m\n'}
[30.001588] (Ros2_esp32) StdoutLine: {'line': b'[ 51%] \x1b[32mBuilding C object esp-idf/soc/CMakeFiles/__idf_soc.dir/esp32s3/i2s_periph.c.obj\x1b[0m\n'}
[30.009291] (Ros2_esp32) StdoutLine: {'line': b'[ 51%] \x1b[32mBuilding C object esp-idf/soc/CMakeFiles/__idf_soc.dir/esp32s3/timer_periph.c.obj\x1b[0m\n'}
[30.009569] (Ros2_esp32) StdoutLine: {'line': b'[ 51%] \x1b[32mBuilding C object esp-idf/soc/CMakeFiles/__idf_soc.dir/esp32s3/temperature_sensor_periph.c.obj\x1b[0m\n'}
[30.010663] (Ros2_esp32) StdoutLine: {'line': b'[ 51%] \x1b[32mBuilding C object esp-idf/soc/CMakeFiles/__idf_soc.dir/esp32s3/mcpwm_periph.c.obj\x1b[0m\n'}
[30.011007] (Ros2_esp32) StdoutLine: {'line': b'[ 51%] \x1b[32mBuilding C object esp-idf/soc/CMakeFiles/__idf_soc.dir/esp32s3/mpi_periph.c.obj\x1b[0m\n'}
[30.011098] (Ros2_esp32) StdoutLine: {'line': b'[ 51%] \x1b[32mBuilding C object esp-idf/soc/CMakeFiles/__idf_soc.dir/esp32s3/i2c_periph.c.obj\x1b[0m\n'}
[30.011196] (Ros2_esp32) StdoutLine: {'line': b'[ 51%] \x1b[32mBuilding C object esp-idf/soc/CMakeFiles/__idf_soc.dir/esp32s3/lcd_periph.c.obj\x1b[0m\n'}
[30.014670] (Ros2_esp32) StdoutLine: {'line': b'[ 51%] \x1b[32mBuilding C object esp-idf/soc/CMakeFiles/__idf_soc.dir/esp32s3/touch_sensor_periph.c.obj\x1b[0m\n'}
[30.014992] (Ros2_esp32) StdoutLine: {'line': b'[ 52%] \x1b[32mBuilding C object esp-idf/soc/CMakeFiles/__idf_soc.dir/esp32s3/sdmmc_periph.c.obj\x1b[0m\n'}
[30.024694] (Ros2_esp32) StdoutLine: {'line': b'[ 52%] \x1b[32mBuilding C object esp-idf/soc/CMakeFiles/__idf_soc.dir/esp32s3/twai_periph.c.obj\x1b[0m\n'}
[30.026392] (<colcon_parallel_executor.executor.parallel.ParallelExecutorExtension object at 0x70ffe63ef8b0>) ParallelStatus: {'processing': ('Ros2_esp32',)}
[30.028145] (-) TimerEvent: {}
[30.038648] (Ros2_esp32) StdoutLine: {'line': b'[ 52%] \x1b[32mBuilding C object esp-idf/soc/CMakeFiles/__idf_soc.dir/esp32s3/wdt_periph.c.obj\x1b[0m\n'}
[30.053819] (Ros2_esp32) StdoutLine: {'line': b'[ 52%] \x1b[32mBuilding C object esp-idf/soc/CMakeFiles/__idf_soc.dir/esp32s3/usb_dwc_periph.c.obj\x1b[0m\n'}
[30.054612] (Ros2_esp32) StdoutLine: {'line': b'[ 52%] \x1b[32mBuilding C object esp-idf/soc/CMakeFiles/__idf_soc.dir/esp32s3/rtc_io_periph.c.obj\x1b[0m\n'}
[30.064562] (Ros2_esp32) StdoutLine: {'line': b'[ 52%] \x1b[32mBuilding C object esp-idf/soc/CMakeFiles/__idf_soc.dir/esp32s3/power_supply_periph.c.obj\x1b[0m\n'}
[30.064843] (Ros2_esp32) StdoutLine: {'line': b'[ 52%] \x1b[32mBuilding C object esp-idf/soc/CMakeFiles/__idf_soc.dir/esp32s3/cam_periph.c.obj\x1b[0m\n'}
[30.099714] (Ros2_esp32) StdoutLine: {'line': b'[ 52%] \x1b[32m\x1b[1mLinking C static library libsoc.a\x1b[0m\n'}
[30.128251] (-) TimerEvent: {}
[30.148657] (Ros2_esp32) StdoutLine: {'line': b'[ 52%] Built target __idf_soc\n'}
[30.169762] (Ros2_esp32) StdoutLine: {'line': b'[ 52%] \x1b[32mBuilding C object esp-idf/heap/CMakeFiles/__idf_heap.dir/heap_caps_init.c.obj\x1b[0m\n'}
[30.170040] (Ros2_esp32) StdoutLine: {'line': b'[ 52%] \x1b[32mBuilding C object esp-idf/heap/CMakeFiles/__idf_heap.dir/heap_caps.c.obj\x1b[0m\n'}
[30.170122] (Ros2_esp32) StdoutLine: {'line': b'[ 52%] \x1b[32mBuilding C object esp-idf/heap/CMakeFiles/__idf_heap.dir/tlsf/tlsf.c.obj\x1b[0m\n'}
[30.170704] (Ros2_esp32) StdoutLine: {'line': b'[ 52%] \x1b[32mBuilding C object esp-idf/heap/CMakeFiles/__idf_heap.dir/heap_caps_base.c.obj\x1b[0m\n'}
[30.170856] (Ros2_esp32) StdoutLine: {'line': b'[ 52%] \x1b[32mBuilding C object esp-idf/heap/CMakeFiles/__idf_heap.dir/port/memory_layout_utils.c.obj\x1b[0m\n'}
[30.170931] (Ros2_esp32) StdoutLine: {'line': b'[ 52%] \x1b[32mBuilding C object esp-idf/heap/CMakeFiles/__idf_heap.dir/multi_heap.c.obj\x1b[0m\n'}
[30.172578] (Ros2_esp32) StdoutLine: {'line': b'[ 52%] \x1b[32mBuilding C object esp-idf/heap/CMakeFiles/__idf_heap.dir/port/esp32s3/memory_layout.c.obj\x1b[0m\n'}
[30.228687] (-) TimerEvent: {}
[30.329061] (-) TimerEvent: {}
[30.429376] (-) TimerEvent: {}
[30.498669] (Ros2_esp32) StdoutLine: {'line': b'[ 52%] \x1b[32m\x1b[1mLinking C static library libheap.a\x1b[0m\n'}
[30.529478] (-) TimerEvent: {}
[30.544551] (Ros2_esp32) StdoutLine: {'line': b'[ 52%] Built target __idf_heap\n'}
[30.569263] (Ros2_esp32) StdoutLine: {'line': b'[ 52%] \x1b[32mBuilding C object esp-idf/log/CMakeFiles/__idf_log.dir/src/log_timestamp_common.c.obj\x1b[0m\n'}
[30.569580] (Ros2_esp32) StdoutLine: {'line': b'[ 52%] \x1b[32mBuilding C object esp-idf/log/CMakeFiles/__idf_log.dir/src/os/log_timestamp.c.obj\x1b[0m\n'}
[30.569679] (Ros2_esp32) StdoutLine: {'line': b'[ 52%] \x1b[32mBuilding C object esp-idf/log/CMakeFiles/__idf_log.dir/src/os/log_lock.c.obj\x1b[0m\n'}
[30.569750] (Ros2_esp32) StdoutLine: {'line': b'[ 52%] \x1b[32mBuilding C object esp-idf/log/CMakeFiles/__idf_log.dir/src/buffer/log_buffers.c.obj\x1b[0m\n'}
[30.569817] (Ros2_esp32) StdoutLine: {'line': b'[ 52%] \x1b[32mBuilding C object esp-idf/log/CMakeFiles/__idf_log.dir/src/os/util.c.obj\x1b[0m\n'}
[30.569886] (Ros2_esp32) StdoutLine: {'line': b'[ 52%] \x1b[32mBuilding C object esp-idf/log/CMakeFiles/__idf_log.dir/src/log_format_text.c.obj\x1b[0m\n'}
[30.569952] (Ros2_esp32) StdoutLine: {'line': b'[ 52%] \x1b[32mBuilding C object esp-idf/log/CMakeFiles/__idf_log.dir/src/util.c.obj\x1b[0m\n'}
[30.570104] (Ros2_esp32) StdoutLine: {'line': b'[ 53%] \x1b[32mBuilding C object esp-idf/log/CMakeFiles/__idf_log.dir/src/log_print.c.obj\x1b[0m\n'}
[30.570194] (Ros2_esp32) StdoutLine: {'line': b'[ 53%] \x1b[32mBuilding C object esp-idf/log/CMakeFiles/__idf_log.dir/src/log.c.obj\x1b[0m\n'}
[30.571636] (Ros2_esp32) StdoutLine: {'line': b'[ 53%] \x1b[32mBuilding C object esp-idf/log/CMakeFiles/__idf_log.dir/src/os/log_write.c.obj\x1b[0m\n'}
[30.573728] (Ros2_esp32) StdoutLine: {'line': b'[ 53%] \x1b[32mBuilding C object esp-idf/log/CMakeFiles/__idf_log.dir/src/log_level/log_level.c.obj\x1b[0m\n'}
[30.580727] (Ros2_esp32) StdoutLine: {'line': b'[ 53%] \x1b[32mBuilding C object esp-idf/log/CMakeFiles/__idf_log.dir/src/log_level/tag_log_level/tag_log_level.c.obj\x1b[0m\n'}
[30.627365] (Ros2_esp32) StdoutLine: {'line': b'[ 53%] \x1b[32mBuilding C object esp-idf/log/CMakeFiles/__idf_log.dir/src/log_level/tag_log_level/linked_list/log_linked_list.c.obj\x1b[0m\n'}
[30.630698] (-) TimerEvent: {}
[30.637155] (Ros2_esp32) StdoutLine: {'line': b'[ 53%] \x1b[32mBuilding C object esp-idf/log/CMakeFiles/__idf_log.dir/src/log_level/tag_log_level/cache/log_binary_heap.c.obj\x1b[0m\n'}
[30.697671] (Ros2_esp32) StdoutLine: {'line': b'[ 53%] \x1b[32m\x1b[1mLinking C static library liblog.a\x1b[0m\n'}
[30.730805] (-) TimerEvent: {}
[30.739228] (Ros2_esp32) StdoutLine: {'line': b'[ 53%] Built target __idf_log\n'}
[30.765379] (Ros2_esp32) StdoutLine: {'line': b'[ 53%] \x1b[32mBuilding C object esp-idf/hal/CMakeFiles/__idf_hal.dir/efuse_hal.c.obj\x1b[0m\n'}
[30.765670] (Ros2_esp32) StdoutLine: {'line': b'[ 54%] \x1b[32mBuilding C object esp-idf/hal/CMakeFiles/__idf_hal.dir/hal_utils.c.obj\x1b[0m\n'}
[30.765750] (Ros2_esp32) StdoutLine: {'line': b'[ 54%] \x1b[32mBuilding C object esp-idf/hal/CMakeFiles/__idf_hal.dir/esp32s3/efuse_hal.c.obj\x1b[0m\n'}
[30.765823] (Ros2_esp32) StdoutLine: {'line': b'[ 54%] \x1b[32mBuilding C object esp-idf/hal/CMakeFiles/__idf_hal.dir/mmu_hal.c.obj\x1b[0m\n'}
[30.765894] (Ros2_esp32) StdoutLine: {'line': b'[ 54%] \x1b[32mBuilding C object esp-idf/hal/CMakeFiles/__idf_hal.dir/mpu_hal.c.obj\x1b[0m\n'}
[30.765966] (Ros2_esp32) StdoutLine: {'line': b'[ 54%] \x1b[32mBuilding C object esp-idf/hal/CMakeFiles/__idf_hal.dir/color_hal.c.obj\x1b[0m\n'}
[30.766038] (Ros2_esp32) StdoutLine: {'line': b'[ 54%] \x1b[32mBuilding C object esp-idf/hal/CMakeFiles/__idf_hal.dir/cache_hal.c.obj\x1b[0m\n'}
[30.766680] (Ros2_esp32) StdoutLine: {'line': b'[ 54%] \x1b[32mBuilding C object esp-idf/hal/CMakeFiles/__idf_hal.dir/spi_flash_hal_iram.c.obj\x1b[0m\n'}
[30.766869] (Ros2_esp32) StdoutLine: {'line': b'[ 54%] \x1b[32mBuilding C object esp-idf/hal/CMakeFiles/__idf_hal.dir/spi_flash_hal.c.obj\x1b[0m\n'}
[30.767280] (Ros2_esp32) StdoutLine: {'line': b'[ 54%] \x1b[32mBuilding C object esp-idf/hal/CMakeFiles/__idf_hal.dir/esp32s3/clk_tree_hal.c.obj\x1b[0m\n'}
[30.769411] (Ros2_esp32) StdoutLine: {'line': b'[ 54%] \x1b[32mBuilding C object esp-idf/hal/CMakeFiles/__idf_hal.dir/systimer_hal.c.obj\x1b[0m\n'}
[30.769651] (Ros2_esp32) StdoutLine: {'line': b'[ 54%] \x1b[32mBuilding C object esp-idf/hal/CMakeFiles/__idf_hal.dir/spi_flash_encrypt_hal_iram.c.obj\x1b[0m\n'}
[30.833358] (Ros2_esp32) StdoutLine: {'line': b'[ 55%] \x1b[32mBuilding C object esp-idf/hal/CMakeFiles/__idf_hal.dir/uart_hal.c.obj\x1b[0m\n'}
[30.834846] (-) TimerEvent: {}
[30.850411] (Ros2_esp32) StdoutLine: {'line': b'[ 55%] \x1b[32mBuilding C object esp-idf/hal/CMakeFiles/__idf_hal.dir/uart_hal_iram.c.obj\x1b[0m\n'}
[30.855011] (Ros2_esp32) StdoutLine: {'line': b'[ 55%] \x1b[32mBuilding C object esp-idf/hal/CMakeFiles/__idf_hal.dir/rtc_io_hal.c.obj\x1b[0m\n'}
[30.859327] (Ros2_esp32) StdoutLine: {'line': b'[ 55%] \x1b[32mBuilding C object esp-idf/hal/CMakeFiles/__idf_hal.dir/gpio_hal.c.obj\x1b[0m\n'}
[30.867214] (Ros2_esp32) StdoutLine: {'line': b'[ 55%] \x1b[32mBuilding C object esp-idf/hal/CMakeFiles/__idf_hal.dir/timer_hal.c.obj\x1b[0m\n'}
[30.892392] (Ros2_esp32) StdoutLine: {'line': b'[ 55%] \x1b[32mBuilding C object esp-idf/hal/CMakeFiles/__idf_hal.dir/ledc_hal.c.obj\x1b[0m\n'}
[30.896048] (Ros2_esp32) StdoutLine: {'line': b'[ 55%] \x1b[32mBuilding C object esp-idf/hal/CMakeFiles/__idf_hal.dir/ledc_hal_iram.c.obj\x1b[0m\n'}
[30.915792] (Ros2_esp32) StdoutLine: {'line': b'[ 55%] \x1b[32mBuilding C object esp-idf/hal/CMakeFiles/__idf_hal.dir/i2c_hal.c.obj\x1b[0m\n'}
[30.923128] (Ros2_esp32) StdoutLine: {'line': b'[ 55%] \x1b[32mBuilding C object esp-idf/hal/CMakeFiles/__idf_hal.dir/i2c_hal_iram.c.obj\x1b[0m\n'}
[30.927586] (Ros2_esp32) StdoutLine: {'line': b'[ 55%] \x1b[32mBuilding C object esp-idf/hal/CMakeFiles/__idf_hal.dir/rmt_hal.c.obj\x1b[0m\n'}
[30.935635] (-) TimerEvent: {}
[30.973297] (Ros2_esp32) StdoutLine: {'line': b'[ 55%] \x1b[32mBuilding C object esp-idf/hal/CMakeFiles/__idf_hal.dir/pcnt_hal.c.obj\x1b[0m\n'}
[30.977653] (Ros2_esp32) StdoutLine: {'line': b'[ 56%] \x1b[32mBuilding C object esp-idf/hal/CMakeFiles/__idf_hal.dir/mcpwm_hal.c.obj\x1b[0m\n'}
[30.979107] (Ros2_esp32) StdoutLine: {'line': b'[ 56%] \x1b[32mBuilding C object esp-idf/hal/CMakeFiles/__idf_hal.dir/uhci_hal.c.obj\x1b[0m\n'}
[30.989270] (Ros2_esp32) StdoutLine: {'line': b'[ 56%] \x1b[32mBuilding C object esp-idf/hal/CMakeFiles/__idf_hal.dir/twai_hal_v1.c.obj\x1b[0m\n'}
[31.002279] (Ros2_esp32) StdoutLine: {'line': b'[ 56%] \x1b[32mBuilding C object esp-idf/hal/CMakeFiles/__idf_hal.dir/gdma_hal_ahb_v1.c.obj\x1b[0m\n'}
[31.002542] (Ros2_esp32) StdoutLine: {'line': b'[ 56%] \x1b[32mBuilding C object esp-idf/hal/CMakeFiles/__idf_hal.dir/gdma_hal_top.c.obj\x1b[0m\n'}
[31.003622] (Ros2_esp32) StdoutLine: {'line': b'[ 56%] \x1b[32mBuilding C object esp-idf/hal/CMakeFiles/__idf_hal.dir/i2s_hal.c.obj\x1b[0m\n'}
[31.010706] (Ros2_esp32) StdoutLine: {'line': b'[ 56%] \x1b[32mBuilding C object esp-idf/hal/CMakeFiles/__idf_hal.dir/sdm_hal.c.obj\x1b[0m\n'}
[31.015672] (Ros2_esp32) StdoutLine: {'line': b'[ 56%] \x1b[32mBuilding C object esp-idf/hal/CMakeFiles/__idf_hal.dir/sdmmc_hal.c.obj\x1b[0m\n'}
[31.035667] (-) TimerEvent: {}
[31.037094] (Ros2_esp32) StdoutLine: {'line': b'[ 56%] \x1b[32mBuilding C object esp-idf/hal/CMakeFiles/__idf_hal.dir/adc_hal_common.c.obj\x1b[0m\n'}
[31.047488] (Ros2_esp32) StdoutLine: {'line': b'[ 56%] \x1b[32mBuilding C object esp-idf/hal/CMakeFiles/__idf_hal.dir/adc_oneshot_hal.c.obj\x1b[0m\n'}
[31.054309] (Ros2_esp32) StdoutLine: {'line': b'[ 56%] \x1b[32mBuilding C object esp-idf/hal/CMakeFiles/__idf_hal.dir/adc_hal.c.obj\x1b[0m\n'}
[31.059208] (Ros2_esp32) StdoutLine: {'line': b'[ 57%] \x1b[32mBuilding C object esp-idf/hal/CMakeFiles/__idf_hal.dir/lcd_hal.c.obj\x1b[0m\n'}
[31.064463] (Ros2_esp32) StdoutLine: {'line': b'[ 57%] \x1b[32mBuilding C object esp-idf/hal/CMakeFiles/__idf_hal.dir/mpi_hal.c.obj\x1b[0m\n'}
[31.072394] (Ros2_esp32) StdoutLine: {'line': b'[ 57%] \x1b[32mBuilding C object esp-idf/hal/CMakeFiles/__idf_hal.dir/sha_hal.c.obj\x1b[0m\n'}
[31.099839] (Ros2_esp32) StdoutLine: {'line': b'[ 57%] \x1b[32mBuilding C object esp-idf/hal/CMakeFiles/__idf_hal.dir/brownout_hal.c.obj\x1b[0m\n'}
[31.101445] (Ros2_esp32) StdoutLine: {'line': b'[ 57%] \x1b[32mBuilding C object esp-idf/hal/CMakeFiles/__idf_hal.dir/spi_hal.c.obj\x1b[0m\n'}
[31.102583] (Ros2_esp32) StdoutLine: {'line': b'[ 57%] \x1b[32mBuilding C object esp-idf/hal/CMakeFiles/__idf_hal.dir/aes_hal.c.obj\x1b[0m\n'}
[31.135833] (-) TimerEvent: {}
[31.167323] (Ros2_esp32) StdoutLine: {'line': b'[ 57%] \x1b[32mBuilding C object esp-idf/hal/CMakeFiles/__idf_hal.dir/spi_hal_iram.c.obj\x1b[0m\n'}
[31.192603] (Ros2_esp32) StdoutLine: {'line': b'[ 57%] \x1b[32mBuilding C object esp-idf/hal/CMakeFiles/__idf_hal.dir/spi_slave_hal_iram.c.obj\x1b[0m\n'}
[31.197928] (Ros2_esp32) StdoutLine: {'line': b'[ 57%] \x1b[32mBuilding C object esp-idf/hal/CMakeFiles/__idf_hal.dir/spi_slave_hal.c.obj\x1b[0m\n'}
[31.198267] (Ros2_esp32) StdoutLine: {'line': b'[ 57%] \x1b[32mBuilding C object esp-idf/hal/CMakeFiles/__idf_hal.dir/spi_slave_hd_hal.c.obj\x1b[0m\n'}
[31.207928] (Ros2_esp32) StdoutLine: {'line': b'[ 58%] \x1b[32mBuilding C object esp-idf/hal/CMakeFiles/__idf_hal.dir/spi_flash_hal_gpspi.c.obj\x1b[0m\n'}
[31.212758] (Ros2_esp32) StdoutLine: {'line': b'[ 58%] \x1b[32mBuilding C object esp-idf/hal/CMakeFiles/__idf_hal.dir/hmac_hal.c.obj\x1b[0m\n'}
[31.213914] (Ros2_esp32) StdoutLine: {'line': b'[ 58%] \x1b[32mBuilding C object esp-idf/hal/CMakeFiles/__idf_hal.dir/ds_hal.c.obj\x1b[0m\n'}
[31.221710] (Ros2_esp32) StdoutLine: {'line': b'[ 58%] \x1b[32mBuilding C object esp-idf/hal/CMakeFiles/__idf_hal.dir/cam_hal.c.obj\x1b[0m\n'}
[31.231446] (Ros2_esp32) StdoutLine: {'line': b'[ 58%] \x1b[32mBuilding C object esp-idf/hal/CMakeFiles/__idf_hal.dir/usb_serial_jtag_hal.c.obj\x1b[0m\n'}
[31.237338] (-) TimerEvent: {}
[31.247876] (Ros2_esp32) StdoutLine: {'line': b'[ 58%] \x1b[32mBuilding C object esp-idf/hal/CMakeFiles/__idf_hal.dir/usb_dwc_hal.c.obj\x1b[0m\n'}
[31.252214] (Ros2_esp32) StdoutLine: {'line': b'[ 58%] \x1b[32mBuilding C object esp-idf/hal/CMakeFiles/__idf_hal.dir/usb_wrap_hal.c.obj\x1b[0m\n'}
[31.302479] (Ros2_esp32) StdoutLine: {'line': b'[ 58%] \x1b[32mBuilding C object esp-idf/hal/CMakeFiles/__idf_hal.dir/esp32s3/touch_sensor_hal.c.obj\x1b[0m\n'}
[31.303342] (Ros2_esp32) StdoutLine: {'line': b'[ 58%] \x1b[32mBuilding C object esp-idf/hal/CMakeFiles/__idf_hal.dir/touch_sensor_hal.c.obj\x1b[0m\n'}
[31.317280] (Ros2_esp32) StdoutLine: {'line': b'[ 58%] \x1b[32mBuilding C object esp-idf/hal/CMakeFiles/__idf_hal.dir/touch_sens_hal.c.obj\x1b[0m\n'}
[31.321529] (Ros2_esp32) StdoutLine: {'line': b'[ 58%] \x1b[32mBuilding C object esp-idf/hal/CMakeFiles/__idf_hal.dir/xt_wdt_hal.c.obj\x1b[0m\n'}
[31.325411] (Ros2_esp32) StdoutLine: {'line': b'[ 59%] \x1b[32mBuilding C object esp-idf/hal/CMakeFiles/__idf_hal.dir/esp32s3/rtc_cntl_hal.c.obj\x1b[0m\n'}
[31.338375] (-) TimerEvent: {}
[31.438919] (-) TimerEvent: {}
[31.446778] (Ros2_esp32) StdoutLine: {'line': b'[ 59%] \x1b[32m\x1b[1mLinking C static library libhal.a\x1b[0m\n'}
[31.530632] (Ros2_esp32) StdoutLine: {'line': b'[ 59%] Built target __idf_hal\n'}
[31.539034] (-) TimerEvent: {}
[31.540698] (Ros2_esp32) StdoutLine: {'line': b'\x1b[35m\x1b[1mScanning dependencies of target __idf_esp_rom\x1b[0m\n'}
[31.557809] (Ros2_esp32) StdoutLine: {'line': b'[ 60%] \x1b[32mBuilding C object esp-idf/esp_rom/CMakeFiles/__idf_esp_rom.dir/patches/esp_rom_print.c.obj\x1b[0m\n'}
[31.558103] (Ros2_esp32) StdoutLine: {'line': b'[ 60%] \x1b[32mBuilding C object esp-idf/esp_rom/CMakeFiles/__idf_esp_rom.dir/patches/esp_rom_sys.c.obj\x1b[0m\n'}
[31.558200] (Ros2_esp32) StdoutLine: {'line': b'[ 60%] \x1b[32mBuilding C object esp-idf/esp_rom/CMakeFiles/__idf_esp_rom.dir/patches/esp_rom_crc.c.obj\x1b[0m\n'}
[31.558278] (Ros2_esp32) StdoutLine: {'line': b'[ 60%] \x1b[32mBuilding C object esp-idf/esp_rom/CMakeFiles/__idf_esp_rom.dir/patches/esp_rom_uart.c.obj\x1b[0m\n'}
[31.558345] (Ros2_esp32) StdoutLine: {'line': b'[ 60%] \x1b[32mBuilding C object esp-idf/esp_rom/CMakeFiles/__idf_esp_rom.dir/patches/esp_rom_spiflash.c.obj\x1b[0m\n'}
[31.558416] (Ros2_esp32) StdoutLine: {'line': b'[ 60%] \x1b[32mBuilding C object esp-idf/esp_rom/CMakeFiles/__idf_esp_rom.dir/patches/esp_rom_efuse.c.obj\x1b[0m\n'}
[31.558481] (Ros2_esp32) StdoutLine: {'line': b'[ 60%] \x1b[32mBuilding ASM object esp-idf/esp_rom/CMakeFiles/__idf_esp_rom.dir/patches/esp_rom_longjmp.S.obj\x1b[0m\n'}
[31.558565] (Ros2_esp32) StdoutLine: {'line': b'[ 60%] \x1b[32mBuilding C object esp-idf/esp_rom/CMakeFiles/__idf_esp_rom.dir/patches/esp_rom_gpio.c.obj\x1b[0m\n'}
[31.559285] (Ros2_esp32) StdoutLine: {'line': b'[ 60%] \x1b[32mBuilding C object esp-idf/esp_rom/CMakeFiles/__idf_esp_rom.dir/patches/esp_rom_wdt.c.obj\x1b[0m\n'}
[31.562774] (Ros2_esp32) StdoutLine: {'line': b'[ 61%] \x1b[32mBuilding ASM object esp-idf/esp_rom/CMakeFiles/__idf_esp_rom.dir/patches/esp_rom_cache_writeback_esp32s3.S.obj\x1b[0m\n'}
[31.563930] (Ros2_esp32) StdoutLine: {'line': b'[ 61%] \x1b[32mBuilding C object esp-idf/esp_rom/CMakeFiles/__idf_esp_rom.dir/patches/esp_rom_cache_esp32s2_esp32s3.c.obj\x1b[0m\n'}
[31.564352] (Ros2_esp32) StdoutLine: {'line': b'[ 61%] \x1b[32mBuilding C object esp-idf/esp_rom/CMakeFiles/__idf_esp_rom.dir/patches/esp_rom_systimer.c.obj\x1b[0m\n'}
[31.639197] (-) TimerEvent: {}
[31.649217] (Ros2_esp32) StdoutLine: {'line': b'[ 61%] \x1b[32m\x1b[1mLinking C static library libesp_rom.a\x1b[0m\n'}
[31.689338] (Ros2_esp32) StdoutLine: {'line': b'[ 61%] Built target __idf_esp_rom\n'}
[31.708924] (Ros2_esp32) StdoutLine: {'line': b'[ 61%] \x1b[32mBuilding C object esp-idf/esp_common/CMakeFiles/__idf_esp_common.dir/src/esp_err_to_name.c.obj\x1b[0m\n'}
[31.739237] (-) TimerEvent: {}
[31.839520] (-) TimerEvent: {}
[31.901468] (Ros2_esp32) StdoutLine: {'line': b'[ 61%] \x1b[32m\x1b[1mLinking C static library libesp_common.a\x1b[0m\n'}
[31.934280] (Ros2_esp32) StdoutLine: {'line': b'[ 61%] Built target __idf_esp_common\n'}
[31.939633] (-) TimerEvent: {}
[31.944836] (Ros2_esp32) StdoutLine: {'line': b'\x1b[35m\x1b[1mScanning dependencies of target __idf_esp_system\x1b[0m\n'}
[31.970884] (Ros2_esp32) StdoutLine: {'line': b'[ 61%] \x1b[32mBuilding C object esp-idf/esp_system/CMakeFiles/__idf_esp_system.dir/crosscore_int.c.obj\x1b[0m\n'}
[31.973159] (Ros2_esp32) StdoutLine: {'line': b'[ 61%] \x1b[32mBuilding C object esp-idf/esp_system/CMakeFiles/__idf_esp_system.dir/esp_ipc.c.obj\x1b[0m\n'}
[31.973437] (Ros2_esp32) StdoutLine: {'line': b'[ 61%] \x1b[32mBuilding C object esp-idf/esp_system/CMakeFiles/__idf_esp_system.dir/freertos_hooks.c.obj\x1b[0m\n'}
[31.973513] (Ros2_esp32) StdoutLine: {'line': b'[ 61%] \x1b[32mBuilding C object esp-idf/esp_system/CMakeFiles/__idf_esp_system.dir/esp_system.c.obj\x1b[0m\n'}
[31.973643] (Ros2_esp32) StdoutLine: {'line': b'[ 61%] \x1b[32mBuilding C object esp-idf/esp_system/CMakeFiles/__idf_esp_system.dir/panic.c.obj\x1b[0m\n'}
[31.973733] (Ros2_esp32) StdoutLine: {'line': b'[ 61%] \x1b[32mBuilding C object esp-idf/esp_system/CMakeFiles/__idf_esp_system.dir/int_wdt.c.obj\x1b[0m\n'}
[31.973813] (Ros2_esp32) StdoutLine: {'line': b'[ 62%] \x1b[32mBuilding C object esp-idf/esp_system/CMakeFiles/__idf_esp_system.dir/esp_system_console.c.obj\x1b[0m\n'}
[31.973899] (Ros2_esp32) StdoutLine: {'line': b'[ 62%] \x1b[32mBuilding C object esp-idf/esp_system/CMakeFiles/__idf_esp_system.dir/esp_err.c.obj\x1b[0m\n'}
[31.974034] (Ros2_esp32) StdoutLine: {'line': b'[ 62%] \x1b[32mBuilding C object esp-idf/esp_system/CMakeFiles/__idf_esp_system.dir/startup.c.obj\x1b[0m\n'}
[31.974119] (Ros2_esp32) StdoutLine: {'line': b'[ 62%] \x1b[32mBuilding C object esp-idf/esp_system/CMakeFiles/__idf_esp_system.dir/startup_funcs.c.obj\x1b[0m\n'}
[31.977035] (Ros2_esp32) StdoutLine: {'line': b'[ 62%] \x1b[32mBuilding C object esp-idf/esp_system/CMakeFiles/__idf_esp_system.dir/system_time.c.obj\x1b[0m\n'}
[31.977362] (Ros2_esp32) StdoutLine: {'line': b'[ 62%] \x1b[32mBuilding C object esp-idf/esp_system/CMakeFiles/__idf_esp_system.dir/stack_check.c.obj\x1b[0m\n'}
[32.040279] (-) TimerEvent: {}
[32.048377] (Ros2_esp32) StdoutLine: {'line': b'[ 62%] \x1b[32mBuilding C object esp-idf/esp_system/CMakeFiles/__idf_esp_system.dir/ubsan.c.obj\x1b[0m\n'}
[32.054870] (Ros2_esp32) StdoutLine: {'line': b'[ 62%] \x1b[32mBuilding C object esp-idf/esp_system/CMakeFiles/__idf_esp_system.dir/xt_wdt.c.obj\x1b[0m\n'}
[32.056376] (Ros2_esp32) StdoutLine: {'line': b'[ 63%] \x1b[32mBuilding C object esp-idf/esp_system/CMakeFiles/__idf_esp_system.dir/task_wdt/task_wdt.c.obj\x1b[0m\n'}
[32.068896] (Ros2_esp32) StdoutLine: {'line': b'[ 63%] \x1b[32mBuilding C object esp-idf/esp_system/CMakeFiles/__idf_esp_system.dir/task_wdt/task_wdt_impl_timergroup.c.obj\x1b[0m\n'}
[32.082519] (Ros2_esp32) StdoutLine: {'line': b'[ 63%] \x1b[32mBuilding C object esp-idf/esp_system/CMakeFiles/__idf_esp_system.dir/port/cpu_start.c.obj\x1b[0m\n'}
[32.094492] (Ros2_esp32) StdoutLine: {'line': b'[ 63%] \x1b[32mBuilding C object esp-idf/esp_system/CMakeFiles/__idf_esp_system.dir/port/panic_handler.c.obj\x1b[0m\n'}
[32.097847] (Ros2_esp32) StdoutLine: {'line': b'[ 63%] \x1b[32mBuilding C object esp-idf/esp_system/CMakeFiles/__idf_esp_system.dir/port/esp_system_chip.c.obj\x1b[0m\n'}
[32.104668] (Ros2_esp32) StdoutLine: {'line': b'[ 63%] \x1b[32mBuilding C object esp-idf/esp_system/CMakeFiles/__idf_esp_system.dir/port/image_process.c.obj\x1b[0m\n'}
[32.140650] (-) TimerEvent: {}
[32.156713] (Ros2_esp32) StdoutLine: {'line': b'[ 63%] \x1b[32mBuilding C object esp-idf/esp_system/CMakeFiles/__idf_esp_system.dir/port/esp_ipc_isr.c.obj\x1b[0m\n'}
[32.163950] (Ros2_esp32) StdoutLine: {'line': b'[ 63%] \x1b[32mBuilding C object esp-idf/esp_system/CMakeFiles/__idf_esp_system.dir/port/arch/xtensa/esp_ipc_isr_port.c.obj\x1b[0m\n'}
[32.182188] (Ros2_esp32) StdoutLine: {'line': b'[ 63%] \x1b[32mBuilding ASM object esp-idf/esp_system/CMakeFiles/__idf_esp_system.dir/port/arch/xtensa/esp_ipc_isr_handler.S.obj\x1b[0m\n'}
[32.185052] (Ros2_esp32) StdoutLine: {'line': b'[ 63%] \x1b[32mBuilding ASM object esp-idf/esp_system/CMakeFiles/__idf_esp_system.dir/port/arch/xtensa/esp_ipc_isr_routines.S.obj\x1b[0m\n'}
[32.186150] (Ros2_esp32) StdoutLine: {'line': b'[ 64%] \x1b[32mBuilding C object esp-idf/esp_system/CMakeFiles/__idf_esp_system.dir/port/arch/xtensa/panic_arch.c.obj\x1b[0m\n'}
[32.214310] (Ros2_esp32) StdoutLine: {'line': b'[ 64%] \x1b[32mBuilding ASM object esp-idf/esp_system/CMakeFiles/__idf_esp_system.dir/port/arch/xtensa/panic_handler_asm.S.obj\x1b[0m\n'}
[32.232806] (Ros2_esp32) StdoutLine: {'line': b'[ 64%] \x1b[32mBuilding C object esp-idf/esp_system/CMakeFiles/__idf_esp_system.dir/port/arch/xtensa/expression_with_stack.c.obj\x1b[0m\n'}
[32.236420] (Ros2_esp32) StdoutLine: {'line': b'[ 64%] \x1b[32mBuilding ASM object esp-idf/esp_system/CMakeFiles/__idf_esp_system.dir/port/arch/xtensa/expression_with_stack_asm.S.obj\x1b[0m\n'}
[32.239919] (Ros2_esp32) StdoutLine: {'line': b'[ 64%] \x1b[32mBuilding C object esp-idf/esp_system/CMakeFiles/__idf_esp_system.dir/port/arch/xtensa/debug_helpers.c.obj\x1b[0m\n'}
[32.240898] (-) TimerEvent: {}
[32.241609] (Ros2_esp32) StdoutLine: {'line': b'[ 64%] \x1b[32mBuilding ASM object esp-idf/esp_system/CMakeFiles/__idf_esp_system.dir/port/arch/xtensa/debug_helpers_asm.S.obj\x1b[0m\n'}
[32.248360] (Ros2_esp32) StdoutLine: {'line': b'[ 64%] \x1b[32mBuilding C object esp-idf/esp_system/CMakeFiles/__idf_esp_system.dir/port/arch/xtensa/debug_stubs.c.obj\x1b[0m\n'}
[32.261817] (Ros2_esp32) StdoutLine: {'line': b'[ 64%] \x1b[32mBuilding C object esp-idf/esp_system/CMakeFiles/__idf_esp_system.dir/port/arch/xtensa/trax.c.obj\x1b[0m\n'}
[32.268342] (Ros2_esp32) StdoutLine: {'line': b'[ 64%] \x1b[32mBuilding ASM object esp-idf/esp_system/CMakeFiles/__idf_esp_system.dir/port/soc/esp32s3/highint_hdl.S.obj\x1b[0m\n'}
[32.277391] (Ros2_esp32) StdoutLine: {'line': b'[ 64%] \x1b[32mBuilding C object esp-idf/esp_system/CMakeFiles/__idf_esp_system.dir/port/soc/esp32s3/clk.c.obj\x1b[0m\n'}
[32.286894] (Ros2_esp32) StdoutLine: {'line': b'[ 64%] \x1b[32mBuilding C object esp-idf/esp_system/CMakeFiles/__idf_esp_system.dir/port/soc/esp32s3/reset_reason.c.obj\x1b[0m\n'}
[32.291912] (Ros2_esp32) StdoutLine: {'line': b'[ 65%] \x1b[32mBuilding C object esp-idf/esp_system/CMakeFiles/__idf_esp_system.dir/port/soc/esp32s3/system_internal.c.obj\x1b[0m\n'}
[32.301214] (Ros2_esp32) StdoutLine: {'line': b'[ 65%] \x1b[32mBuilding C object esp-idf/esp_system/CMakeFiles/__idf_esp_system.dir/port/soc/esp32s3/cache_err_int.c.obj\x1b[0m\n'}
[32.327735] (Ros2_esp32) StdoutLine: {'line': b'[ 65%] \x1b[32mBuilding C object esp-idf/esp_system/CMakeFiles/__idf_esp_system.dir/port/soc/esp32s3/apb_backup_dma.c.obj\x1b[0m\n'}
[32.341062] (-) TimerEvent: {}
[32.434004] (Ros2_esp32) StdoutLine: {'line': b'[ 65%] \x1b[32m\x1b[1mLinking C static library libesp_system.a\x1b[0m\n'}
[32.441160] (-) TimerEvent: {}
[32.495395] (Ros2_esp32) StdoutLine: {'line': b'[ 65%] Built target __idf_esp_system\n'}
[32.519385] (Ros2_esp32) StdoutLine: {'line': b'[ 66%] \x1b[32mBuilding C object esp-idf/spi_flash/CMakeFiles/__idf_spi_flash.dir/spi_flash_chip_generic.c.obj\x1b[0m\n'}
[32.520513] (Ros2_esp32) StdoutLine: {'line': b'[ 66%] \x1b[32mBuilding C object esp-idf/spi_flash/CMakeFiles/__idf_spi_flash.dir/spi_flash_hpm_enable.c.obj\x1b[0m\n'}
[32.521134] (Ros2_esp32) StdoutLine: {'line': b'[ 66%] \x1b[32mBuilding C object esp-idf/spi_flash/CMakeFiles/__idf_spi_flash.dir/spi_flash_chip_issi.c.obj\x1b[0m\n'}
[32.521626] (Ros2_esp32) StdoutLine: {'line': b'[ 66%] \x1b[32mBuilding C object esp-idf/spi_flash/CMakeFiles/__idf_spi_flash.dir/spi_flash_chip_drivers.c.obj\x1b[0m\n'}
[32.522190] (Ros2_esp32) StdoutLine: {'line': b'[ 66%] \x1b[32mBuilding C object esp-idf/spi_flash/CMakeFiles/__idf_spi_flash.dir/spi_flash_chip_boya.c.obj\x1b[0m\n'}
[32.522303] (Ros2_esp32) StdoutLine: {'line': b'[ 66%] \x1b[32mBuilding C object esp-idf/spi_flash/CMakeFiles/__idf_spi_flash.dir/spi_flash_chip_gd.c.obj\x1b[0m\n'}
[32.522376] (Ros2_esp32) StdoutLine: {'line': b'[ 66%] \x1b[32mBuilding C object esp-idf/spi_flash/CMakeFiles/__idf_spi_flash.dir/spi_flash_chip_winbond.c.obj\x1b[0m\n'}
[32.522455] (Ros2_esp32) StdoutLine: {'line': b'[ 66%] \x1b[32mBuilding C object esp-idf/spi_flash/CMakeFiles/__idf_spi_flash.dir/esp32s3/spi_flash_oct_flash_init.c.obj\x1b[0m\n'}
[32.522533] (Ros2_esp32) StdoutLine: {'line': b'[ 66%] \x1b[32mBuilding C object esp-idf/spi_flash/CMakeFiles/__idf_spi_flash.dir/spi_flash_chip_mxic.c.obj\x1b[0m\n'}
[32.522608] (Ros2_esp32) StdoutLine: {'line': b'[ 66%] \x1b[32mBuilding C object esp-idf/spi_flash/CMakeFiles/__idf_spi_flash.dir/flash_brownout_hook.c.obj\x1b[0m\n'}
[32.523574] (Ros2_esp32) StdoutLine: {'line': b'[ 66%] \x1b[32mBuilding C object esp-idf/spi_flash/CMakeFiles/__idf_spi_flash.dir/spi_flash_chip_mxic_opi.c.obj\x1b[0m\n'}
[32.523841] (Ros2_esp32) StdoutLine: {'line': b'[ 66%] \x1b[32mBuilding C object esp-idf/spi_flash/CMakeFiles/__idf_spi_flash.dir/spi_flash_chip_th.c.obj\x1b[0m\n'}
[32.541788] (-) TimerEvent: {}
[32.574436] (Ros2_esp32) StdoutLine: {'line': b'[ 66%] \x1b[32mBuilding C object esp-idf/spi_flash/CMakeFiles/__idf_spi_flash.dir/memspi_host_driver.c.obj\x1b[0m\n'}
[32.598606] (Ros2_esp32) StdoutLine: {'line': b'[ 67%] \x1b[32mBuilding C object esp-idf/spi_flash/CMakeFiles/__idf_spi_flash.dir/cache_utils.c.obj\x1b[0m\n'}
[32.600870] (Ros2_esp32) StdoutLine: {'line': b'[ 67%] \x1b[32mBuilding C object esp-idf/spi_flash/CMakeFiles/__idf_spi_flash.dir/flash_mmap.c.obj\x1b[0m\n'}
[32.604047] (Ros2_esp32) StdoutLine: {'line': b'[ 67%] \x1b[32mBuilding C object esp-idf/spi_flash/CMakeFiles/__idf_spi_flash.dir/flash_ops.c.obj\x1b[0m\n'}
[32.609280] (Ros2_esp32) StdoutLine: {'line': b'[ 67%] \x1b[32mBuilding C object esp-idf/spi_flash/CMakeFiles/__idf_spi_flash.dir/spi_flash_wrap.c.obj\x1b[0m\n'}
[32.621759] (Ros2_esp32) StdoutLine: {'line': b'[ 67%] \x1b[32mBuilding C object esp-idf/spi_flash/CMakeFiles/__idf_spi_flash.dir/esp_flash_api.c.obj\x1b[0m\n'}
[32.624607] (Ros2_esp32) StdoutLine: {'line': b'[ 67%] \x1b[32mBuilding C object esp-idf/spi_flash/CMakeFiles/__idf_spi_flash.dir/esp_flash_spi_init.c.obj\x1b[0m\n'}
[32.625481] (Ros2_esp32) StdoutLine: {'line': b'[ 67%] \x1b[32mBuilding C object esp-idf/spi_flash/CMakeFiles/__idf_spi_flash.dir/spi_flash_os_func_app.c.obj\x1b[0m\n'}
[32.641924] (-) TimerEvent: {}
[32.649473] (Ros2_esp32) StdoutLine: {'line': b'[ 67%] \x1b[32mBuilding C object esp-idf/spi_flash/CMakeFiles/__idf_spi_flash.dir/spi_flash_os_func_noos.c.obj\x1b[0m\n'}
[32.742072] (-) TimerEvent: {}
[32.843347] (-) TimerEvent: {}
[32.895185] (Ros2_esp32) StdoutLine: {'line': b'[ 67%] \x1b[32m\x1b[1mLinking C static library libspi_flash.a\x1b[0m\n'}
[32.943472] (-) TimerEvent: {}
[32.946184] (Ros2_esp32) StdoutLine: {'line': b'[ 67%] Built target __idf_spi_flash\n'}
[32.967017] (Ros2_esp32) StdoutLine: {'line': b'[ 68%] \x1b[32mBuilding C object esp-idf/esp_mm/CMakeFiles/__idf_esp_mm.dir/port/esp32s3/ext_mem_layout.c.obj\x1b[0m\n'}
[32.967264] (Ros2_esp32) StdoutLine: {'line': b'[ 68%] \x1b[32mBuilding C object esp-idf/esp_mm/CMakeFiles/__idf_esp_mm.dir/esp_mmu_map.c.obj\x1b[0m\n'}
[32.967350] (Ros2_esp32) StdoutLine: {'line': b'[ 68%] \x1b[32mBuilding C object esp-idf/esp_mm/CMakeFiles/__idf_esp_mm.dir/heap_align_hw.c.obj\x1b[0m\n'}
[32.967422] (Ros2_esp32) StdoutLine: {'line': b'[ 68%] \x1b[32mBuilding C object esp-idf/esp_mm/CMakeFiles/__idf_esp_mm.dir/esp_cache_msync.c.obj\x1b[0m\n'}
[32.968634] (Ros2_esp32) StdoutLine: {'line': b'[ 68%] \x1b[32mBuilding C object esp-idf/esp_mm/CMakeFiles/__idf_esp_mm.dir/esp_cache_utils.c.obj\x1b[0m\n'}
[33.044091] (-) TimerEvent: {}
[33.144496] (-) TimerEvent: {}
[33.169522] (Ros2_esp32) StdoutLine: {'line': b'[ 68%] \x1b[32m\x1b[1mLinking C static library libesp_mm.a\x1b[0m\n'}
[33.206410] (Ros2_esp32) StdoutLine: {'line': b'[ 68%] Built target __idf_esp_mm\n'}
[33.231100] (Ros2_esp32) StdoutLine: {'line': b'[ 68%] \x1b[32mBuilding C object esp-idf/bootloader_support/CMakeFiles/__idf_bootloader_support.dir/src/bootloader_mem.c.obj\x1b[0m\n'}
[33.231434] (Ros2_esp32) StdoutLine: {'line': b'[ 68%] \x1b[32mBuilding C object esp-idf/bootloader_support/CMakeFiles/__idf_bootloader_support.dir/src/bootloader_random.c.obj\x1b[0m\n'}
[33.231525] (Ros2_esp32) StdoutLine: {'line': b'[ 68%] \x1b[32mBuilding C object esp-idf/bootloader_support/CMakeFiles/__idf_bootloader_support.dir/src/bootloader_common_loader.c.obj\x1b[0m\n'}
[33.231599] (Ros2_esp32) StdoutLine: {'line': b'[ 68%] \x1b[32mBuilding C object esp-idf/bootloader_support/CMakeFiles/__idf_bootloader_support.dir/src/bootloader_efuse.c.obj\x1b[0m\n'}
[33.231673] (Ros2_esp32) StdoutLine: {'line': b'[ 68%] \x1b[32mBuilding C object esp-idf/bootloader_support/CMakeFiles/__idf_bootloader_support.dir/src/bootloader_common.c.obj\x1b[0m\n'}
[33.231745] (Ros2_esp32) StdoutLine: {'line': b'[ 68%] \x1b[32mBuilding C object esp-idf/bootloader_support/CMakeFiles/__idf_bootloader_support.dir/src/bootloader_clock_init.c.obj\x1b[0m\n'}
[33.232468] (Ros2_esp32) StdoutLine: {'line': b'[ 68%] \x1b[32mBuilding C object esp-idf/bootloader_support/CMakeFiles/__idf_bootloader_support.dir/src/bootloader_random_esp32s3.c.obj\x1b[0m\n'}
[33.234434] (Ros2_esp32) StdoutLine: {'line': b'[ 68%] \x1b[32mBuilding C object esp-idf/bootloader_support/CMakeFiles/__idf_bootloader_support.dir/src/flash_encrypt.c.obj\x1b[0m\n'}
[33.234692] (Ros2_esp32) StdoutLine: {'line': b'[ 68%] \x1b[32mBuilding C object esp-idf/bootloader_support/CMakeFiles/__idf_bootloader_support.dir/bootloader_flash/src/bootloader_flash.c.obj\x1b[0m\n'}
[33.234772] (Ros2_esp32) StdoutLine: {'line': b'[ 69%] \x1b[32mBuilding C object esp-idf/bootloader_support/CMakeFiles/__idf_bootloader_support.dir/bootloader_flash/src/flash_qio_mode.c.obj\x1b[0m\n'}
[33.234845] (Ros2_esp32) StdoutLine: {'line': b'[ 69%] \x1b[32mBuilding C object esp-idf/bootloader_support/CMakeFiles/__idf_bootloader_support.dir/src/secure_boot.c.obj\x1b[0m\n'}
[33.238047] (Ros2_esp32) StdoutLine: {'line': b'[ 69%] \x1b[32mBuilding C object esp-idf/bootloader_support/CMakeFiles/__idf_bootloader_support.dir/bootloader_flash/src/bootloader_flash_config_esp32s3.c.obj\x1b[0m\n'}
[33.244662] (-) TimerEvent: {}
[33.306025] (Ros2_esp32) StdoutLine: {'line': b'[ 69%] \x1b[32mBuilding C object esp-idf/bootloader_support/CMakeFiles/__idf_bootloader_support.dir/src/bootloader_utility.c.obj\x1b[0m\n'}
[33.315339] (Ros2_esp32) StdoutLine: {'line': b'[ 69%] \x1b[32mBuilding C object esp-idf/bootloader_support/CMakeFiles/__idf_bootloader_support.dir/src/flash_partitions.c.obj\x1b[0m\n'}
[33.322347] (Ros2_esp32) StdoutLine: {'line': b'[ 69%] \x1b[32mBuilding C object esp-idf/bootloader_support/CMakeFiles/__idf_bootloader_support.dir/src/esp_image_format.c.obj\x1b[0m\n'}
[33.332834] (Ros2_esp32) StdoutLine: {'line': b'[ 69%] \x1b[32mBuilding C object esp-idf/bootloader_support/CMakeFiles/__idf_bootloader_support.dir/src/bootloader_sha.c.obj\x1b[0m\n'}
[33.335375] (Ros2_esp32) StdoutLine: {'line': b'[ 69%] \x1b[32mBuilding C object esp-idf/bootloader_support/CMakeFiles/__idf_bootloader_support.dir/src/esp32s3/secure_boot_secure_features.c.obj\x1b[0m\n'}
[33.346472] (-) TimerEvent: {}
[33.446939] (-) TimerEvent: {}
[33.547269] (-) TimerEvent: {}
[33.547496] (Ros2_esp32) StdoutLine: {'line': b'[ 69%] \x1b[32m\x1b[1mLinking C static library libbootloader_support.a\x1b[0m\n'}
[33.594899] (Ros2_esp32) StdoutLine: {'line': b'[ 69%] Built target __idf_bootloader_support\n'}
[33.616250] (Ros2_esp32) StdoutLine: {'line': b'[ 69%] \x1b[32mBuilding C object esp-idf/efuse/CMakeFiles/__idf_efuse.dir/esp32s3/esp_efuse_rtc_calib.c.obj\x1b[0m\n'}
[33.616493] (Ros2_esp32) StdoutLine: {'line': b'[ 69%] \x1b[32mBuilding C object esp-idf/efuse/CMakeFiles/__idf_efuse.dir/esp32s3/esp_efuse_table.c.obj\x1b[0m\n'}
[33.617227] (Ros2_esp32) StdoutLine: {'line': b'[ 69%] \x1b[32mBuilding C object esp-idf/efuse/CMakeFiles/__idf_efuse.dir/esp32s3/esp_efuse_fields.c.obj\x1b[0m\n'}
[33.617473] (Ros2_esp32) StdoutLine: {'line': b'[ 69%] \x1b[32mBuilding C object esp-idf/efuse/CMakeFiles/__idf_efuse.dir/src/esp_efuse_api.c.obj\x1b[0m\n'}
[33.618371] (Ros2_esp32) StdoutLine: {'line': b'[ 69%] \x1b[32mBuilding C object esp-idf/efuse/CMakeFiles/__idf_efuse.dir/src/esp_efuse_utility.c.obj\x1b[0m\n'}
[33.618620] (Ros2_esp32) StdoutLine: {'line': b'[ 69%] \x1b[32mBuilding C object esp-idf/efuse/CMakeFiles/__idf_efuse.dir/esp32s3/esp_efuse_utility.c.obj\x1b[0m\n'}
[33.618694] (Ros2_esp32) StdoutLine: {'line': b'[ 70%] \x1b[32mBuilding C object esp-idf/efuse/CMakeFiles/__idf_efuse.dir/src/esp_efuse_fields.c.obj\x1b[0m\n'}
[33.619023] (Ros2_esp32) StdoutLine: {'line': b'[ 70%] \x1b[32mBuilding C object esp-idf/efuse/CMakeFiles/__idf_efuse.dir/src/esp_efuse_startup.c.obj\x1b[0m\n'}
[33.619144] (Ros2_esp32) StdoutLine: {'line': b'[ 70%] \x1b[32mBuilding C object esp-idf/efuse/CMakeFiles/__idf_efuse.dir/src/efuse_controller/keys/with_key_purposes/esp_efuse_api_key.c.obj\x1b[0m\n'}
[33.647395] (-) TimerEvent: {}
[33.747772] (-) TimerEvent: {}
[33.753831] (Ros2_esp32) StdoutLine: {'line': b'[ 70%] \x1b[32m\x1b[1mLinking C static library libefuse.a\x1b[0m\n'}
[33.798763] (Ros2_esp32) StdoutLine: {'line': b'[ 70%] Built target __idf_efuse\n'}
[33.818433] (Ros2_esp32) StdoutLine: {'line': b'[ 70%] \x1b[32mBuilding C object esp-idf/esp_partition/CMakeFiles/__idf_esp_partition.dir/partition.c.obj\x1b[0m\n'}
[33.818642] (Ros2_esp32) StdoutLine: {'line': b'[ 70%] \x1b[32mBuilding C object esp-idf/esp_partition/CMakeFiles/__idf_esp_partition.dir/partition_target.c.obj\x1b[0m\n'}
[33.847901] (-) TimerEvent: {}
[33.933901] (Ros2_esp32) StdoutLine: {'line': b'[ 70%] \x1b[32m\x1b[1mLinking C static library libesp_partition.a\x1b[0m\n'}
[33.948006] (-) TimerEvent: {}
[33.968874] (Ros2_esp32) StdoutLine: {'line': b'[ 70%] Built target __idf_esp_partition\n'}
[33.989337] (Ros2_esp32) StdoutLine: {'line': b'[ 70%] \x1b[32mBuilding C object esp-idf/app_update/CMakeFiles/__idf_app_update.dir/esp_ota_app_desc.c.obj\x1b[0m\n'}
[33.989550] (Ros2_esp32) StdoutLine: {'line': b'[ 70%] \x1b[32mBuilding C object esp-idf/app_update/CMakeFiles/__idf_app_update.dir/esp_ota_ops.c.obj\x1b[0m\n'}
[34.048109] (-) TimerEvent: {}
[34.148412] (-) TimerEvent: {}
[34.203561] (Ros2_esp32) StdoutLine: {'line': b'[ 71%] \x1b[32m\x1b[1mLinking C static library libapp_update.a\x1b[0m\n'}
[34.240303] (Ros2_esp32) StdoutLine: {'line': b'[ 71%] Built target __idf_app_update\n'}
[34.248525] (-) TimerEvent: {}
[34.260369] (Ros2_esp32) StdoutLine: {'line': b'[ 71%] \x1b[32mBuilding C object esp-idf/esp_bootloader_format/CMakeFiles/__idf_esp_bootloader_format.dir/esp_bootloader_desc.c.obj\x1b[0m\n'}
[34.300423] (Ros2_esp32) StdoutLine: {'line': b'[ 71%] \x1b[32m\x1b[1mLinking C static library libesp_bootloader_format.a\x1b[0m\n'}
[34.335834] (Ros2_esp32) StdoutLine: {'line': b'[ 71%] Built target __idf_esp_bootloader_format\n'}
[34.348665] (-) TimerEvent: {}
[34.357290] (Ros2_esp32) StdoutLine: {'line': b'[ 71%] \x1b[32mBuilding C object esp-idf/esp_app_format/CMakeFiles/__idf_esp_app_format.dir/esp_app_desc.c.obj\x1b[0m\n'}
[34.422286] (Ros2_esp32) StdoutLine: {'line': b'[ 71%] \x1b[32m\x1b[1mLinking C static library libesp_app_format.a\x1b[0m\n'}
[34.448778] (-) TimerEvent: {}
[34.458284] (Ros2_esp32) StdoutLine: {'line': b'[ 71%] Built target __idf_esp_app_format\n'}
[34.485183] (Ros2_esp32) StdoutLine: {'line': b'[ 71%] \x1b[32mBuilding C object esp-idf/mbedtls/mbedtls/library/CMakeFiles/mbedtls.dir/mps_reader.c.obj\x1b[0m\n'}
[34.485487] (Ros2_esp32) StdoutLine: {'line': b'[ 71%] \x1b[32mBuilding C object esp-idf/mbedtls/mbedtls/library/CMakeFiles/mbedtls.dir/ssl_ciphersuites.c.obj\x1b[0m\n'}
[34.485562] (Ros2_esp32) StdoutLine: {'line': b'[ 71%] \x1b[32mBuilding C object esp-idf/mbedtls/mbedtls/library/CMakeFiles/mbedtls.dir/ssl_cache.c.obj\x1b[0m\n'}
[34.485636] (Ros2_esp32) StdoutLine: {'line': b'[ 71%] \x1b[32mBuilding C object esp-idf/mbedtls/mbedtls/library/CMakeFiles/mbedtls.dir/ssl_cookie.c.obj\x1b[0m\n'}
[34.485737] (Ros2_esp32) StdoutLine: {'line': b'[ 71%] \x1b[32mBuilding C object esp-idf/mbedtls/mbedtls/library/CMakeFiles/mbedtls.dir/mps_trace.c.obj\x1b[0m\n'}
[34.485794] (Ros2_esp32) StdoutLine: {'line': b'[ 71%] \x1b[32mBuilding C object esp-idf/mbedtls/mbedtls/library/CMakeFiles/mbedtls.dir/ssl_client.c.obj\x1b[0m\n'}
[34.485849] (Ros2_esp32) StdoutLine: {'line': b'[ 72%] \x1b[32mBuilding C object esp-idf/mbedtls/mbedtls/library/CMakeFiles/mbedtls.dir/ssl_msg.c.obj\x1b[0m\n'}
[34.485903] (Ros2_esp32) StdoutLine: {'line': b'[ 72%] \x1b[32mBuilding C object esp-idf/mbedtls/mbedtls/library/CMakeFiles/mbedtls.dir/ssl_debug_helpers_generated.c.obj\x1b[0m\n'}
[34.486336] (Ros2_esp32) StdoutLine: {'line': b'[ 72%] \x1b[32mBuilding C object esp-idf/mbedtls/mbedtls/library/CMakeFiles/mbedtls.dir/debug.c.obj\x1b[0m\n'}
[34.488656] (Ros2_esp32) StdoutLine: {'line': b'[ 72%] \x1b[32mBuilding C object esp-idf/mbedtls/mbedtls/library/CMakeFiles/mbedtls.dir/ssl_tls.c.obj\x1b[0m\n'}
[34.488951] (Ros2_esp32) StdoutLine: {'line': b'[ 72%] \x1b[32mBuilding C object esp-idf/mbedtls/mbedtls/library/CMakeFiles/mbedtls.dir/ssl_ticket.c.obj\x1b[0m\n'}
[34.489886] (Ros2_esp32) StdoutLine: {'line': b'[ 72%] \x1b[32mBuilding C object esp-idf/mbedtls/mbedtls/library/CMakeFiles/mbedtls.dir/ssl_tls12_client.c.obj\x1b[0m\n'}
[34.549128] (-) TimerEvent: {}
[34.552562] (Ros2_esp32) StdoutLine: {'line': b'[ 72%] \x1b[32mBuilding C object esp-idf/mbedtls/mbedtls/library/CMakeFiles/mbedtls.dir/ssl_tls12_server.c.obj\x1b[0m\n'}
[34.569159] (Ros2_esp32) StdoutLine: {'line': b'[ 72%] \x1b[32mBuilding C object esp-idf/mbedtls/mbedtls/library/CMakeFiles/mbedtls.dir/ssl_tls13_keys.c.obj\x1b[0m\n'}
[34.571104] (Ros2_esp32) StdoutLine: {'line': b'[ 72%] \x1b[32mBuilding C object esp-idf/mbedtls/mbedtls/library/CMakeFiles/mbedtls.dir/ssl_tls13_server.c.obj\x1b[0m\n'}
[34.644319] (Ros2_esp32) StdoutLine: {'line': b'[ 72%] \x1b[32mBuilding C object esp-idf/mbedtls/mbedtls/library/CMakeFiles/mbedtls.dir/ssl_tls13_client.c.obj\x1b[0m\n'}
[34.645351] (Ros2_esp32) StdoutLine: {'line': b'[ 72%] \x1b[32mBuilding C object esp-idf/mbedtls/mbedtls/library/CMakeFiles/mbedtls.dir/ssl_tls13_generic.c.obj\x1b[0m\n'}
[34.650062] (-) TimerEvent: {}
[34.659193] (Ros2_esp32) StdoutLine: {'line': b'[ 72%] \x1b[32mBuilding C object esp-idf/mbedtls/mbedtls/library/CMakeFiles/mbedtls.dir/home/diego/.espressif/v5.5/esp-idf/components/mbedtls/port/mbedtls_debug.c.obj\x1b[0m\n'}
[34.672310] (Ros2_esp32) StdoutLine: {'line': b'[ 73%] \x1b[32mBuilding C object esp-idf/mbedtls/mbedtls/library/CMakeFiles/mbedtls.dir/home/diego/.espressif/v5.5/esp-idf/components/mbedtls/port/esp_platform_time.c.obj\x1b[0m\n'}
[34.679145] (Ros2_esp32) StdoutLine: {'line': b'[ 73%] \x1b[32mBuilding C object esp-idf/mbedtls/mbedtls/library/CMakeFiles/mbedtls.dir/home/diego/.espressif/v5.5/esp-idf/components/mbedtls/port/net_sockets.c.obj\x1b[0m\n'}
[34.750966] (-) TimerEvent: {}
[34.851546] (-) TimerEvent: {}
[34.951896] (-) TimerEvent: {}
[35.052252] (-) TimerEvent: {}
[35.103017] (Ros2_esp32) StdoutLine: {'line': b'[ 73%] \x1b[32m\x1b[1mLinking CXX static library libmbedtls.a\x1b[0m\n'}
[35.152382] (-) TimerEvent: {}
[35.158027] (Ros2_esp32) StdoutLine: {'line': b'[ 73%] Built target mbedtls\n'}
[35.181389] (Ros2_esp32) StdoutLine: {'line': b'[ 73%] \x1b[32mBuilding C object esp-idf/mbedtls/mbedtls/library/CMakeFiles/mbedx509.dir/pkcs7.c.obj\x1b[0m\n'}
[35.181671] (Ros2_esp32) StdoutLine: {'line': b'[ 73%] \x1b[32mBuilding C object esp-idf/mbedtls/mbedtls/library/CMakeFiles/mbedx509.dir/x509_csr.c.obj\x1b[0m\n'}
[35.181744] (Ros2_esp32) StdoutLine: {'line': b'[ 73%] \x1b[32mBuilding C object esp-idf/mbedtls/mbedtls/library/CMakeFiles/mbedx509.dir/x509_crl.c.obj\x1b[0m\n'}
[35.182458] (Ros2_esp32) StdoutLine: {'line': b'[ 73%] \x1b[32mBuilding C object esp-idf/mbedtls/mbedtls/library/CMakeFiles/mbedx509.dir/x509_crt.c.obj\x1b[0m\n'}
[35.182695] (Ros2_esp32) StdoutLine: {'line': b'[ 73%] \x1b[32mBuilding C object esp-idf/mbedtls/mbedtls/library/CMakeFiles/mbedx509.dir/x509.c.obj\x1b[0m\n'}
[35.182776] (Ros2_esp32) StdoutLine: {'line': b'[ 73%] \x1b[32mBuilding C object esp-idf/mbedtls/mbedtls/library/CMakeFiles/mbedx509.dir/x509write.c.obj\x1b[0m\n'}
[35.182848] (Ros2_esp32) StdoutLine: {'line': b'[ 73%] \x1b[32mBuilding C object esp-idf/mbedtls/mbedtls/library/CMakeFiles/mbedx509.dir/x509_create.c.obj\x1b[0m\n'}
[35.183913] (Ros2_esp32) StdoutLine: {'line': b'[ 73%] \x1b[32mBuilding C object esp-idf/mbedtls/mbedtls/library/CMakeFiles/mbedx509.dir/x509write_crt.c.obj\x1b[0m\n'}
[35.187113] (Ros2_esp32) StdoutLine: {'line': b'[ 74%] \x1b[32mBuilding C object esp-idf/mbedtls/mbedtls/library/CMakeFiles/mbedx509.dir/x509write_csr.c.obj\x1b[0m\n'}
[35.252535] (-) TimerEvent: {}
[35.352917] (-) TimerEvent: {}
[35.453250] (-) TimerEvent: {}
[35.553589] (-) TimerEvent: {}
[35.580116] (Ros2_esp32) StdoutLine: {'line': b'[ 74%] \x1b[32m\x1b[1mLinking CXX static library libmbedx509.a\x1b[0m\n'}
[35.627457] (Ros2_esp32) StdoutLine: {'line': b'[ 74%] Built target mbedx509\n'}
[35.655023] (-) TimerEvent: {}
[35.655594] (Ros2_esp32) StdoutLine: {'line': b'[ 74%] \x1b[32mBuilding C object esp-idf/mbedtls/mbedtls/library/CMakeFiles/mbedcrypto.dir/aria.c.obj\x1b[0m\n'}
[35.656445] (Ros2_esp32) StdoutLine: {'line': b'[ 74%] \x1b[32mBuilding C object esp-idf/mbedtls/mbedtls/library/CMakeFiles/mbedcrypto.dir/aesni.c.obj\x1b[0m\n'}
[35.657040] (Ros2_esp32) StdoutLine: {'line': b'[ 74%] \x1b[32mBuilding C object esp-idf/mbedtls/mbedtls/library/CMakeFiles/mbedcrypto.dir/aes.c.obj\x1b[0m\n'}
[35.657157] (Ros2_esp32) StdoutLine: {'line': b'[ 74%] \x1b[32mBuilding C object esp-idf/mbedtls/mbedtls/library/CMakeFiles/mbedcrypto.dir/aesce.c.obj\x1b[0m\n'}
[35.657252] (Ros2_esp32) StdoutLine: {'line': b'[ 75%] \x1b[32mBuilding C object esp-idf/mbedtls/mbedtls/library/CMakeFiles/mbedcrypto.dir/asn1parse.c.obj\x1b[0m\n'}
[35.657324] (Ros2_esp32) StdoutLine: {'line': b'[ 75%] \x1b[32mBuilding C object esp-idf/mbedtls/mbedtls/library/CMakeFiles/mbedcrypto.dir/asn1write.c.obj\x1b[0m\n'}
[35.658686] (Ros2_esp32) StdoutLine: {'line': b'[ 75%] \x1b[32mBuilding C object esp-idf/mbedtls/mbedtls/library/CMakeFiles/mbedcrypto.dir/base64.c.obj\x1b[0m\n'}
[35.659518] (Ros2_esp32) StdoutLine: {'line': b'[ 75%] \x1b[32mBuilding C object esp-idf/mbedtls/mbedtls/library/CMakeFiles/mbedcrypto.dir/bignum_mod.c.obj\x1b[0m\n'}
[35.659830] (Ros2_esp32) StdoutLine: {'line': b'[ 75%] \x1b[32mBuilding C object esp-idf/mbedtls/mbedtls/library/CMakeFiles/mbedcrypto.dir/bignum.c.obj\x1b[0m\n'}
[35.659930] (Ros2_esp32) StdoutLine: {'line': b'[ 75%] \x1b[32mBuilding C object esp-idf/mbedtls/mbedtls/library/CMakeFiles/mbedcrypto.dir/bignum_core.c.obj\x1b[0m\n'}
[35.660790] (Ros2_esp32) StdoutLine: {'line': b'[ 75%] \x1b[32mBuilding C object esp-idf/mbedtls/mbedtls/library/CMakeFiles/mbedcrypto.dir/bignum_mod_raw.c.obj\x1b[0m\n'}
[35.668925] (Ros2_esp32) StdoutLine: {'line': b'[ 75%] \x1b[32mBuilding C object esp-idf/mbedtls/mbedtls/library/CMakeFiles/mbedcrypto.dir/block_cipher.c.obj\x1b[0m\n'}
[35.730032] (Ros2_esp32) StdoutLine: {'line': b'[ 75%] \x1b[32mBuilding C object esp-idf/mbedtls/mbedtls/library/CMakeFiles/mbedcrypto.dir/camellia.c.obj\x1b[0m\n'}
[35.735690] (Ros2_esp32) StdoutLine: {'line': b'[ 75%] \x1b[32mBuilding C object esp-idf/mbedtls/mbedtls/library/CMakeFiles/mbedcrypto.dir/ccm.c.obj\x1b[0m\n'}
[35.740886] (Ros2_esp32) StdoutLine: {'line': b'[ 75%] \x1b[32mBuilding C object esp-idf/mbedtls/mbedtls/library/CMakeFiles/mbedcrypto.dir/chacha20.c.obj\x1b[0m\n'}
[35.743001] (Ros2_esp32) StdoutLine: {'line': b'[ 75%] \x1b[32mBuilding C object esp-idf/mbedtls/mbedtls/library/CMakeFiles/mbedcrypto.dir/chachapoly.c.obj\x1b[0m\n'}
[35.755291] (-) TimerEvent: {}
[35.757864] (Ros2_esp32) StdoutLine: {'line': b'[ 76%] \x1b[32mBuilding C object esp-idf/mbedtls/mbedtls/library/CMakeFiles/mbedcrypto.dir/cipher.c.obj\x1b[0m\n'}
[35.812922] (Ros2_esp32) StdoutLine: {'line': b'[ 76%] \x1b[32mBuilding C object esp-idf/mbedtls/mbedtls/library/CMakeFiles/mbedcrypto.dir/constant_time.c.obj\x1b[0m\n'}
[35.814970] (Ros2_esp32) StdoutLine: {'line': b'[ 76%] \x1b[32mBuilding C object esp-idf/mbedtls/mbedtls/library/CMakeFiles/mbedcrypto.dir/cipher_wrap.c.obj\x1b[0m\n'}
[35.829669] (Ros2_esp32) StdoutLine: {'line': b'[ 76%] \x1b[32mBuilding C object esp-idf/mbedtls/mbedtls/library/CMakeFiles/mbedcrypto.dir/cmac.c.obj\x1b[0m\n'}
[35.848187] (Ros2_esp32) StdoutLine: {'line': b'[ 76%] \x1b[32mBuilding C object esp-idf/mbedtls/mbedtls/library/CMakeFiles/mbedcrypto.dir/ctr_drbg.c.obj\x1b[0m\n'}
[35.848516] (Ros2_esp32) StdoutLine: {'line': b'[ 76%] \x1b[32mBuilding C object esp-idf/mbedtls/mbedtls/library/CMakeFiles/mbedcrypto.dir/des.c.obj\x1b[0m\n'}
[35.849773] (Ros2_esp32) StdoutLine: {'line': b'[ 76%] \x1b[32mBuilding C object esp-idf/mbedtls/mbedtls/library/CMakeFiles/mbedcrypto.dir/dhm.c.obj\x1b[0m\n'}
[35.855416] (-) TimerEvent: {}
[35.882261] (Ros2_esp32) StdoutLine: {'line': b'[ 76%] \x1b[32mBuilding C object esp-idf/mbedtls/mbedtls/library/CMakeFiles/mbedcrypto.dir/ecdh.c.obj\x1b[0m\n'}
[35.898490] (Ros2_esp32) StdoutLine: {'line': b'[ 76%] \x1b[32mBuilding C object esp-idf/mbedtls/mbedtls/library/CMakeFiles/mbedcrypto.dir/ecdsa.c.obj\x1b[0m\n'}
[35.923389] (Ros2_esp32) StdoutLine: {'line': b'[ 76%] \x1b[32mBuilding C object esp-idf/mbedtls/mbedtls/library/CMakeFiles/mbedcrypto.dir/ecjpake.c.obj\x1b[0m\n'}
[35.925348] (Ros2_esp32) StdoutLine: {'line': b'[ 77%] \x1b[32mBuilding C object esp-idf/mbedtls/mbedtls/library/CMakeFiles/mbedcrypto.dir/ecp.c.obj\x1b[0m\n'}
[35.932536] (Ros2_esp32) StdoutLine: {'line': b'[ 77%] \x1b[32mBuilding C object esp-idf/mbedtls/mbedtls/library/CMakeFiles/mbedcrypto.dir/ecp_curves.c.obj\x1b[0m\n'}
[35.950325] (Ros2_esp32) StdoutLine: {'line': b'[ 77%] \x1b[32mBuilding C object esp-idf/mbedtls/mbedtls/library/CMakeFiles/mbedcrypto.dir/ecp_curves_new.c.obj\x1b[0m\n'}
[35.955560] (-) TimerEvent: {}
[35.979361] (Ros2_esp32) StdoutLine: {'line': b'[ 77%] \x1b[32mBuilding C object esp-idf/mbedtls/mbedtls/library/CMakeFiles/mbedcrypto.dir/entropy.c.obj\x1b[0m\n'}
[35.994438] (Ros2_esp32) StdoutLine: {'line': b'[ 77%] \x1b[32mBuilding C object esp-idf/mbedtls/mbedtls/library/CMakeFiles/mbedcrypto.dir/entropy_poll.c.obj\x1b[0m\n'}
[36.008305] (Ros2_esp32) StdoutLine: {'line': b'[ 77%] \x1b[32mBuilding C object esp-idf/mbedtls/mbedtls/library/CMakeFiles/mbedcrypto.dir/error.c.obj\x1b[0m\n'}
[36.044031] (Ros2_esp32) StdoutLine: {'line': b'[ 77%] \x1b[32mBuilding C object esp-idf/mbedtls/mbedtls/library/CMakeFiles/mbedcrypto.dir/gcm.c.obj\x1b[0m\n'}
[36.056522] (Ros2_esp32) StdoutLine: {'line': b'[ 77%] \x1b[32mBuilding C object esp-idf/mbedtls/mbedtls/library/CMakeFiles/mbedcrypto.dir/hkdf.c.obj\x1b[0m\n'}
[36.056821] (-) TimerEvent: {}
[36.072264] (Ros2_esp32) StdoutLine: {'line': b'[ 77%] \x1b[32mBuilding C object esp-idf/mbedtls/mbedtls/library/CMakeFiles/mbedcrypto.dir/hmac_drbg.c.obj\x1b[0m\n'}
[36.094034] (Ros2_esp32) StdoutLine: {'line': b'[ 77%] \x1b[32mBuilding C object esp-idf/mbedtls/mbedtls/library/CMakeFiles/mbedcrypto.dir/lmots.c.obj\x1b[0m\n'}
[36.112511] (Ros2_esp32) StdoutLine: {'line': b'[ 77%] \x1b[32mBuilding C object esp-idf/mbedtls/mbedtls/library/CMakeFiles/mbedcrypto.dir/lms.c.obj\x1b[0m\n'}
[36.122865] (Ros2_esp32) StdoutLine: {'line': b'[ 78%] \x1b[32mBuilding C object esp-idf/mbedtls/mbedtls/library/CMakeFiles/mbedcrypto.dir/md.c.obj\x1b[0m\n'}
[36.137392] (Ros2_esp32) StdoutLine: {'line': b'[ 78%] \x1b[32mBuilding C object esp-idf/mbedtls/mbedtls/library/CMakeFiles/mbedcrypto.dir/md5.c.obj\x1b[0m\n'}
[36.147370] (Ros2_esp32) StdoutLine: {'line': b'[ 78%] \x1b[32mBuilding C object esp-idf/mbedtls/mbedtls/library/CMakeFiles/mbedcrypto.dir/memory_buffer_alloc.c.obj\x1b[0m\n'}
[36.157020] (-) TimerEvent: {}
[36.163377] (Ros2_esp32) StdoutLine: {'line': b'[ 78%] \x1b[32mBuilding C object esp-idf/mbedtls/mbedtls/library/CMakeFiles/mbedcrypto.dir/nist_kw.c.obj\x1b[0m\n'}
[36.178996] (Ros2_esp32) StdoutLine: {'line': b'[ 78%] \x1b[32mBuilding C object esp-idf/mbedtls/mbedtls/library/CMakeFiles/mbedcrypto.dir/oid.c.obj\x1b[0m\n'}
[36.222739] (Ros2_esp32) StdoutLine: {'line': b'[ 78%] \x1b[32mBuilding C object esp-idf/mbedtls/mbedtls/library/CMakeFiles/mbedcrypto.dir/padlock.c.obj\x1b[0m\n'}
[36.237724] (Ros2_esp32) StdoutLine: {'line': b'[ 78%] \x1b[32mBuilding C object esp-idf/mbedtls/mbedtls/library/CMakeFiles/mbedcrypto.dir/pem.c.obj\x1b[0m\n'}
[36.240396] (Ros2_esp32) StdoutLine: {'line': b'[ 78%] \x1b[32mBuilding C object esp-idf/mbedtls/mbedtls/library/CMakeFiles/mbedcrypto.dir/pk.c.obj\x1b[0m\n'}
[36.250597] (Ros2_esp32) StdoutLine: {'line': b'[ 78%] \x1b[32mBuilding C object esp-idf/mbedtls/mbedtls/library/CMakeFiles/mbedcrypto.dir/pk_ecc.c.obj\x1b[0m\n'}
[36.259288] (-) TimerEvent: {}
[36.268484] (Ros2_esp32) StdoutLine: {'line': b'[ 78%] \x1b[32mBuilding C object esp-idf/mbedtls/mbedtls/library/CMakeFiles/mbedcrypto.dir/pk_wrap.c.obj\x1b[0m\n'}
[36.289248] (Ros2_esp32) StdoutLine: {'line': b'[ 78%] \x1b[32mBuilding C object esp-idf/mbedtls/mbedtls/library/CMakeFiles/mbedcrypto.dir/pkcs12.c.obj\x1b[0m\n'}
[36.297698] (Ros2_esp32) StdoutLine: {'line': b'[ 79%] \x1b[32mBuilding C object esp-idf/mbedtls/mbedtls/library/CMakeFiles/mbedcrypto.dir/pkcs5.c.obj\x1b[0m\n'}
[36.322049] (Ros2_esp32) StdoutLine: {'line': b'[ 79%] \x1b[32mBuilding C object esp-idf/mbedtls/mbedtls/library/CMakeFiles/mbedcrypto.dir/pkparse.c.obj\x1b[0m\n'}
[36.334278] (Ros2_esp32) StdoutLine: {'line': b'[ 79%] \x1b[32mBuilding C object esp-idf/mbedtls/mbedtls/library/CMakeFiles/mbedcrypto.dir/pkwrite.c.obj\x1b[0m\n'}
[36.371680] (Ros2_esp32) StdoutLine: {'line': b'[ 79%] \x1b[32mBuilding C object esp-idf/mbedtls/mbedtls/library/CMakeFiles/mbedcrypto.dir/platform.c.obj\x1b[0m\n'}
[36.371991] (-) TimerEvent: {}
[36.372145] (Ros2_esp32) StdoutLine: {'line': b'[ 79%] \x1b[32mBuilding C object esp-idf/mbedtls/mbedtls/library/CMakeFiles/mbedcrypto.dir/platform_util.c.obj\x1b[0m\n'}
[36.383374] (Ros2_esp32) StdoutLine: {'line': b'[ 79%] \x1b[32mBuilding C object esp-idf/mbedtls/mbedtls/library/CMakeFiles/mbedcrypto.dir/poly1305.c.obj\x1b[0m\n'}
[36.408284] (Ros2_esp32) StdoutLine: {'line': b'[ 79%] \x1b[32mBuilding C object esp-idf/mbedtls/mbedtls/library/CMakeFiles/mbedcrypto.dir/psa_crypto.c.obj\x1b[0m\n'}
[36.452231] (Ros2_esp32) StdoutLine: {'line': b'[ 79%] \x1b[32mBuilding C object esp-idf/mbedtls/mbedtls/library/CMakeFiles/mbedcrypto.dir/psa_crypto_aead.c.obj\x1b[0m\n'}
[36.452622] (Ros2_esp32) StdoutLine: {'line': b'[ 79%] \x1b[32mBuilding C object esp-idf/mbedtls/mbedtls/library/CMakeFiles/mbedcrypto.dir/psa_crypto_cipher.c.obj\x1b[0m\n'}
[36.457568] (Ros2_esp32) StdoutLine: {'line': b'[ 79%] \x1b[32mBuilding C object esp-idf/mbedtls/mbedtls/library/CMakeFiles/mbedcrypto.dir/psa_crypto_client.c.obj\x1b[0m\n'}
[36.469486] (Ros2_esp32) StdoutLine: {'line': b'[ 79%] \x1b[32mBuilding C object esp-idf/mbedtls/mbedtls/library/CMakeFiles/mbedcrypto.dir/psa_crypto_driver_wrappers_no_static.c.obj\x1b[0m\n'}
[36.472153] (-) TimerEvent: {}
[36.480102] (Ros2_esp32) StdoutLine: {'line': b'[ 80%] \x1b[32mBuilding C object esp-idf/mbedtls/mbedtls/library/CMakeFiles/mbedcrypto.dir/psa_crypto_ecp.c.obj\x1b[0m\n'}
[36.486723] (Ros2_esp32) StdoutLine: {'line': b'[ 80%] \x1b[32mBuilding C object esp-idf/mbedtls/mbedtls/library/CMakeFiles/mbedcrypto.dir/psa_crypto_ffdh.c.obj\x1b[0m\n'}
[36.498299] (Ros2_esp32) StdoutLine: {'line': b'[ 80%] \x1b[32mBuilding C object esp-idf/mbedtls/mbedtls/library/CMakeFiles/mbedcrypto.dir/psa_crypto_hash.c.obj\x1b[0m\n'}
[36.514050] (Ros2_esp32) StdoutLine: {'line': b'[ 80%] \x1b[32mBuilding C object esp-idf/mbedtls/mbedtls/library/CMakeFiles/mbedcrypto.dir/psa_crypto_mac.c.obj\x1b[0m\n'}
[36.566389] (Ros2_esp32) StdoutLine: {'line': b'[ 80%] \x1b[32mBuilding C object esp-idf/mbedtls/mbedtls/library/CMakeFiles/mbedcrypto.dir/psa_crypto_pake.c.obj\x1b[0m\n'}
[36.572284] (-) TimerEvent: {}
[36.576031] (Ros2_esp32) StdoutLine: {'line': b'[ 80%] \x1b[32mBuilding C object esp-idf/mbedtls/mbedtls/library/CMakeFiles/mbedcrypto.dir/psa_crypto_random.c.obj\x1b[0m\n'}
[36.586439] (Ros2_esp32) StdoutLine: {'line': b'[ 80%] \x1b[32mBuilding C object esp-idf/mbedtls/mbedtls/library/CMakeFiles/mbedcrypto.dir/psa_crypto_rsa.c.obj\x1b[0m\n'}
[36.608901] (Ros2_esp32) StdoutLine: {'line': b'[ 80%] \x1b[32mBuilding C object esp-idf/mbedtls/mbedtls/library/CMakeFiles/mbedcrypto.dir/psa_crypto_se.c.obj\x1b[0m\n'}
[36.611867] (Ros2_esp32) StdoutLine: {'line': b'[ 80%] \x1b[32mBuilding C object esp-idf/mbedtls/mbedtls/library/CMakeFiles/mbedcrypto.dir/psa_crypto_slot_management.c.obj\x1b[0m\n'}
[36.617801] (Ros2_esp32) StdoutLine: {'line': b'[ 80%] \x1b[32mBuilding C object esp-idf/mbedtls/mbedtls/library/CMakeFiles/mbedcrypto.dir/psa_crypto_storage.c.obj\x1b[0m\n'}
[36.650698] (Ros2_esp32) StdoutLine: {'line': b'[ 80%] \x1b[32mBuilding C object esp-idf/mbedtls/mbedtls/library/CMakeFiles/mbedcrypto.dir/psa_its_file.c.obj\x1b[0m\n'}
[36.664521] (Ros2_esp32) StdoutLine: {'line': b'[ 81%] \x1b[32mBuilding C object esp-idf/mbedtls/mbedtls/library/CMakeFiles/mbedcrypto.dir/psa_util.c.obj\x1b[0m\n'}
[36.672396] (Ros2_esp32) StdoutLine: {'line': b'[ 81%] \x1b[32mBuilding C object esp-idf/mbedtls/mbedtls/library/CMakeFiles/mbedcrypto.dir/ripemd160.c.obj\x1b[0m\n'}
[36.672686] (-) TimerEvent: {}
[36.682492] (Ros2_esp32) StdoutLine: {'line': b'[ 81%] \x1b[32mBuilding C object esp-idf/mbedtls/mbedtls/library/CMakeFiles/mbedcrypto.dir/rsa.c.obj\x1b[0m\n'}
[36.699959] (Ros2_esp32) StdoutLine: {'line': b'[ 81%] \x1b[32mBuilding C object esp-idf/mbedtls/mbedtls/library/CMakeFiles/mbedcrypto.dir/rsa_alt_helpers.c.obj\x1b[0m\n'}
[36.714409] (Ros2_esp32) StdoutLine: {'line': b'[ 81%] \x1b[32mBuilding C object esp-idf/mbedtls/mbedtls/library/CMakeFiles/mbedcrypto.dir/sha1.c.obj\x1b[0m\n'}
[36.717533] (Ros2_esp32) StdoutLine: {'line': b'[ 81%] \x1b[32mBuilding C object esp-idf/mbedtls/mbedtls/library/CMakeFiles/mbedcrypto.dir/sha256.c.obj\x1b[0m\n'}
[36.737457] (Ros2_esp32) StdoutLine: {'line': b'[ 81%] \x1b[32mBuilding C object esp-idf/mbedtls/mbedtls/library/CMakeFiles/mbedcrypto.dir/sha512.c.obj\x1b[0m\n'}
[36.741437] (Ros2_esp32) StdoutLine: {'line': b'[ 81%] \x1b[32mBuilding C object esp-idf/mbedtls/mbedtls/library/CMakeFiles/mbedcrypto.dir/sha3.c.obj\x1b[0m\n'}
[36.773576] (-) TimerEvent: {}
[36.779348] (Ros2_esp32) StdoutLine: {'line': b'[ 81%] \x1b[32mBuilding C object esp-idf/mbedtls/mbedtls/library/CMakeFiles/mbedcrypto.dir/threading.c.obj\x1b[0m\n'}
[36.794795] (Ros2_esp32) StdoutLine: {'line': b'[ 81%] \x1b[32mBuilding C object esp-idf/mbedtls/mbedtls/library/CMakeFiles/mbedcrypto.dir/timing.c.obj\x1b[0m\n'}
[36.813022] (Ros2_esp32) StdoutLine: {'line': b'[ 81%] \x1b[32mBuilding C object esp-idf/mbedtls/mbedtls/library/CMakeFiles/mbedcrypto.dir/version.c.obj\x1b[0m\n'}
[36.819383] (Ros2_esp32) StdoutLine: {'line': b'[ 82%] \x1b[32mBuilding C object esp-idf/mbedtls/mbedtls/library/CMakeFiles/mbedcrypto.dir/version_features.c.obj\x1b[0m\n'}
[36.838329] (Ros2_esp32) StdoutLine: {'line': b'[ 82%] \x1b[32mBuilding C object esp-idf/mbedtls/mbedtls/library/CMakeFiles/mbedcrypto.dir/home/diego/.espressif/v5.5/esp-idf/components/mbedtls/port/sha/core/esp_sha_gdma_impl.c.obj\x1b[0m\n'}
[36.838610] (Ros2_esp32) StdoutLine: {'line': b'[ 82%] \x1b[32mBuilding C object esp-idf/mbedtls/mbedtls/library/CMakeFiles/mbedcrypto.dir/home/diego/.espressif/v5.5/esp-idf/components/mbedtls/port/aes/dma/esp_aes_gdma_impl.c.obj\x1b[0m\n'}
[36.838720] (Ros2_esp32) StdoutLine: {'line': b'[ 82%] \x1b[32mBuilding C object esp-idf/mbedtls/mbedtls/library/CMakeFiles/mbedcrypto.dir/home/diego/.espressif/v5.5/esp-idf/components/mbedtls/port/aes/dma/esp_aes_dma_core.c.obj\x1b[0m\n'}
[36.850396] (Ros2_esp32) StdoutLine: {'line': b'[ 82%] \x1b[32mBuilding C object esp-idf/mbedtls/mbedtls/library/CMakeFiles/mbedcrypto.dir/home/diego/.espressif/v5.5/esp-idf/components/mbedtls/port/crypto_shared_gdma/esp_crypto_shared_gdma.c.obj\x1b[0m\n'}
[36.850686] (Ros2_esp32) StdoutLine: {'line': b'[ 82%] \x1b[32mBuilding C object esp-idf/mbedtls/mbedtls/library/CMakeFiles/mbedcrypto.dir/home/diego/.espressif/v5.5/esp-idf/components/mbedtls/port/esp_hardware.c.obj\x1b[0m\n'}
[36.861376] (Ros2_esp32) StdoutLine: {'line': b'[ 82%] \x1b[32mBuilding C object esp-idf/mbedtls/mbedtls/library/CMakeFiles/mbedcrypto.dir/home/diego/.espressif/v5.5/esp-idf/components/mbedtls/port/esp_mem.c.obj\x1b[0m\n'}
[36.873777] (-) TimerEvent: {}
[36.875020] (Ros2_esp32) StdoutLine: {'line': b'[ 82%] \x1b[32mBuilding C object esp-idf/mbedtls/mbedtls/library/CMakeFiles/mbedcrypto.dir/home/diego/.espressif/v5.5/esp-idf/components/mbedtls/port/esp_timing.c.obj\x1b[0m\n'}
[36.880889] (Ros2_esp32) StdoutLine: {'line': b'[ 82%] \x1b[32mBuilding C object esp-idf/mbedtls/mbedtls/library/CMakeFiles/mbedcrypto.dir/home/diego/.espressif/v5.5/esp-idf/components/mbedtls/port/aes/esp_aes_xts.c.obj\x1b[0m\n'}
[36.894453] (Ros2_esp32) StdoutLine: {'line': b'[ 82%] \x1b[32mBuilding C object esp-idf/mbedtls/mbedtls/library/CMakeFiles/mbedcrypto.dir/home/diego/.espressif/v5.5/esp-idf/components/mbedtls/port/aes/esp_aes_common.c.obj\x1b[0m\n'}
[36.905689] (Ros2_esp32) StdoutLine: {'line': b'[ 83%] \x1b[32mBuilding C object esp-idf/mbedtls/mbedtls/library/CMakeFiles/mbedcrypto.dir/home/diego/.espressif/v5.5/esp-idf/components/mbedtls/port/aes/dma/esp_aes.c.obj\x1b[0m\n'}
[36.930623] (Ros2_esp32) StdoutLine: {'line': b'[ 83%] \x1b[32mBuilding C object esp-idf/mbedtls/mbedtls/library/CMakeFiles/mbedcrypto.dir/home/diego/.espressif/v5.5/esp-idf/components/mbedtls/port/sha/esp_sha.c.obj\x1b[0m\n'}
[36.936967] (Ros2_esp32) StdoutLine: {'line': b'[ 83%] \x1b[32mBuilding C object esp-idf/mbedtls/mbedtls/library/CMakeFiles/mbedcrypto.dir/home/diego/.espressif/v5.5/esp-idf/components/mbedtls/port/sha/core/sha.c.obj\x1b[0m\n'}
[36.947437] (Ros2_esp32) StdoutLine: {'line': b'[ 83%] \x1b[32mBuilding C object esp-idf/mbedtls/mbedtls/library/CMakeFiles/mbedcrypto.dir/home/diego/.espressif/v5.5/esp-idf/components/mbedtls/port/esp_ds/esp_rsa_sign_alt.c.obj\x1b[0m\n'}
[36.956261] (Ros2_esp32) StdoutLine: {'line': b'[ 83%] \x1b[32mBuilding C object esp-idf/mbedtls/mbedtls/library/CMakeFiles/mbedcrypto.dir/home/diego/.espressif/v5.5/esp-idf/components/mbedtls/port/esp_ds/esp_rsa_dec_alt.c.obj\x1b[0m\n'}
[36.974598] (-) TimerEvent: {}
[36.985286] (Ros2_esp32) StdoutLine: {'line': b'[ 83%] \x1b[32mBuilding C object esp-idf/mbedtls/mbedtls/library/CMakeFiles/mbedcrypto.dir/home/diego/.espressif/v5.5/esp-idf/components/mbedtls/port/esp_ds/esp_ds_common.c.obj\x1b[0m\n'}
[37.013363] (Ros2_esp32) StdoutLine: {'line': b'[ 83%] \x1b[32mBuilding C object esp-idf/mbedtls/mbedtls/library/CMakeFiles/mbedcrypto.dir/home/diego/.espressif/v5.5/esp-idf/components/mbedtls/port/esp_hmac_pbkdf2.c.obj\x1b[0m\n'}
[37.025070] (Ros2_esp32) StdoutLine: {'line': b'[ 83%] \x1b[32mBuilding C object esp-idf/mbedtls/mbedtls/library/CMakeFiles/mbedcrypto.dir/home/diego/.espressif/v5.5/esp-idf/components/mbedtls/port/bignum/esp_bignum.c.obj\x1b[0m\n'}
[37.027023] (Ros2_esp32) StdoutLine: {'line': b'[ 83%] \x1b[32mBuilding C object esp-idf/mbedtls/mbedtls/library/CMakeFiles/mbedcrypto.dir/home/diego/.espressif/v5.5/esp-idf/components/mbedtls/port/bignum/bignum_alt.c.obj\x1b[0m\n'}
[37.059673] (Ros2_esp32) StdoutLine: {'line': b'[ 83%] \x1b[32mBuilding C object esp-idf/mbedtls/mbedtls/library/CMakeFiles/mbedcrypto.dir/home/diego/.espressif/v5.5/esp-idf/components/mbedtls/port/sha/core/esp_sha1.c.obj\x1b[0m\n'}
[37.075272] (-) TimerEvent: {}
[37.113354] (Ros2_esp32) StdoutLine: {'line': b'[ 83%] \x1b[32mBuilding C object esp-idf/mbedtls/mbedtls/library/CMakeFiles/mbedcrypto.dir/home/diego/.espressif/v5.5/esp-idf/components/mbedtls/port/sha/core/esp_sha256.c.obj\x1b[0m\n'}
[37.122409] (Ros2_esp32) StdoutLine: {'line': b'[ 84%] \x1b[32mBuilding C object esp-idf/mbedtls/mbedtls/library/CMakeFiles/mbedcrypto.dir/home/diego/.espressif/v5.5/esp-idf/components/mbedtls/port/sha/core/esp_sha512.c.obj\x1b[0m\n'}
[37.125568] (Ros2_esp32) StdoutLine: {'line': b'[ 84%] \x1b[32mBuilding C object esp-idf/mbedtls/mbedtls/library/CMakeFiles/mbedcrypto.dir/home/diego/.espressif/v5.5/esp-idf/components/mbedtls/port/aes/esp_aes_gcm.c.obj\x1b[0m\n'}
[37.136686] (Ros2_esp32) StdoutLine: {'line': b'[ 84%] \x1b[32mBuilding C object esp-idf/mbedtls/mbedtls/library/CMakeFiles/mbedcrypto.dir/home/diego/.espressif/v5.5/esp-idf/components/mbedtls/port/md/esp_md.c.obj\x1b[0m\n'}
[37.176250] (-) TimerEvent: {}
[37.276600] (-) TimerEvent: {}
[37.376912] (-) TimerEvent: {}
[37.477211] (-) TimerEvent: {}
[37.534880] (Ros2_esp32) StdoutLine: {'line': b'[ 84%] \x1b[32m\x1b[1mLinking CXX static library libmbedcrypto.a\x1b[0m\n'}
[37.577318] (-) TimerEvent: {}
[37.660008] (Ros2_esp32) StdoutLine: {'line': b'[ 84%] Built target mbedcrypto\n'}
[37.677448] (-) TimerEvent: {}
[37.680338] (Ros2_esp32) StdoutLine: {'line': b'[ 84%] \x1b[32mBuilding C object esp-idf/mbedtls/mbedtls/3rdparty/p256-m/CMakeFiles/p256m.dir/p256-m_driver_entrypoints.c.obj\x1b[0m\n'}
[37.680530] (Ros2_esp32) StdoutLine: {'line': b'[ 84%] \x1b[32mBuilding C object esp-idf/mbedtls/mbedtls/3rdparty/p256-m/CMakeFiles/p256m.dir/p256-m/p256-m.c.obj\x1b[0m\n'}
[37.745831] (Ros2_esp32) StdoutLine: {'line': b'[ 84%] \x1b[32m\x1b[1mLinking CXX static library libp256m.a\x1b[0m\n'}
[37.777574] (-) TimerEvent: {}
[37.780810] (Ros2_esp32) StdoutLine: {'line': b'[ 84%] Built target p256m\n'}
[37.801504] (Ros2_esp32) StdoutLine: {'line': b'[ 84%] \x1b[32mBuilding C object esp-idf/mbedtls/mbedtls/3rdparty/everest/CMakeFiles/everest.dir/library/everest.c.obj\x1b[0m\n'}
[37.801724] (Ros2_esp32) StdoutLine: {'line': b'[ 84%] \x1b[32mBuilding C object esp-idf/mbedtls/mbedtls/3rdparty/everest/CMakeFiles/everest.dir/library/Hacl_Curve25519_joined.c.obj\x1b[0m\n'}
[37.801800] (Ros2_esp32) StdoutLine: {'line': b'[ 84%] \x1b[32mBuilding C object esp-idf/mbedtls/mbedtls/3rdparty/everest/CMakeFiles/everest.dir/library/x25519.c.obj\x1b[0m\n'}
[37.853158] (Ros2_esp32) StdoutLine: {'line': b'[ 84%] \x1b[32m\x1b[1mLinking CXX static library libeverest.a\x1b[0m\n'}
[37.877700] (-) TimerEvent: {}
[37.889442] (Ros2_esp32) StdoutLine: {'line': b'[ 84%] Built target everest\n'}
[37.898917] (Ros2_esp32) StdoutLine: {'line': b'[ 84%] \x1b[34m\x1b[1mGenerating x509_crt_bundle\x1b[0m\n'}
[37.977797] (-) TimerEvent: {}
[38.025502] (Ros2_esp32) StdoutLine: {'line': b'[ 84%] \x1b[34m\x1b[1mGenerating ../../x509_crt_bundle.S\x1b[0m\n'}
[38.077905] (-) TimerEvent: {}
[38.129023] (Ros2_esp32) StdoutLine: {'line': b'\x1b[35m\x1b[1mScanning dependencies of target __idf_mbedtls\x1b[0m\n'}
[38.139813] (Ros2_esp32) StdoutLine: {'line': b'[ 84%] \x1b[32mBuilding C object esp-idf/mbedtls/CMakeFiles/__idf_mbedtls.dir/esp_crt_bundle/esp_crt_bundle.c.obj\x1b[0m\n'}
[38.139983] (Ros2_esp32) StdoutLine: {'line': b'[ 85%] \x1b[32mBuilding ASM object esp-idf/mbedtls/CMakeFiles/__idf_mbedtls.dir/__/__/x509_crt_bundle.S.obj\x1b[0m\n'}
[38.178021] (-) TimerEvent: {}
[38.251355] (Ros2_esp32) StdoutLine: {'line': b'[ 85%] \x1b[32m\x1b[1mLinking C static library libmbedtls.a\x1b[0m\n'}
[38.278132] (-) TimerEvent: {}
[38.285679] (Ros2_esp32) StdoutLine: {'line': b'[ 85%] Built target __idf_mbedtls\n'}
[38.305847] (Ros2_esp32) StdoutLine: {'line': b'[ 85%] \x1b[32mBuilding C object esp-idf/esp_pm/CMakeFiles/__idf_esp_pm.dir/pm_impl.c.obj\x1b[0m\n'}
[38.306107] (Ros2_esp32) StdoutLine: {'line': b'[ 85%] \x1b[32mBuilding C object esp-idf/esp_pm/CMakeFiles/__idf_esp_pm.dir/pm_locks.c.obj\x1b[0m\n'}
[38.306190] (Ros2_esp32) StdoutLine: {'line': b'[ 85%] \x1b[32mBuilding C object esp-idf/esp_pm/CMakeFiles/__idf_esp_pm.dir/pm_trace.c.obj\x1b[0m\n'}
[38.378236] (-) TimerEvent: {}
[38.445263] (Ros2_esp32) StdoutLine: {'line': b'[ 85%] \x1b[32m\x1b[1mLinking C static library libesp_pm.a\x1b[0m\n'}
[38.478362] (-) TimerEvent: {}
[38.480658] (Ros2_esp32) StdoutLine: {'line': b'[ 85%] Built target __idf_esp_pm\n'}
[38.500732] (Ros2_esp32) StdoutLine: {'line': b'[ 85%] \x1b[32mBuilding C object esp-idf/esp_driver_gpio/CMakeFiles/__idf_esp_driver_gpio.dir/src/rtc_io.c.obj\x1b[0m\n'}
[38.500972] (Ros2_esp32) StdoutLine: {'line': b'[ 85%] \x1b[32mBuilding C object esp-idf/esp_driver_gpio/CMakeFiles/__idf_esp_driver_gpio.dir/src/gpio_pin_glitch_filter.c.obj\x1b[0m\n'}
[38.501043] (Ros2_esp32) StdoutLine: {'line': b'[ 85%] \x1b[32mBuilding C object esp-idf/esp_driver_gpio/CMakeFiles/__idf_esp_driver_gpio.dir/src/gpio_glitch_filter_ops.c.obj\x1b[0m\n'}
[38.501115] (Ros2_esp32) StdoutLine: {'line': b'[ 85%] \x1b[32mBuilding C object esp-idf/esp_driver_gpio/CMakeFiles/__idf_esp_driver_gpio.dir/src/dedic_gpio.c.obj\x1b[0m\n'}
[38.501200] (Ros2_esp32) StdoutLine: {'line': b'[ 85%] \x1b[32mBuilding C object esp-idf/esp_driver_gpio/CMakeFiles/__idf_esp_driver_gpio.dir/src/gpio.c.obj\x1b[0m\n'}
[38.578492] (-) TimerEvent: {}
[38.678857] (-) TimerEvent: {}
[38.779135] (-) TimerEvent: {}
[38.865428] (Ros2_esp32) StdoutLine: {'line': b'[ 85%] \x1b[32m\x1b[1mLinking C static library libesp_driver_gpio.a\x1b[0m\n'}
[38.879253] (-) TimerEvent: {}
[38.904739] (Ros2_esp32) StdoutLine: {'line': b'[ 85%] Built target __idf_esp_driver_gpio\n'}
[38.914781] (Ros2_esp32) StdoutLine: {'line': b'\x1b[35m\x1b[1mScanning dependencies of target __idf_xtensa\x1b[0m\n'}
[38.932058] (Ros2_esp32) StdoutLine: {'line': b'[ 85%] \x1b[32mBuilding ASM object esp-idf/xtensa/CMakeFiles/__idf_xtensa.dir/xtensa_context.S.obj\x1b[0m\n'}
[38.932356] (Ros2_esp32) StdoutLine: {'line': b'[ 85%] \x1b[32mBuilding C object esp-idf/xtensa/CMakeFiles/__idf_xtensa.dir/eri.c.obj\x1b[0m\n'}
[38.932435] (Ros2_esp32) StdoutLine: {'line': b'[ 85%] \x1b[32mBuilding ASM object esp-idf/xtensa/CMakeFiles/__idf_xtensa.dir/xtensa_intr_asm.S.obj\x1b[0m\n'}
[38.932504] (Ros2_esp32) StdoutLine: {'line': b'[ 85%] \x1b[32mBuilding C object esp-idf/xtensa/CMakeFiles/__idf_xtensa.dir/xt_trax.c.obj\x1b[0m\n'}
[38.932646] (Ros2_esp32) StdoutLine: {'line': b'[ 85%] \x1b[32mBuilding C object esp-idf/xtensa/CMakeFiles/__idf_xtensa.dir/xtensa_intr.c.obj\x1b[0m\n'}
[38.932721] (Ros2_esp32) StdoutLine: {'line': b'[ 85%] \x1b[32mBuilding ASM object esp-idf/xtensa/CMakeFiles/__idf_xtensa.dir/xtensa_vectors.S.obj\x1b[0m\n'}
[38.979369] (-) TimerEvent: {}
[39.002902] (Ros2_esp32) StdoutLine: {'line': b'[ 85%] \x1b[32m\x1b[1mLinking C static library libxtensa.a\x1b[0m\n'}
[39.039446] (Ros2_esp32) StdoutLine: {'line': b'[ 85%] Built target __idf_xtensa\n'}
[39.058852] (Ros2_esp32) StdoutLine: {'line': b'\x1b[35m\x1b[1mScanning dependencies of target __idf_espcoredump\x1b[0m\n'}
[39.068598] (Ros2_esp32) StdoutLine: {'line': b'[ 85%] \x1b[32mBuilding C object esp-idf/console/CMakeFiles/__idf_console.dir/commands.c.obj\x1b[0m\n'}
[39.069881] (Ros2_esp32) StdoutLine: {'line': b'[ 85%] \x1b[32mBuilding C object esp-idf/unity/CMakeFiles/__idf_unity.dir/unity/src/unity.c.obj\x1b[0m\n'}
[39.071263] (Ros2_esp32) StdoutLine: {'line': b'[ 85%] \x1b[32mBuilding C object esp-idf/app_trace/CMakeFiles/__idf_app_trace.dir/app_trace.c.obj\x1b[0m\n'}
[39.072793] (Ros2_esp32) StdoutLine: {'line': b'[ 85%] \x1b[32mBuilding C object esp-idf/esp_driver_touch_sens/CMakeFiles/__idf_esp_driver_touch_sens.dir/common/touch_sens_common.c.obj\x1b[0m\n'}
[39.073373] (Ros2_esp32) StdoutLine: {'line': b'[ 85%] \x1b[32mBuilding C object esp-idf/esp_eth/CMakeFiles/__idf_esp_eth.dir/src/esp_eth.c.obj\x1b[0m\n'}
[39.073873] (Ros2_esp32) StdoutLine: {'line': b'[ 85%] \x1b[32mBuilding C object esp-idf/esp_hid/CMakeFiles/__idf_esp_hid.dir/src/esp_hidd.c.obj\x1b[0m\n'}
[39.074436] (Ros2_esp32) StdoutLine: {'line': b'[ 86%] \x1b[32mBuilding C object esp-idf/esp_driver_cam/CMakeFiles/__idf_esp_driver_cam.dir/esp_cam_ctlr.c.obj\x1b[0m\n'}
[39.074977] (Ros2_esp32) StdoutLine: {'line': b'[ 86%] \x1b[32mBuilding C object esp-idf/protobuf-c/CMakeFiles/__idf_protobuf-c.dir/protobuf-c/protobuf-c/protobuf-c.c.obj\x1b[0m\n'}
[39.075572] (Ros2_esp32) StdoutLine: {'line': b'[ 86%] \x1b[32mBuilding C object esp-idf/esp_https_server/CMakeFiles/__idf_esp_https_server.dir/src/https_server.c.obj\x1b[0m\n'}
[39.078066] (Ros2_esp32) StdoutLine: {'line': b'[ 86%] \x1b[32mBuilding C object esp-idf/esp_lcd/CMakeFiles/__idf_esp_lcd.dir/src/esp_lcd_common.c.obj\x1b[0m\n'}
[39.080368] (-) TimerEvent: {}
[39.083896] (Ros2_esp32) StdoutLine: {'line': b'[ 86%] \x1b[32mBuilding CXX object esp-idf/wear_levelling/CMakeFiles/__idf_wear_levelling.dir/Partition.cpp.obj\x1b[0m\n'}
[39.086912] (Ros2_esp32) StdoutLine: {'line': b'[ 86%] \x1b[32mBuilding C object esp-idf/espcoredump/CMakeFiles/__idf_espcoredump.dir/src/core_dump_init.c.obj\x1b[0m\n'}
[39.128317] (Ros2_esp32) StdoutLine: {'line': b'[ 86%] \x1b[32mBuilding C object esp-idf/espcoredump/CMakeFiles/__idf_espcoredump.dir/src/core_dump_common.c.obj\x1b[0m\n'}
[39.181262] (-) TimerEvent: {}
[39.209385] (Ros2_esp32) StdoutLine: {'line': b'[ 86%] \x1b[32mBuilding C object esp-idf/esp_hid/CMakeFiles/__idf_esp_hid.dir/src/esp_hidh.c.obj\x1b[0m\n'}
[39.215298] (Ros2_esp32) StdoutLine: {'line': b'[ 86%] \x1b[32mBuilding C object esp-idf/esp_driver_cam/CMakeFiles/__idf_esp_driver_cam.dir/dvp_share_ctrl.c.obj\x1b[0m\n'}
[39.219575] (Ros2_esp32) StdoutLine: {'line': b'[ 86%] \x1b[32mBuilding CXX object esp-idf/wear_levelling/CMakeFiles/__idf_wear_levelling.dir/SPI_Flash.cpp.obj\x1b[0m\n'}
[39.221997] (Ros2_esp32) StdoutLine: {'line': b'[ 86%] \x1b[32mBuilding C object esp-idf/esp_lcd/CMakeFiles/__idf_esp_lcd.dir/src/esp_lcd_panel_io.c.obj\x1b[0m\n'}
[39.253792] (Ros2_esp32) StdoutLine: {'line': b'[ 86%] \x1b[32mBuilding C object esp-idf/espcoredump/CMakeFiles/__idf_espcoredump.dir/src/core_dump_flash.c.obj\x1b[0m\n'}
[39.270673] (Ros2_esp32) StdoutLine: {'line': b'[ 87%] \x1b[32mBuilding C object esp-idf/console/CMakeFiles/__idf_console.dir/esp_console_common.c.obj\x1b[0m\n'}
[39.279924] (Ros2_esp32) StdoutLine: {'line': b'[ 87%] \x1b[32mBuilding C object esp-idf/app_trace/CMakeFiles/__idf_app_trace.dir/app_trace_util.c.obj\x1b[0m\n'}
[39.282560] (-) TimerEvent: {}
[39.332140] (Ros2_esp32) StdoutLine: {'line': b'[ 87%] \x1b[32mBuilding C object esp-idf/esp_driver_cam/CMakeFiles/__idf_esp_driver_cam.dir/dvp/src/esp_cam_ctlr_dvp_gdma.c.obj\x1b[0m\n'}
[39.353659] (Ros2_esp32) StdoutLine: {'line': b'[ 87%] \x1b[32m\x1b[1mLinking C static library libesp_https_server.a\x1b[0m\n'}
[39.367978] (Ros2_esp32) StdoutLine: {'line': b'[ 87%] \x1b[32mBuilding CXX object esp-idf/wear_levelling/CMakeFiles/__idf_wear_levelling.dir/WL_Ext_Perf.cpp.obj\x1b[0m\n'}
[39.375895] (Ros2_esp32) StdoutLine: {'line': b'[ 87%] \x1b[32mBuilding C object esp-idf/esp_lcd/CMakeFiles/__idf_esp_lcd.dir/src/esp_lcd_panel_nt35510.c.obj\x1b[0m\n'}
[39.385450] (-) TimerEvent: {}
[39.420576] (Ros2_esp32) StdoutLine: {'line': b'[ 87%] \x1b[32mBuilding C object esp-idf/app_trace/CMakeFiles/__idf_app_trace.dir/host_file_io.c.obj\x1b[0m\n'}
[39.420953] (Ros2_esp32) StdoutLine: {'line': b'[ 87%] Built target __idf_esp_https_server\n'}
[39.432059] (Ros2_esp32) StdoutLine: {'line': b'[ 87%] \x1b[32mBuilding C object esp-idf/espcoredump/CMakeFiles/__idf_espcoredump.dir/src/core_dump_uart.c.obj\x1b[0m\n'}
[39.443336] (Ros2_esp32) StdoutLine: {'line': b'[ 87%] \x1b[32mBuilding C object esp-idf/app_trace/CMakeFiles/__idf_app_trace.dir/port/port_uart.c.obj\x1b[0m\n'}
[39.450534] (Ros2_esp32) StdoutLine: {'line': b'[ 87%] \x1b[32mBuilding C object esp-idf/console/CMakeFiles/__idf_console.dir/esp_console_repl_internal.c.obj\x1b[0m\n'}
[39.453470] (Ros2_esp32) StdoutLine: {'line': b'[ 87%] \x1b[32mBuilding C object esp-idf/esp_eth/CMakeFiles/__idf_esp_eth.dir/src/phy/esp_eth_phy_802_3.c.obj\x1b[0m\n'}
[39.458277] (Ros2_esp32) StdoutLine: {'line': b'[ 87%] \x1b[32mBuilding C object esp-idf/esp_driver_touch_sens/CMakeFiles/__idf_esp_driver_touch_sens.dir/hw_ver2/touch_version_specific.c.obj\x1b[0m\n'}
[39.469362] (Ros2_esp32) StdoutLine: {'line': b'[ 87%] \x1b[32mBuilding C object esp-idf/esp_driver_cam/CMakeFiles/__idf_esp_driver_cam.dir/dvp/src/esp_cam_ctlr_dvp_cam.c.obj\x1b[0m\n'}
[39.469659] (Ros2_esp32) StdoutLine: {'line': b'[ 87%] \x1b[32mBuilding C object esp-idf/unity/CMakeFiles/__idf_unity.dir/unity_compat.c.obj\x1b[0m\n'}
[39.470604] (Ros2_esp32) StdoutLine: {'line': b'[ 87%] \x1b[32mBuilding C object esp-idf/esp_hid/CMakeFiles/__idf_esp_hid.dir/src/esp_hid_common.c.obj\x1b[0m\n'}
[39.487268] (-) TimerEvent: {}
[39.530582] (Ros2_esp32) StdoutLine: {'line': b'[ 88%] \x1b[32mBuilding CXX object esp-idf/wear_levelling/CMakeFiles/__idf_wear_levelling.dir/WL_Ext_Safe.cpp.obj\x1b[0m\n'}
[39.532458] (Ros2_esp32) StdoutLine: {'line': b'[ 88%] \x1b[32mBuilding C object esp-idf/console/CMakeFiles/__idf_console.dir/split_argv.c.obj\x1b[0m\n'}
[39.568818] (Ros2_esp32) StdoutLine: {'line': b'[ 88%] \x1b[32mBuilding C object esp-idf/unity/CMakeFiles/__idf_unity.dir/unity_runner.c.obj\x1b[0m\n'}
[39.578348] (Ros2_esp32) StdoutLine: {'line': b'[ 88%] \x1b[32mBuilding C object esp-idf/espcoredump/CMakeFiles/__idf_espcoredump.dir/src/core_dump_elf.c.obj\x1b[0m\n'}
[39.583432] (Ros2_esp32) StdoutLine: {'line': b'[ 88%] \x1b[32m\x1b[1mLinking C static library libapp_trace.a\x1b[0m\n'}
[39.588487] (-) TimerEvent: {}
[39.614479] (Ros2_esp32) StdoutLine: {'line': b'[ 88%] \x1b[32mBuilding C object esp-idf/espcoredump/CMakeFiles/__idf_espcoredump.dir/src/core_dump_binary.c.obj\x1b[0m\n'}
[39.615625] (Ros2_esp32) StdoutLine: {'line': b'[ 88%] \x1b[32mBuilding C object esp-idf/esp_lcd/CMakeFiles/__idf_esp_lcd.dir/src/esp_lcd_panel_ssd1306.c.obj\x1b[0m\n'}
[39.626998] (Ros2_esp32) StdoutLine: {'line': b'[ 88%] \x1b[32mBuilding C object esp-idf/console/CMakeFiles/__idf_console.dir/linenoise/linenoise.c.obj\x1b[0m\n'}
[39.654317] (Ros2_esp32) StdoutLine: {'line': b'[ 88%] \x1b[32m\x1b[1mLinking C static library libesp_hid.a\x1b[0m\n'}
[39.666606] (Ros2_esp32) StdoutLine: {'line': b'[ 88%] Built target __idf_app_trace\n'}
[39.682587] (Ros2_esp32) StdoutLine: {'line': b'[ 88%] \x1b[32mBuilding C object esp-idf/esp_lcd/CMakeFiles/__idf_esp_lcd.dir/src/esp_lcd_panel_st7789.c.obj\x1b[0m\n'}
[39.688631] (-) TimerEvent: {}
[39.707769] (Ros2_esp32) StdoutLine: {'line': b'[ 88%] \x1b[32mBuilding C object esp-idf/unity/CMakeFiles/__idf_unity.dir/unity_utils_freertos.c.obj\x1b[0m\n'}
[39.713903] (Ros2_esp32) StdoutLine: {'line': b'[ 88%] \x1b[32mBuilding C object esp-idf/esp_lcd/CMakeFiles/__idf_esp_lcd.dir/src/esp_lcd_panel_ops.c.obj\x1b[0m\n'}
[39.731299] (Ros2_esp32) StdoutLine: {'line': b'[ 88%] \x1b[32mBuilding CXX object esp-idf/wear_levelling/CMakeFiles/__idf_wear_levelling.dir/WL_Flash.cpp.obj\x1b[0m\n'}
[39.738366] (Ros2_esp32) StdoutLine: {'line': b'[ 88%] \x1b[32mBuilding C object esp-idf/espcoredump/CMakeFiles/__idf_espcoredump.dir/src/core_dump_sha.c.obj\x1b[0m\n'}
[39.742044] (Ros2_esp32) StdoutLine: {'line': b'[ 88%] Built target __idf_esp_hid\n'}
[39.768087] (Ros2_esp32) StdoutLine: {'line': b'[ 88%] \x1b[32m\x1b[1mLinking C static library libprotobuf-c.a\x1b[0m\n'}
[39.771404] (Ros2_esp32) StdoutLine: {'line': b'[ 88%] \x1b[32mBuilding C object esp-idf/espcoredump/CMakeFiles/__idf_espcoredump.dir/src/core_dump_crc.c.obj\x1b[0m\n'}
[39.788776] (-) TimerEvent: {}
[39.791524] (Ros2_esp32) StdoutLine: {'line': b'[ 88%] \x1b[32mBuilding C object esp-idf/esp_eth/CMakeFiles/__idf_esp_eth.dir/src/esp_eth_netif_glue.c.obj\x1b[0m\n'}
[39.816211] (Ros2_esp32) StdoutLine: {'line': b'[ 88%] \x1b[32mBuilding C object esp-idf/espcoredump/CMakeFiles/__idf_espcoredump.dir/src/port/xtensa/core_dump_port.c.obj\x1b[0m\n'}
[39.821705] (Ros2_esp32) StdoutLine: {'line': b'[ 88%] \x1b[32m\x1b[1mLinking C static library libesp_driver_touch_sens.a\x1b[0m\n'}
[39.855263] (Ros2_esp32) StdoutLine: {'line': b'[ 88%] Built target __idf_protobuf-c\n'}
[39.855945] (Ros2_esp32) StdoutLine: {'line': b'[ 88%] \x1b[32mBuilding CXX object esp-idf/wear_levelling/CMakeFiles/__idf_wear_levelling.dir/crc32.cpp.obj\x1b[0m\n'}
[39.858660] (Ros2_esp32) StdoutLine: {'line': b'[ 88%] \x1b[32mBuilding C object esp-idf/console/CMakeFiles/__idf_console.dir/esp_console_repl_chip.c.obj\x1b[0m\n'}
[39.860672] (Ros2_esp32) StdoutLine: {'line': b'[ 89%] \x1b[32mBuilding C object esp-idf/unity/CMakeFiles/__idf_unity.dir/unity_utils_cache.c.obj\x1b[0m\n'}
[39.863580] (Ros2_esp32) StdoutLine: {'line': b'[ 89%] \x1b[32mBuilding CXX object esp-idf/wear_levelling/CMakeFiles/__idf_wear_levelling.dir/wear_levelling.cpp.obj\x1b[0m\n'}
[39.869700] (Ros2_esp32) StdoutLine: {'line': b'[ 89%] \x1b[32mBuilding C object esp-idf/esp_lcd/CMakeFiles/__idf_esp_lcd.dir/i2c/esp_lcd_panel_io_i2c_v1.c.obj\x1b[0m\n'}
[39.888858] (-) TimerEvent: {}
[39.902344] (Ros2_esp32) StdoutLine: {'line': b'[ 89%] \x1b[32mBuilding C object esp-idf/console/CMakeFiles/__idf_console.dir/argtable3/arg_cmd.c.obj\x1b[0m\n'}
[39.902756] (Ros2_esp32) StdoutLine: {'line': b'[ 89%] \x1b[32m\x1b[1mLinking C static library libesp_driver_cam.a\x1b[0m\n'}
[39.910135] (Ros2_esp32) StdoutLine: {'line': b'[ 89%] Built target __idf_esp_driver_touch_sens\n'}
[39.920570] (Ros2_esp32) StdoutLine: {'line': b'[ 90%] \x1b[32mBuilding ASM object esp-idf/espcoredump/CMakeFiles/__idf_espcoredump.dir/src/port/xtensa/core_dump_stack_switch.S.obj\x1b[0m\n'}
[39.930567] (Ros2_esp32) StdoutLine: {'line': b'[ 90%] \x1b[32mBuilding C object esp-idf/esp_lcd/CMakeFiles/__idf_esp_lcd.dir/i2c/esp_lcd_panel_io_i2c_v2.c.obj\x1b[0m\n'}
[39.936800] (Ros2_esp32) StdoutLine: {'line': b'[ 91%] \x1b[32mBuilding C object esp-idf/esp_lcd/CMakeFiles/__idf_esp_lcd.dir/spi/esp_lcd_panel_io_spi.c.obj\x1b[0m\n'}
[39.969680] (Ros2_esp32) StdoutLine: {'line': b'[ 91%] \x1b[32mBuilding C object esp-idf/unity/CMakeFiles/__idf_unity.dir/unity_utils_memory.c.obj\x1b[0m\n'}
[39.970593] (Ros2_esp32) StdoutLine: {'line': b'[ 91%] \x1b[32m\x1b[1mLinking C static library libespcoredump.a\x1b[0m\n'}
[39.975293] (Ros2_esp32) StdoutLine: {'line': b'[ 91%] Built target __idf_esp_driver_cam\n'}
[39.979736] (Ros2_esp32) StdoutLine: {'line': b'[ 91%] \x1b[32m\x1b[1mLinking C static library libesp_eth.a\x1b[0m\n'}
[39.983344] (Ros2_esp32) StdoutLine: {'line': b'[ 91%] \x1b[32mBuilding C object esp-idf/unity/CMakeFiles/__idf_unity.dir/unity_port_esp32.c.obj\x1b[0m\n'}
[39.989016] (-) TimerEvent: {}
[40.010828] (Ros2_esp32) StdoutLine: {'line': b'[ 91%] \x1b[32mBuilding C object esp-idf/json/CMakeFiles/__idf_json.dir/cJSON/cJSON.c.obj\x1b[0m\n'}
[40.037758] (Ros2_esp32) StdoutLine: {'line': b'[ 91%] Built target __idf_espcoredump\n'}
[40.042308] (Ros2_esp32) StdoutLine: {'line': b'[ 91%] \x1b[32mBuilding C object esp-idf/console/CMakeFiles/__idf_console.dir/argtable3/arg_date.c.obj\x1b[0m\n'}
[40.046923] (Ros2_esp32) StdoutLine: {'line': b'[ 91%] \x1b[32mBuilding C object esp-idf/unity/CMakeFiles/__idf_unity.dir/port/esp/unity_utils_memory_esp.c.obj\x1b[0m\n'}
[40.049936] (Ros2_esp32) StdoutLine: {'line': b'[ 91%] \x1b[32mBuilding C object esp-idf/mqtt/CMakeFiles/__idf_mqtt.dir/esp-mqtt/mqtt_client.c.obj\x1b[0m\n'}
[40.050098] (Ros2_esp32) StdoutLine: {'line': b'[ 91%] Built target __idf_esp_eth\n'}
[40.055266] (Ros2_esp32) StdoutLine: {'line': b'[ 91%] \x1b[32mBuilding C object esp-idf/esp_lcd/CMakeFiles/__idf_esp_lcd.dir/i80/esp_lcd_panel_io_i80.c.obj\x1b[0m\n'}
[40.064004] (Ros2_esp32) StdoutLine: {'line': b'[ 91%] \x1b[32mBuilding C object esp-idf/esp_lcd/CMakeFiles/__idf_esp_lcd.dir/rgb/esp_lcd_panel_rgb.c.obj\x1b[0m\n'}
[40.079371] (Ros2_esp32) StdoutLine: {'line': b'[ 91%] \x1b[32mBuilding C object esp-idf/json/CMakeFiles/__idf_json.dir/cJSON/cJSON_Utils.c.obj\x1b[0m\n'}
[40.089181] (-) TimerEvent: {}
[40.099056] (Ros2_esp32) StdoutLine: {'line': b'[ 91%] \x1b[32mBuilding C object esp-idf/mqtt/CMakeFiles/__idf_mqtt.dir/esp-mqtt/lib/mqtt_msg.c.obj\x1b[0m\n'}
[40.108453] (Ros2_esp32) StdoutLine: {'line': b'[ 91%] \x1b[32mBuilding C object esp-idf/console/CMakeFiles/__idf_console.dir/argtable3/arg_dbl.c.obj\x1b[0m\n'}
[40.152290] (Ros2_esp32) StdoutLine: {'line': b'[ 91%] \x1b[32mBuilding C object esp-idf/nvs_sec_provider/CMakeFiles/__idf_nvs_sec_provider.dir/nvs_sec_provider.c.obj\x1b[0m\n'}
[40.156552] (Ros2_esp32) StdoutLine: {'line': b'[ 91%] \x1b[32m\x1b[1mLinking C static library libunity.a\x1b[0m\n'}
[40.189685] (-) TimerEvent: {}
[40.218683] (Ros2_esp32) StdoutLine: {'line': b'[ 91%] \x1b[32m\x1b[1mLinking C static library libwear_levelling.a\x1b[0m\n'}
[40.228339] (Ros2_esp32) StdoutLine: {'line': b'[ 91%] \x1b[32mBuilding C object esp-idf/perfmon/CMakeFiles/__idf_perfmon.dir/xtensa_perfmon_access.c.obj\x1b[0m\n'}
[40.247251] (Ros2_esp32) StdoutLine: {'line': b'[ 91%] Built target __idf_unity\n'}
[40.270843] (Ros2_esp32) StdoutLine: {'line': b'[ 91%] \x1b[32mBuilding C object esp-idf/perfmon/CMakeFiles/__idf_perfmon.dir/xtensa_perfmon_apis.c.obj\x1b[0m\n'}
[40.277402] (Ros2_esp32) StdoutLine: {'line': b'[ 91%] \x1b[32mBuilding C object esp-idf/console/CMakeFiles/__idf_console.dir/argtable3/arg_dstr.c.obj\x1b[0m\n'}
[40.289885] (-) TimerEvent: {}
[40.296506] (Ros2_esp32) StdoutLine: {'line': b'[ 91%] \x1b[32mBuilding C object esp-idf/rt/CMakeFiles/__idf_rt.dir/FreeRTOS_POSIX_mqueue.c.obj\x1b[0m\n'}
[40.309986] (Ros2_esp32) StdoutLine: {'line': b'[ 91%] Built target __idf_wear_levelling\n'}
[40.324836] (Ros2_esp32) StdoutLine: {'line': b'[ 91%] \x1b[32m\x1b[1mLinking C static library libnvs_sec_provider.a\x1b[0m\n'}
[40.328939] (Ros2_esp32) StdoutLine: {'line': b'[ 91%] \x1b[32mBuilding C object esp-idf/rt/CMakeFiles/__idf_rt.dir/FreeRTOS_POSIX_utils.c.obj\x1b[0m\n'}
[40.348079] (Ros2_esp32) StdoutLine: {'line': b'[ 91%] \x1b[32mBuilding C object esp-idf/mqtt/CMakeFiles/__idf_mqtt.dir/esp-mqtt/lib/mqtt_outbox.c.obj\x1b[0m\n'}
[40.368510] (Ros2_esp32) StdoutLine: {'line': b'[ 91%] \x1b[32mBuilding C object esp-idf/mqtt/CMakeFiles/__idf_mqtt.dir/esp-mqtt/lib/platform_esp32_idf.c.obj\x1b[0m\n'}
[40.376353] (Ros2_esp32) StdoutLine: {'line': b'[ 91%] \x1b[32mBuilding C object esp-idf/console/CMakeFiles/__idf_console.dir/argtable3/arg_end.c.obj\x1b[0m\n'}
[40.390308] (-) TimerEvent: {}
[40.392317] (Ros2_esp32) StdoutLine: {'line': b'[ 91%] Built target __idf_nvs_sec_provider\n'}
[40.392600] (Ros2_esp32) StdoutLine: {'line': b'[ 91%] \x1b[32mBuilding C object esp-idf/perfmon/CMakeFiles/__idf_perfmon.dir/xtensa_perfmon_masks.c.obj\x1b[0m\n'}
[40.404270] (Ros2_esp32) StdoutLine: {'line': b'[ 91%] \x1b[32mBuilding C object esp-idf/console/CMakeFiles/__idf_console.dir/argtable3/arg_file.c.obj\x1b[0m\n'}
[40.423364] (Ros2_esp32) StdoutLine: {'line': b'[ 91%] \x1b[32mBuilding C object esp-idf/spiffs/CMakeFiles/__idf_spiffs.dir/spiffs_api.c.obj\x1b[0m\n'}
[40.458981] (Ros2_esp32) StdoutLine: {'line': b'[ 92%] \x1b[32m\x1b[1mLinking C static library libperfmon.a\x1b[0m\n'}
[40.482830] (Ros2_esp32) StdoutLine: {'line': b'[ 92%] \x1b[32mBuilding C object esp-idf/spiffs/CMakeFiles/__idf_spiffs.dir/spiffs/src/spiffs_cache.c.obj\x1b[0m\n'}
[40.490451] (-) TimerEvent: {}
[40.491699] (Ros2_esp32) StdoutLine: {'line': b'[ 93%] \x1b[32m\x1b[1mLinking C static library librt.a\x1b[0m\n'}
[40.491968] (Ros2_esp32) StdoutLine: {'line': b'[ 93%] \x1b[32mBuilding C object esp-idf/spiffs/CMakeFiles/__idf_spiffs.dir/spiffs/src/spiffs_check.c.obj\x1b[0m\n'}
[40.521109] (Ros2_esp32) StdoutLine: {'line': b'[ 94%] \x1b[32mBuilding C object esp-idf/console/CMakeFiles/__idf_console.dir/argtable3/arg_hashtable.c.obj\x1b[0m\n'}
[40.529439] (Ros2_esp32) StdoutLine: {'line': b'[ 94%] \x1b[32mBuilding C object esp-idf/touch_element/CMakeFiles/__idf_touch_element.dir/touch_element.c.obj\x1b[0m\n'}
[40.536707] (Ros2_esp32) StdoutLine: {'line': b'[ 94%] Built target __idf_perfmon\n'}
[40.537009] (Ros2_esp32) StdoutLine: {'line': b'[ 94%] \x1b[32mBuilding C object esp-idf/touch_element/CMakeFiles/__idf_touch_element.dir/touch_button.c.obj\x1b[0m\n'}
[40.544112] (Ros2_esp32) StdoutLine: {'line': b'[ 94%] \x1b[32mBuilding C object esp-idf/touch_element/CMakeFiles/__idf_touch_element.dir/touch_slider.c.obj\x1b[0m\n'}
[40.559054] (Ros2_esp32) StdoutLine: {'line': b'[ 94%] Built target __idf_rt\n'}
[40.569271] (Ros2_esp32) StdoutLine: {'line': b'[ 94%] \x1b[32mBuilding C object esp-idf/spiffs/CMakeFiles/__idf_spiffs.dir/spiffs/src/spiffs_gc.c.obj\x1b[0m\n'}
[40.574401] (Ros2_esp32) StdoutLine: {'line': b'[ 94%] \x1b[32mBuilding C object esp-idf/touch_element/CMakeFiles/__idf_touch_element.dir/touch_matrix.c.obj\x1b[0m\n'}
[40.583080] (Ros2_esp32) StdoutLine: {'line': b'[ 94%] \x1b[32mBuilding C object esp-idf/usb/CMakeFiles/__idf_usb.dir/hcd_dwc.c.obj\x1b[0m\n'}
[40.586947] (Ros2_esp32) StdoutLine: {'line': b'[ 94%] \x1b[32m\x1b[1mLinking C static library libjson.a\x1b[0m\n'}
[40.594279] (-) TimerEvent: {}
[40.649623] (Ros2_esp32) StdoutLine: {'line': b'[ 94%] \x1b[32mBuilding C object esp-idf/micro_ros_espidf_component/CMakeFiles/__idf_micro_ros_espidf_component.dir/network_interfaces/uros_wlan_netif.c.obj\x1b[0m\n'}
[40.652432] (Ros2_esp32) StdoutLine: {'line': b'[ 94%] \x1b[32mBuilding C object esp-idf/console/CMakeFiles/__idf_console.dir/argtable3/arg_int.c.obj\x1b[0m\n'}
[40.664945] (Ros2_esp32) StdoutLine: {'line': b'[ 94%] Built target __idf_json\n'}
[40.694396] (-) TimerEvent: {}
[40.750657] (Ros2_esp32) StdoutLine: {'line': b'[ 94%] \x1b[32mBuilding C object esp-idf/cmock/CMakeFiles/__idf_cmock.dir/CMock/src/cmock.c.obj\x1b[0m\n'}
[40.779292] (Ros2_esp32) StdoutLine: {'line': b'[ 94%] \x1b[32m\x1b[1mLinking C static library libesp_lcd.a\x1b[0m\n'}
[40.780864] (Ros2_esp32) StdoutLine: {'line': b'[ 94%] \x1b[32mBuilding C object esp-idf/console/CMakeFiles/__idf_console.dir/argtable3/arg_lit.c.obj\x1b[0m\n'}
[40.794573] (-) TimerEvent: {}
[40.796708] (Ros2_esp32) StdoutLine: {'line': b'[ 94%] \x1b[32mBuilding C object esp-idf/console/CMakeFiles/__idf_console.dir/argtable3/arg_rem.c.obj\x1b[0m\n'}
[40.800976] (Ros2_esp32) StdoutLine: {'line': b'[ 94%] \x1b[32mBuilding C object esp-idf/usb/CMakeFiles/__idf_usb.dir/enum.c.obj\x1b[0m\n'}
[40.814072] (Ros2_esp32) StdoutLine: {'line': b'[ 94%] \x1b[32mBuilding C object esp-idf/spiffs/CMakeFiles/__idf_spiffs.dir/spiffs/src/spiffs_hydrogen.c.obj\x1b[0m\n'}
[40.818753] (Ros2_esp32) StdoutLine: {'line': b'[ 94%] \x1b[32m\x1b[1mLinking C static library libmicro_ros_espidf_component.a\x1b[0m\n'}
[40.854182] (Ros2_esp32) StdoutLine: {'line': b'[ 94%] \x1b[32mBuilding C object esp-idf/usb/CMakeFiles/__idf_usb.dir/hub.c.obj\x1b[0m\n'}
[40.861902] (Ros2_esp32) StdoutLine: {'line': b'[ 94%] \x1b[32m\x1b[1mLinking C static library libcmock.a\x1b[0m\n'}
[40.866809] (Ros2_esp32) StdoutLine: {'line': b'[ 94%] \x1b[32mBuilding C object esp-idf/console/CMakeFiles/__idf_console.dir/argtable3/arg_rex.c.obj\x1b[0m\n'}
[40.871792] (Ros2_esp32) StdoutLine: {'line': b'[ 94%] Built target __idf_esp_lcd\n'}
[40.887115] (Ros2_esp32) StdoutLine: {'line': b'[ 94%] \x1b[32mBuilding C object esp-idf/spiffs/CMakeFiles/__idf_spiffs.dir/spiffs/src/spiffs_nucleus.c.obj\x1b[0m\n'}
[40.887456] (Ros2_esp32) StdoutLine: {'line': b'[ 94%] Built target __idf_micro_ros_espidf_component\n'}
[40.891268] (Ros2_esp32) StdoutLine: {'line': b'[ 94%] \x1b[32mBuilding C object esp-idf/spiffs/CMakeFiles/__idf_spiffs.dir/esp_spiffs.c.obj\x1b[0m\n'}
[40.894727] (-) TimerEvent: {}
[40.899897] (Ros2_esp32) StdoutLine: {'line': b'[ 94%] \x1b[32mBuilding C object esp-idf/fatfs/CMakeFiles/__idf_fatfs.dir/diskio/diskio.c.obj\x1b[0m\n'}
[40.903899] (Ros2_esp32) StdoutLine: {'line': b'[ 94%] \x1b[32mBuilding C object esp-idf/console/CMakeFiles/__idf_console.dir/argtable3/arg_str.c.obj\x1b[0m\n'}
[40.935424] (Ros2_esp32) StdoutLine: {'line': b'[ 94%] Built target __idf_cmock\n'}
[40.951219] (Ros2_esp32) StdoutLine: {'line': b'[ 94%] \x1b[32mBuilding C object esp-idf/usb/CMakeFiles/__idf_usb.dir/usb_helpers.c.obj\x1b[0m\n'}
[40.960483] (Ros2_esp32) StdoutLine: {'line': b'[ 94%] \x1b[32m\x1b[1mLinking C static library libmqtt.a\x1b[0m\n'}
[40.978914] (Ros2_esp32) StdoutLine: {'line': b'[ 94%] \x1b[32m\x1b[1mLinking C static library libtouch_element.a\x1b[0m\n'}
[40.994849] (-) TimerEvent: {}
[41.010256] (Ros2_esp32) StdoutLine: {'line': b'[ 94%] \x1b[32mBuilding C object esp-idf/console/CMakeFiles/__idf_console.dir/argtable3/arg_utils.c.obj\x1b[0m\n'}
[41.047360] (Ros2_esp32) StdoutLine: {'line': b'[ 94%] Built target __idf_mqtt\n'}
[41.053734] (Ros2_esp32) StdoutLine: {'line': b'[ 94%] \x1b[32mBuilding C object esp-idf/fatfs/CMakeFiles/__idf_fatfs.dir/diskio/diskio_rawflash.c.obj\x1b[0m\n'}
[41.071489] (Ros2_esp32) StdoutLine: {'line': b'[ 94%] \x1b[32mBuilding C object esp-idf/console/CMakeFiles/__idf_console.dir/argtable3/argtable3.c.obj\x1b[0m\n'}
[41.078686] (Ros2_esp32) StdoutLine: {'line': b'[ 94%] Built target __idf_touch_element\n'}
[41.095695] (-) TimerEvent: {}
[41.097276] (Ros2_esp32) StdoutLine: {'line': b'[ 94%] \x1b[32mBuilding C object esp-idf/usb/CMakeFiles/__idf_usb.dir/usb_host.c.obj\x1b[0m\n'}
[41.098717] (Ros2_esp32) StdoutLine: {'line': b'[ 94%] \x1b[32mBuilding C object esp-idf/usb/CMakeFiles/__idf_usb.dir/usb_private.c.obj\x1b[0m\n'}
[41.122277] (Ros2_esp32) StdoutLine: {'line': b'[ 95%] \x1b[32mBuilding C object esp-idf/usb/CMakeFiles/__idf_usb.dir/usbh.c.obj\x1b[0m\n'}
[41.151279] (Ros2_esp32) StdoutLine: {'line': b'[ 95%] \x1b[32mBuilding C object esp-idf/fatfs/CMakeFiles/__idf_fatfs.dir/diskio/diskio_wl.c.obj\x1b[0m\n'}
[41.163075] (Ros2_esp32) StdoutLine: {'line': b'[ 95%] \x1b[32mBuilding C object esp-idf/usb/CMakeFiles/__idf_usb.dir/usb_phy.c.obj\x1b[0m\n'}
[41.163842] (Ros2_esp32) StdoutLine: {'line': b'[ 95%] \x1b[32mBuilding CXX object esp-idf/main/CMakeFiles/__idf_main.dir/micro-ros-esp32.cpp.obj\x1b[0m\n'}
[41.196261] (-) TimerEvent: {}
[41.214278] (Ros2_esp32) StdoutLine: {'line': b'[ 95%] \x1b[32mBuilding C object esp-idf/fatfs/CMakeFiles/__idf_fatfs.dir/src/ff.c.obj\x1b[0m\n'}
[41.214728] (Ros2_esp32) StdoutLine: {'line': b'[ 95%] \x1b[32mBuilding C object esp-idf/main/CMakeFiles/__idf_main.dir/esp32_serial_transport.c.obj\x1b[0m\n'}
[41.236490] (Ros2_esp32) StdoutLine: {'line': b'[ 95%] \x1b[32mBuilding C object esp-idf/fatfs/CMakeFiles/__idf_fatfs.dir/src/ffunicode.c.obj\x1b[0m\n'}
[41.288694] (Ros2_esp32) StderrLine: {'line': b'\x1b[01m\x1b[K/home/diego/Ros2_esp32/main/micro-ros-esp32.cpp:10:10:\x1b[m\x1b[K \x1b[01;31m\x1b[Kfatal error: \x1b[m\x1b[Kdriver/ledc.h: No such file or directory\n'}
[41.290015] (Ros2_esp32) StderrLine: {'line': b'   10 | #include \x1b[01;31m\x1b[K"driver/ledc.h"\x1b[m\x1b[K\n'}
[41.290956] (Ros2_esp32) StderrLine: {'line': b'      |          \x1b[01;31m\x1b[K^~~~~~~~~~~~~~~\x1b[m\x1b[K\n'}
[41.291633] (Ros2_esp32) StderrLine: {'line': b'compilation terminated.\n'}
[41.296923] (-) TimerEvent: {}
[41.297753] (Ros2_esp32) StderrLine: {'line': b'gmake[2]: *** [esp-idf/main/CMakeFiles/__idf_main.dir/build.make:76: esp-idf/main/CMakeFiles/__idf_main.dir/micro-ros-esp32.cpp.obj] Error 1\n'}
[41.298624] (Ros2_esp32) StderrLine: {'line': b'gmake[2]: *** Waiting for unfinished jobs....\n'}
[41.299915] (Ros2_esp32) StdoutLine: {'line': b'[ 95%] \x1b[32mBuilding C object esp-idf/fatfs/CMakeFiles/__idf_fatfs.dir/diskio/diskio_sdmmc.c.obj\x1b[0m\n'}
[41.301823] (Ros2_esp32) StdoutLine: {'line': b'[ 95%] \x1b[32mBuilding C object esp-idf/fatfs/CMakeFiles/__idf_fatfs.dir/port/freertos/ffsystem.c.obj\x1b[0m\n'}
[41.314240] (Ros2_esp32) StdoutLine: {'line': b'[ 95%] \x1b[32mBuilding C object esp-idf/fatfs/CMakeFiles/__idf_fatfs.dir/vfs/vfs_fat.c.obj\x1b[0m\n'}
[41.342714] (Ros2_esp32) StdoutLine: {'line': b'[ 96%] \x1b[32mBuilding C object esp-idf/fatfs/CMakeFiles/__idf_fatfs.dir/vfs/vfs_fat_sdmmc.c.obj\x1b[0m\n'}
[41.387355] (Ros2_esp32) StderrLine: {'line': b'gmake[1]: *** [CMakeFiles/Makefile2:6034: esp-idf/main/CMakeFiles/__idf_main.dir/all] Error 2\n'}
[41.388365] (Ros2_esp32) StderrLine: {'line': b'gmake[1]: *** Waiting for unfinished jobs....\n'}
[41.397737] (-) TimerEvent: {}
[41.401069] (Ros2_esp32) StdoutLine: {'line': b'[ 96%] \x1b[32mBuilding C object esp-idf/fatfs/CMakeFiles/__idf_fatfs.dir/vfs/vfs_fat_spiflash.c.obj\x1b[0m\n'}
[41.427352] (Ros2_esp32) StdoutLine: {'line': b'[ 96%] \x1b[32m\x1b[1mLinking C static library libconsole.a\x1b[0m\n'}
[41.497880] (-) TimerEvent: {}
[41.512330] (Ros2_esp32) StdoutLine: {'line': b'[ 96%] Built target __idf_console\n'}
[41.514529] (Ros2_esp32) StdoutLine: {'line': b'[ 96%] \x1b[32m\x1b[1mLinking C static library libspiffs.a\x1b[0m\n'}
[41.580386] (Ros2_esp32) StdoutLine: {'line': b'[ 96%] Built target __idf_spiffs\n'}
[41.588395] (Ros2_esp32) StdoutLine: {'line': b'[ 96%] \x1b[32m\x1b[1mLinking C static library libusb.a\x1b[0m\n'}
[41.598034] (-) TimerEvent: {}
[41.646488] (Ros2_esp32) StdoutLine: {'line': b'[ 96%] Built target __idf_usb\n'}
[41.698130] (-) TimerEvent: {}
[41.798433] (-) TimerEvent: {}
[41.819300] (Ros2_esp32) StdoutLine: {'line': b'[ 96%] \x1b[32m\x1b[1mLinking C static library libfatfs.a\x1b[0m\n'}
[41.867210] (Ros2_esp32) StdoutLine: {'line': b'[ 96%] Built target __idf_fatfs\n'}
[41.868800] (Ros2_esp32) StderrLine: {'line': b'gmake: *** [Makefile:136: all] Error 2\n'}
[41.871084] (Ros2_esp32) CommandEnded: {'returncode': 2}
[41.871421] (Ros2_esp32) JobEnded: {'identifier': 'Ros2_esp32', 'rc': 2}
[41.881609] (-) EventReactorShutdown: {}
